evaluation,feature_date,target_date,close_current,actual_next_close,actual_next_return,baseline_persistence_predicted_return,baseline_persistence_prediction,ridge_regression_predicted_return,ridge_regression_prediction,decision_tree_predicted_return,decision_tree_prediction,random_forest_predicted_return,random_forest_prediction
holdout,2023-03-07,2023-03-08,187.7100067138672,182.0,-0.03041929843714275,0.0,187.7100067138672,-0.002158435616204024,187.3048467498581,0.0010529301636844066,187.9076522419616,-0.0007796982747929366,187.563649545471
holdout,2023-03-08,2023-03-09,182.0,172.9199981689453,-0.04989011995084991,0.0,182.0,-0.0018951170033584454,181.65508870538878,0.0010529301636844066,182.19163328979056,0.0005237629245860039,182.09532485227464
holdout,2023-03-09,2023-03-10,172.9199981689453,173.44000244140625,0.0030071956856769777,0.0,172.9199981689453,-0.0018583934722692114,172.59864477312334,0.0010529301636844066,173.10207085092165,-0.0028071248072567266,172.43459015241447
holdout,2023-03-10,2023-03-13,173.44000244140625,174.47999572753906,0.005996271168666301,0.0,173.44000244140625,-0.0013089888152367397,173.2129714180958,0.0010529301636844066,173.6226226515663,-0.0032298833658985326,172.87981146253935
holdout,2023-03-13,2023-03-14,174.47999572753906,183.25999450683594,0.050320947926932424,0.0,174.47999572753906,0.00032425757842065653,174.5365721884365,0.0010529301636844066,174.6637109780001,0.000507579905123625,174.56855826721645
holdout,2023-03-14,2023-03-15,183.25999450683594,180.4499969482422,-0.015333393227232373,0.0,183.25999450683594,-0.0025569916994201518,182.79140022204618,0.0010529301636844066,183.4529544828488,-0.0016024251396821517,182.96633408454016
holdout,2023-03-15,2023-03-16,180.4499969482422,184.1300048828125,0.020393505108375454,0.0,180.4499969482422,-0.0010565601503382807,180.259340672338,0.0010529301636844066,180.63999819306574,0.0021424505725597238,180.83660214752237
holdout,2023-03-16,2023-03-17,184.1300048828125,180.1300048828125,-0.02172378153438792,0.0,184.1300048828125,-0.002864771806231769,183.60251443614288,0.0010529301636844066,184.32388091899296,0.00040764101953944963,184.20506382573075
holdout,2023-03-17,2023-03-20,180.1300048828125,183.25,0.017320796272765726,0.0,180.1300048828125,-0.0035327904181832372,179.4936433275352,0.0010529301636844066,180.31966919833823,-0.0007803981600186426,179.9894317584378
holdout,2023-03-20,2023-03-21,183.25,197.5800018310547,0.07819919143822474,0.0,183.25,-0.00465117677939848,182.39767185517522,0.0010529301636844066,183.44294945249516,-0.0005361337231524957,183.1517534952323
holdout,2023-03-21,2023-03-22,197.5800018310547,191.14999389648438,-0.03254381959196684,0.0,197.5800018310547,-0.00795732000397312,196.0077945300994,0.0010529301636844066,197.78803977472342,-0.0004514628815686147,197.4908017940877
holdout,2023-03-22,2023-03-23,191.14999389648438,192.22000122070312,0.0055977366381618765,0.0,191.14999389648438,-0.0029364971971751162,190.5886824751673,0.0010529301636844066,191.35126149084607,0.00047211284423315957,191.240238263778
holdout,2023-03-23,2023-03-24,192.22000122070312,190.41000366210938,-0.009416281069083654,0.0,192.22000122070312,-0.0020051753200094127,191.83456641824318,0.0010529301636844066,192.42239545805185,0.005664002909327955,193.30873586684822
holdout,2023-03-24,2023-03-27,190.41000366210938,191.80999755859375,0.007352522816861606,0.0,190.41000366210938,-0.0009353597355695143,190.2319018114342,0.0010529301636844066,190.61049209843245,0.00012928573306068307,190.4346209590149
holdout,2023-03-27,2023-03-28,191.80999755859375,189.19000244140625,-0.013659325116185062,0.0,191.80999755859375,-0.00341215568848428,191.15551198431604,0.0010529301636844066,192.0119600907194,0.0022074781480005143,192.2334139367724
holdout,2023-03-28,2023-03-29,189.19000244140625,193.8800048828125,0.024789906342217005,0.0,189.19000244140625,-0.0004617034059092471,189.10265277291506,0.0010529301636844066,189.38920630164432,-8.605828625910267e-05,189.1737210740188
holdout,2023-03-29,2023-03-30,193.8800048828125,195.27999877929688,0.007220929756684091,0.0,193.8800048828125,0.0009581170306486079,194.06576461739294,0.0010529301636844066,194.0841469880889,0.003105478667829033,194.48209510209466
holdout,2023-03-30,2023-03-31,195.27999877929688,207.4600067138672,0.06237201971890638,0.0,195.27999877929688,-0.0004883988333384067,195.18462425571875,0.0010529301636844066,195.48561498037583,0.002860209978361041,195.83854058037974
holdout,2023-03-31,2023-04-03,207.4600067138672,194.77000427246094,-0.061168427796826186,0.0,207.4600067138672,0.004180631218434153,208.32732049451175,0.0010529301636844066,207.67844761269438,0.003897866335353323,208.26865808996934
holdout,2023-04-03,2023-04-04,194.77000427246094,192.5800018310547,-0.011244043709844997,0.0,194.77000427246094,0.006212515336940153,195.9800159111795,0.0010529301636844066,194.97508348494034,-0.003653824848841682,194.05834879104123
holdout,2023-04-04,2023-04-05,192.5800018310547,185.52000427246094,-0.036660076287605925,0.0,192.5800018310547,0.005495470541883077,193.63831955807302,0.0010529301636844066,192.782775123905,0.0003884642053643403,192.65481226843508
holdout,2023-04-05,2023-04-06,185.52000427246094,185.05999755859375,-0.002479553165553039,0.0,185.52000427246094,0.003453953691141149,186.16078177599832,0.0010529301636844066,185.71534388092627,0.0005511246921847833,185.6222489277097
holdout,2023-04-06,2023-04-10,185.05999755859375,184.50999450683594,-0.0029720256079851515,0.0,185.05999755859375,0.001361313566224912,185.31192224383582,0.0010529301636844066,185.25485281211454,-6.755227435458967e-05,185.0474963348666
holdout,2023-04-10,2023-04-11,184.50999450683594,186.7899932861328,0.012357047570192181,0.0,184.50999450683594,0.002894538746551734,185.044065835062,0.0010529301636844066,184.7042706455534,0.000435410449425126,184.59033208646758
holdout,2023-04-11,2023-04-12,186.7899932861328,180.5399932861328,-0.03346003653646468,0.0,186.7899932861328,0.006836288329688152,188.06694353733732,0.0010529301636844066,186.98667010433817,0.0024227618374347915,187.24254095348115
holdout,2023-04-12,2023-04-13,180.5399932861328,185.89999389648438,0.029688716127604264,0.0,180.5399932861328,0.003171670241201798,181.11260661018522,0.0010529301636844066,180.73008929081516,-0.0016206503202133241,180.24740108820234
holdout,2023-04-13,2023-04-14,185.89999389648438,185.0,-0.004841279860318459,0.0,185.89999389648438,0.0024271172934472547,186.3511949865223,0.0010529301636844066,186.09573360748672,-0.0009478919885338425,185.72378078160142
holdout,2023-04-14,2023-04-17,185.0,187.0399932861328,0.011026990735853115,0.0,185.0,-0.0008595497520760449,184.84098329586593,0.0010529301636844066,185.19479208028162,-0.001353183714453141,184.74966101282618
holdout,2023-04-17,2023-04-18,187.0399932861328,184.30999755859375,-0.014595786064655836,0.0,187.0399932861328,-0.0013237553164675395,186.79239810062825,0.0010529301636844066,187.2369333368791,0.0015243678089048,187.32511103087595
holdout,2023-04-18,2023-04-19,184.30999755859375,180.58999633789062,-0.020183393575926356,0.0,184.30999755859375,-0.00229010884862251,183.88790760229523,0.0010529301636844066,184.50406311449177,-0.001035273856484028,184.1191862366327
holdout,2023-04-19,2023-04-20,180.58999633789062,162.99000549316406,-0.09745828230593856,0.0,180.58999633789062,-0.0010417218972399115,180.40187178428297,0.0010529301636844066,180.78014499229442,0.00022843759536344803,180.63124988240074
holdout,2023-04-20,2023-04-21,162.99000549316406,165.0800018310547,0.012822849668400638,0.0,162.99000549316406,-0.0009712915095792113,162.83169468468228,0.0010529301636844066,163.1616225863269,0.0022923172371560555,163.3636302922402
holdout,2023-04-21,2023-04-24,165.0800018310547,162.5500030517578,-0.015325895028073244,0.0,165.0800018310547,0.0020261516657809394,165.4144789517518,0.0010529301636844066,165.25381954440368,-0.004681693522892399,164.30714785572317
holdout,2023-04-24,2023-04-25,162.5500030517578,160.6699981689453,-0.011565701922588656,0.0,162.5500030517578,0.0018647256611278324,162.85311421366484,0.0010529301636844066,162.72115685307799,-0.0007215843481230766,162.43270951376832
holdout,2023-04-25,2023-04-26,160.6699981689453,153.75,-0.04306963495243776,0.0,160.6699981689453,0.004807001260723344,161.44233905270386,0.0010529301636844066,160.8391724564165,-0.001970075900181055,160.35346607767053
holdout,2023-04-26,2023-04-27,153.75,160.19000244140625,0.041886194740853755,0.0,153.75,0.007262766895866584,154.86665041023952,0.0010529301636844066,153.91188801266648,0.000674283295330487,153.85367105665708
holdout,2023-04-27,2023-04-28,160.19000244140625,164.30999755859375,0.025719427270091355,0.0,160.19000244140625,0.004325779717705451,160.88294910494648,0.0010529301636844066,160.35867132689748,0.0015988114902790672,160.4461160579374
holdout,2023-04-28,2023-05-01,164.30999755859375,161.8300018310547,-0.015093395194377579,0.0,164.30999755859375,-0.0008114568949241447,164.17666707816986,0.0010529301636844066,164.4830045112181,0.0024136858499065605,164.70659027469912
holdout,2023-05-01,2023-05-02,161.8300018310547,160.30999755859375,-0.00939259874721976,0.0,161.8300018310547,-0.0006221754780416843,161.72931517230396,0.0010529301636844066,162.0003975213717,0.005751071751360437,162.76069778310787
holdout,2023-05-02,2023-05-03,160.30999755859375,160.61000061035156,0.0018713932775662467,0.0,160.30999755859375,-0.0018482797898323562,160.01369982999813,0.0010529301636844066,160.47879279056335,-0.002601549953371396,159.89294309192022
holdout,2023-05-03,2023-05-04,160.61000061035156,161.1999969482422,0.003673471985857102,0.0,160.61000061035156,-0.002482511999761075,160.21128435655473,0.0010529301636844066,160.77911172458357,0.003085916573964097,161.10562967317944
holdout,2023-05-04,2023-05-05,161.1999969482422,170.05999755859375,0.05496278398315546,0.0,161.1999969482422,-0.004108738573186784,160.53766830278335,0.0010529301636844066,161.36972928741483,0.0001281983994124481,161.22066252983623
holdout,2023-05-05,2023-05-08,170.05999755859375,171.7899932861328,0.010172855182730478,0.0,170.05999755859375,-0.0041498057842039755,169.3542815970634,0.0010529301636844066,170.23905885965928,0.00045900752454440844,170.13805637709714
holdout,2023-05-08,2023-05-09,171.7899932861328,169.14999389648438,-0.015367597024416146,0.0,171.7899932861328,-0.0019333939423048768,171.4578555537648,0.0010529301636844066,171.97087615188292,0.002071454909849475,172.14584851118838
holdout,2023-05-09,2023-05-10,169.14999389648438,168.5399932861328,-0.0036062703657255835,0.0,169.14999389648438,3.771448666446643e-05,169.15637330167348,0.0010529301636844066,169.328097027245,0.0011954709713635212,169.35220780399393
holdout,2023-05-10,2023-05-11,168.5399932861328,172.0800018310547,0.021003967520705658,0.0,168.5399932861328,-0.0022672097594426087,168.1578777684981,0.0010529301636844066,168.71745412885093,0.0009095073362890486,168.69328164648465
holdout,2023-05-11,2023-05-12,172.0800018310547,167.97999572753906,-0.023826162598143963,0.0,172.0800018310547,-0.002366403435961534,171.67279112346142,0.0010529301636844066,172.26119005554946,0.0006232579023799392,172.18725205203745
holdout,2023-05-12,2023-05-15,167.97999572753906,166.35000610351562,-0.009703474612936969,0.0,167.97999572753906,4.5774673683173644e-05,167.98768495702882,0.0010529301636844066,168.15686693193615,0.00035955687301425564,168.04039408953182
holdout,2023-05-15,2023-05-16,166.35000610351562,166.52000427246094,0.001021930644472091,0.0,166.35000610351562,0.0034971334521236093,166.9317542746212,0.0010529301636844066,166.5251610426711,0.0006435885596996498,166.45706706434981
holdout,2023-05-16,2023-05-17,166.52000427246094,173.86000061035156,0.04407876621166107,0.0,166.52000427246094,0.002100888944819176,166.86984430852817,0.0010529301636844066,166.69533820781626,0.0016481382121105287,166.79445225458318
holdout,2023-05-17,2023-05-18,173.86000061035156,176.88999938964844,0.01742780840135616,0.0,173.86000061035156,0.002739235872843064,174.33624416087596,0.0010529301636844066,174.04306304925237,0.00037694746845018693,173.9255366974464
holdout,2023-05-18,2023-05-19,176.88999938964844,180.13999938964844,0.018373000232992265,0.0,176.88999938964844,0.0036600644458755945,177.53742818724544,0.0010529301636844066,177.0762522056599,0.0020457930507132983,177.25187972114048
holdout,2023-05-19,2023-05-22,180.13999938964844,188.8699951171875,0.04846228354123516,0.0,180.13999938964844,0.005425887092137743,181.11741868711442,0.0010529301636844066,180.32967422869189,0.0025299983214110144,180.59575328572325
holdout,2023-05-22,2023-05-23,188.8699951171875,185.77000427246094,-0.01641335799687571,0.0,188.8699951171875,0.004857530007287282,189.78743678594543,0.0010529301636844066,189.0688620320613,0.004586192235839069,189.7361892223769
holdout,2023-05-23,2023-05-24,185.77000427246094,182.89999389648438,-0.015449266889003499,0.0,185.77000427246094,0.004057915176377722,186.52384319211393,0.0010529301636844066,185.96560711346717,0.0007833571437670335,185.9155285324054
holdout,2023-05-24,2023-05-25,182.89999389648438,184.47000122070312,0.008583965973816943,0.0,182.89999389648438,0.00248073108189638,183.35371959622205,0.0010529301636844066,183.09257481699566,0.001465387092076963,183.16801318668124
holdout,2023-05-25,2023-05-26,184.47000122070312,193.1699981689453,0.047162123329924865,0.0,184.47000122070312,0.0027629429638892948,184.97968131262454,0.0010529301636844066,184.66423524928328,0.0016065847922105893,184.7663679192834
holdout,2023-05-26,2023-05-30,193.1699981689453,201.16000366210938,0.041362559242642094,0.0,193.1699981689453,0.0013880154635557583,193.43812111349882,0.0010529301636844066,193.37339268673625,0.007502013784452523,194.61916215795142
holdout,2023-05-30,2023-05-31,201.16000366210938,203.92999267578125,0.013770078361723614,0.0,201.16000366210938,0.0018705991526358446,201.53629339450393,0.0005738944850733278,201.27544827882838,0.007682409832868258,202.70539725222298
holdout,2023-05-31,2023-06-01,203.92999267578125,207.52000427246094,0.017604137329555458,0.0,203.92999267578125,0.004578182258373285,204.8636213501997,0.02127390084019812,208.26837911830813,0.008283842561457191,205.61931662866652
holdout,2023-06-01,2023-06-02,207.52000427246094,213.97000122070312,0.031081326211682914,0.0,207.52000427246094,0.003961907291625332,208.3421792905461,0.02127390084019812,211.93476426571075,0.01157131321301023,209.9212832398628
holdout,2023-06-02,2023-06-05,213.97000122070312,217.61000061035156,0.017011727666879306,0.0,213.97000122070312,0.0021667495136355863,214.43362061678067,0.0005738944850733278,214.09279742437482,0.010525449974661018,216.22213176462978
holdout,2023-06-05,2023-06-06,217.61000061035156,221.30999755859375,0.017002881015874438,0.0,217.61000061035156,0.0008711311647757458,217.7995674636501,0.0005738944850733278,217.73488578959865,0.0059251903740279305,218.8993812912602
holdout,2023-06-06,2023-06-07,221.30999755859375,224.57000732421875,0.014730512862447087,0.0,221.30999755859375,0.0017714200230442225,221.70203051956892,0.0005738944850733278,221.4370061456842,0.004713967733405369,222.353245746165
holdout,2023-06-07,2023-06-08,224.57000732421875,234.86000061035156,0.045820870777622646,0.0,224.57000732421875,0.0021150476021802116,225.04498357973145,0.0005738944850733278,224.69888681293497,0.010148747729155692,226.8491116760869
holdout,2023-06-08,2023-06-09,234.86000061035156,244.39999389648438,0.0406199151040636,0.0,234.86000061035156,0.0012947002801181502,235.16407391893034,0.0005738944850733278,234.99478546946614,0.013975601069209219,238.14231028599605
holdout,2023-06-09,2023-06-12,244.39999389648438,249.8300018310547,0.02221770896144215,0.0,244.39999389648438,0.0015815266573871688,244.78651900189692,0.0005738944850733278,244.54025370513352,0.008061317377203408,246.37017981427053
holdout,2023-06-12,2023-06-13,249.8300018310547,258.7099914550781,0.035544128242966044,0.0,249.8300018310547,0.0016005849377320669,250.22987596897906,0.0005738944850733278,249.97337789131137,0.009221244271279554,252.13374530423306
holdout,2023-06-13,2023-06-14,258.7099914550781,256.7900085449219,-0.007421371317580694,0.0,258.7099914550781,-0.0002340268907428042,258.6494463601738,0.0005738944850733278,258.85846369240755,0.007258917964763079,260.5879460597151
holdout,2023-06-14,2023-06-15,256.7900085449219,255.89999389648438,-0.0034659239799892383,0.0,256.7900085449219,-0.0006255507002183112,256.62937337526756,0.0005738944850733278,256.93737891464775,0.005253656859638106,258.13909513480047
holdout,2023-06-15,2023-06-16,255.89999389648438,260.5400085449219,0.01813214052015355,0.0,255.89999389648438,-0.0016965370188407134,255.46585008371787,0.0005738944850733278,256.04685349171183,0.005582378085523363,257.3285244144977
holdout,2023-06-16,2023-06-20,260.5400085449219,274.45001220703125,0.05338912722001776,0.0,260.5400085449219,-0.0029416083183358794,259.77360188852685,0.0005738944850733278,260.68953101896676,0.003679906744904795,261.49877147968385
holdout,2023-06-20,2023-06-21,274.45001220703125,259.4599914550781,-0.054618400747766804,0.0,274.45001220703125,-0.0034887931666234342,273.4925128798636,0.0005738944850733278,274.60751755546517,0.0072577496461016236,276.4419016859994
holdout,2023-06-21,2023-06-22,259.4599914550781,264.6099853515625,0.019848894111198723,0.0,259.4599914550781,0.004004373786624287,260.4989662435386,0.0005738944850733278,259.60889411327133,0.011314317472209776,262.3956041697377
holdout,2023-06-22,2023-06-23,264.6099853515625,256.6000061035156,-0.030270888067223778,0.0,264.6099853515625,0.001138542920878826,264.91125517717836,0.02127390084019812,270.2392719412579,0.012100877159316988,267.81199827943044
holdout,2023-06-23,2023-06-26,256.6000061035156,241.0500030517578,-0.060600166336257755,0.0,256.6000061035156,6.209260967154125e-05,256.6159390675363,0.0010529301636844066,256.8701879899436,0.003380563526154363,257.4674587249601
holdout,2023-06-26,2023-06-27,241.0500030517578,250.2100067138672,0.03800042956291749,0.0,241.0500030517578,0.003866122897030956,241.9819319878856,0.0010529301636844066,241.3038118709272,0.0035129876035379323,241.89680872431143
holdout,2023-06-27,2023-06-28,250.2100067138672,256.239990234375,0.0240996896954786,0.0,250.2100067138672,0.0018713336342989233,250.67823311506905,0.0010529301636844066,250.47346037719188,0.0005756207922131812,250.3540327961515
holdout,2023-06-28,2023-06-29,256.239990234375,257.5,0.004917303362650394,0.0,256.239990234375,0.0011578070999005222,256.5366667143468,0.0010529301636844066,256.50979304923493,0.003073299921073888,257.0274925761383
holdout,2023-06-29,2023-06-30,257.5,261.7699890136719,0.016582481606492783,0.0,257.5,-0.0005460092991152335,257.35940260547784,0.0010529301636844066,257.7711295171487,0.0017059980239529408,257.93929449116786
holdout,2023-06-30,2023-07-03,261.7699890136719,279.82000732421875,0.06895373445427366,0.0,261.7699890136719,0.0010546478281034093,262.04606416404783,0.0010529301636844066,262.0456145310517,-0.0006865519374012514,261.59027032056105
holdout,2023-07-03,2023-07-05,279.82000732421875,282.4800109863281,0.009506123909958086,0.0,279.82000732421875,-0.0007462108936951788,279.6112025864795,0.0010529301636844066,280.1146382503328,0.004561560297203942,281.09642315999224
holdout,2023-07-05,2023-07-06,282.4800109863281,276.5400085449219,-0.021028045208104085,0.0,282.4800109863281,-0.003855326637887199,281.39095827530184,0.0010529301636844066,282.77744271053353,-0.002117269838260857,281.88192457915517
holdout,2023-07-06,2023-07-07,276.5400085449219,274.42999267578125,-0.007630056425625198,0.0,276.5400085449219,-0.001993475451448925,275.9887328265441,0.0010529301636844066,276.83118586138437,0.001900294570164803,277.0655160215931
holdout,2023-07-07,2023-07-10,274.42999267578125,269.6099853515625,-0.01756370459810941,0.0,274.42999267578125,-0.0029371381376922575,273.6239538781666,0.0010529301636844066,274.71894829288925,0.001730041678892098,274.9047680010484
holdout,2023-07-10,2023-07-11,269.6099853515625,269.7900085449219,0.000667717084456676,0.0,269.6099853515625,-0.003465767720445257,268.67557976722134,0.0010529301636844066,269.89386583756965,0.0031139178671552624,270.4495287021122
holdout,2023-07-11,2023-07-12,269.7900085449219,271.989990234375,0.008154422401772665,0.0,269.7900085449219,-0.0016129209288990101,269.35485859373193,0.0010529301636844066,270.07407858277946,0.0017719022145494,270.26805005852594
holdout,2023-07-12,2023-07-13,271.989990234375,277.8999938964844,0.02172875427149612,0.0,271.989990234375,-0.0005078019737950151,271.8518731804815,0.0010529301636844066,272.276376699313,0.0033334529997023896,272.8966560832108
holdout,2023-07-13,2023-07-14,277.8999938964844,281.3800048828125,0.012522529912772917,0.0,277.8999938964844,3.1950054345186545e-05,277.90887281639186,0.0010529301636844066,278.19260318254567,0.0027735432507292484,278.6707615489337
holdout,2023-07-14,2023-07-17,281.3800048828125,290.3800048828125,0.03198521516746822,0.0,281.3800048828125,-0.0011431342599301326,281.0583497591716,0.0010529301636844066,281.6762783774113,0.0003904010118822653,281.4898559214422
holdout,2023-07-17,2023-07-18,290.3800048828125,293.3399963378906,0.010193509901870401,0.0,290.3800048828125,-0.002294884811813668,289.7136162199526,0.0010529301636844066,290.68575474888445,0.0016998698458599937,290.8736130969534
holdout,2023-07-18,2023-07-19,293.3399963378906,291.260009765625,-0.007090702250741598,0.0,293.3399963378906,-0.0022958941907410147,292.66651874438645,0.0010529301636844066,293.64886286824986,0.001879902316582815,293.8914468765526
holdout,2023-07-19,2023-07-20,291.260009765625,262.8999938964844,-0.09737009860008494,0.0,291.260009765625,-0.0013782426327975613,290.858582802937,0.0010529301636844066,291.5666862153822,0.00034600828921923984,291.360788143322
holdout,2023-07-20,2023-07-21,262.8999938964844,260.0199890136719,-0.010954754468143868,0.0,262.8999938964844,0.001796967106651858,263.3724165378553,0.0010529301636844066,263.17680923009044,-0.00036666390645019684,262.80359795771653
holdout,2023-07-21,2023-07-24,260.0199890136719,269.05999755859375,0.03476659075024635,0.0,260.0199890136719,0.0008108272600436291,260.2308203089204,0.0010529301636844066,260.2937719032652,-0.00166104064480379,259.58808524345875
holdout,2023-07-24,2023-07-25,269.05999755859375,265.2799987792969,-0.014048906614123058,0.0,269.05999755859375,-0.000885208174899186,268.82182344921654,0.0010529301636844066,269.34329894586403,0.0010087202345709255,269.3314038224447
holdout,2023-07-25,2023-07-26,265.2799987792969,264.3500061035156,-0.0035057022016762307,0.0,265.2799987792969,0.001181960376506555,265.59354922653375,0.0010529301636844066,265.55932009183374,-0.0014267531983968836,264.9015096925678
holdout,2023-07-26,2023-07-27,264.3500061035156,255.7100067138672,-0.032683938680391544,0.0,264.3500061035156,0.0024333705205109644,264.99326761546484,0.0010529301636844066,264.62834819871216,0.0006144764649275458,264.5124429607697
holdout,2023-07-27,2023-07-28,255.7100067138672,266.44000244140625,0.04196157931177735,0.0,255.7100067138672,0.0022864780968576397,256.29468204336575,0.0010529301636844066,255.97925149309214,0.0002516275407007926,255.77435039398918
holdout,2023-07-28,2023-07-31,266.44000244140625,267.42999267578125,0.00371562162326855,0.0,266.44000244140625,-0.004750352480212055,265.174318514981,0.0010529301636844066,266.72054515678894,-0.004789067737340268,265.16400322177725
holdout,2023-07-31,2023-08-01,267.42999267578125,261.07000732421875,-0.023781870118334214,0.0,267.42999267578125,-0.005443331471773736,265.97428258015293,0.0010529301636844066,267.7115777817435,0.00046018051798871787,267.5530587483365
holdout,2023-08-01,2023-08-02,261.07000732421875,254.11000061035156,-0.02665954157355066,0.0,261.07000732421875,-0.0034979245329662765,260.1568041407777,0.0010529301636844066,261.3448958097637,-0.0036339172756564755,260.1213005144475
holdout,2023-08-02,2023-08-03,254.11000061035156,259.32000732421875,0.020502958173047814,0.0,254.11000061035156,-0.0034013848869415882,253.24567469465478,0.0010529301636844066,254.37756069488805,0.0010048160375019592,254.3653344142545
holdout,2023-08-03,2023-08-04,259.32000732421875,253.86000061035156,-0.02105509239416581,0.0,259.32000732421875,-0.00348504624830274,258.41626510558365,0.0010529301636844066,259.59305318197727,0.0005557283714979586,259.46411880958584
holdout,2023-08-04,2023-08-07,253.86000061035156,251.4499969482422,-0.009493435973824349,0.0,253.86000061035156,-0.0032312884804903096,253.0397057147221,0.0010529301636844066,254.12729746234712,-0.0005365442010956241,253.72379349913396
holdout,2023-08-07,2023-08-08,251.4499969482422,249.6999969482422,-0.006959634206558429,0.0,251.4499969482422,5.4357365786337954e-05,251.46366510770326,0.0010529301636844066,251.71475623468734,-0.0009924213913144685,251.2004525924248
holdout,2023-08-08,2023-08-09,249.6999969482422,242.19000244140625,-0.03007606967809695,0.0,249.6999969482422,-0.0001709573499124096,249.65730889849075,0.0010529301636844066,249.96291360690088,0.0006705106669848712,249.86742345974207
holdout,2023-08-09,2023-08-10,242.19000244140625,245.33999633789062,0.013006292021680244,0.0,242.19000244140625,-0.0019475244398694056,241.71833149255957,0.0010529301636844066,242.4450116003196,0.00019278566010292805,242.23669320089726
holdout,2023-08-10,2023-08-11,245.33999633789062,242.64999389648438,-0.01096438608281991,0.0,245.33999633789062,-0.002938698416199568,244.61901607922206,0.0010529301636844066,245.598322220393,0.0013873878318077868,245.68037806346558
holdout,2023-08-11,2023-08-14,242.64999389648438,239.75999450683594,-0.011910156448968756,0.0,242.64999389648438,0.0005081091939639197,242.77328658929844,0.0010529301636844066,242.9054873942758,0.0028372124625595987,243.33844348320747
holdout,2023-08-14,2023-08-15,239.75999450683594,232.9600067138672,-0.028361644764614224,0.0,239.75999450683594,0.00044397937719219474,239.8664429998727,0.0010529301636844066,240.01244503709697,0.0007915119364686405,239.94976740437573
holdout,2023-08-15,2023-08-16,232.9600067138672,225.60000610351562,-0.03159340830287438,0.0,232.9600067138672,0.0012946463544423002,233.26160753729016,0.0010529301636844066,233.20529733186834,0.0009398386747099935,233.17895153783758
holdout,2023-08-16,2023-08-17,225.60000610351562,219.22000122070312,-0.028280162722535862,0.0,225.60000610351562,-0.003097805304278783,224.9011412079628,0.0010529301636844066,225.83754715486938,-0.0011044592030021933,225.35084010057724
holdout,2023-08-17,2023-08-18,219.22000122070312,215.49000549316406,-0.017014851321818125,0.0,219.22000122070312,5.195963970130654e-05,219.23139181298185,0.0010529301636844066,219.45082457247133,-0.001135171190456729,218.9711489909455
holdout,2023-08-18,2023-08-21,215.49000549316406,231.27999877929688,0.073274828918382,0.0,215.49000549316406,0.0024085486973266235,216.00902366518153,0.0010529301636844066,215.71690141992033,-0.00036083699394588985,215.41224872735654
holdout,2023-08-21,2023-08-22,231.27999877929688,233.19000244140625,0.008258403978685713,0.0,231.27999877929688,-0.0035738250343216775,230.45344452972154,0.0010529301636844066,231.52352046626848,0.00010376020247240848,231.30399643879807
holdout,2023-08-22,2023-08-23,233.19000244140625,236.86000061035156,0.01573823118710882,0.0,233.19000244140625,-0.002774426755624627,232.54303385948862,0.0010529301636844066,233.43553522884645,-0.00029709052117788396,233.12072390204747
holdout,2023-08-23,2023-08-24,236.86000061035156,230.0399932861328,-0.02879341090367582,0.0,236.86000061035156,-0.0015380258782196898,236.4957037998977,0.0010529301636844066,237.1093976495645,0.0008835222982878771,237.0692717024633
holdout,2023-08-24,2023-08-25,230.0399932861328,238.58999633789062,0.037167463490241914,0.0,230.0399932861328,-0.0018482626685308989,229.61481895427295,0.0010529301636844066,230.28220933391754,0.0015763121794421682,230.40260812930853
holdout,2023-08-25,2023-08-28,238.58999633789062,238.82000732421875,0.0009640428763089126,0.0,238.58999633789062,-0.004815832871841875,237.44098679063399,0.0010529301636844066,238.84121494178814,-0.0009219819820393476,238.37002066017226
holdout,2023-08-28,2023-08-29,238.82000732421875,257.17999267578125,0.07687791972402569,0.0,238.82000732421875,-0.0067361732966184276,237.21127436818313,0.0010529301636844066,239.07146811362173,-0.0013702089855652528,238.49277400425035
holdout,2023-08-29,2023-08-30,257.17999267578125,256.8999938964844,-0.0010887269121663268,0.0,257.17999267578125,-0.005319826691457795,255.81183968623571,0.0010529301636844066,257.4507852475657,0.001168916166327452,257.48061452687597
holdout,2023-08-30,2023-08-31,256.8999938964844,258.0799865722656,0.004593198535678855,0.0,256.8999938964844,-0.003010544488450251,256.12658503577643,0.0010529301636844066,257.1704916491083,0.003658252308970417,257.83979889233063
holdout,2023-08-31,2023-09-01,258.0799865722656,245.00999450683594,-0.05064318329763218,0.0,258.0799865722656,0.0005915596653947629,258.2326562827674,0.0010529301636844066,258.35172677477084,0.004242133684019105,259.174796376475
holdout,2023-09-01,2023-09-05,245.00999450683594,256.489990234375,0.046855214011356505,0.0,245.00999450683594,-0.0004715239539958109,244.89446642545758,0.0010529301636844066,245.26797292045632,0.00017385260880581447,245.05259013356442
holdout,2023-09-05,2023-09-06,256.489990234375,251.9199981689453,-0.017817428513501543,0.0,256.489990234375,-0.0013349490984474314,256.1475891531508,0.0010529301636844066,256.76005628177586,-0.0005708474168359366,256.34357358600545
holdout,2023-09-06,2023-09-07,251.9199981689453,251.49000549316406,-0.0017068620153485314,0.0,251.9199981689453,-0.0013328129622756095,251.5842359299293,0.0010529301636844066,252.1852523338527,0.0007280339760911226,252.10340448686912
holdout,2023-09-07,2023-09-08,251.49000549316406,248.5,-0.01188916230408743,0.0,251.49000549316406,0.0020296468789637954,252.00044139790384,0.0010529301636844066,251.75480690581296,0.0018238766733981622,251.94869224777582
holdout,2023-09-08,2023-09-11,248.5,273.5799865722656,0.10092549928477124,0.0,248.5,0.001879932215410037,248.96716315552936,0.0010529301636844066,248.76165314567555,0.002008116229704806,248.99901688308162
holdout,2023-09-11,2023-09-12,273.5799865722656,267.4800109863281,-0.022296863386701782,0.0,273.5799865722656,0.004738456568827698,274.8763334567388,0.0010529301636844066,273.8680471923079,0.00885044024175401,276.0012898947633
holdout,2023-09-12,2023-09-13,267.4800109863281,271.29998779296875,0.014281354305895722,0.0,267.4800109863281,0.003256923680071232,268.3511729680552,0.0010529301636844066,267.76164875807825,-0.003110240262955201,266.6480838866227
holdout,2023-09-13,2023-09-14,271.29998779296875,276.0400085449219,0.017471511114000693,0.0,271.29998779296875,0.0050523007297496435,272.6706769192762,0.0010529301636844066,271.58564773352316,0.008840123338156813,273.69831314669904
holdout,2023-09-14,2023-09-15,276.0400085449219,274.3900146484375,-0.005977372284481253,0.0,276.0400085449219,0.00014278276843321088,276.07942230154026,0.0010529301636844066,276.3306593963025,0.007874683650114584,278.2137362869881
holdout,2023-09-15,2023-09-18,274.3900146484375,265.2799987792969,-0.033200974462619715,0.0,274.3900146484375,-0.0010310847228343478,274.10709529623523,0.0010529301636844066,274.67892817147464,0.0034143023561813194,275.32686512196426
holdout,2023-09-18,2023-09-19,265.2799987792969,266.5,0.004598918977371191,0.0,265.2799987792969,0.00034787292960482795,265.37228250963784,0.0010529301636844066,265.55932009183374,9.266944132372885e-05,265.3045821285781
holdout,2023-09-19,2023-09-20,266.5,262.5899963378906,-0.014671683535119606,0.0,266.5,0.00408027956471297,267.587394503996,0.0010529301636844066,266.7806058886219,0.0031621233203985464,267.34270586488617
holdout,2023-09-20,2023-09-21,262.5899963378906,255.6999969482422,-0.026238620989897266,0.0,262.5899963378906,0.001222781587570299,262.91108655049277,0.0010529301636844066,262.86648526571656,0.002424256592010609,263.2265818675088
holdout,2023-09-21,2023-09-22,255.6999969482422,244.8800048828125,-0.042315182614647506,0.0,255.6999969482422,0.0032535435869172837,256.5319280334879,0.0010529301636844066,255.969231187883,-0.0008299716052518041,255.48777321131217
holdout,2023-09-22,2023-09-25,244.8800048828125,246.99000549316406,0.008616467528091087,0.0,244.8800048828125,0.0022246547645882048,245.4247783524274,0.0010529301636844066,245.1378464264368,0.0021800334808319078,245.4138514922433
holdout,2023-09-25,2023-09-26,246.99000549316406,244.1199951171875,-0.011619945391094011,0.0,246.99000549316406,0.0010625968936598985,247.25245630576615,0.0010529301636844066,247.25006872007637,0.0022572488226713424,247.54752339227508
holdout,2023-09-26,2023-09-27,244.1199951171875,240.5,-0.014828753029631048,0.0,244.1199951171875,-0.0009395985046572429,243.89062033481846,0.0010529301636844066,244.37703642360486,0.0011053732417814132,244.38983882757384
holdout,2023-09-27,2023-09-28,240.5,246.3800048828125,0.02444908475181906,0.0,240.5,0.0003666796966413713,240.58818646704222,0.0010529301636844066,240.75322970436608,0.00018509103440661405,240.5445143937748
holdout,2023-09-28,2023-09-29,246.3800048828125,250.22000122070312,0.015585665483353939,0.0,246.3800048828125,-0.001192722385368098,246.08614193568167,0.0010529301636844066,246.63942582168232,-0.0019478112482220068,245.90010313796478
holdout,2023-09-29,2023-10-02,250.22000122070312,251.60000610351562,0.005515166158101437,0.0,250.22000122070312,0.0008833397994977333,250.44103050641178,0.0010529301636844066,250.48346540754554,0.0006936291777473026,250.39356111440577
holdout,2023-10-02,2023-10-03,251.60000610351562,246.52999877929688,-0.020151062008054166,0.0,251.60000610351562,-0.002113742958099062,251.06818836235664,0.0010529301636844066,251.86492333912517,-0.0009299108531480834,251.36604052718783
holdout,2023-10-03,2023-10-04,246.52999877929688,261.1600036621094,0.05934371052307452,0.0,246.52999877929688,-0.0007446009452204078,246.3464323091806,0.0010529301636844066,246.78957765126466,-0.0004719396717692467,246.4136514925917
holdout,2023-10-04,2023-10-05,261.1600036621094,260.04998779296875,-0.00425032873937603,0.0,261.1600036621094,-0.003983245268139273,260.11973931329504,0.0010529301636844066,261.4349869075131,-0.0013382683915540913,260.81050148407024
holdout,2023-10-05,2023-10-06,260.04998779296875,260.5299987792969,0.001845841218459432,0.0,260.04998779296875,-0.005060134648078877,258.73409983950506,0.0010529301636844066,260.3238022691817,-0.0005619882475888646,259.90384275604345
holdout,2023-10-06,2023-10-09,260.5299987792969,259.6700134277344,-0.003300907210654902,0.0,260.5299987792969,-0.004888400122323278,259.2564239013953,0.0010529301636844066,260.8043186735562,0.00020583026580357734,260.58362373819546
holdout,2023-10-09,2023-10-10,259.6700134277344,263.6199951171875,0.015211543440507347,0.0,259.6700134277344,-0.0036586052345649956,258.7199833573481,0.0010529301636844066,259.94342781747673,0.001037510227021123,259.93942372231635
holdout,2023-10-10,2023-10-11,263.6199951171875,262.989990234375,-0.002389822071472425,0.0,263.6199951171875,-0.003584678454174789,262.6750022006013,0.0010529301636844066,263.89756856179673,0.0008069853267233522,263.83273258507796
holdout,2023-10-11,2023-10-12,262.989990234375,258.8699951171875,-0.015665976919941982,0.0,262.989990234375,-0.003795056091686703,261.9919284698834,0.0010529301636844066,263.26690032783983,0.0005009383880512767,263.1217320161566
holdout,2023-10-12,2023-10-13,258.8699951171875,251.1199951171875,-0.02993780718577166,0.0,258.8699951171875,-0.0013608575395253932,258.51770993257537,0.0010529301636844066,259.1425671435192,-0.0009929827286673033,258.6129416830659
holdout,2023-10-13,2023-10-16,251.1199951171875,253.9199981689453,0.01115006015531006,0.0,251.1199951171875,-0.0023667264856787693,250.52566277366012,0.0010529301636844066,251.38440693475064,0.001543907756438016,251.50770122544563
holdout,2023-10-16,2023-10-17,253.9199981689453,254.85000610351562,0.0036626021631882555,0.0,253.9199981689453,-0.0024301599279863053,253.30293196448076,0.0010529301636844066,254.18735819418006,-0.0004927882787209261,253.7948693701148
holdout,2023-10-17,2023-10-18,254.85000610351562,242.67999267578125,-0.04775363208267347,0.0,254.85000610351562,-0.003093637894204369,254.06159246729558,0.0010529301636844066,255.11834536215716,0.00040997584912504066,254.9544884511674
holdout,2023-10-18,2023-10-19,242.67999267578125,220.11000061035156,-0.09300310180733784,0.0,242.67999267578125,-0.0005728771583477189,242.5409668511893,0.0010529301636844066,242.93551776019228,0.0006957148129273203,242.8488287414869
holdout,2023-10-19,2023-10-20,220.11000061035156,211.99000549316406,-0.036890623300491754,0.0,220.11000061035156,0.0014617527397352923,220.4317470067869,0.02650752241996563,225.9445713863891,0.026291536895193614,225.89703081239972
holdout,2023-10-20,2023-10-23,211.99000549316406,212.0800018310547,0.0004245310418349302,0.0,211.99000549316406,0.002021283723476028,212.41849744080702,0.08277180892295147,229.53680172141966,0.026729954991828186,217.65648879871378
holdout,2023-10-23,2023-10-24,212.0800018310547,216.52000427246094,0.02093550737020089,0.0,212.0800018310547,0.001394849890123808,212.37582159830617,0.0010529301636844066,212.30330726209684,0.013014652624638707,214.8401493835186
holdout,2023-10-24,2023-10-25,216.52000427246094,212.4199981689453,-0.018935922882932887,0.0,216.52000427246094,0.004947962114504901,217.59133705063354,0.0010529301636844066,216.74798471600047,-0.006444953916035711,215.12454282302508
holdout,2023-10-25,2023-10-26,212.4199981689453,205.75999450683594,-0.031352997455599385,0.0,212.4199981689453,0.007249495290859848,213.95993594535557,0.0010529301636844066,212.64366159238716,-0.004830460314030253,211.39391179788385
holdout,2023-10-26,2023-10-27,205.75999450683594,207.3000030517578,0.00748448962886572,0.0,205.75999450683594,0.006710089948454788,207.14066257777034,0.0010529301636844066,205.9766454115317,-0.008748155956813582,203.95997398521703
holdout,2023-10-27,2023-10-30,207.3000030517578,197.36000061035156,-0.04794984223383958,0.0,207.3000030517578,0.0016163444652828787,207.63507126434362,0.0010529301636844066,207.51827547790288,-0.006332158833120381,205.98734650632775
holdout,2023-10-30,2023-10-31,197.36000061035156,200.83999633789062,0.017632730628176496,0.0,197.36000061035156,0.001327922302449762,197.62207935677355,0.0010529301636844066,197.56780690809896,-0.002873197791868255,196.7929462923948
holdout,2023-10-31,2023-11-01,200.83999633789062,205.66000366210938,0.023999240251476817,0.0,200.83999633789062,-0.00026896868603740274,200.78597666797185,0.0010529301636844066,201.05146682810906,-0.013576130098064765,198.11336641871256
holdout,2023-11-01,2023-11-02,205.66000366210938,218.50999450683594,0.06248172039245192,0.0,205.66000366210938,-0.0020333907325299954,205.24181651661075,0.0010529301636844066,205.87654928342863,0.00599459675699249,206.89285245310532
holdout,2023-11-02,2023-11-03,218.50999450683594,219.9600067138672,0.006635907937775798,0.0,218.50999450683594,-0.0051960116928704645,217.37461402036936,0.0010529301636844066,218.7400702711187,0.0023103505312829444,219.01482918873543
holdout,2023-11-03,2023-11-06,219.9600067138672,219.27000427246094,-0.0031369449915676917,0.0,219.9600067138672,-0.003602083048933292,219.1676925022399,0.0010529301636844066,220.19160923974044,0.0014481913307291374,220.27855088869734
holdout,2023-11-06,2023-11-07,219.27000427246094,222.17999267578125,0.013271256198382764,0.0,219.27000427246094,0.000336462439901546,219.34378039309567,0.0010529301636844066,219.5008802739506,0.001745283081955786,219.65269250129802
holdout,2023-11-07,2023-11-08,222.17999267578125,222.11000061035156,-0.00031502415940676265,0.0,222.17999267578125,-0.0033101694358934394,221.44453925475884,0.0010529301636844066,222.41393269183675,-0.0021065596765417875,221.7119572622761
holdout,2023-11-08,2023-11-09,222.11000061035156,209.97999572753906,-0.054612601186257326,0.0,222.11000061035156,-0.004323718517360852,221.14965948782157,0.0010529301636844066,222.34386692965015,0.0006398541360635659,222.25211861290316
holdout,2023-11-09,2023-11-10,209.97999572753906,214.64999389648438,0.022240205086035525,0.0,209.97999572753906,-0.00029228918000739033,209.91862084676993,0.0010529301636844066,210.2010899988109,-0.0006846796613510145,209.83622669517385
holdout,2023-11-10,2023-11-13,214.64999389648438,223.7100067138672,0.04220830689495392,0.0,214.64999389648438,0.001743871818730633,215.02431597173114,0.0010529301636844066,214.87600534969263,0.0012689091279348907,214.9223652330508
holdout,2023-11-13,2023-11-14,223.7100067138672,237.41000366210938,0.06123998273248876,0.0,223.7100067138672,0.0021182476405524147,224.1838799077568,0.0010529301636844066,223.94555772785424,0.004371718781687893,224.68800395186972
holdout,2023-11-14,2023-11-15,237.41000366210938,242.83999633789062,0.022871793909364557,0.0,237.41000366210938,0.0027923052301099148,238.07292485701552,0.0010529301636844066,237.65997981612563,0.0027152391010538293,238.05462858703407
holdout,2023-11-15,2023-11-16,242.83999633789062,233.58999633789062,-0.038090924639652135,0.0,242.83999633789062,0.006775389730844253,244.4853319553166,0.0010529301636844066,243.0956898949838,0.00041594142630138235,242.94100355233044
holdout,2023-11-16,2023-11-17,233.58999633789062,234.3000030517578,0.0030395424675642158,0.0,233.58999633789062,0.009287411158715512,235.75944267644348,0.0010529301636844066,233.83595029096972,0.0015728107041932864,233.95738918452332
holdout,2023-11-17,2023-11-20,234.3000030517578,235.60000610351562,0.005548455120893081,0.0,234.3000030517578,0.0023944698114353,234.86102733588444,0.0010529301636844066,234.54670459232236,-0.0014000992582694298,233.97195979127252
holdout,2023-11-20,2023-11-21,235.60000610351562,241.1999969482422,0.023769060694616817,0.0,235.60000610351562,0.0005372020959997486,235.72657092061198,0.0010529301636844066,235.84807645650622,0.0017762200728082267,236.01848356351042
holdout,2023-11-21,2023-11-22,241.1999969482422,234.2100067138672,-0.028980059381488954,0.0,241.1999969482422,0.0005821025228361482,241.34040007497381,0.0010529301636844066,241.45396370050958,-5.2159545873576735e-05,241.18741606593667
holdout,2023-11-22,2023-11-24,234.2100067138672,235.4499969482422,0.00529435207219775,0.0,234.2100067138672,0.006143872143181564,235.64896304977086,0.0010529301636844066,234.45661349457293,0.004651962568779462,235.2995428983337
holdout,2023-11-24,2023-11-27,235.4499969482422,236.0800018310547,0.0026757481035388775,0.0,235.4499969482422,0.005646634072449979,236.77949692336836,0.0010529301636844066,235.6979093520684,0.004687590151705275,236.55369003515577
holdout,2023-11-27,2023-11-28,236.0800018310547,246.72000122070312,0.04506946504203557,0.0,236.0800018310547,0.002148870948770614,236.58730728857518,0.0010529301636844066,236.32857758602526,0.00026038304544461166,236.14147306090004
holdout,2023-11-28,2023-11-29,246.72000122070312,244.13999938964844,-0.010457205813430348,0.0,246.72000122070312,3.963266557753227e-05,246.72977939200283,0.0010529301636844066,246.97978015197265,0.002233375755183418,247.27101968974824
holdout,2023-11-29,2023-11-30,244.13999938964844,240.0800018310547,-0.016629792613843564,0.0,244.13999938964844,0.0008888576270937435,244.3570050901846,0.0010529301636844066,244.39706175916768,0.0003705997551204368,244.23047761363733
holdout,2023-11-30,2023-12-01,240.0800018310547,238.8300018310547,-0.005206597761023168,0.0,240.0800018310547,0.0012017243778897702,240.36851182189886,0.0010529301636844066,240.33278930668,0.0021534943500115308,240.5970127585486
holdout,2023-12-01,2023-12-04,238.8300018310547,235.5800018310547,-0.01360800559009756,0.0,238.8300018310547,-0.0009225347461572705,238.60967285594074,0.0010529301636844066,239.0814731439754,0.0014032404779641982,239.1651377569763
holdout,2023-12-04,2023-12-05,235.5800018310547,238.72000122070312,0.013328802806870987,0.0,235.5800018310547,-0.000938711966517191,235.35886006426372,0.0010529301636844066,235.82805112094343,0.00047352237824449213,235.69155423378854
holdout,2023-12-05,2023-12-06,238.72000122070312,239.3699951171875,0.002722829646282676,0.0,238.72000122070312,-0.0002961820784605322,238.6492966345715,0.0010529301636844066,238.97135671066317,0.0001771993325595198,238.76230224558802
holdout,2023-12-06,2023-12-07,239.3699951171875,242.63999938964844,0.01366087788429815,0.0,239.3699951171875,0.002111932193040924,239.87552831592353,0.0010529301636844066,239.62203500532738,0.0020018216759556382,239.84917116198648
holdout,2023-12-07,2023-12-08,242.63999938964844,243.83999633789062,0.0049455858525417895,0.0,242.63999938964844,-0.0007446722534841157,242.4593121145176,0.0010529301636844066,242.89548236392216,0.002934415723587733,243.35200601902875
holdout,2023-12-08,2023-12-11,243.83999633789062,239.74000549316406,-0.01681426716823431,0.0,243.83999633789062,-0.0018101701345159121,243.39860445891932,0.0010529301636844066,244.09674282514746,0.0006620749589271099,244.00143669345078
holdout,2023-12-11,2023-12-12,239.74000549316406,237.00999450683594,-0.011387381846063915,0.0,239.74000549316406,-0.0021074375612794233,239.23476840064643,0.0010529301636844066,239.99243497638966,-7.321225877736544e-05,239.72245358584263
holdout,2023-12-12,2023-12-13,237.00999450683594,239.2899932861328,0.009619842336358264,0.0,237.00999450683594,-0.0035300468736578477,236.17333811670142,0.0010529301636844066,237.25954947914684,0.0008960145624645045,237.2223589133637
holdout,2023-12-13,2023-12-14,239.2899932861328,251.0500030517578,0.04914543063053567,0.0,239.2899932861328,-0.0037883344974794743,238.38348274966532,0.0010529301636844066,239.5419489379316,0.0014066122356857077,239.62658151856624
holdout,2023-12-14,2023-12-15,251.0500030517578,253.5,0.009758999874367902,0.0,251.0500030517578,0.001377182069491778,251.39574461450653,0.0010529301636844066,251.31434117256407,0.0024758074109962045,251.671554509844
holdout,2023-12-15,2023-12-18,253.5,252.0800018310547,-0.005601570686174839,0.0,253.5,0.002382825764570733,254.1040463313187,0.0010529301636844066,253.76691779649397,0.002225994130677376,254.06428951212675
holdout,2023-12-18,2023-12-19,252.0800018310547,257.2200012207031,0.0203903496997484,0.0,252.0800018310547,0.0036478171094935933,252.9995435746952,0.0010529301636844066,252.3454244686442,0.002365651918653073,252.67633537104038
holdout,2023-12-19,2023-12-20,257.2200012207031,247.13999938964844,-0.03918825045959673,0.0,257.2200012207031,0.002351737846207744,257.8249152323754,0.0010529301636844066,257.49083591869135,0.0019170647192680186,257.7131086101334
holdout,2023-12-20,2023-12-21,247.13999938964844,254.5,0.029780693649462897,0.0,247.13999938964844,-0.0005613225131782364,247.0012741440842,0.0010529301636844066,247.40022054965874,5.494951311432801e-05,247.15357961228597
holdout,2023-12-21,2023-12-22,254.5,252.5399932861328,-0.007701401626197146,0.0,254.5,-0.0012573058749818546,254.1800156548171,0.0010529301636844066,254.76797072665767,0.0008402516797598615,254.7138440524989
holdout,2023-12-22,2023-12-26,252.5399932861328,256.6099853515625,0.01611622781987765,0.0,252.5399932861328,-0.000701369892279838,252.36286933824536,0.0010529301636844066,252.80590026260043,0.001104895473973408,252.81902358171195
holdout,2023-12-26,2023-12-27,256.6099853515625,261.44000244140625,0.018822405072142834,0.0,256.6099853515625,-0.0002820526349044004,256.5376078290513,0.0010529301636844066,256.88017774544176,0.0025759878884578143,257.2710095658855
holdout,2023-12-27,2023-12-28,261.44000244140625,253.17999267578125,-0.03159428430420175,0.0,261.44000244140625,0.0011749307227937773,261.74717633244194,0.0010529301636844066,261.7152805059705,0.0009282107454629381,261.6826738609662
holdout,2023-12-28,2023-12-29,253.17999267578125,248.47999572753906,-0.018563856087399966,0.0,253.17999267578125,0.0027875735048891455,253.88575051533232,0.0010529301636844066,253.44657352691095,-0.0003264394860218962,253.09734472910117
holdout,2023-12-29,2024-01-02,248.47999572753906,248.4199981689453,-0.0002414583049958896,0.0,248.47999572753906,5.328683600824141e-05,248.4932364403227,0.0010529301636844066,248.74162781011276,-0.0013439541437369057,248.1460500076453
holdout,2024-01-02,2024-01-03,248.4199981689453,238.4499969482422,-0.04013364984377277,0.0,248.4199981689453,-0.00050135526715796,248.29545149439593,0.0010529301636844066,248.6815670782798,0.001154439721834505,248.70678408252962
holdout,2024-01-03,2024-01-04,238.4499969482422,237.92999267578125,-0.0021807686270334248,0.0,238.4499969482422,-0.0029855297579481632,237.73809738657056,0.0010529301636844066,238.70106814255942,0.0007247729791944784,238.62281906291926
holdout,2024-01-04,2024-01-05,237.92999267578125,237.49000549316406,-0.001849229589212631,0.0,237.92999267578125,-0.0015691723087382574,237.55663951985613,0.0010529301636844066,238.18051634191477,0.0007820102302538369,238.11605636413793
holdout,2024-01-05,2024-01-08,237.49000549316406,240.4499969482422,0.012463646412957496,0.0,237.49000549316406,-0.00019330498136307115,237.4440974920783,0.0010529301636844066,237.74006588352137,0.0004418603207289263,237.5949429031612
holdout,2024-01-08,2024-01-09,240.4499969482422,234.9600067138672,-0.02283214932024613,0.0,240.4499969482422,-0.0011891521245649393,240.16406532351957,0.0010529301636844066,240.7031740028868,0.0007246056792697824,240.6242283816113
holdout,2024-01-09,2024-01-10,234.9600067138672,233.94000244140625,-0.004341182513256769,0.0,234.9600067138672,-0.0012777120324835353,234.6597954861365,0.0010529301636844066,235.2074031921957,-0.00010678627856040843,234.9349162091397
holdout,2024-01-10,2024-01-11,233.94000244140625,227.22000122070312,-0.028725319101363445,0.0,233.94000244140625,-0.0008117876346660068,233.75009284017057,0.0010529301636844066,234.1863249264692,-0.002051613164055402,233.4600480527983
holdout,2024-01-11,2024-01-12,227.22000122070312,218.88999938964844,-0.036660513098772496,0.0,227.22000122070312,-0.004469480711442068,226.20444580799335,0.0010529301636844066,227.4592480137808,-0.0012635766643130327,226.93289132949548
holdout,2024-01-12,2024-01-16,218.88999938964844,219.91000366210938,0.004659894354722027,0.0,218.88999938964844,-0.0022941831655832173,218.38782563793418,0.0010529301636844066,219.12047527253463,0.0007802890458886591,219.06079685842673
holdout,2024-01-16,2024-01-17,219.91000366210938,215.5500030517578,-0.019826295019533036,0.0,219.91000366210938,-0.0022502886432473057,219.41514267833207,0.0010529301636844066,220.14155353826115,-0.001982186151424589,219.47410109829062
holdout,2024-01-17,2024-01-18,215.5500030517578,211.8800048828125,-0.017026203279914,0.0,215.5500030517578,0.0003838570248349115,215.6327434346324,0.0010529301636844066,215.77696215175325,-0.0004941580962154329,215.44348727261053
holdout,2024-01-18,2024-01-19,211.8800048828125,212.19000244140625,0.0014630807600990448,0.0,211.8800048828125,0.0026304735542603905,212.4373496323333,0.0010529301636844066,212.1030997310352,-0.0011481388652912546,211.63673721442842
holdout,2024-01-19,2024-01-22,212.19000244140625,208.8000030517578,-0.015976244642273096,0.0,212.19000244140625,0.0031285353343797166,212.8538463616463,0.0010529301636844066,212.41342369540905,-6.732173050560506e-05,212.1757174432459
holdout,2024-01-22,2024-01-23,208.8000030517578,209.13999938964844,0.0016283349277841364,0.0,208.8000030517578,0.002652539014205523,209.35385320601884,0.0010529301636844066,209.0198548731484,-0.0012612537052668468,208.53665327424906
holdout,2024-01-23,2024-01-24,209.13999938964844,207.8300018310547,-0.006263735117226887,0.0,209.13999938964844,0.002048045841350401,209.5683276956584,0.0010529301636844066,209.36020920343873,0.0010979753257244014,209.36962994860028
holdout,2024-01-24,2024-01-25,207.8300018310547,182.6300048828125,-0.12125293136804816,0.0,207.8300018310547,0.0029360819759376103,208.44020775348994,0.0010529301636844066,208.04883230890118,0.0018797375192215167,208.22066768311637
holdout,2024-01-25,2024-01-26,182.6300048828125,183.25,0.0033948152034783963,0.0,182.6300048828125,0.0056733145923083695,183.66612235450754,-0.03355168863177632,176.5024598241646,0.024026011786943476,187.01787553277651
holdout,2024-01-26,2024-01-29,183.25,190.92999267578125,0.04190991910385411,0.0,183.25,0.003670564562458285,183.92263095607046,0.0010529301636844066,183.44294945249516,-0.0018279974817392056,182.91501946147127
holdout,2024-01-29,2024-01-30,190.92999267578125,191.58999633789062,0.0034567835721344142,0.0,190.92999267578125,-0.0003816143767682951,190.8571310456199,0.0010529301636844066,191.1310286242216,-0.002013481279160543,190.5455587098983
holdout,2024-01-30,2024-01-31,191.58999633789062,187.2899932861328,-0.02244377647032403,0.0,191.58999633789062,0.0009075263024006909,191.76386929884413,0.0010529301636844066,191.79172722409496,-0.001620884348991647,191.27945111140318
holdout,2024-01-31,2024-02-01,187.2899932861328,188.86000061035156,0.008382761388752824,0.0,187.2899932861328,0.004392549399170553,188.11267383361246,0.0010529301636844066,187.48719656942004,0.001180251291008024,187.51104254250166
holdout,2024-02-01,2024-02-02,188.86000061035156,187.91000366210938,-0.0050301649114266045,0.0,188.86000061035156,0.005638580565481299,189.92490293938988,0.0010529301636844066,189.05885700170765,0.0047155093208169786,189.75057170355916
holdout,2024-02-02,2024-02-05,187.91000366210938,181.05999755859375,-0.03645365318513305,0.0,187.91000366210938,-0.0006407225990349178,187.78960547617834,0.0010529301636844066,188.10785977302325,-0.002759119413217957,187.3915375230674
holdout,2024-02-05,2024-02-06,181.05999755859375,185.10000610351562,0.0223130928940527,0.0,181.05999755859375,0.0025650800907768903,181.5244309535674,0.0010529301636844066,181.2506410914598,0.003371376350648541,181.67041895241127
holdout,2024-02-06,2024-02-07,185.10000610351562,187.5800018310547,0.01339813963135228,0.0,185.10000610351562,0.0006201536980031839,185.21479655680116,0.0010529301636844066,185.29490348324018,-0.0005246785580208323,185.00288809922358
holdout,2024-02-07,2024-02-08,187.5800018310547,189.55999755859375,0.010555473441792307,0.0,187.5800018310547,-9.311154189031463e-06,187.57825524473486,0.0010529301636844066,187.77751047308658,0.005146397294619872,188.54536304500283
holdout,2024-02-08,2024-02-09,189.55999755859375,193.57000732421875,0.021154303741671487,0.0,189.55999755859375,0.0002120789320601245,189.6001992404373,0.0010529301636844066,189.75959099785112,0.0023473326881505666,190.00495793722877
holdout,2024-02-09,2024-02-12,193.57000732421875,188.1300048828125,-0.028103539988478476,0.0,193.57000732421875,-0.0002028064034851106,193.53075008721075,0.0010529301636844066,193.773823023715,0.0004593712783731158,193.65892782593798
holdout,2024-02-12,2024-02-13,188.1300048828125,184.02000427246094,-0.021846598116614713,0.0,188.1300048828125,0.002294669449014715,188.56170105746008,0.0010529301636844066,188.3280926396477,0.00092655475226905,188.30431763288107
holdout,2024-02-13,2024-02-14,184.02000427246094,188.7100067138672,0.025486372853585015,0.0,184.02000427246094,0.0006005403403102844,184.13051570845062,0.0010529301636844066,184.21376448568074,-0.0004258651087784514,183.94163657332405
holdout,2024-02-14,2024-02-15,188.7100067138672,200.4499969482422,0.06221180550417671,0.0,188.7100067138672,-0.002962488037849557,188.15095557635485,0.0010529301636844066,188.90870517212528,0.0017170341259237906,189.03402823529822
holdout,2024-02-15,2024-02-16,200.4499969482422,199.9499969482422,-0.0024943876658132247,0.0,200.4499969482422,-0.003192938899407567,199.80997235560002,0.0010529301636844066,200.66105679633944,-0.0004441653874396976,200.3609639976854
holdout,2024-02-16,2024-02-20,199.9499969482422,193.75999450683594,-0.030957752117438453,0.0,199.9499969482422,0.0011504437519567184,200.18002817293507,0.0010529301636844066,200.16053033125758,0.0012621948658041594,200.20237280780785
holdout,2024-02-20,2024-02-21,193.75999450683594,194.77000427246094,0.00521268473502845,0.0,193.75999450683594,0.005521727502254967,194.82988439734112,0.0010529301636844066,193.9640102495675,0.0005232898021463442,193.8613871360253
holdout,2024-02-21,2024-02-22,194.77000427246094,197.41000366210938,0.013554445406056326,0.0,194.77000427246094,0.0038120412442685303,195.51247556189392,0.0010529301636844066,194.97508348494034,0.0011639819715335844,194.9967130460296
holdout,2024-02-22,2024-02-23,197.41000366210938,191.97000122070312,-0.027556873210526134,0.0,197.41000366210938,0.0019670995497485235,197.79832879142896,0.0010529301636844066,197.61786260957825,0.0017651540749664,197.75846273451268
holdout,2024-02-23,2024-02-26,191.97000122070312,199.39999389648438,0.03870392576202142,0.0,191.97000122070312,0.0015312628253211725,192.26395774714925,0.0010529301636844066,192.17213222551092,-0.0007278090839432852,191.83028370997008
holdout,2024-02-26,2024-02-27,199.39999389648438,199.72999572753906,0.0016549741281637331,0.0,199.39999389648438,0.002923815176155934,199.9830026247643,0.0010529301636844066,199.60994816469645,0.0008068147370785963,199.56087275013343
holdout,2024-02-27,2024-02-28,199.72999572753906,202.0399932861328,0.01156560160219966,0.0,199.72999572753906,0.0031994869557654022,200.36902924354442,0.0010529301636844066,199.94029746463315,0.0013178001615727862,199.99319994817975
holdout,2024-02-28,2024-02-29,202.0399932861328,201.8800048828125,-0.0007918650199801869,0.0,202.0399932861328,0.0030422936911091167,202.65465828305895,0.0010529301636844066,202.25272728933436,0.0006322006086682244,202.16772309286364
holdout,2024-02-29,2024-03-01,201.8800048828125,202.63999938964844,0.003764585340074067,0.0,201.8800048828125,0.0025475395276111992,202.39430217508578,0.0010529301636844066,202.09257042939836,0.0014633420800020675,202.17542438906855
holdout,2024-03-01,2024-03-04,202.63999938964844,188.13999938964844,-0.07155546804023882,0.0,202.63999938964844,0.0031800004227832187,203.28439467338032,0.0010529301636844066,202.85336515737478,-0.00020646102551199975,202.5981621275647
holdout,2024-03-04,2024-03-05,188.13999938964844,180.74000549316406,-0.03933237971984138,0.0,188.13999938964844,0.0002834174875968082,188.1933215555919,0.0010529301636844066,188.33809767000136,0.0006610076912811044,188.26436137628264
holdout,2024-03-05,2024-03-06,180.74000549316406,176.5399932861328,-0.02323786698783792,0.0,180.74000549316406,-0.0005635457172847094,180.63815023712638,0.0010529301636844066,180.93031209673228,-0.0013118458789993387,180.50290246178753
holdout,2024-03-06,2024-03-07,176.5399932861328,178.64999389648438,0.011951969472048907,0.0,176.5399932861328,-0.0014018459462339667,176.2925114121965,0.0010529301636844066,176.7258775701604,-0.0007145318608938572,176.41384983620787
holdout,2024-03-07,2024-03-08,178.64999389648438,175.33999633789062,-0.018527834714126334,0.0,178.64999389648438,0.0009497537501365599,178.81966739814945,0.0010529301636844066,178.8380998638,-0.000606958132509594,178.54156082981612
holdout,2024-03-08,2024-03-11,175.33999633789062,177.77000427246094,0.013858834181150304,0.0,175.33999633789062,0.003502249385668019,175.95408073234805,0.0010529301636844066,175.5246171089351,0.0005310334104068157,175.43310773412665
holdout,2024-03-11,2024-03-12,177.77000427246094,177.5399932861328,-0.0012938683737420131,0.0,177.77000427246094,0.0035386963519792305,178.39907833807123,0.0010529301636844066,177.9571836721577,0.0005019014586641452,177.85922729691202
holdout,2024-03-12,2024-03-13,177.5399932861328,169.47999572753906,-0.04539820808488959,0.0,177.5399932861328,0.0007323608077080823,177.67001661901634,0.0010529301636844066,177.7269305003241,0.0007668673574719659,177.67614291162974
holdout,2024-03-13,2024-03-14,169.47999572753906,162.5,-0.04118477639544138,0.0,169.47999572753906,0.00019551351895552398,169.51313135789633,0.0010529301636844066,169.65844632718168,0.00015961541278942194,169.50704734701665
holdout,2024-03-14,2024-03-15,162.5,163.57000732421875,0.006584660456730784,0.0,162.5,-0.0006653843887330264,162.3918750368309,0.0010529301636844066,162.67110115159872,-0.007655317534014642,161.25601090072263
holdout,2024-03-15,2024-03-18,163.57000732421875,173.8000030517578,0.06254200201423088,0.0,163.57000732421875,-0.00029407500037126333,163.52190547425414,0.0010529301636844066,163.7422351188045,-0.0074935460748969,162.3442879378635
holdout,2024-03-18,2024-03-19,173.8000030517578,171.32000732421875,-0.014269250195585559,0.0,173.8000030517578,-0.004673085250095303,172.9878208210301,0.0010529301636844066,173.98300231741945,0.0009579886835592732,173.966501487884
holdout,2024-03-19,2024-03-20,171.32000732421875,175.66000366210938,0.025332688257929448,0.0,171.32000732421875,-0.00039888660851618643,171.25167006752622,0.0010529301636844066,171.50039532757305,0.0007995667094166909,171.45698909873224
holdout,2024-03-20,2024-03-21,175.66000366210938,172.82000732421875,-0.016167575308454918,0.0,175.66000366210938,-0.0001985560219904107,175.6251253105594,0.0010529301636844066,175.84496137851812,0.0015192317707841518,175.92687192052892
holdout,2024-03-21,2024-03-22,172.82000732421875,170.8300018310547,-0.01151490226146512,0.0,172.82000732421875,-0.00043015369812432133,172.74566815895838,0.0010529301636844066,173.00197472281857,-0.00013879668838731192,172.79602047951508
holdout,2024-03-22,2024-03-25,170.8300018310547,172.6300048828125,0.010536808713131895,0.0,170.8300018310547,-0.003251797524467255,170.27449725399572,0.0010529301636844066,171.00987389284487,0.001739239882846793,171.12711618342607
holdout,2024-03-25,2024-03-26,172.6300048828125,177.6699981689453,0.029195349264770964,0.0,172.6300048828125,-0.003973944991077454,171.94398273959877,0.0010529301636844066,172.8117722221106,-0.0014722714249699282,172.3758466595311
holdout,2024-03-26,2024-03-27,177.6699981689453,179.8300018310547,0.012157391142962881,0.0,177.6699981689453,-0.0025820056107380427,177.21125323681326,0.0010529301636844066,177.85707226919914,-0.0009908242040237618,177.49395843443068
holdout,2024-03-27,2024-03-28,179.8300018310547,175.7899932861328,-0.022465709302040393,0.0,179.8300018310547,-0.0008182937505731582,179.68284806439078,0.0010529301636844066,180.019350264318,0.0023420941317779335,180.25118062306083
holdout,2024-03-28,2024-04-01,175.7899932861328,175.22000122070312,-0.003242460249155976,0.0,175.7899932861328,0.004024084939813659,176.49738715068548,0.0010529301636844066,175.97508787253764,-0.0014579518700865316,175.5336999366788
holdout,2024-04-01,2024-04-02,175.22000122070312,166.6300048828125,-0.049024062767074494,0.0,175.22000122070312,0.0009053192311561295,175.37863125749143,0.0010529301636844066,175.4044956452692,0.0007304822011821332,175.34799631288598
holdout,2024-04-02,2024-04-03,166.6300048828125,168.3800048828125,0.01050231020055925,0.0,166.6300048828125,-0.0026887822523711663,166.18197308297107,0.0010529301636844066,166.80545464112848,0.0010761195140070838,166.80931868268598
holdout,2024-04-03,2024-04-04,168.3800048828125,171.11000061035156,0.016213301154368365,0.0,168.3800048828125,-0.0033128247863090775,167.82219142911788,0.0010529301636844066,168.55729726891494,3.087825595767348e-05,168.38520416370145
holdout,2024-04-04,2024-04-05,171.11000061035156,164.89999389648438,-0.036292482565110196,0.0,171.11000061035156,-0.002727416619938202,170.64331235084924,0.0010529301636844066,171.29016749130224,0.0014734391852115145,171.36212079023244
holdout,2024-04-05,2024-04-08,164.89999389648438,172.97999572753906,0.04899940648952894,0.0,164.89999389648438,-0.001364074087936708,164.67505808770926,0.0010529301636844066,165.07362207404935,-0.0003785215359829679,164.8375756975111
holdout,2024-04-08,2024-04-09,172.97999572753906,176.8800048828125,0.02254601255405486,0.0,172.97999572753906,0.0008872347434597206,173.13346958967205,0.0010529301636844066,173.16213158275457,0.0006039718407461142,173.08447077397085
holdout,2024-04-09,2024-04-10,176.8800048828125,171.75999450683594,-0.028946236061948905,0.0,176.8800048828125,0.002465202333518794,177.31604988360243,0.0010529301636844066,177.06624717530624,0.0005546939079194563,176.97811914395376
holdout,2024-04-10,2024-04-11,171.75999450683594,174.60000610351562,0.01653476762638495,0.0,171.75999450683594,0.0004940080828995399,171.84484533244108,0.0010529301636844066,171.94084578596645,-0.0016398793884126596,171.4783288320903
holdout,2024-04-11,2024-04-12,174.60000610351562,171.0500030517578,-0.020332204625772565,0.0,174.60000610351562,0.0003999002081355829,174.6698286822969,0.0010529301636844066,174.78384771652148,0.0008871207471987189,174.7548973913911
holdout,2024-04-12,2024-04-15,171.0500030517578,161.47999572753906,-0.05594859487563397,0.0,171.0500030517578,-0.0021684543056228415,170.67908893616342,0.0010529301636844066,171.23010675946932,0.00022951875043988445,171.08926223472102
holdout,2024-04-15,2024-04-16,161.47999572753906,157.11000061035156,-0.027062145360474688,0.0,161.47999572753906,-0.00679308193409967,160.38304888584383,0.0010529301636844066,161.6500228858722,-0.0024034022812394387,161.09189433743296
holdout,2024-04-16,2024-04-17,157.11000061035156,155.4499969482422,-0.010565868854054306,0.0,157.11000061035156,-0.00249852565354647,156.7174572433979,0.0010529301636844066,157.27542646901068,-0.0026556556214651955,156.69277055404228
holdout,2024-04-17,2024-04-18,155.4499969482422,149.92999267578125,-0.03550983840996058,0.0,155.4499969482422,-0.001932163493984793,155.14964213899873,0.0010529301636844066,155.61367493897365,0.002130123617721751,155.78112465811643
holdout,2024-04-18,2024-04-19,149.92999267578125,147.0500030517578,-0.0192088959161848,0.0,149.92999267578125,2.4306789350364566e-05,149.93363699253052,0.0010529301636844066,150.08785848751054,-0.0024428803083624802,149.56373164904065
holdout,2024-04-19,2024-04-22,147.0500030517578,142.0500030517578,-0.03400203941675628,0.0,147.0500030517578,0.0034405361224924148,147.55593389907003,0.0010529301636844066,147.2048364355409,-0.00010268290812210363,147.0349035298051
holdout,2024-04-22,2024-04-23,142.0500030517578,144.67999267578125,0.018514534090260826,0.0,142.0500030517578,0.0033266609312879586,142.52255524719942,0.0010529301636844066,142.19957178472245,0.004549891612263682,142.69631516916505
holdout,2024-04-23,2024-04-24,144.67999267578125,162.1300048828125,0.12061109407252757,0.0,144.67999267578125,0.000902554645610276,144.81057427529763,0.0010529301636844066,144.83233060415122,-0.00667017188601352,143.7149522561666
holdout,2024-04-24,2024-04-25,162.1300048828125,170.17999267578125,0.04965143743002587,0.0,162.1300048828125,-0.0037668697922471576,161.51928226500254,0.0010529301636844066,162.3007164553919,0.004055398732236398,162.78750669907174
holdout,2024-04-25,2024-04-26,170.17999267578125,168.2899932861328,-0.011105884774887609,0.0,170.17999267578125,-0.003915080390362749,169.51372432362422,0.0010529301636844066,170.35918032332515,-0.002456656482808476,169.76191889353
holdout,2024-04-26,2024-04-29,168.2899932861328,194.0500030517578,0.1530691710339953,0.0,168.2899932861328,-0.0014674328070251215,168.04303902889072,0.0010529301636844066,168.46719089631003,0.002656844837572928,168.73711368601028
holdout,2024-04-29,2024-04-30,194.0500030517578,183.27999877929688,-0.05550118063944742,0.0,194.0500030517578,0.004946399059232966,195.00985180429717,0.02127390084019812,198.17820357472104,0.019079363548118917,197.75235360649592
holdout,2024-04-30,2024-05-01,183.27999877929688,179.99000549316406,-0.017950640048260635,0.0,183.27999877929688,0.0032623249553268645,183.87791769312688,0.0010529301636844066,183.47297981841163,-0.006235227594105691,182.13720627346055
holdout,2024-05-01,2024-05-02,179.99000549316406,180.00999450683594,0.0001110562423569661,0.0,179.99000549316406,0.0006652155642049998,180.10973764621946,0.0010529301636844066,180.17952239910952,0.00699308107632061,181.24869019450514
holdout,2024-05-02,2024-05-03,180.00999450683594,181.19000244140625,0.006555235656792835,0.0,180.00999450683594,0.0020006503535181706,180.37013156598283,0.0010529301636844066,180.19953245981685,0.0014150129136832306,180.26471097365516
holdout,2024-05-03,2024-05-06,181.19000244140625,184.75999450683594,0.019703030064167848,0.0,181.19000244140625,8.263229273310253e-05,181.20497458672833,0.0010529301636844066,181.38078286033485,-0.0006142386374387489,181.07870854118912
holdout,2024-05-06,2024-05-07,184.75999450683594,177.80999755859375,-0.03761635178001177,0.0,184.75999450683594,0.0023851496505137865,185.20067474316286,-0.04278053351145886,176.8558633702593,0.004946592200096047,185.67392685455323
holdout,2024-05-07,2024-05-08,177.80999755859375,174.72000122070312,-0.017378079862311324,0.0,177.80999755859375,0.01257821358203197,180.04652968490635,0.0010529301636844066,177.99721906842782,0.004361240028152477,178.585469637352
holdout,2024-05-08,2024-05-09,174.72000122070312,171.97000122070312,-0.01573946875450305,0.0,174.72000122070312,0.008695829395448428,176.2393365432909,0.0010529301636844066,174.90396918018737,-0.0005324314811814976,174.62697479166115
holdout,2024-05-09,2024-05-10,171.97000122070312,168.47000122070312,-0.02035238689978358,0.0,171.97000122070312,0.009004344554323158,173.5184783647017,0.0010529301636844066,172.15107362223725,0.00016856047697463855,171.99898856613422
holdout,2024-05-10,2024-05-13,168.47000122070312,171.88999938964844,0.020300339194899042,0.0,168.47000122070312,0.00809586768393207,169.8339120592978,0.0010529301636844066,168.64738836666433,0.0020796273730555475,168.82035604678038
holdout,2024-05-13,2024-05-14,171.88999938964844,177.5500030517578,0.03292805679333921,0.0,171.88999938964844,0.008065000077005563,173.27629224796243,0.0010529301636844066,172.07098755484148,0.002045271913157851,172.2415611775528
holdout,2024-05-14,2024-05-15,177.5500030517578,173.99000549316406,-0.02005067585133169,0.0,177.5500030517578,0.00794640409427397,178.96088712294667,0.0010529301636844066,177.73695080553327,0.0029890099866542287,178.08070178401002
holdout,2024-05-15,2024-05-16,173.99000549316406,174.83999633789062,0.004885285464054867,0.0,173.99000549316406,0.007785333718254785,175.34457574956932,0.0010529301636844066,174.17320481812743,0.0012936757006497162,174.21509213542646
holdout,2024-05-16,2024-05-17,174.83999633789062,177.4600067138672,0.014985188920464187,0.0,174.83999633789062,0.004982352561793768,175.71111084154873,0.0010529301636844066,175.02409064385324,0.0019359406843391879,175.17847620005085
holdout,2024-05-17,2024-05-20,177.4600067138672,174.9499969482422,-0.014144086952910362,0.0,177.4600067138672,0.004061899369845617,178.18083140331103,0.0010529301636844066,177.64685970778385,0.0009799334943218852,177.6339057183487
holdout,2024-05-20,2024-05-21,174.9499969482422,186.60000610351562,0.06659050790792542,0.0,174.9499969482422,-0.0005482344567005878,174.8540833317155,0.0010529301636844066,175.13420707716548,0.0017333269395863283,175.25324249103312
holdout,2024-05-21,2024-05-22,186.60000610351562,180.11000061035156,-0.03478030697150003,0.0,186.60000610351562,-0.0026275421928369574,186.109706714295,0.0010529301636844066,186.7964828784857,0.003199778323247217,187.19708475816344
holdout,2024-05-22,2024-05-23,180.11000061035156,173.74000549316406,-0.03536724832380789,0.0,180.11000061035156,0.0008803310806873984,180.26855704183146,0.0010529301636844066,180.2996438627754,0.0010023520057729908,180.2905342307231
holdout,2024-05-23,2024-05-24,173.74000549316406,179.24000549316406,0.03165649721483632,0.0,173.74000549316406,-0.0004503866593467158,173.6617553124951,0.0010529301636844066,173.9229415855865,-0.00018130970931563565,173.7085047432716
holdout,2024-05-24,2024-05-28,179.24000549316406,176.75,-0.01389201861667555,0.0,179.24000549316406,-0.0017540436711521359,178.9256106959115,0.0010529301636844066,179.42873270148675,0.0005771506720803947,179.34345398279814
holdout,2024-05-28,2024-05-29,176.75,176.19000244140625,-0.0031683030189180172,0.0,176.75,-0.004365143663495602,175.97846085747716,0.0010529301636844066,176.9361054064312,0.0022648699172118482,177.1503157578672
holdout,2024-05-29,2024-05-30,176.19000244140625,178.7899932861328,0.014756744473008343,0.0,176.19000244140625,-0.002916678615798956,175.67611282896783,0.0010529301636844066,176.37551820951643,-0.00010420941032705378,176.1716417851463
holdout,2024-05-30,2024-05-31,178.7899932861328,178.0800018310547,-0.003971091681523098,0.0,178.7899932861328,0.0010017117496756312,178.96908932313195,0.0010529301636844066,178.9782466630287,0.002198321838573207,179.1830312328921
holdout,2024-05-31,2024-06-03,178.0800018310547,176.2899932861328,-0.0100517100545634,0.0,178.0800018310547,-0.0011486333334907606,177.87545320492345,0.0010529301636844066,178.26750763653158,0.0013485411304627953,178.32015003803676
holdout,2024-06-03,2024-06-04,176.2899932861328,174.77000427246094,-0.008622094682395387,0.0,176.2899932861328,-0.0011951145785739233,176.07930654509985,0.0010529301636844066,176.4756143376195,-0.0008731211274070181,176.13607076844426
holdout,2024-06-04,2024-06-05,174.77000427246094,175.0,0.0013159908560766986,0.0,174.77000427246094,0.0007331405017035688,174.89813524107598,0.0010529301636844066,174.95402488166664,-0.0008094413571578876,174.62853820301214
holdout,2024-06-05,2024-06-06,175.0,177.94000244140625,0.01680001395089281,0.0,175.0,-0.0010007487490832356,174.82486896891044,0.0010529301636844066,175.18426277864475,-0.0013996719054155126,174.75505741655226
holdout,2024-06-06,2024-06-07,177.94000244140625,177.47999572753906,-0.0025851787543875737,0.0,177.94000244140625,0.0003775779839995828,178.00718866880095,0.0010529301636844066,178.1273608373029,0.000691293405980786,178.0630111917542
holdout,2024-06-07,2024-06-10,177.47999572753906,173.7899932861328,-0.020791089307163446,0.0,177.47999572753906,0.0011828189960268215,177.68992243790035,0.0010529301636844066,177.66686976849115,0.0006793721320684429,177.60057069063598
holdout,2024-06-10,2024-06-11,173.7899932861328,170.66000366210938,-0.018010183238054034,0.0,173.7899932861328,-0.0018743328362670888,173.464252995102,0.0010529301636844066,173.97298201221028,0.0007373227278909957,173.91813259806273
holdout,2024-06-11,2024-06-12,170.66000366210938,177.2899932861328,0.03884911216309472,0.0,170.66000366210938,-0.0021874999288053823,170.2866849162486,0.0010529301636844066,170.8396967276997,-0.00015481828441850625,170.63358237312355
holdout,2024-06-12,2024-06-13,177.2899932861328,182.47000122070312,0.029217711832219218,0.0,177.2899932861328,-0.0014570768018761452,177.0316681497108,0.0010529301636844066,177.47666726778317,0.0014282267606449653,177.54320359893862
holdout,2024-06-13,2024-06-14,182.47000122070312,178.00999450683594,-0.024442410719736185,0.0,182.47000122070312,-0.0006551533668584146,182.35045538505273,0.0010529301636844066,182.66212938895592,0.0011535539559871738,182.68049021246026
holdout,2024-06-14,2024-06-17,178.00999450683594,187.44000244140625,0.052974598199923895,0.0,178.00999450683594,0.00035101789982493995,178.0724792012556,0.0010529301636844066,178.19742659948946,0.000600022890550149,178.11680457828672
holdout,2024-06-17,2024-06-18,187.44000244140625,184.86000061035156,-0.013764414198944475,0.0,187.44000244140625,0.002872398281518626,187.9784047823068,0.0010529301636844066,187.63736367385786,0.001779190405882143,187.77349389542852
holdout,2024-06-18,2024-06-20,184.86000061035156,181.57000732421875,-0.017797215597047833,0.0,184.86000061035156,0.0005198518435817643,184.95610042247338,0.0010529301636844066,185.0546452810529,0.0011266951381053675,185.06828147426938
holdout,2024-06-20,2024-06-21,181.57000732421875,183.00999450683594,0.00793075466503601,0.0,181.57000732421875,-4.613369148129308e-05,181.5616308295186,0.0010529301636844066,181.7611878617508,0.0005878881606021871,181.67675018184514
holdout,2024-06-21,2024-06-24,183.00999450683594,182.5800018310547,-0.0023495584322592578,0.0,183.00999450683594,0.0010573029439528538,183.2034915128008,0.0010529301636844066,183.20269125030788,5.9136301821477964e-05,183.02081704110742
holdout,2024-06-24,2024-06-25,182.5800018310547,187.35000610351562,0.026125557150967316,0.0,182.5800018310547,0.0003244344826452347,182.6392370794901,0.0010529301636844066,182.77224582226816,0.0012166108145627783,182.80213063580524
holdout,2024-06-25,2024-06-26,187.35000610351562,196.3699951171875,0.04814512260377568,0.0,187.35000610351562,0.0006202513005071856,187.46621018845136,0.0010529301636844066,187.54727257610847,0.00166688252986873,187.66229655566036
holdout,2024-06-26,2024-06-27,196.3699951171875,197.4199981689453,0.0053470646120412635,0.0,196.3699951171875,0.005593215435819811,197.46833480500882,0.0010529301636844066,196.57675900828895,0.0010943597313523498,196.5848945322896
holdout,2024-06-27,2024-06-28,197.4199981689453,197.8800048828125,0.002330091774560339,0.0,197.4199981689453,0.004677315529674099,198.34339379224917,0.0010529301636844066,197.6278676399319,0.002446747919478221,197.9030351387286
holdout,2024-06-28,2024-07-01,197.8800048828125,209.86000061035156,0.060541719385108106,0.0,197.8800048828125,0.003657074037783632,198.60366671126596,0.0010529301636844066,198.0883587087436,-0.0008639378992655679,197.7090488470874
holdout,2024-07-01,2024-07-02,209.86000061035156,231.25999450683594,0.10197271435359379,0.0,209.86000061035156,0.003849250551525213,210.66780433344405,0.02127390084019812,214.3245414536601,0.005281611588696513,210.96839962157904
holdout,2024-07-02,2024-07-03,231.25999450683594,246.38999938964844,0.06542422054051067,0.0,231.25999450683594,0.003155954946631701,231.98984063045782,0.0005738944850733278,231.39271334230148,0.010710276815458122,233.73685306434547
holdout,2024-07-03,2024-07-05,246.38999938964844,251.52000427246094,0.02082067005771515,0.0,246.38999938964844,0.004663399242615241,247.5390143261901,0.0005738944850733278,246.53140125147536,0.0034857125538412448,247.24884410366187
holdout,2024-07-05,2024-07-08,251.52000427246094,252.94000244140625,0.005645666924397386,0.0,251.52000427246094,0.008566972306588289,253.67476918361606,0.0005738944850733278,251.66435021579852,0.007963354392449981,253.52294720327308
holdout,2024-07-08,2024-07-09,252.94000244140625,262.3299865722656,0.03712336538398886,0.0,252.94000244140625,0.00795035134188303,254.9509643292322,0.02127390084019812,258.3210229718642,0.029284392558945403,260.347196766761
holdout,2024-07-09,2024-07-10,262.3299865722656,263.260009765625,0.003545241645880992,0.0,262.3299865722656,0.003741164415372821,263.311406183115,0.0005738944850733278,262.4805363048288,0.011536155822810841,265.3562661743592
holdout,2024-07-10,2024-07-11,263.260009765625,241.02999877929688,-0.08444127539962887,0.0,263.260009765625,0.00048648957284142414,263.3880830153221,0.0005738944850733278,263.41109323336985,0.008579768067029394,265.518719590738
holdout,2024-07-11,2024-07-12,241.02999877929688,248.22999572753906,0.029871787680814776,0.0,241.02999877929688,0.011391878584437291,243.7757832605977,0.0005738944850733278,241.16832456633352,0.012779717114951966,244.1102939799135
holdout,2024-07-12,2024-07-15,248.22999572753906,252.63999938964844,0.01776579679334911,0.0,248.22999572753906,0.007479713391791766,250.08668495082676,0.0005738944850733278,248.37245355311686,0.009683999686112055,250.63385492824813
holdout,2024-07-15,2024-07-16,252.63999938964844,256.55999755859375,0.015516142251486675,0.0,252.63999938964844,0.0036028333287429033,253.5502191996231,0.0005738944850733278,252.78498809200707,0.009469759254294986,255.03243936187363
holdout,2024-07-16,2024-07-17,256.55999755859375,248.5,-0.031415644041518975,0.0,256.55999755859375,0.001680138822031019,256.99105397067217,0.0005738944850733278,256.70723592628303,0.004318225374155882,257.6678814500446
holdout,2024-07-17,2024-07-18,248.5,249.22999572753906,0.002937608561525362,0.0,248.5,0.007803798678627547,250.43924397163892,0.0010529301636844066,248.76165314567555,0.0013541542599557093,248.836507333599
holdout,2024-07-18,2024-07-19,249.22999572753906,239.1999969482422,-0.040243947162209914,0.0,249.22999572753906,0.0060833152117639195,250.74614035177623,0.0010529301636844066,249.49241750773552,0.003607253530825764,250.12903150961492
holdout,2024-07-19,2024-07-22,239.1999969482422,251.50999450683594,0.05146320115237035,0.0,239.1999969482422,0.002174642982219207,239.72017154295253,0.0010529301636844066,239.45185784018219,-0.0007866344188161297,239.011833997662
holdout,2024-07-22,2024-07-23,251.50999450683594,246.3800048828125,-0.020396762498772203,0.0,251.50999450683594,-0.0023443302606021704,250.92037201586967,0.0010529301636844066,251.77481696652026,0.003352519612331911,252.35318669611758
holdout,2024-07-23,2024-07-24,246.3800048828125,215.99000549316406,-0.12334604589403697,0.0,246.3800048828125,-0.0011964298785542126,246.0852284834924,0.0010529301636844066,246.63942582168232,-0.0017109385859015048,245.9584638256639
holdout,2024-07-24,2024-07-25,215.99000549316406,220.25,0.01972310939623889,0.0,215.99000549316406,0.009864140564919872,218.12056126796642,0.02650752241996563,221.7153654062626,0.03438420064291408,223.41664917890512
holdout,2024-07-25,2024-07-26,220.25,219.8000030517578,-0.0020431189477511102,0.0,220.25,0.0038140873652226844,221.09005274219027,0.0010529301636844066,220.48190786855147,0.007591941218310868,221.922125053333
holdout,2024-07-26,2024-07-29,219.8000030517578,232.10000610351562,0.055959976710561854,0.0,219.8000030517578,-0.001142176866539086,219.5489525730069,0.0010529301636844066,220.0314371049489,0.0061787024774690195,221.15808187516143
holdout,2024-07-29,2024-07-30,232.10000610351562,222.6199951171875,-0.04084450985365373,0.0,232.10000610351562,-0.004870369938331456,230.9695932111025,0.0010529301636844066,232.34439120093333,-0.0018073793815296857,231.68051333803123
holdout,2024-07-30,2024-07-31,222.6199951171875,232.07000732421875,0.04244907202543402,0.0,222.6199951171875,0.0011410157941717522,222.87400804771465,0.0010529301636844066,222.85439842508566,0.0018990065373431578,223.04275194325834
holdout,2024-07-31,2024-08-01,232.07000732421875,216.86000061035156,-0.06554059651757449,0.0,232.07000732421875,-0.0014231224326942153,231.73974329084012,0.0010529301636844066,232.31436083501686,0.003952975677353771,232.9873744186147
holdout,2024-08-01,2024-08-02,216.86000061035156,207.6699981689453,-0.042377581921705376,0.0,216.86000061035156,-0.005394808607852287,215.69008241236,0.0010529301636844066,217.0883390462908,-0.00747725870550096,215.23848228291286
holdout,2024-08-02,2024-08-05,207.6699981689453,198.8800048828125,-0.04232673647438423,0.0,207.6699981689453,-0.0036572289176529434,206.9105014463129,0.0010529301636844066,207.88866017410967,-0.002067758219831127,207.24058682321916
holdout,2024-08-05,2024-08-06,198.8800048828125,200.63999938964844,0.008849529684359148,0.0,198.8800048828125,-0.0019152694931562873,198.4990960766617,0.0010529301636844066,199.0894116389073,-0.008183470075677303,197.25247631420345
holdout,2024-08-06,2024-08-07,200.63999938964844,191.75999450683594,-0.044258397676563366,0.0,200.63999938964844,-0.0013236750173476423,200.3744172349757,0.0010529301636844066,200.85125929704742,-0.01057734325728011,198.51776124496365
holdout,2024-08-07,2024-08-08,191.75999450683594,198.83999633789062,0.036921162045623124,0.0,191.75999450683594,0.0020005807210005493,192.1436258549055,0.0010529301636844066,191.96190438924012,0.004431994956849741,192.60987383541575
holdout,2024-08-08,2024-08-09,198.83999633789062,200.0,0.005833854775063374,0.0,198.83999633789062,0.0026151543078982405,199.35999361089614,0.0010529301636844066,199.04936096778167,0.0035333294984515105,199.54256356242325
holdout,2024-08-09,2024-08-12,200.0,197.49000549316406,-0.012549972534179665,0.0,200.0,0.0004028871588495093,200.0805774317699,0.0010529301636844066,200.21058603273687,0.003333592518454605,200.6667185036909
holdout,2024-08-12,2024-08-13,197.49000549316406,207.8300018310547,0.05235706137163754,0.0,197.49000549316406,0.0011677661175156524,197.72062763012696,0.0010529301636844066,197.697948676974,0.004750462407415453,198.42817434009962
holdout,2024-08-13,2024-08-14,207.8300018310547,201.3800048828125,-0.0310349655555765,0.0,207.8300018310547,-0.00476498688179834,206.83969459868558,0.0010529301636844066,208.04883230890118,0.0019764861723312564,208.24077495586934
holdout,2024-08-14,2024-08-15,201.3800048828125,214.13999938964844,0.06336276788880446,0.0,201.3800048828125,-0.0012077519658643685,201.1367877860295,0.0010529301636844066,201.5920439643165,0.00414101997915355,202.21392350643427
holdout,2024-08-15,2024-08-16,214.13999938964844,216.1199951171875,0.009246267550119258,0.0,214.13999938964844,-0.005101036057343948,213.04766353144223,0.0010529301636844066,214.36547385425715,-0.002864033349900331,213.52669528984885
holdout,2024-08-16,2024-08-19,216.1199951171875,222.72000122070312,0.030538618603692225,0.0,216.1199951171875,-0.0010404468708998926,215.89513374452892,0.0010529301636844066,216.3475543790217,0.0006920942184560142,216.26957051630086
holdout,2024-08-19,2024-08-20,222.72000122070312,221.10000610351562,-0.007273684933137958,0.0,222.72000122070312,-0.0007450698148262543,222.55405927063552,0.0010529301636844066,222.95450982804422,-0.00012258097414276025,222.69269998599242
holdout,2024-08-20,2024-08-21,221.10000610351562,223.27000427246094,0.009814554993405888,0.0,221.10000610351562,-0.0009203440190850669,220.8965180352786,0.0010529301636844066,221.3328089691328,0.0005448703694439787,221.22047694552532
holdout,2024-08-21,2024-08-22,223.27000427246094,210.66000366210938,-0.056478704568676985,0.0,223.27000427246094,0.00025515237547531775,223.32697214442342,0.0010529301636844066,223.50509199460535,0.0016200734702374175,223.63171808308255
holdout,2024-08-22,2024-08-23,210.66000366210938,220.32000732421875,0.04585589810206048,0.0,210.66000366210938,-0.0007312309894878257,210.50596253918602,0.0010529301636844066,210.88181393424708,0.0022419736059659016,211.13229783015254
holdout,2024-08-23,2024-08-26,220.32000732421875,213.2100067138672,-0.0322712435275504,0.0,220.32000732421875,-0.0008920750062441068,220.1234653523093,0.0010529301636844066,220.5519889055936,-0.00118619837523661,220.05866408949865
holdout,2024-08-26,2024-08-27,213.2100067138672,209.2100067138672,-0.018760845523390857,0.0,213.2100067138672,0.001373239406445136,213.5027950969351,0.0010529301636844066,213.43450196113557,0.0037854486219527947,214.01710223996875
holdout,2024-08-27,2024-08-28,209.2100067138672,205.75,-0.01653843794670573,0.0,209.2100067138672,0.0038204108817650236,210.009274900091,0.0010529301636844066,209.43029024048082,-0.0009817228863819997,209.00462046221605
holdout,2024-08-28,2024-08-29,205.75,206.27999877929688,0.002575935743848623,0.0,205.75,0.003209057420710916,206.41026356431126,0.0010529301636844066,205.96664038117805,0.0001269209572179947,205.7761139869476
holdout,2024-08-29,2024-08-30,206.27999877929688,214.11000061035156,0.03795812428442069,0.0,206.27999877929688,0.0038225323823886607,207.06851075446983,0.0010529301636844066,206.49719721217636,0.0011254452476058218,206.51215562359914
holdout,2024-08-30,2024-09-03,214.11000061035156,210.60000610351562,-0.016393416920415627,0.0,214.11000061035156,0.001158437326744242,214.3580336270878,0.0010529301636844066,214.33544348834067,-0.00015128431782028597,214.07760912497073
holdout,2024-09-03,2024-09-04,210.60000610351562,219.41000366210938,0.04183284569452206,0.0,210.60000610351562,0.004652958165022573,211.57991912146878,0.0010529301636844066,210.82175320241413,0.0004146527285519631,210.6873319706795
holdout,2024-09-04,2024-09-05,219.41000366210938,230.1699981689453,0.04904058305110959,0.0,219.41000366210938,0.0010288253826768274,219.63573824309017,0.0010529301636844066,219.64102707317932,0.005303098285058163,220.5735564762545
holdout,2024-09-05,2024-09-06,230.1699981689453,210.72999572753906,-0.0844593239607937,0.0,230.1699981689453,0.002317300646396716,230.70337125448336,0.0010529301636844066,230.41235110279257,0.0013884368451694438,230.48957467505568
holdout,2024-09-06,2024-09-09,210.72999572753906,216.27000427246094,0.026289605928169646,0.0,210.72999572753906,0.0018871414442127579,211.12767303601527,0.0010529301636844066,210.95187969643365,-0.005857621490574833,209.4956191758567
holdout,2024-09-09,2024-09-10,216.27000427246094,226.1699981689453,0.04577608406578748,0.0,216.27000427246094,-0.0002415757535655116,216.2177586832052,0.0010529301636844066,216.49772148345954,0.00010347457872938132,216.29238272004483
holdout,2024-09-10,2024-09-11,226.1699981689453,228.1300048828125,0.008666077418469476,0.0,226.1699981689453,-0.0012512241021929715,225.8870088160434,0.0010529301636844066,226.40813938213782,0.0023292351081866673,226.69680126909896
holdout,2024-09-11,2024-09-12,228.1300048828125,229.80999755859375,0.007364189890953776,0.0,228.1300048828125,-0.0020752159414765357,227.65658585995058,0.0010529301636844066,228.37020984619508,0.00043882799544598967,228.23011471555628
holdout,2024-09-12,2024-09-13,229.80999755859375,230.2899932861328,0.0020886633855721204,0.0,229.80999755859375,0.00018821927889456705,229.85325223061702,0.0010529301636844066,230.05197143693943,0.00036837169644467633,229.89465305725435
holdout,2024-09-13,2024-09-16,230.2899932861328,226.77999877929688,-0.015241628421408637,0.0,230.2899932861328,0.004720727268881551,231.37712953718923,0.0010529301636844066,230.53247256645844,0.0042061481190519,231.25862710822975
holdout,2024-09-16,2024-09-17,226.77999877929688,227.8699951171875,0.004806404196833203,0.0,226.77999877929688,-0.0013827190187801486,226.46642576190578,0.0010529301636844066,227.0187822805319,-0.000811246939384103,226.59602419937366
holdout,2024-09-17,2024-09-18,227.8699951171875,227.1999969482422,-0.0029402649901351108,0.0,227.8699951171875,-0.0002564032538587466,227.81156850898267,0.0010529301636844066,228.10992630844498,0.0003693827334384317,227.95416635885246
holdout,2024-09-18,2024-09-19,227.1999969482422,243.9199981689453,0.07359155565707187,0.0,227.1999969482422,-5.784693423252019e-05,227.1868541249611,0.0010529301636844066,227.439222678218,-0.002512651665832551,226.62912249743303
holdout,2024-09-19,2024-09-20,243.9199981689453,238.25,-0.02324531900421767,0.0,243.9199981689453,0.0023261208693221595,244.48738556713113,0.0010529301636844066,244.17682889254323,0.002945756344630486,244.63852705113374
holdout,2024-09-20,2024-09-23,238.25,250.0,0.04931794333683115,0.0,238.25,0.004275607855447099,239.26866357156027,0.0010529301636844066,238.50086061149779,-0.001059489964636098,237.99757651592543
holdout,2024-09-23,2024-09-24,250.0,254.27000427246094,0.017080017089843746,0.0,250.0,0.004629483553237745,251.15737088830943,0.0010529301636844066,250.26323254092108,0.010326667519487388,252.58166687987182
holdout,2024-09-24,2024-09-25,254.27000427246094,257.0199890136719,0.010815214909361437,0.0,254.27000427246094,0.003187297992426055,255.08043854661273,0.0010529301636844066,254.53773282967956,0.0028491229894043054,254.99445078714953
holdout,2024-09-25,2024-09-26,257.0199890136719,254.22000122070312,-0.01089404681602335,0.0,257.0199890136719,0.0030759658067715644,257.81057371153474,0.0010529301636844066,257.29061311277417,0.008492371879696505,259.2026983408915
holdout,2024-09-26,2024-09-27,254.22000122070312,260.4599914550781,0.024545630573566513,0.0,254.22000122070312,-0.00152195384825756,253.83309011154122,0.0010529301636844066,254.4876771282003,0.0004762458704732364,254.34107244647618
holdout,2024-09-27,2024-09-30,260.4599914550781,261.6300048828125,0.004492104223754234,0.0,260.4599914550781,0.000622488756629039,260.62212487131063,0.0010529301636844066,260.73423763651414,0.00514847274360976,261.80096262188545
holdout,2024-09-30,2024-10-01,261.6300048828125,258.0199890136719,-0.013798172234708361,0.0,261.6300048828125,-0.0016128334328268414,261.20803926390687,0.0010529301636844066,261.9054830066785,0.006190097873738953,263.24952021974394
holdout,2024-10-01,2024-10-02,258.0199890136719,249.02000427246094,-0.03488095932262847,0.0,258.0199890136719,0.0010877864199305607,258.30065965379157,0.0010529301636844066,258.2916660429379,-0.0007407571472585784,257.8288588626744
holdout,2024-10-02,2024-10-03,249.02000427246094,240.66000366210938,-0.03357160254966751,0.0,249.02000427246094,0.002812130645042136,249.72028105770406,0.0010529301636844066,249.2822049463202,0.004217302331276609,250.0701969170137
holdout,2024-10-03,2024-10-04,240.66000366210938,250.0800018310547,0.03914235030998814,0.0,240.66000366210938,0.004313950409394737,241.69819898343246,0.0010529301636844066,240.9134018391576,-0.0008158313378172486,240.4636656893626
holdout,2024-10-04,2024-10-07,250.0800018310547,240.8300018310547,-0.03698816351676526,0.0,250.0800018310547,-0.001164782158223974,249.78871310679324,0.0010529301636844066,250.34331860831685,0.0009563249322945035,250.319159571874
holdout,2024-10-07,2024-10-08,240.8300018310547,244.5,0.015238957526229946,0.0,240.8300018310547,0.0024194616347458214,241.41268078098065,0.0010529301636844066,241.08357900430275,0.001276308941371933,241.13737531574228
holdout,2024-10-08,2024-10-09,244.5,241.0500030517578,-0.014110416966225725,0.0,244.5,0.0017792210368247907,244.93501954350367,0.0010529301636844066,244.75744142502083,0.002321035940724557,245.06749328750718
holdout,2024-10-09,2024-10-10,241.0500030517578,238.77000427246094,-0.009458613360014412,0.0,241.0500030517578,0.002232835162125799,241.5882279744023,0.0010529301636844066,241.3038118709272,0.00024080074773533665,241.10804807273425
holdout,2024-10-10,2024-10-11,238.77000427246094,217.8000030517578,-0.08782510719719305,0.0,238.77000427246094,-0.0006200474702824144,238.62195553533246,0.0010529301636844066,239.02141241214244,6.15510753199603e-05,238.78470082297804
holdout,2024-10-11,2024-10-14,217.8000030517578,219.16000366210938,0.00624426350457119,0.0,217.8000030517578,0.0015809526065958136,218.14433453429905,0.0010529301636844066,218.02933124462155,-9.085169583414314e-05,217.78021555212788
holdout,2024-10-14,2024-10-15,219.16000366210938,219.57000732421875,0.0018707960177875016,0.0,219.16000366210938,0.0009878127987912565,219.37649271870993,0.0010529301636844066,219.39076384063839,-0.00896256514704949,217.19576785166012
holdout,2024-10-15,2024-10-16,219.57000732421875,221.3300018310547,0.008015641700267029,0.0,219.57000732421875,-0.001962656641184373,219.139066791139,0.0010529301636844066,219.80119920797083,-0.003017208029104325,218.90751893516963
holdout,2024-10-16,2024-10-17,221.3300018310547,220.88999938964844,-0.001987992760882462,0.0,221.3300018310547,-0.0013392560005968477,221.03358429799033,0.0010529301636844066,221.5630468661109,-0.0024909196472967183,220.7786865809575
holdout,2024-10-17,2024-10-18,220.88999938964844,220.6999969482422,-0.0008601676940163117,0.0,220.88999938964844,0.00019425094945998457,220.93290748175608,0.0010529301636844066,221.12258113286202,-0.0003566761806127444,220.81121318833058
holdout,2024-10-18,2024-10-21,220.6999969482422,218.85000610351562,-0.008382378207102636,0.0,220.6999969482422,0.001692802441305423,221.07359844187226,0.0010529301636844066,220.93237863215404,0.0010274491435826375,220.92675497109536
holdout,2024-10-21,2024-10-22,218.85000610351562,217.97000122070312,-0.004021041161846095,0.0,218.85000610351562,-0.002417202939803983,218.32100122538608,0.0010529301636844066,219.08043987626453,-0.00010689309949626781,218.82661254803844
holdout,2024-10-22,2024-10-23,217.97000122070312,213.64999389648438,-0.019819274670942355,0.0,217.97000122070312,-0.0020774308088154884,217.51718362476967,0.0010529301636844066,218.1995084097667,0.0031572311633327227,218.6581829012288
holdout,2024-10-23,2024-10-24,213.64999389648438,260.4800109863281,0.21919035070290427,0.0,213.64999389648438,-0.002403800619243713,213.1364219088546,0.0010529301636844066,213.87495241952897,-0.0016401843152817398,213.2995685275353
holdout,2024-10-24,2024-10-25,260.4800109863281,269.19000244140625,0.03343823359841336,0.0,260.4800109863281,-0.008984531065675356,258.139720235634,0.0010529301636844066,260.7542782469325,0.0046105314461933255,261.68096226808535
holdout,2024-10-25,2024-10-28,269.19000244140625,262.510009765625,-0.024815158866218545,0.0,269.19000244140625,-0.004183415125249402,268.06386891362695,0.02127390084019812,274.91672386051744,0.0015246727784316045,269.60042911035464
holdout,2024-10-28,2024-10-29,262.510009765625,259.5199890136719,-0.01139012091242797,0.0,262.510009765625,0.0022954085468788773,263.11257748568227,0.0010529301636844066,262.7864144731763,0.006174087394264246,264.13076950778714
holdout,2024-10-29,2024-10-30,259.5199890136719,257.54998779296875,-0.007590942139718337,0.0,259.5199890136719,0.0017629322677697001,259.97750517643533,0.0010529301636844066,259.7932454381834,0.005568978511582982,260.96525025581525
holdout,2024-10-30,2024-10-31,257.54998779296875,249.85000610351562,-0.029897037679701755,0.0,257.54998779296875,0.0005869219595011519,257.7011495364737,0.0010529301636844066,257.82116994377253,0.00015307834351725898,257.589413118473
holdout,2024-10-31,2024-11-01,249.85000610351562,248.97999572753906,-0.003482130697311625,0.0,249.85000610351562,-0.0004546952187485364,249.73640050033606,0.0010529301636844066,250.11308071133874,0.0008851565559598258,250.07116247442474
holdout,2024-11-01,2024-11-04,248.97999572753906,242.83999633789062,-0.024660613282231236,0.0,248.97999572753906,0.009506779654278097,251.34699368524386,0.0010529301636844066,249.2421542751946,0.0016565811743934216,249.39245130126184
holdout,2024-11-04,2024-11-05,242.83999633789062,251.44000244140625,0.03541429020427711,0.0,242.83999633789062,0.009806480827196058,245.2214021060545,0.0010529301636844066,243.0956898949838,-6.377033671571978e-05,242.82451034955614
holdout,2024-11-05,2024-11-06,251.44000244140625,288.5299987792969,0.14751032444224466,0.0,251.44000244140625,0.007477375565394229,253.3201137718243,0.0010529301636844066,251.70475120433366,0.001700628566778976,251.86760849238905
holdout,2024-11-06,2024-11-07,288.5299987792969,296.9100036621094,0.02904379065700735,0.0,288.5299987792969,0.005829170935521113,290.2118894622071,0.03882602850477181,299.73247273638367,0.01729292202797304,293.5195255509184
holdout,2024-11-07,2024-11-08,296.9100036621094,321.2200012207031,0.08187665372925301,0.0,296.9100036621094,0.010118130095057028,299.9141777056864,0.02127390084019812,303.2264376384799,0.010540030458947344,300.03944414427417
holdout,2024-11-08,2024-11-11,321.2200012207031,350.0,0.08959591143118995,0.0,321.2200012207031,0.009501665221284183,324.27212613468276,0.02127390084019812,328.0536036745607,0.01994021664142701,327.6251976346034
holdout,2024-11-11,2024-11-12,350.0,328.489990234375,-0.06145717075892854,0.0,350.0,0.014338121659483224,355.0183425808191,0.02127390084019812,357.44586529406934,0.005121795875702745,351.79262855649597
holdout,2024-11-12,2024-11-13,328.489990234375,330.239990234375,0.005327407385385952,0.0,328.489990234375,0.013126800791759067,332.8020128982685,0.0005738944850733278,328.67850882817226,0.011404777905694627,332.23634561724185
holdout,2024-11-13,2024-11-14,330.239990234375,311.17999267578125,-0.05771559508909463,0.0,330.239990234375,0.006611755395981727,332.42345627177605,0.0005738944850733278,330.42951314352115,0.012858358386267182,334.486334382286
holdout,2024-11-14,2024-11-15,311.17999267578125,320.7200012207031,0.030657525449785616,0.0,311.17999267578125,0.012125766360888234,314.9532885631507,0.0005738944850733278,311.35857715744305,0.0023931406734149898,311.92469017300664
holdout,2024-11-15,2024-11-18,320.7200012207031,338.739990234375,0.056186046847983784,0.0,320.7200012207031,0.004151370995035472,322.05142893129846,0.0005738944850733278,320.9040606606564,0.0070517334142604915,322.9816331699329
holdout,2024-11-18,2024-11-19,338.739990234375,346.0,0.021432396454288627,0.0,338.739990234375,0.001379540351366046,339.20729571952467,0.0005738944850733278,338.9343912466443,0.0008921561336076174,339.0421991943608
holdout,2024-11-19,2024-11-20,346.0,342.0299987792969,-0.011473991967350106,0.0,346.0,0.0019967091989135074,346.69086138282404,0.03882602850477181,359.43380586265107,0.033005624219106994,357.419945979811
holdout,2024-11-20,2024-11-21,342.0299987792969,339.6400146484375,-0.006987644766217049,0.0,342.0299987792969,0.0013579369490962232,342.4944539523386,0.0005738944850733278,342.22628790932595,0.007808647965583318,344.70079063343326
holdout,2024-11-21,2024-11-22,339.6400146484375,352.55999755859375,0.038040225983177356,0.0,339.6400146484375,0.005967218767869764,341.6667209181672,0.02127390084019812,346.8654826414318,0.005367754333030707,341.46311880873725
holdout,2024-11-22,2024-11-25,352.55999755859375,338.5899963378906,-0.039624464821427674,0.0,352.55999755859375,-0.0017998914315142545,351.92542783989336,0.0005738944850733278,352.76232979685005,9.48892843411288e-06,352.5633429751793
holdout,2024-11-25,2024-11-26,338.5899963378906,338.2300109863281,-0.001063189566898104,0.0,338.5899963378906,0.0010408634649872414,338.94242229468887,0.0010529301636844066,338.9465079581566,0.00031763664406485916,338.69754492804134
holdout,2024-11-26,2024-11-27,338.2300109863281,332.8900146484375,-0.015788061864523528,0.0,338.2300109863281,0.0018808854654031606,338.86618289795547,0.0010529301636844066,338.5861435671589,-0.0004246514842217472,338.08638111015443
holdout,2024-11-27,2024-11-29,332.8900146484375,345.1600036621094,0.03685898787510977,0.0,332.8900146484375,0.001319154491046518,333.3291480062855,0.0010529301636844066,333.2405245860502,0.00489570255177737,334.51974514261303
holdout,2024-11-29,2024-12-02,345.1600036621094,357.0899963378906,0.034563659025395044,0.0,345.1600036621094,-0.004317171844381714,343.6698886124926,0.0010529301636844066,345.5234330412626,0.0012413089060035363,345.58845384865134
holdout,2024-12-02,2024-12-03,357.0899963378906,351.4200134277344,-0.01587830229999254,0.0,357.0899963378906,-0.006628975944092277,354.72285534229076,0.0010529301636844066,357.46598716618473,0.0010854348321888022,357.4775942581419
holdout,2024-12-03,2024-12-04,351.4200134277344,357.92999267578125,0.018524782309774723,0.0,351.4200134277344,-0.005348368034614183,349.5404898611938,0.0010529301636844066,351.7900341599948,-0.00020251760383661863,351.3488446886748
holdout,2024-12-04,2024-12-05,357.92999267578125,369.489990234375,0.03229681165351517,0.0,357.92999267578125,-0.006358447001110271,355.6541137872445,0.0010529301636844066,358.3068679615569,0.0007525920583296659,358.199367945707
holdout,2024-12-05,2024-12-06,369.489990234375,389.2200012207031,0.053397958017247005,0.0,369.489990234375,-0.005313197739434008,367.5268168535182,0.0010529301636844066,369.87903739027223,-0.002477263875531128,368.57466602919703
holdout,2024-12-06,2024-12-09,389.2200012207031,389.7900085449219,0.0014644862094215227,0.0,389.2200012207031,-0.004812751950145201,387.3467819007927,0.0010529301636844066,389.62982270029767,-0.008133376071046531,386.05432857640193
holdout,2024-12-09,2024-12-10,389.7900085449219,400.989990234375,0.02873337295448497,0.0,389.7900085449219,-0.002211963021084541,388.9278074600323,0.0010529301636844066,390.2004302024216,-0.011536028860392615,385.29337975685496
holdout,2024-12-10,2024-12-11,400.989990234375,424.7699890136719,0.05930322291934931,0.0,400.989990234375,0.0014116492588600463,401.55604745689965,0.02127390084019812,409.5206115245331,-0.0026997736489347145,399.90740802525363
holdout,2024-12-11,2024-12-12,424.7699890136719,418.1000061035156,-0.015702575706076027,0.0,424.7699890136719,-0.0013337804697038033,424.2034390982092,0.0005738944850733278,425.01376216779147,0.00017952989606668265,424.84624792565177
holdout,2024-12-12,2024-12-13,418.1000061035156,436.2300109863281,0.04336284290396253,0.0,418.1000061035156,-0.00048745445994449483,417.89620139083763,0.0005738944850733278,418.33995139122754,-0.008065696535972652,414.72773833259635
holdout,2024-12-13,2024-12-16,436.2300109863281,463.0199890136719,0.06141250567967771,0.0,436.2300109863281,-0.0029776855088415365,434.93105520409233,0.0005738944850733278,436.48036098385666,-0.0036614733477212656,434.63276642762554
holdout,2024-12-16,2024-12-17,463.0199890136719,479.8599853515625,0.036369912179738284,0.0,463.0199890136719,-0.0015567035996393308,462.2992041300693,0.02127390084019812,472.87023034697836,-0.0001878710147892269,462.93300097846816
holdout,2024-12-17,2024-12-18,479.8599853515625,440.1300048828125,-0.0827949436951747,0.0,479.8599853515625,-0.000680793457486473,479.53329981302556,0.0005738944850733278,480.13537435076313,-0.0013023829322352488,479.23502389677793
holdout,2024-12-18,2024-12-19,440.1300048828125,436.1700134277344,-0.008997322180141931,0.0,440.1300048828125,0.007375615043170186,443.3762343677767,0.0005738944850733278,440.38259306533,-0.007224446837385275,436.9503090609985
holdout,2024-12-19,2024-12-20,436.1700134277344,421.05999755859375,-0.034642491239586515,0.0,436.1700134277344,0.006513927560058434,439.0111932990724,0.0010529301636844066,436.62926999136704,-0.01119919935131045,431.2852584962934
holdout,2024-12-20,2024-12-23,421.05999755859375,430.6000061035156,0.022657123925894362,0.0,421.05999755859375,0.00410184381303185,422.78711990449466,0.0010529301636844066,421.503344330744,-0.010487341635686405,416.64419751507546
holdout,2024-12-23,2024-12-24,430.6000061035156,462.2799987792969,0.07357174228224572,0.0,430.6000061035156,0.0036332379846670997,432.1644784018888,0.0010529301636844066,431.0533978384247,-0.01736247999230513,423.12372211285685
holdout,2024-12-24,2024-12-26,462.2799987792969,454.1300048828125,-0.017629994630971146,0.0,462.2799987792969,0.00014327155243732022,462.34623035238275,0.0005738944850733278,462.545298721156,-0.009078764270031278,458.0830676436293
holdout,2024-12-26,2024-12-27,454.1300048828125,431.6600036621094,-0.04947922616674816,0.0,454.1300048828125,0.004836361387020025,456.3263417031149,0.0010529301636844066,454.60817206318774,-0.011077298909019853,449.0994710751709
holdout,2024-12-27,2024-12-30,431.6600036621094,417.4100036621094,-0.03301209257078741,0.0,431.6600036621094,0.004092234279455858,433.4264575261655,0.0010529301636844066,432.1145115004213,-0.01197829822141051,426.48945140798946
holdout,2024-12-30,2024-12-31,417.4100036621094,403.8399963378906,-0.03251001941775111,0.0,417.4100036621094,0.003099416256458295,418.7037310130681,0.0010529301636844066,417.8495072455888,-0.012349057008697708,412.2553837308853
holdout,2024-12-31,2025-01-02,403.8399963378906,379.2799987792969,-0.06081615932376483,0.0,403.8399963378906,-0.0005989077025977743,403.5981334534668,0.0010529301636844066,404.265211651337,-0.009973218632452723,399.81241176188394
holdout,2025-01-02,2025-01-03,379.2799987792969,410.44000244140625,0.08215567328200035,0.0,379.2799987792969,0.006298604587339807,381.66893351949443,-0.06648071595723551,354.06519291218984,-0.0001375017034900895,379.227847133365
holdout,2025-01-03,2025-01-06,410.44000244140625,411.04998779296875,0.0014861742226248698,0.0,410.44000244140625,0.0015830465525939518,411.0897480723178,0.0010529301636844066,410.8721671003595,-0.012989276147085858,405.1086839078842
holdout,2025-01-06,2025-01-07,411.04998779296875,394.3599853515625,-0.040603340073111505,0.0,411.04998779296875,0.00013389430035160585,411.10502504349387,0.0010529301636844066,411.48279472389805,-0.01067453068225112,406.66222208633377
holdout,2025-01-07,2025-01-08,394.3599853515625,394.94000244140625,0.0014707807875757872,0.0,394.3599853515625,0.0016179279892779607,394.9980314097141,0.0010529301636844066,394.77521887548926,-0.01345317895914459,389.0545898943023
holdout,2025-01-08,2025-01-10,394.94000244140625,394.739990234375,-0.0005064369418008585,0.0,394.94000244140625,-0.0009463715259642319,394.56624246863146,0.0010529301636844066,395.3558466828224,-0.01312151588658876,389.7577909251219
holdout,2025-01-10,2025-01-13,394.739990234375,403.30999755859375,0.021710512074366584,0.0,394.739990234375,-0.005022115020583316,392.75756060019404,0.0010529301636844066,395.1556238769052,-0.0114340223265311,390.22652437286047
holdout,2025-01-13,2025-01-14,403.30999755859375,396.3599853515625,-0.017232432245921525,0.0,403.30999755859375,-0.00824887775223304,399.9831426924795,0.0010529301636844066,403.7346548203387,-0.014513033157265423,397.45674619136923
holdout,2025-01-14,2025-01-15,396.3599853515625,428.2200012207031,0.08038151439752794,0.0,396.3599853515625,-0.0037036951980003556,394.8919887771364,0.0010529301636844066,396.77732473581665,-0.011525834327828019,391.79160582622006
holdout,2025-01-15,2025-01-16,428.2200012207031,413.82000732421875,-0.03362756026209679,0.0,428.2200012207031,-0.006733799760661248,425.33645347897277,0.0010529301636844066,428.67088697668135,-0.010266844718883873,423.8235329626499
holdout,2025-01-16,2025-01-17,413.82000732421875,426.5,0.030641323404759335,0.0,413.82000732421875,-0.003649434680116518,412.3097982381637,0.0010529301636844066,414.2557308922665,-0.015708730330133404,407.31942042394877
holdout,2025-01-17,2025-01-21,426.5,424.07000732421875,-0.00569752092797482,0.0,426.5,-0.004498642293470676,424.58132906183477,0.0010529301636844066,426.9490747148114,-0.00694166019749575,423.53938192576805
holdout,2025-01-21,2025-01-22,424.07000732421875,415.1099853515625,-0.021128638710367298,0.0,424.07000732421875,-0.005500255222035591,421.7375140519251,0.0010529301636844066,424.5165234264443,-0.013125652933457672,418.5038115885922
holdout,2025-01-22,2025-01-23,415.1099853515625,412.3800048828125,-0.006576523247056931,0.0,415.1099853515625,-0.004073991695923232,413.4188307183454,0.0010529301636844066,415.5470671763857,-0.011698118233172553,410.2539796631494
holdout,2025-01-23,2025-01-24,412.3800048828125,406.5799865722656,-0.014064741844588391,0.0,412.3800048828125,-0.004562198604367285,410.4986454000672,0.0010529301636844066,412.81421222885393,-0.016765128316211988,405.466401185912
holdout,2025-01-24,2025-01-27,406.5799865722656,397.1499938964844,-0.023193450212053546,0.0,406.5799865722656,-0.0018698549921354031,405.8197409546711,0.0010529301636844066,407.00808690407797,-0.010916758060941487,402.1414512264354
holdout,2025-01-27,2025-01-28,397.1499938964844,398.0899963378906,0.0023668700890153715,0.0,397.1499938964844,-0.0011835968471155273,396.67992841587653,0.0010529301636844066,397.568165104565,-0.013157915335557616,391.9243279012772
holdout,2025-01-28,2025-01-29,398.0899963378906,389.1000061035156,-0.02258280870425211,0.0,398.0899963378906,-0.0009212044611732846,397.72327405731573,0.0010529301636844066,398.5091573028958,-0.016289812311615002,391.6051850144149
holdout,2025-01-29,2025-01-30,389.1000061035156,400.2799987792969,0.028732954254456988,0.0,389.1000061035156,-0.002716153017384055,388.0431509478734,0.0010529301636844066,389.50970123663177,-0.016340317598991162,382.7419884260148
holdout,2025-01-30,2025-01-31,400.2799987792969,404.6000061035156,0.010792463618949588,0.0,400.2799987792969,-0.0023770459300830413,399.3285148373049,0.0010529301636844066,400.7014656639311,-0.01712269371538911,393.4261269598027
holdout,2025-01-31,2025-02-03,404.6000061035156,383.67999267578125,-0.05170542044525339,0.0,404.6000061035156,-0.0021139239442527135,403.74471246276863,0.0010529301636844066,405.0260216541689,-0.016781691605836344,397.8101335773669
holdout,2025-02-03,2025-02-04,383.67999267578125,392.2099914550781,0.022232065633156273,0.0,383.67999267578125,-0.003909072750473806,382.18015967151035,0.0010529301636844066,384.0839809132718,-0.014465961202710424,378.1296927874772
holdout,2025-02-04,2025-02-05,392.2099914550781,378.1700134277344,-0.035797094243459227,0.0,392.2099914550781,-0.005447206803705128,390.0735425211429,0.0010529301636844066,392.6229611855796,-0.01716383533723381,385.4781637441253
holdout,2025-02-05,2025-02-06,378.1700134277344,374.32000732421875,-0.010180622383618276,0.0,378.1700134277344,-0.004066403686442512,376.63222149102984,0.0010529301636844066,378.56820004187335,-0.007567398636610608,375.30825018371434
holdout,2025-02-06,2025-02-07,374.32000732421875,361.6199951171875,-0.0339282217314959,0.0,374.32000732421875,-0.005483294839658752,372.26750035967683,0.0010529301636844066,374.714140150801,-0.010103995751373765,370.53787956056067
holdout,2025-02-07,2025-02-10,361.6199951171875,350.7300109863281,-0.030114441341470455,0.0,361.6199951171875,-0.001507837271699274,361.0747310103581,0.0010529301636844066,362.00075571783776,-0.0039820708745417505,360.17999866697943
holdout,2025-02-10,2025-02-11,350.7300109863281,328.5,-0.06338211812502892,0.0,350.7300109863281,-0.0009532171596856164,350.3956891214392,0.0010529301636844066,351.099305194205,-0.0034765891473084753,349.51066683649765
holdout,2025-02-11,2025-02-12,328.5,336.510009765625,0.0243835913717656,0.0,328.5,0.0010141476113333884,328.83314749032303,0.0010529301636844066,328.8458875587703,0.0051841748972871,330.2030014537588
holdout,2025-02-12,2025-02-13,336.510009765625,355.94000244140625,0.05773971683431944,0.0,336.510009765625,0.00023685181432058118,336.58971277197503,0.0010529301636844066,336.86433130528894,-3.116541071418145e-05,336.4995222929612
holdout,2025-02-13,2025-02-14,355.94000244140625,355.8399963378906,-0.0002809633725618932,0.0,355.94000244140625,-0.005392332469380503,354.02065560909006,0.0010529301636844066,356.31478240643867,0.00027785968653143927,356.0389038189086
holdout,2025-02-14,2025-02-18,355.8399963378906,354.1099853515625,-0.004861766535893763,0.0,355.8399963378906,-0.0032517018363801787,354.68291076834123,0.0010529301636844066,356.21467100348013,-0.0014395226731022375,355.3277565951656
holdout,2025-02-18,2025-02-19,354.1099853515625,360.55999755859375,0.018214714280444966,0.0,354.1099853515625,-0.002886686140354827,353.0877809646869,0.0010529301636844066,354.482838436401,-0.0013117444476066164,353.64548354443554
holdout,2025-02-19,2025-02-20,360.55999755859375,354.3999938964844,-0.01708454543992588,0.0,360.55999755859375,-0.004531844885887971,358.92599557760207,0.0010529301636844066,360.93964205584115,-0.0026791907184365196,359.5939885596953
holdout,2025-02-20,2025-02-21,354.3999938964844,337.79998779296875,-0.046839747148427646,0.0,354.3999938964844,-0.007144368918206061,351.86802959547794,0.0010529301636844066,354.77315234006755,-0.0052323244889578135,352.5456581295333
holdout,2025-02-21,2025-02-24,337.79998779296875,330.5299987792969,-0.021521578674915554,0.0,337.79998779296875,-0.0037580436456979534,336.5305206953265,0.0010529301636844066,338.15566758940815,-0.0015391021641986949,337.2800791006903
holdout,2025-02-24,2025-02-25,330.5299987792969,302.79998779296875,-0.0838955952220366,0.0,330.5299987792969,-0.0020333384926617014,329.8579194097995,0.0010529301636844066,330.87802378501414,-0.004614149341128368,329.0048840032062
holdout,2025-02-25,2025-02-26,302.79998779296875,290.79998779296875,-0.039630120487999076,0.0,302.79998779296875,0.0018483346374124129,303.35966349861457,0.005181990773056455,304.3690945357935,0.02143522622702847,309.29057403285253
holdout,2025-02-26,2025-02-27,290.79998779296875,281.95001220703125,-0.030433204805490277,0.0,290.79998779296875,0.0051941898391880525,292.310458134799,0.08277180892295147,314.870028817365,0.026922469991078675,298.629041737731
holdout,2025-02-27,2025-02-28,281.95001220703125,292.9800109863281,0.03912040539724382,0.0,281.95001220703125,0.008066681928033406,284.2244132751105,-0.06648071595723551,263.20577353135656,0.012217206986008696,285.3946538658722
holdout,2025-02-28,2025-03-03,292.9800109863281,284.6499938964844,-0.02843203214376444,0.0,292.9800109863281,0.004789505354503294,294.3832403177096,0.0010529301636844066,293.2884984772522,-0.005382007454237234,291.4031903832572
holdout,2025-03-03,2025-03-04,284.6499938964844,272.0400085449219,-0.04429996705409467,0.0,284.6499938964844,0.005668482262596368,286.26352733793476,0.0010529301636844066,284.9497104611506,-0.0012950005707124347,284.28137199193515
holdout,2025-03-04,2025-03-05,272.0400085449219,279.1000061035156,0.025952056083059283,0.0,272.0400085449219,0.00745226810943434,274.0673236250915,0.0010529301636844066,272.3264476756478,0.021806165036924407,277.9721578678988
holdout,2025-03-05,2025-03-06,279.1000061035156,263.45001220703125,-0.056073068986891905,0.0,279.1000061035156,0.0010801597250483363,279.40147868936936,0.0010529301636844066,279.3938789186265,-0.014754423862260226,274.98204631350495
holdout,2025-03-06,2025-03-07,263.45001220703125,262.6700134277344,-0.0029607088371812473,0.0,263.45001220703125,0.0026062535527132894,264.1366297373082,0.0010529301636844066,263.727406671507,0.01002694283769179,266.09161042002034
holdout,2025-03-07,2025-03-10,262.6700134277344,222.14999389648438,-0.1542620682219512,0.0,262.6700134277344,0.0015374421090397113,263.0738533671602,0.0010529301636844066,262.9465866079678,-0.011920190081986014,259.538936938838
holdout,2025-03-10,2025-03-11,222.14999389648438,230.5800018310547,0.037947369642955975,0.0,222.14999389648438,0.010912677684113114,224.5742451774044,-0.03355168863177632,214.69648647171852,0.04922387213368942,233.08507679054483
holdout,2025-03-11,2025-03-12,230.5800018310547,248.08999633789062,0.0759389121683911,0.0,230.5800018310547,0.006234292162026368,232.01750492919007,0.0677179727704571,246.194412116462,0.00502398069012241,231.7384313077823
holdout,2025-03-12,2025-03-13,248.08999633789062,240.67999267578125,-0.02986820819658198,0.0,248.08999633789062,0.00014256263069588326,248.1253647004179,0.0010529301636844066,248.35121777834314,0.010303588645655101,250.64621360725832
holdout,2025-03-13,2025-03-14,240.67999267578125,249.97999572753906,0.038640532386444715,0.0,240.67999267578125,0.003856645452291781,241.6082100749919,0.0010529301636844066,240.93341189986492,0.0066779974663830335,242.28725305707923
holdout,2025-03-14,2025-03-17,249.97999572753906,238.00999450683594,-0.04788383640805238,0.0,249.97999572753906,0.0012342527425704035,250.2885342228535,0.0010529301636844066,250.24320720535826,-0.0015709093911424317,249.58729980465293
holdout,2025-03-17,2025-03-18,238.00999450683594,225.30999755859375,-0.05335909096824687,0.0,238.00999450683594,0.0069638273527472,239.66745501680987,0.0010529301636844066,238.26060240931054,0.019784838267199532,242.7189837541307
holdout,2025-03-18,2025-03-19,225.30999755859375,235.86000061035156,0.046824389357219776,0.0,225.30999755859375,0.00010416686996835532,225.33346739581202,0.0010529301636844066,225.54723325120284,-0.006922448843529298,223.75030062655867
holdout,2025-03-19,2025-03-20,235.86000061035156,236.25999450683594,0.0016958954271570903,0.0,235.86000061035156,-0.0002347075129370893,235.80464249620698,0.0010529301636844066,236.1083447194008,0.02236736062341136,241.13556630064133
holdout,2025-03-20,2025-03-21,236.25999450683594,248.7100067138672,0.05269623506518384,0.0,236.25999450683594,0.0010833569563313472,236.51594841538773,0.0010529301636844066,236.50875978152408,0.005293680311248296,237.5106793880924
holdout,2025-03-21,2025-03-24,248.7100067138672,278.3900146484375,0.11933580126800525,0.0,248.7100067138672,-0.00035974534144160965,248.62053444758197,0.0010529301636844066,248.97188098194636,0.0045978793346877775,249.8535453140669
holdout,2025-03-24,2025-03-25,278.3900146484375,288.1400146484375,0.03502280788451673,0.0,278.3900146484375,-0.00017099289890226037,278.34241193280735,0.0010529301636844066,278.68313989212936,0.00047868679069773215,278.5232762711118
holdout,2025-03-25,2025-03-26,288.1400146484375,272.05999755859375,-0.05580626179068926,0.0,288.1400146484375,0.0031430488984832763,289.04565280408724,0.0010529301636844066,288.44340596122527,0.005440403130102788,289.7076124860387
holdout,2025-03-26,2025-03-27,272.05999755859375,273.1300048828125,0.0039329829222258805,0.0,272.05999755859375,0.002836996355054169,272.8318307800235,0.0010529301636844066,272.3464577363551,0.0035896466432840213,273.03659681560185
holdout,2025-03-27,2025-03-28,273.1300048828125,263.54998779296875,-0.03507493471452938,0.0,273.1300048828125,0.0031293340530741563,273.9847199080086,0.0010529301636844066,273.41759170356084,-0.0003195508463679971,273.0427259585837
holdout,2025-03-28,2025-03-31,263.54998779296875,259.1600036621094,-0.016657121359109794,0.0,263.54998779296875,-0.0015022609088202652,263.1540669487873,0.0010529301636844066,263.8274875247546,-0.0007776420056122435,263.3450402518823
holdout,2025-03-31,2025-04-01,259.1600036621094,268.4599914550781,0.035885119854736525,0.0,259.1600036621094,0.004310129297149756,260.27701678654284,0.0010529301636844066,259.43288104718573,-0.0006732789477603828,258.9855166875422
holdout,2025-04-01,2025-04-02,268.4599914550781,282.760009765625,0.05326685079977622,0.0,268.4599914550781,0.008755166184631645,270.81040329419216,0.0010529301636844066,268.74266107782364,0.0060217351374188995,270.0765864186144
holdout,2025-04-02,2025-04-03,282.760009765625,267.2799987792969,-0.05474611137253549,0.0,282.760009765625,0.009147427476543542,285.34653644822276,0.0010529301636844066,283.0577363089909,0.005524602367365036,284.3221463849723
holdout,2025-04-03,2025-04-04,267.2799987792969,239.42999267578125,-0.10419786826814681,0.0,267.2799987792969,0.011584128878483828,270.37620473179726,0.0010529301636844066,267.56142595216113,-0.0023678612578605083,266.6471168251864
holdout,2025-04-04,2025-04-07,239.42999267578125,233.2899932861328,-0.025644236634809525,0.0,239.42999267578125,0.014781444073865882,242.9691137221244,0.0010529301636844066,239.6820957371603,0.00769774500279231,241.27306370541987
holdout,2025-04-07,2025-04-08,233.2899932861328,221.86000061035156,-0.048994783337158565,0.0,233.2899932861328,0.007509911597077054,235.04198051219439,0.0010529301636844066,233.5356313569495,-0.00021415521751486934,233.24003301687657
holdout,2025-04-08,2025-04-09,221.86000061035156,272.20001220703125,0.22689989839624536,0.0,221.86000061035156,0.007918934424538017,223.6168954066129,0.08277180892295147,240.22375418851746,0.0377702105102044,230.23969953719862
holdout,2025-04-09,2025-04-10,272.20001220703125,252.39999389648438,-0.07274069589492627,0.0,272.20001220703125,0.0038657315318342744,273.2522643771856,0.0877351290341287,296.0815154011065,0.02033308823345671,277.7346790723848
holdout,2025-04-10,2025-04-11,252.39999389648438,252.30999755859375,-0.00035656236159631316,0.0,252.39999389648438,0.011615235369264612,255.33167923279302,-0.012245156866890827,249.30931637801962,0.012423701804316394,255.53573615606555
holdout,2025-04-11,2025-04-14,252.30999755859375,252.35000610351562,0.00015856900364230597,0.0,252.30999755859375,0.010959606488827288,255.07521584503291,-0.012245156866890827,249.22042205940392,0.024077407889737047,258.3849682844706
holdout,2025-04-14,2025-04-15,252.35000610351562,254.11000061035156,0.0069744183248166,0.0,252.35000610351562,0.002691207842557319,253.0291324190108,0.0877351290341287,274.48996645077074,0.019461787152083368,257.2611882101292
holdout,2025-04-15,2025-04-16,254.11000061035156,241.5500030517578,-0.049427403598542585,0.0,254.11000061035156,-0.0028185506356219973,253.39377870661335,0.0010529301636844066,254.37756069488805,0.008410476046748687,256.24718668372424
holdout,2025-04-16,2025-04-17,241.5500030517578,241.3699951171875,-0.0007452201709629014,0.0,241.5500030517578,0.0002521262331256213,241.61090414413874,0.0010529301636844066,241.80433833600907,-0.0011848794042992818,241.26379542803338
holdout,2025-04-17,2025-04-21,241.3699951171875,227.5,-0.05746362595919796,0.0,241.3699951171875,0.006206146156073395,242.86797258457548,0.0010529301636844066,241.62414086565474,0.0020888501921486466,241.87418087786693
holdout,2025-04-21,2025-04-22,227.5,237.97000122070312,0.04602198338770602,0.0,227.5,0.0018174245011493848,227.91346407401147,0.0010529301636844066,227.73954161223818,-0.0016720264031051656,227.11961399329357
holdout,2025-04-22,2025-04-23,237.97000122070312,250.74000549316406,0.0536622440095611,0.0,237.97000122070312,0.0005541480872035889,238.1018718416914,0.0010529301636844066,238.2205670130404,0.00394583358832502,238.90899124453355
holdout,2025-04-23,2025-04-24,250.74000549316406,259.510009765625,0.0349764859229853,0.0,250.74000549316406,-0.0018628407567676357,250.27291679157923,0.0010529301636844066,251.0040172081902,0.006425116397841867,252.35103921405317
holdout,2025-04-24,2025-04-25,259.510009765625,284.95001220703125,0.09803091011549903,0.0,259.510009765625,0.0013893506284110026,259.87056016077184,0.0010529301636844066,259.78325568268525,0.003225311734390722,260.3470104453139
holdout,2025-04-25,2025-04-28,284.95001220703125,285.8800048828125,0.0032637046356942534,0.0,284.95001220703125,8.259829346212583e-05,284.9735485917615,0.0010529301636844066,285.2500446700263,0.008723476198787066,287.4357668563634
holdout,2025-04-28,2025-04-29,285.8800048828125,292.0299987792969,0.021512501019458785,0.0,285.8800048828125,0.005410795378325877,287.4268430919882,0.0010529301636844066,286.18101656314786,0.003536012241208284,286.8908800795948
holdout,2025-04-29,2025-04-30,292.0299987792969,282.1600036621094,-0.03379788089732105,0.0,292.0299987792969,0.000141694562322805,292.071377842159,0.0005738944850733278,292.19759318507226,0.015654212328996855,296.6014983866247
holdout,2025-04-30,2025-05-01,282.1600036621094,280.5199890136719,-0.005812356915055328,0.0,282.1600036621094,0.003851341963135391,283.2466983245317,0.0010529301636844066,282.4570984409505,0.001972811996239617,282.71665230219304
holdout,2025-05-01,2025-05-02,280.5199890136719,287.2099914550781,0.023848576584252656,0.0,280.5199890136719,0.003096118207667584,281.3885120592718,0.0010529301636844066,280.81535697162076,0.008835892323339303,282.998633431141
holdout,2025-05-02,2025-05-05,287.2099914550781,280.260009765625,-0.024198258752220814,0.0,287.2099914550781,0.0026890803772129635,287.9823222072395,0.0010529301636844066,287.5124035183927,0.0055825727015361626,288.81336211298367
holdout,2025-05-05,2025-05-06,280.260009765625,275.3500061035156,-0.017519458684867262,0.0,280.260009765625,0.006706824147822922,282.1396643667902,0.0010529301636844066,280.5551039835817,0.001802016893415113,280.76504303777136
holdout,2025-05-06,2025-05-07,275.3500061035156,276.2200012207031,0.003159597232260225,0.0,275.3500061035156,0.006404486152411989,277.11348140467214,0.0010529301636844066,275.63993043051266,0.007361068620289647,277.3768763930408
holdout,2025-05-07,2025-05-08,276.2200012207031,284.82000732421875,0.031134624811778533,0.0,276.2200012207031,0.003927319149673814,277.3048053210201,0.0010529301636844066,276.51084159180135,0.0013494095874709228,276.59273513860154
holdout,2025-05-08,2025-05-09,284.82000732421875,298.260009765625,0.04718770485146129,0.0,284.82000732421875,0.0010244574399231234,285.111793299761,0.0010529301636844066,285.1199029011512,0.0005002415970320702,284.9624861395493
holdout,2025-05-09,2025-05-12,298.260009765625,318.3800048828125,0.06745790403815088,0.0,298.260009765625,-0.001009326407168127,297.95896806156634,0.0010529301636844066,298.574056726528,0.002173990130445795,298.9084240831622
holdout,2025-05-12,2025-05-13,318.3800048828125,334.07000732421875,0.049280740626853614,0.0,318.3800048828125,0.002500117289500522,319.17599223765126,0.02127390084019812,325.15318953619123,0.002184515545892669,319.0755109529804
holdout,2025-05-13,2025-05-14,334.07000732421875,347.67999267578125,0.04073991993646375,0.0,334.07000732421875,0.003879240586046346,335.36594525521167,0.02127390084019812,341.17697953371845,0.008182344471231054,336.80348320165217
holdout,2025-05-14,2025-05-15,347.67999267578125,342.82000732421875,-0.013978329078298546,0.0,347.67999267578125,0.00484878428611966,349.36581796086574,0.02127390084019812,355.0765023640866,0.011923087680462534,351.8254117131972
holdout,2025-05-15,2025-05-16,342.82000732421875,349.9800109863281,0.0208856061756566,0.0,342.82000732421875,0.0020956506823211467,343.53843830648105,0.0005738944850733278,343.0167498357949,0.011380526076217356,346.72147935702105
holdout,2025-05-16,2025-05-19,349.9800109863281,342.0899963378906,-0.022544186527114873,0.0,349.9800109863281,-0.002260732923990631,349.1887996527527,0.0005738944850733278,350.18086258451905,0.005249809944038733,351.81733952821895
holdout,2025-05-19,2025-05-20,342.0899963378906,343.82000732421875,0.005057180873010214,0.0,342.0899963378906,-0.0031124267677766987,341.02526627629993,0.0005738944850733278,342.28631990018766,0.0005416616995170053,342.2752933866948
holdout,2025-05-20,2025-05-21,343.82000732421875,334.6199951171875,-0.026758222357769146,0.0,343.82000732421875,-0.002778510112840556,342.8646999568715,0.0005738944850733278,344.01732373028,0.006553792205994994,346.0733322084854
holdout,2025-05-21,2025-05-22,334.6199951171875,341.0400085449219,0.019185982671137136,0.0,334.6199951171875,0.0014331732727348432,335.0995635507121,0.0010529301636844066,334.9723266034183,0.00909081708889877,337.66196428708605
holdout,2025-05-22,2025-05-23,341.0400085449219,339.3399963378906,-0.004984788190348977,0.0,341.0400085449219,0.0013215232754518508,341.49070085407425,0.0010529301636844066,341.399099856942,0.004119161371866266,342.44480737438107
holdout,2025-05-23,2025-05-27,339.3399963378906,362.8900146484375,0.06939947711644767,0.0,339.3399963378906,0.0009030221343202317,339.6464278656439,0.0010529301636844066,339.6972976557793,0.004445523230536848,340.848540174661
holdout,2025-05-27,2025-05-28,362.8900146484375,356.8999938964844,-0.016506435862546853,0.0,362.8900146484375,-0.0002526350848263857,362.7983358988041,0.02127390084019812,370.61010083596636,0.002553012718165576,363.81647747113027
holdout,2025-05-28,2025-05-29,356.8999938964844,358.42999267578125,0.004286911755287504,0.0,356.8999938964844,0.0004048143217106233,357.0444721254321,0.0010529301636844066,357.27578466547675,-0.0024927986594621547,356.01031407013716
holdout,2025-05-29,2025-05-30,358.42999267578125,346.4599914550781,-0.03339564619395741,0.0,358.42999267578125,-8.87573665575834e-05,358.3981793735361,0.0010529301636844066,358.8073944266387,0.00380191503399053,359.79271305356843
holdout,2025-05-30,2025-06-02,346.4599914550781,342.69000244140625,-0.01088145559849063,0.0,346.4599914550781,-0.0013102186192532539,346.0060531234474,0.0010529301636844066,346.824789630591,-0.0002546150355546581,346.37177753203554
holdout,2025-06-02,2025-06-03,342.69000244140625,344.2699890136719,0.004610541775392996,0.0,342.69000244140625,-0.0012273552142377008,342.26940008004266,0.0010529301636844066,343.05083108176984,0.0002095346106636654,342.76180785764615
holdout,2025-06-03,2025-06-04,344.2699890136719,332.04998779296875,-0.03549540073392177,0.0,344.2699890136719,-0.0027049204845033415,343.33876606818905,0.0010529301636844066,344.6324812695556,-0.0025150096936193537,343.40414665408025
holdout,2025-06-04,2025-06-05,332.04998779296875,284.70001220703125,-0.14259893789082123,0.0,332.04998779296875,0.0019144035417955202,332.6856654656528,0.0010529301636844066,332.39961324096697,0.0023155945916174293,332.81888094884874
holdout,2025-06-05,2025-06-06,284.70001220703125,295.1400146484375,0.036670186138995975,0.0,284.70001220703125,0.008875863590423786,287.22697067957284,0.1283542330367313,321.2424639194128,0.06484513388132396,303.16142261461073
holdout,2025-06-06,2025-06-09,295.1400146484375,308.5799865722656,0.04553761352840424,0.0,295.1400146484375,0.0029089486407459265,295.9985617928788,0.0010529301636844066,295.4507764723711,0.004728382334556058,296.53554947992177
holdout,2025-06-09,2025-06-10,308.5799865722656,326.0899963378906,0.05674382827003055,0.0,308.5799865722656,-0.005284450507372096,306.94931090565893,0.0010529301636844066,308.9048997480369,-0.004572291053794665,307.1690690602812
holdout,2025-06-10,2025-06-11,326.0899963378906,326.42999267578125,0.0010426457165473302,0.0,326.0899963378906,-0.0057799449747077125,324.205214102255,0.0010529301636844066,326.4333463311105,-0.004336635706194692,324.67586281633885
holdout,2025-06-11,2025-06-12,326.42999267578125,319.1099853515625,-0.022424432461661592,0.0,326.42999267578125,-0.003034625600964569,325.43939986308465,0.0010529301636844066,326.7737006614008,-0.003920909905561106,325.15009008402654
holdout,2025-06-12,2025-06-13,319.1099853515625,325.30999755859375,0.019429076154419578,0.0,319.1099853515625,0.0011881181176776542,319.4891257066905,0.0010529301636844066,319.445985880672,0.0006055416042601925,319.30321972402777
holdout,2025-06-13,2025-06-16,325.30999755859375,329.1300048828125,0.011742668079331553,0.0,325.30999755859375,-0.008487605457653856,322.5488946478861,0.0010529301636844066,325.65252626757126,-0.01240740603272775,321.2737443323786
holdout,2025-06-16,2025-06-17,329.1300048828125,316.3500061035156,-0.03882963749794621,0.0,329.1300048828125,-0.007542705639474406,326.64747413886266,0.0010529301636844066,329.4765557927272,-0.001197134246573975,328.7359920823922
holdout,2025-06-17,2025-06-18,316.3500061035156,322.04998779296875,0.0180179597897272,0.0,316.3500061035156,-0.005548756956582749,314.59465680643376,0.0010529301636844066,316.68310056722373,-0.0043294145902735915,314.98039577145795
holdout,2025-06-18,2025-06-20,322.04998779296875,322.1600036621094,0.0003416111576173275,0.0,322.04998779296875,-0.0042509546179857,320.68096791013795,0.0010529301636844066,322.38908393933013,-9.06515841254425e-07,322.04969584955313
holdout,2025-06-20,2025-06-23,322.1600036621094,348.67999267578125,0.0823193093872907,0.0,322.1600036621094,-0.004405076087594894,320.7408643335979,0.0010529301636844066,322.49921564749786,-0.0006929369947826974,321.9367670773326
holdout,2025-06-23,2025-06-24,348.67999267578125,340.4700012207031,-0.023545920693855638,0.0,348.67999267578125,-0.0077813017601982976,345.96680843502725,0.0010529301636844066,349.0471283575428,0.00026673320047689795,348.7729972061699
holdout,2025-06-24,2025-06-25,340.4700012207031,327.54998779296875,-0.037947582404945,0.0,340.4700012207031,-0.003563352728239446,339.25678651296965,0.0010529301636844066,340.828492354818,-0.0024069358321653954,339.6505117749876
holdout,2025-06-25,2025-06-26,327.54998779296875,325.7799987792969,-0.0054037218123500486,0.0,327.54998779296875,-0.0010264799021836796,327.2137643135388,0.0010529301636844066,327.8948750552304,0.002278176052659492,328.2962043312076
holdout,2025-06-26,2025-06-27,325.7799987792969,323.6300048828125,-0.006599526995335614,0.0,325.7799987792969,-0.0059042975883877545,323.8564967181593,0.0010529301636844066,326.1230223667366,-0.002109891210280975,325.0926384233871
holdout,2025-06-27,2025-06-30,323.6300048828125,317.6600036621094,-0.018446995428822777,0.0,323.6300048828125,-0.0060280550557129265,321.67914539569824,0.0010529301636844066,323.97076467682695,0.0009008625244287435,323.9215510259921
holdout,2025-06-30,2025-07-01,317.6600036621094,300.7099914550781,-0.05335897504131726,0.0,317.6600036621094,-0.0017453776714235428,317.1055669846132,0.0010529301636844066,317.9944774617613,-0.002295187939024158,316.9309142529937
holdout,2025-07-01,2025-07-02,300.7099914550781,315.6499938964844,0.04968242780731846,0.0,300.7099914550781,0.0058783224146522085,302.47766173815836,0.0010529301636844066,301.0266180756024,0.003038199385047918,301.62360836619473
holdout,2025-07-02,2025-07-03,315.6499938964844,315.3500061035156,-0.0009503811144286889,0.0,315.6499938964844,0.002303066917134287,316.37695695482097,0.0010529301636844066,315.98235129622475,-0.0016317086404638375,315.13494507408114
holdout,2025-07-03,2025-07-07,315.3500061035156,293.94000244140625,-0.06789282780315342,0.0,315.3500061035156,0.0012193082083796728,315.73451495447017,0.0010529301636844066,315.68204763706007,-0.0015093785465305196,314.8740235696547
holdout,2025-07-07,2025-07-08,293.94000244140625,297.80999755859375,0.013165935514200422,0.0,293.94000244140625,0.0009876210773808927,294.23030378330276,0.0010529301636844066,294.24950073629026,-0.0026536993236380094,293.15997405573734
holdout,2025-07-08,2025-07-09,297.80999755859375,295.8800048828125,-0.0064806174796113725,0.0,297.80999755859375,-0.001247997526174334,297.43833141837064,0.0010529301636844066,298.12357068806995,-0.00494174534521625,296.3382963893997
holdout,2025-07-09,2025-07-10,295.8800048828125,309.8699951171875,0.0472826483827995,0.0,295.8800048828125,-0.004070358191894173,294.67566728112007,0.0010529301636844066,296.1915458647847,8.652589588229493e-05,295.9056061653086
holdout,2025-07-10,2025-07-11,309.8699951171875,313.510009765625,0.01174690904506881,0.0,309.8699951171875,-0.0057833578635365455,308.0779060442525,0.0010529301636844066,310.1962665818671,-0.005231021572875903,308.24905848794253
holdout,2025-07-11,2025-07-14,313.510009765625,316.8999938964844,0.010813001260769006,0.0,313.510009765625,-0.0020605606932769726,312.8640033625531,0.0010529301636844066,313.8401139115242,-0.0008771403507966651,313.2350174856809
holdout,2025-07-14,2025-07-15,316.8999938964844,310.7799987792969,-0.01931207079538977,0.0,316.8999938964844,0.001127929675129194,317.2574348036485,0.0010529301636844066,317.23366745892935,0.0008989747189396966,317.1848789794294
holdout,2025-07-15,2025-07-16,310.7799987792969,321.6700134277344,0.03504091219258654,0.0,310.7799987792969,-0.0021970259950972234,310.0972070432225,0.0010529301636844066,311.1072284142814,-0.003791938019312914,309.60154028628364
holdout,2025-07-16,2025-07-17,321.6700134277344,319.4100036621094,-0.007025863995037018,0.0,321.6700134277344,-0.00290651878560292,320.73507349094155,0.0010529301636844066,322.0087094876252,-0.0014478218289984803,321.20429256055945
holdout,2025-07-17,2025-07-18,319.4100036621094,329.6499938964844,0.03205907804067243,0.0,319.4100036621094,-0.004617324803338286,317.9351839297659,0.0010529301636844066,319.74632008954774,-0.004306803286026892,318.0343676087476
holdout,2025-07-18,2025-07-21,329.6499938964844,328.489990234375,-0.0035188948387289143,0.0,329.6499938964844,-0.002784321090977128,328.7321424658379,0.0010529301636844066,329.99709231851637,-0.001321767750899666,329.2142731654677
holdout,2025-07-21,2025-07-22,328.489990234375,332.1099853515625,0.0110201078413521,0.0,328.489990234375,-0.001886081873068787,327.87043121830936,0.0010529301636844066,328.83586725356116,0.001123757029578789,328.85913317004713
holdout,2025-07-22,2025-07-23,332.1099853515625,332.55999755859375,0.0013550095657464123,0.0,332.1099853515625,-0.0017474939055919809,331.52962517617436,0.0010529301636844066,332.4596739727999,-0.002598147370833743,331.2471146662937
holdout,2025-07-23,2025-07-24,332.55999755859375,305.29998779296875,-0.08197020076301287,0.0,332.55999755859375,-0.0019371524770872423,331.915778135543,0.0010529301636844066,332.910160011258,-0.002862542154367793,331.60803054672584
holdout,2025-07-24,2025-07-25,305.29998779296875,316.05999755859375,0.03524405566934252,0.0,305.29998779296875,0.0005002115658576901,305.452702377919,0.0010529301636844066,305.62144735908845,-0.0018273402925949463,304.7421008239459
holdout,2025-07-25,2025-07-28,316.05999755859375,325.5899963378906,0.030152499060024596,0.0,316.05999755859375,-0.0029117581366376105,315.13970728903683,0.0010529301636844066,316.3927866635572,-0.0021379875250400397,315.3842652266493
holdout,2025-07-28,2025-07-29,325.5899963378906,321.20001220703125,-0.013483166498468035,0.0,325.5899963378906,-0.0018013238264365673,325.00350331983776,0.0010529301636844066,325.9328198660287,-0.0007633091088204926,325.3414705279451
holdout,2025-07-29,2025-07-30,321.20001220703125,319.0400085449219,-0.006724793213012448,0.0,321.20001220703125,-0.0007802920959884083,320.94938237627474,0.0010529301636844066,321.53821338845984,-0.006143679309324402,319.22666233788016
holdout,2025-07-30,2025-07-31,319.0400085449219,308.2699890136719,-0.03375758288237862,0.0,319.0400085449219,0.0011524218707987615,319.4076772284289,0.0010529301636844066,319.3759353933409,-0.0008617204183194502,318.7650852552979
holdout,2025-07-31,2025-08-01,308.2699890136719,302.6300048828125,-0.01829559909125389,0.0,308.2699890136719,0.0016308447564122816,308.77272950881405,0.0010529301636844066,308.594575783663,-0.0011103915980745047,307.92768860793257
holdout,2025-08-01,2025-08-04,302.6300048828125,309.260009765625,0.021907956170373222,0.0,302.6300048828125,-0.00256051586563631,301.85511595389244,0.0010529301636844066,302.94865314338955,-0.00519638494992541,301.0574228800436
holdout,2025-08-04,2025-08-05,309.260009765625,308.7200012207031,-0.0017461311772288823,0.0,309.260009765625,-0.0030071565941428534,308.3300164879536,0.0010529301636844066,309.58563895832856,0.0005170123990869241,309.4199010252156
holdout,2025-08-05,2025-08-06,308.7200012207031,319.9100036621094,0.03624644466558724,0.0,308.7200012207031,-0.002627121723346077,307.9089561990648,0.0010529301636844066,309.04506182212106,-0.002396973750451325,307.98000748153777
holdout,2025-08-06,2025-08-07,319.9100036621094,322.2699890136719,0.007377028928595486,0.0,319.9100036621094,-0.0031463158768572632,318.90346573842186,0.0010529301636844066,320.2468465546296,-0.0010174336343293454,319.5845164644251
holdout,2025-08-07,2025-08-08,322.2699890136719,329.6499938964844,0.02290006868278205,0.0,322.2699890136719,-0.0009037258887132208,321.9787452814449,0.0010529301636844066,322.6093168059546,-0.0024538931025544198,321.47917291047094
holdout,2025-08-08,2025-08-11,329.6499938964844,339.0299987792969,0.02845443669493286,0.0,329.6499938964844,-0.0015713983608041555,329.1319824364364,0.0010529301636844066,329.99709231851637,-0.0026967754360160716,328.7610018904615
holdout,2025-08-11,2025-08-12,339.0299987792969,340.8399963378906,0.005338753399730889,0.0,339.0299987792969,-0.0011825189389036523,338.62908938488386,0.0010529301636844066,339.38697369140544,-0.0013588801563129056,338.5692976415609
holdout,2025-08-12,2025-08-13,340.8399963378906,339.3800048828125,-0.004283509772223915,0.0,340.8399963378906,-0.0007441393510781557,340.58636388419427,0.0010529301636844066,341.19887705102485,-0.002635191849138797,339.9418175576805
holdout,2025-08-13,2025-08-14,339.3800048828125,335.5799865722656,-0.011196942235471519,0.0,339.3800048828125,-0.004503621512470647,337.8515657919199,0.0010529301636844066,339.73734832690496,-0.0025321946119002863,338.5206286630616
holdout,2025-08-14,2025-08-15,335.5799865722656,330.55999755859375,-0.014959143019665277,0.0,335.5799865722656,-0.002653161264541736,334.68963875073666,0.0010529301636844066,335.93332886245634,-0.0013875563431462207,335.11435043326435
holdout,2025-08-15,2025-08-18,330.55999755859375,335.1600036621094,0.013915797850586165,0.0,330.55999755859375,-0.0019376299547898788,329.91949460546897,0.0010529301636844066,330.90805415093064,-0.00029167542535979245,330.4635813306989
holdout,2025-08-18,2025-08-19,335.1600036621094,329.30999755859375,-0.017454368181154756,0.0,335.1600036621094,-0.001616303710051773,334.61828330472935,0.0010529301636844066,335.51290373962576,-0.0015845591568811265,334.6289228092863
holdout,2025-08-19,2025-08-20,329.30999755859375,323.8999938964844,-0.016428300696053943,0.0,329.30999755859375,0.0003249707343562318,329.4170136703312,0.0010529301636844066,329.65673798822604,-0.002760384900455985,328.40097521376384
holdout,2025-08-20,2025-08-21,323.8999938964844,320.1099853515625,-0.011701168929731831,0.0,323.8999938964844,0.000342695799479811,324.01099306384424,0.0010529301636844066,324.2410379700752,-0.0027257915362538044,323.0171100345287
holdout,2025-08-21,2025-08-22,320.1099853515625,340.010009765625,0.062166209505171155,0.0,320.1099853515625,-0.0018950736997715772,319.5033533372885,0.0010529301636844066,320.4470388108357,-0.0019067019699473698,319.49963101189286
holdout,2025-08-22,2025-08-25,340.010009765625,346.6000061035156,0.019381771561470362,0.0,340.010009765625,-0.0029254475017658436,339.01532833198075,0.0010529301636844066,340.36801656086186,-0.0012438557634445362,339.5870863553492
holdout,2025-08-25,2025-08-26,346.6000061035156,351.6700134277344,0.01462783391499567,0.0,346.6000061035156,-0.0018977018747801033,345.9422626221342,0.0010529301636844066,346.9649517046752,-0.0015611908323213222,346.0588973515043
holdout,2025-08-26,2025-08-27,351.6700134277344,349.6000061035156,-0.0058862207330171445,0.0,351.6700134277344,0.0008829436273444314,351.98051822501856,0.0010529301636844066,352.0402973925357,-0.00015023213359383256,351.61718129129616
holdout,2025-08-27,2025-08-28,349.6000061035156,345.9800109863281,-0.010354676927882056,0.0,349.6000061035156,-0.0001577527462638074,349.54485574245894,0.0010529301636844066,349.96811049516623,-0.0015632854147771956,349.05348151296795
holdout,2025-08-28,2025-08-29,345.9800109863281,333.8699951171875,-0.03500206799409333,0.0,345.9800109863281,-0.0017677316234848296,345.36841117981396,0.0010529301636844066,346.3443037759275,-0.0006065642487320519,345.7701518808879
holdout,2025-08-29,2025-09-02,333.8699951171875,329.3599853515625,-0.01350828116207925,0.0,333.8699951171875,-0.0024904568078500484,333.03850631491105,0.0010529301636844066,334.2215369057955,-0.002087708816227231,333.1729717849076
holdout,2025-09-02,2025-09-03,329.3599853515625,334.0899963378906,0.014361219324440011,0.0,329.3599853515625,-0.0014669053989314913,328.8768454108583,0.0010529301636844066,329.7067784148498,-0.002389124402361854,328.57310337339754
holdout,2025-09-03,2025-09-04,334.0899963378906,338.5299987792969,0.01328983953448204,0.0,334.0899963378906,-0.0025490250449861952,333.238392569946,0.0010529301636844066,334.44176977242,-0.0004257401636553565,333.9477608081741
holdout,2025-09-04,2025-09-05,338.5299987792969,350.8399963378906,0.036363092201525005,0.0,338.5299987792969,-0.0018296750126476002,337.9105988994988,0.0010529301636844066,338.88644722632364,-0.0037570303291603255,337.25813130655246
holdout,2025-09-05,2025-09-08,350.8399963378906,346.3999938964844,-0.01265534855703887,0.0,350.8399963378906,-0.0011068223862342064,350.45167877595753,0.0010529301636844066,351.2094063526617,-0.0021932676666506093,350.0705103177549
holdout,2025-09-08,2025-09-09,346.3999938964844,346.9700012207031,0.001645517708609212,0.0,346.3999938964844,-0.0002564235502967383,346.31116878022664,0.0010529301636844066,346.76472889875805,-0.0025192410888626566,345.5273287986786
holdout,2025-09-09,2025-09-10,346.9700012207031,347.7900085449219,0.0023633378140295314,0.0,346.9700012207031,-0.002173073845413903,346.2160097859072,0.0010529301636844066,347.335336400882,-0.002111478545383543,346.2373815072339
holdout,2025-09-10,2025-09-11,347.7900085449219,368.80999755859375,0.06043873744853956,0.0,347.7900085449219,-0.004126180266584105,346.35496427474874,0.0010529301636844066,348.1562071355469,-0.0014944690387548184,347.27024714516324
holdout,2025-09-11,2025-09-12,368.80999755859375,395.94000244140625,0.07356092584909457,0.0,368.80999755859375,-0.0018586092523464586,368.12452388477345,0.0010529301636844066,369.1983287296915,-0.002209707605994292,367.9950353018218
holdout,2025-09-12,2025-09-15,395.94000244140625,410.0400085449219,0.03561147147692467,0.0,395.94000244140625,7.216853234069676e-05,395.9685768502774,0.0005738944850733278,396.1672302252273,-0.011454226709172807,391.4048158902119
holdout,2025-09-15,2025-09-16,410.0400085449219,421.6199951171875,0.028241113869250656,0.0,410.0400085449219,0.003358364338996501,411.417072287181,0.02127390084019812,418.7631590272205,-0.007047434510794176,407.1502784378961
holdout,2025-09-16,2025-09-17,421.6199951171875,425.8599853515625,0.01005642588937583,0.0,421.6199951171875,0.0036260885860844895,423.148826569147,0.02127390084019812,430.58949708555537,0.0029072750388622923,422.84576040487696
holdout,2025-09-17,2025-09-18,425.8599853515625,416.8500061035156,-0.021157139806429193,0.0,425.8599853515625,0.0025000975787028102,426.9246768698064,0.02127390084019812,434.91968845173983,0.0021287717099073367,426.7665440407605
holdout,2025-09-18,2025-09-19,416.8500061035156,426.07000732421875,0.022118270566640064,0.0,416.8500061035156,-0.0007632095304202949,416.53186220610166,0.0005738944850733278,417.0892340231212,-0.00640306446087733,414.1808886439177
holdout,2025-09-19,2025-09-22,426.07000732421875,434.2099914550781,0.019104804353584193,0.0,426.07000732421875,-0.003788974654925557,424.4556388652433,0.0005738944850733278,426.31452655167726,-0.010677449021489245,421.52066654142885
holdout,2025-09-22,2025-09-23,434.2099914550781,425.8500061035156,-0.019253323313789705,0.0,434.2099914550781,-0.002311830967559424,433.20617135040857,0.0005738944850733278,434.4591821745379,-0.006985010354053032,431.1770301689311
holdout,2025-09-23,2025-09-24,425.8500061035156,442.7900085449219,0.03977927016229388,0.0,425.8500061035156,0.0011177989927173473,426.3260208113868,0.0005738944850733278,426.09439907348684,-0.008257476857486594,422.33355953335536
holdout,2025-09-24,2025-09-25,442.7900085449219,423.3900146484375,-0.04381307961359793,0.0,442.7900085449219,0.0004430436331303313,442.98618383902146,0.0005738944850733278,443.04412328887133,-0.009351715566074698,438.64916232951
holdout,2025-09-25,2025-09-26,423.3900146484375,440.3999938964844,0.0401756741055197,0.0,423.3900146484375,0.003985184403038681,425.0773019312168,0.0010529301636844066,423.8358147658636,-0.014673249839122203,417.17750718411133
holdout,2025-09-26,2025-09-29,440.3999938964844,443.2099914550781,0.00638055766924972,0.0,440.3999938964844,-0.0014412438251908033,439.765270124667,0.0010529301636844066,440.8637043341444,-0.009640657804517946,436.15424825821657
holdout,2025-09-29,2025-09-30,443.2099914550781,444.7200012207031,0.0034069849388267404,0.0,443.2099914550781,-0.0031268323248373944,441.8241481271055,0.0010529301636844066,443.67666062392743,-0.01362981059924623,437.16912321585187
holdout,2025-09-30,2025-10-01,444.7200012207031,459.4599914550781,0.033144428390707636,0.0,444.7200012207031,-0.0037845163635882107,443.03695109886837,0.0010529301636844066,445.18826032438216,-0.010292513722676906,440.14271450539013
holdout,2025-10-01,2025-10-02,459.4599914550781,436.0,-0.051059922281332826,0.0,459.4599914550781,-0.005351383225065269,457.0012449642168,0.0010529301636844066,459.9437707390873,-0.010851951054695273,454.47395411621693
holdout,2025-10-02,2025-10-03,436.0,429.8299865722656,-0.014151406944344913,0.0,436.0,0.0013657550519490212,436.5954692026498,0.0010529301636844066,436.45907755136636,-0.013159843571810633,430.2623082026906
holdout,2025-10-03,2025-10-06,429.8299865722656,453.25,0.054486690457546505,0.0,429.8299865722656,-0.0015516775415896624,429.16302903539963,0.0010529301636844066,430.28256753038363,-0.011979904076545277,424.68066456390716
holdout,2025-10-06,2025-10-07,453.25,433.0899963378906,-0.044478772558432134,0.0,453.25,-0.005862542732324975,450.5928025065737,0.0010529301636844066,453.7272405966899,-0.012240933570185828,447.7017968593133
holdout,2025-10-07,2025-10-08,433.0899963378906,438.69000244140625,0.012930352007360923,0.0,433.0899963378906,-0.004467138533237026,431.15532332689014,0.0010529301636844066,433.54600985862476,-0.009108517215307551,429.14518865046944
holdout,2025-10-08,2025-10-09,438.69000244140625,435.5400085449219,-0.007180455170972544,0.0,438.69000244140625,-0.004858337740784225,436.5586982460404,0.0010529301636844066,439.15191237748354,-0.012886073304282026,433.03701091209064
holdout,2025-10-09,2025-10-10,435.5400085449219,413.489990234375,-0.05062684914805626,0.0,435.5400085449219,-0.002775457754771631,434.3311856506926,0.0010529301636844066,435.99860175741014,-0.01515882129308135,428.9377353894023
holdout,2025-10-10,2025-10-13,413.489990234375,435.8999938964844,0.054197209585187034,0.0,413.489990234375,-0.006475642983264024,410.8123766804639,0.0010529301636844066,413.9253663174743,-0.014159384249457228,407.6352265793422
holdout,2025-10-13,2025-10-14,435.8999938964844,429.239990234375,-0.015278742269702716,0.0,435.8999938964844,-0.005855800421415855,433.34745052853015,0.0010529301636844066,436.35896614840783,-0.014408562220725252,429.6193017124131
holdout,2025-10-14,2025-10-15,429.239990234375,435.1499938964844,0.013768529951932784,0.0,429.239990234375,-0.004146376549353359,427.46019960482255,0.0010529301636844066,429.6919499675524,-0.012253505758360964,423.9802955423193
holdout,2025-10-15,2025-10-16,435.1499938964844,428.75,-0.01470755828163206,0.0,435.1499938964844,-0.006327248250035831,432.39669185909975,0.0010529301636844066,435.60817645078504,-0.01593578458205867,428.21553733286584
holdout,2025-10-16,2025-10-17,428.75,439.30999755859375,0.02462973191508744,0.0,428.75,-0.005332288727066144,426.4637812082704,0.0010529301636844066,429.20144380767965,-0.015599950173482379,422.0615213631194
holdout,2025-10-17,2025-10-20,439.30999755859375,447.42999267578125,0.018483519979771268,0.0,439.30999755859375,-0.004733444963871406,437.23054786307165,0.0010529301636844066,439.7725603062313,-0.013553267699909737,433.3559115584354
holdout,2025-10-20,2025-10-21,447.42999267578125,442.6000061035156,-0.010794954856246153,0.0,447.42999267578125,-0.005739448494419189,444.8619912779602,0.0010529301636844066,447.90110521120664,-0.016110219699746537,440.2217971935184
holdout,2025-10-21,2025-10-22,442.6000061035156,438.9700012207031,-0.008201547294971134,0.0,442.6000061035156,-0.0027544529447210715,441.3808852133702,0.0010529301636844066,443.06603300038887,-0.01441256526857293,436.2210046276779
holdout,2025-10-22,2025-10-23,438.9700012207031,448.9800109863281,0.022803402824313368,0.0,438.9700012207031,-0.005607989122001097,436.5082622289726,0.0010529301636844066,439.432205975941,-0.012441144337934211,433.50871207549324
holdout,2025-10-23,2025-10-24,448.9800109863281,433.7200012207031,-0.03398817183887881,0.0,448.9800109863281,-0.004779887579439228,446.8339370083981,0.0010529301636844066,449.45275558278695,-0.01524508698293004,442.13527166524466
holdout,2025-10-24,2025-10-27,433.7200012207031,452.4200134277344,0.043115401997602554,0.0,433.7200012207031,-0.0063336616971366635,430.9729654616895,0.0010529301636844066,434.1766780925816,-0.01510660022701277,427.16796655180246
holdout,2025-10-27,2025-10-28,452.4200134277344,460.54998779296875,0.017969970655449252,0.0,452.4200134277344,-0.0039025908403291926,450.6544032273497,0.0010529301636844066,452.8963801065269,-0.01467169495121559,445.78224500089783
holdout,2025-10-28,2025-10-29,460.54998779296875,461.510009765625,0.0020845119924046696,0.0,460.54998779296875,-0.0020686217176928102,459.59728408613705,0.0010529301636844066,461.03491476700043,-0.013777259585095453,454.20487105923246
holdout,2025-10-29,2025-10-30,461.510009765625,440.1000061035156,-0.04639120107705208,0.0,461.510009765625,-0.000737773336165864,461.1695199860463,0.0010529301636844066,461.9959475757495,-0.012296710122787968,455.83495495677204
holdout,2025-10-30,2025-10-31,440.1000061035156,456.55999755859375,0.03740057084027071,0.0,440.1000061035156,-0.0040920326697691375,438.29910250057446,0.0010529301636844066,440.5634006749797,-0.01604354393472069,433.039242319923
holdout,2025-10-31,2025-11-03,456.55999755859375,468.3699951171875,0.02586735066967427,0.0,456.55999755859375,-0.0023202630330613414,455.50065827388397,0.0010529301636844066,457.04072335155485,-0.013520343320282784,450.38714964529413
holdout,2025-11-03,2025-11-04,468.3699951171875,444.260009765625,-0.05147636612701911,0.0,468.3699951171875,-0.0036262361858964915,466.67157489250536,0.0010529301636844066,468.8631560128111,-0.013196431572548897,462.1891825259885
holdout,2025-11-04,2025-11-05,444.260009765625,462.07000732421875,0.040089130615176494,0.0,444.260009765625,-0.001351244856781843,443.65970571235533,0.0010529301636844066,444.72778453042594,-0.015437632458386806,437.40168701890394
holdout,2025-11-05,2025-11-06,462.07000732421875,445.9100036621094,-0.03497306340156037,0.0,462.07000732421875,-0.0013258436334432494,461.4573747468029,0.0010529301636844066,462.5565347726643,-0.012256707526116649,456.40655038785525
holdout,2025-11-06,2025-11-07,445.9100036621094,429.5199890136719,-0.03675632866235745,0.0,445.9100036621094,-0.0019013763771426068,445.0621609148147,0.0010529301636844066,446.3795157552538,-0.012299006306010163,440.4257537151561
holdout,2025-11-07,2025-11-10,429.5199890136719,445.2300109863281,0.03657576451501576,0.0,429.5199890136719,-0.005659946928736769,427.0889286710229,0.0010529301636844066,429.97224356600975,-0.017391121425095673,422.05015473022934
holdout,2025-11-10,2025-11-11,445.2300109863281,439.6199951171875,-0.01260026442672324,0.0,445.2300109863281,-0.003451669480937135,443.6932241454093,0.0010529301636844066,445.69880709467316,-0.013958772737179421,439.0151464471981
holdout,2025-11-11,2025-11-12,439.6199951171875,430.6000061035156,-0.02051769508633805,0.0,439.6199951171875,-0.004475354998645333,437.65253957453535,0.0010529301636844066,440.0828842706052,-0.01193936748471566,434.3712104418545
holdout,2025-11-12,2025-11-13,430.6000061035156,401.989990234375,-0.06644220962287406,0.0,430.6000061035156,-0.005660701790182623,428.1625078781128,0.0010529301636844066,431.0533978384247,-0.01791093599075929,422.887556956575
holdout,2025-11-13,2025-11-14,401.989990234375,404.3500061035156,0.005870832424868633,0.0,401.989990234375,-0.0052662031761667675,399.87302927101547,0.0010529301636844066,402.41325762059193,-0.014513644592688276,396.15565038629506
holdout,2025-11-14,2025-11-17,404.3500061035156,408.9200134277344,0.011302107716671506,0.0,404.3500061035156,-0.007058072156135594,401.49607458410316,0.0010529301636844066,404.775758421628,-0.01008343002827423,400.27277111003855
holdout,2025-11-17,2025-11-18,408.9200134277344,401.25,-0.018756757252943457,0.0,408.9200134277344,-0.006876050274020698,406.10825885735204,0.0010529301636844066,409.35057764440666,-0.014833509071735423,402.8542946989399
holdout,2025-11-18,2025-11-19,401.25,403.989990234375,0.006828636098130891,0.0,401.25,-0.003240742642415601,399.94965201473076,0.0010529301636844066,401.67248822817834,-0.015389147815905072,395.0751044388681
holdout,2025-11-19,2025-11-20,403.989990234375,395.2300109863281,-0.02168365419886953,0.0,403.989990234375,-0.003999407630054923,402.3742695849658,0.0010529301636844066,404.4153634809193,-0.01578640949615534,397.61243881618736
holdout,2025-11-20,2025-11-21,395.2300109863281,391.0899963378906,-0.010474950113494086,0.0,395.2300109863281,-0.0023204495608414987,394.3128996809035,0.0010529301636844066,395.6461605864889,-0.01428846219878694,389.5827819145238
holdout,2025-11-21,2025-11-24,391.0899963378906,417.7799987792969,0.0682451678419993,0.0,391.0899963378906,-0.004371933333631188,389.3801769464513,0.0010529301636844066,391.50178679174996,-0.017634820215925318,384.19319456422505
holdout,2025-11-24,2025-11-25,417.7799987792969,419.3999938964844,0.0038776272725380423,0.0,417.7799987792969,-0.008010892616793835,414.43320807163167,0.0010529301636844066,418.2198919417956,-0.014006351613879359,411.928425219148
holdout,2025-11-25,2025-11-26,419.3999938964844,426.5799865722656,0.017119677587676296,0.0,419.3999938964844,-0.005615679773875741,417.04477783359624,0.0010529301636844066,419.841592800707,-0.01532942537390722,412.97083298823105
holdout,2025-11-26,2025-11-28,426.5799865722656,430.1700134277344,0.008415835173881447,0.0,426.5799865722656,-0.0058333122747500216,424.09161230043094,0.0010529301636844066,427.02914550735164,-0.012180764134240008,421.3839163714416
holdout,2025-11-28,2025-12-01,430.1700134277344,430.1400146484375,-6.973703038437584e-05,0.0,430.1700134277344,-0.005291645773425776,427.893706094325,0.0010529301636844066,430.6229524103849,-0.014543510007034492,423.913831532722
holdout,2025-12-01,2025-12-02,430.1400146484375,429.239990234375,-0.0020923987153301793,0.0,430.1400146484375,-0.00461405502843795,428.1553249509165,0.0010529301636844066,430.5929220444685,-0.012684140226910468,424.6840583854314
holdout,2025-12-02,2025-12-03,429.239990234375,446.739990234375,0.04076973347810542,0.0,429.239990234375,-0.0046728651205584365,427.2342096556599,0.0010529301636844066,429.6919499675524,-0.014582754884298875,422.9804886702483
holdout,2025-12-03,2025-12-04,446.739990234375,454.5299987792969,0.017437455153354264,0.0,446.739990234375,-0.003495805681592453,445.1782740383191,0.0010529301636844066,447.21037624541685,-0.011980036721658763,441.3880287463337
holdout,2025-12-04,2025-12-05,454.5299987792969,455.0,0.0010340378456106247,0.0,454.5299987792969,-0.005760070091694847,451.91187412755016,0.0010529301636844066,455.008587125311,-0.010798483068555883,449.6217642833279
holdout,2025-12-05,2025-12-08,455.0,439.5799865722656,-0.033890139401614006,0.0,455.0,-0.002814226641989573,453.71952687789474,0.0010529301636844066,455.47908322447637,-0.013962419959846187,448.64709891827
holdout,2025-12-08,2025-12-09,439.5799865722656,445.1700134277344,0.01271674558948499,0.0,439.5799865722656,-0.0010723132272067166,439.10861913824886,0.0010529301636844066,440.04283359947954,-0.01698980711108275,432.11160739051047
holdout,2025-12-09,2025-12-10,445.1700134277344,451.45001220703125,0.014106967203253218,0.0,445.1700134277344,-0.0023405891623077763,444.12805331892105,0.0010529301636844066,445.6387463628402,-0.014236796640896662,438.83221847593853
holdout,2025-12-10,2025-12-11,451.45001220703125,446.8900146484375,-0.010100780674035192,0.0,451.45001220703125,-0.0028265186177532714,450.17398034254313,0.0010529301636844066,451.9253575422797,-0.014412203886658889,444.9436225864689
holdout,2025-12-11,2025-12-12,446.8900146484375,458.9599914550781,0.027008830833098685,0.0,446.8900146484375,-0.0008469184401863248,446.5115352542966,0.0010529301636844066,447.36055862471017,-0.015164955505698192,440.11294746035315
holdout,2025-12-12,2025-12-15,458.9599914550781,475.30999755859375,0.035624033484225714,0.0,458.9599914550781,-0.0022016363909305326,457.9495284359095,0.0010529301636844066,459.4432442740055,-0.013452134396823573,452.7859999672594
holdout,2025-12-15,2025-12-16,475.30999755859375,489.8800048828125,0.030653694218629735,0.0,475.30999755859375,-0.00018881195334631475,475.2202533495097,0.0010529301636844066,475.8104657921239,-0.012465460122024853,469.38503973842734
holdout,2025-12-16,2025-12-17,489.8800048828125,467.260009765625,-0.04617456293730249,0.0,489.8800048828125,-0.0013494560582314645,489.21893334241696,0.0010529301636844066,490.39581431653943,-0.011372923949794892,484.3086368427551
holdout,2025-12-17,2025-12-18,467.260009765625,483.3699951171875,0.034477560704677446,0.0,467.260009765625,0.0014713820280109315,467.9475277464024,0.0010529301636844066,467.75200192419067,-0.014936441101107461,460.28080815085787
holdout,2025-12-18,2025-12-19,483.3699951171875,481.20001220703125,-0.00448927929345333,0.0,483.3699951171875,-0.0015438610613342672,482.6237390035087,0.0010529301636844066,483.8789499652664,-0.012729094255530756,477.2171328890454
holdout,2025-12-19,2025-12-22,481.20001220703125,488.7300109863281,0.01564837611861325,0.0,481.20001220703125,-0.00472307558386942,478.92726817841856,0.0010529301636844066,481.70668221464933,-0.013199226909946273,474.8485440568417
holdout,2025-12-22,2025-12-23,488.7300109863281,485.55999755859375,-0.00648622625268469,0.0,488.7300109863281,-0.004254479736051596,486.6507190581865,0.0010529301636844066,489.2446095567934,-0.01451811881526515,481.6345706182428
holdout,2025-12-23,2025-12-24,485.55999755859375,485.3999938964844,-0.00032952397832164415,0.0,485.55999755859375,-0.001680815207144152,484.7438609307164,0.0010529301636844066,486.0712583263017,-0.0164661932035841,477.56467282686214
holdout,2025-12-24,2025-12-26,485.3999938964844,475.19000244140625,-0.021034181259704576,0.0,485.3999938964844,-4.8022658740094586e-05,485.37668369822507,0.0010529301636844066,485.9110861915102,-0.015363039195805903,477.9427747646087
holdout,2025-12-26,2025-12-29,475.19000244140625,459.6400146484375,-0.03272372674735757,0.0,475.19000244140625,-0.002040128783299183,474.22055363988954,0.0010529301636844066,475.690344328458,-0.018484636959538635,466.4062877594746
holdout,2025-12-29,2025-12-30,459.6400146484375,454.42999267578125,-0.011335005235871831,0.0,459.6400146484375,-0.0016334932157728932,458.8891958028115,0.0010529301636844066,460.1239834842972,-0.014505893101707199,452.9725257306801
holdout,2025-12-30,2025-12-31,454.42999267578125,449.7200012207031,-0.010364613980130777,0.0,454.42999267578125,-0.0033069112099436936,452.9272330388671,0.0010529301636844066,454.9084757223524,-0.014921652047165812,447.64914644527715
holdout,2025-12-31,2026-01-02,449.7200012207031,438.07000732421875,-0.02590499391813139,0.0,449.7200012207031,-0.002944048306417835,448.3960038127471,0.0010529301636844066,450.19352497520055,-0.015729365786739266,442.64619081988985
holdout,2026-01-02,2026-01-05,438.07000732421875,451.6700134277344,0.031045280151877908,0.0,438.07000732421875,-0.002890143391318373,436.8039221876159,0.0010529301636844066,438.53126444873584,-0.016218996852171427,430.9649512543965
holdout,2026-01-05,2026-01-06,451.6700134277344,432.9599914550781,-0.041424095947095174,0.0,451.6700134277344,-0.002948805559287988,450.33812638117496,0.0010529301636844066,452.1455904089041,-0.01702714565267961,443.9793623221526
holdout,2026-01-06,2026-01-07,432.9599914550781,431.4100036621094,-0.0035799792672750463,0.0,432.9599914550781,-0.002420471676755298,431.9120240585929,0.0010529301636844066,433.4158680897497,-0.015156300435452203,426.3979197480541
holdout,2026-01-07,2026-01-08,431.4100036621094,435.79998779296875,0.010175897854927118,0.0,431.4100036621094,-0.003125502329028437,430.0616306908973,0.0010529301636844066,431.8642482678804,-0.016385091486782435,424.34131128379255
holdout,2026-01-08,2026-01-09,435.79998779296875,445.010009765625,0.02113359850994656,0.0,435.79998779296875,-0.005857304023478669,433.2473747710371,0.0010529301636844066,436.25885474544924,-0.015347248175747633,429.1116572253223
holdout,2026-01-09,2026-01-12,445.010009765625,448.9599914550781,0.00887616368794375,0.0,445.010009765625,-0.00623343536203338,442.23606863429313,0.0010529301636844066,445.47857422804867,-0.014843185652564947,438.4046435734241
holdout,2026-01-12,2026-01-13,448.9599914550781,447.20001220703125,-0.003920124914344347,0.0,448.9599914550781,-0.007349806440968993,445.66022241814426,0.0010529301636844066,449.4327149723687,-0.01602327127195689,441.76618372173795
holdout,2026-01-13,2026-01-14,447.20001220703125,439.20001220703125,-0.017889087168218576,0.0,447.20001220703125,-0.003955899026147166,445.4309341142485,0.0010529301636844066,447.67088258908404,-0.015642513717868,440.204679881452
holdout,2026-01-14,2026-01-15,439.20001220703125,438.57000732421875,-0.0014344373071545347,0.0,439.20001220703125,-0.006102198889003126,436.51992638049137,0.0010529301636844066,439.66245914777454,-0.019021062260162244,430.8459614301773
holdout,2026-01-15,2026-01-16,438.57000732421875,437.5,-0.0024397640202233895,0.0,438.57000732421875,-0.006031825893890735,435.9246293977567,0.0010529301636844066,439.0317909138177,-0.0144236198957702,432.24424024088904
holdout,2026-01-16,2026-01-20,437.5,419.25,-0.041714285714285704,0.0,437.5,-0.006180040915454396,434.7962320994887,0.0010529301636844066,437.9606569466119,-0.01581486310771578,430.58099739037436
holdout,2026-01-20,2026-01-21,419.25,431.44000244140625,0.02907573629435012,0.0,419.25,-0.004346685781989192,417.42765198590104,0.0010529301636844066,419.6914409711247,-0.015110268609062944,412.91501988565034
holdout,2026-01-21,2026-01-22,431.44000244140625,449.3599853515625,0.041535283721378935,0.0,431.44000244140625,-0.005130343432652653,429.22656705829735,0.0010529301636844066,431.89427863379683,-0.017262837231783765,423.99212390397986
holdout,2026-01-22,2026-01-23,449.3599853515625,449.05999755859375,-0.0006675890216037983,0.0,449.3599853515625,-0.005869139739421466,446.72262880422977,0.0010529301636844066,449.83313003449194,-0.015189887741669175,442.53425761847416
holdout,2026-01-23,2026-01-26,449.05999755859375,435.20001220703125,-0.030864440001147186,0.0,449.05999755859375,-0.0045868400800256,447.0002311634558,0.0010529301636844066,449.5328263753272,-0.015881073381845346,441.92844278451446
holdout,2026-01-26,2026-01-27,435.20001220703125,430.8999938964844,-0.009880556502607107,0.0,435.20001220703125,-0.003166999281325373,433.8217340811388,0.0010529301636844066,435.6582474271198,-0.01564333510643826,428.3920325777506
holdout,2026-01-27,2026-01-28,430.8999938964844,431.4599914550781,0.0012995998294869082,0.0,430.8999938964844,-0.006894810163555266,427.92902023909096,0.0010529301636844066,431.3537014975894,-0.014652608891880376,424.58618481440556
holdout,2026-01-28,2026-01-29,431.4599914550781,416.55999755859375,-0.03453389466363932,0.0,431.4599914550781,-0.010240885245447,427.0414591945851,0.0010529301636844066,431.9142886945042,-0.01631105547845399,424.42242359772104
holdout,2026-01-29,2026-01-30,416.55999755859375,430.4100036621094,0.033248526466028494,0.0,416.55999755859375,-0.008753729761603794,412.91354391047145,0.0010529301636844066,416.9986061450075,-0.015030700113674684,410.2988091559375
holdout,2026-01-30,2026-02-02,430.4100036621094,421.80999755859375,-0.019980962408733927,0.0,430.4100036621094,-0.0052103249244988045,428.16742769227506,0.0010529301636844066,430.8631953377167,-0.016286668730618004,423.40005851412053
holdout,2026-02-02,2026-02-03,421.80999755859375,421.9599914550781,0.0003555958781265023,0.0,421.80999755859375,-0.005471751355470752,419.5019581327014,0.0010529301636844066,422.2541340283668,-0.012379830579233456,416.5880612521915
holdout,2026-02-03,2026-02-04,421.9599914550781,406.010009765625,-0.03779974882085746,0.0,421.9599914550781,-0.006004580591710636,419.4262986799086,0.0010529301636844066,422.40428585794916,-0.016812914349052552,414.86561426001697
holdout,2026-02-04,2026-02-05,406.010009765625,397.2099914550781,-0.02167438757390938,0.0,406.010009765625,-0.007553350830581956,402.94327372113725,0.0010529301636844066,406.437509951665,-0.015117183275488383,399.8722820363152
holdout,2026-02-05,2026-02-06,397.2099914550781,411.1099853515625,0.03499406912088299,0.0,397.2099914550781,-0.007399673798429811,394.27076708883345,0.0010529301636844066,397.628225836398,-0.013971369035654985,391.66042407980984
holdout,2026-02-06,2026-02-09,411.1099853515625,417.32000732421875,0.015105500216312517,0.0,411.1099853515625,-0.008903982122592894,407.44946939157273,0.0010529301636844066,411.542855455731,-0.01672668316553141,404.23347888040064
holdout,2026-02-09,2026-02-10,417.32000732421875,425.2099914550781,0.018906316477488305,0.0,417.32000732421875,-0.007398301512775216,414.2325480827206,0.0010529301636844066,417.7594161478394,-0.015159751894593473,410.99353955253366
holdout,2026-02-10,2026-02-11,425.2099914550781,428.2699890136719,0.00719643851293883,0.0,425.2099914550781,-0.006073013564544387,422.62768540919166,0.0010529301636844066,425.65770788098115,-0.015666478779081616,418.54844814729364
holdout,2026-02-11,2026-02-12,428.2699890136719,417.07000732421875,-0.02615168463063977,0.0,428.2699890136719,-0.0024187471683464632,427.23411219045727,0.0010529301636844066,428.72092740330515,-0.015949056059875934,421.43948695013034
holdout,2026-02-12,2026-02-13,417.07000732421875,417.44000244140625,0.0008871295242764976,0.0,417.07000732421875,-0.004499722365628229,415.1933080842292,0.0010529301636844066,417.5091529152985,-0.016258492773185463,410.2890776242255
holdout,2026-02-13,2026-02-17,417.44000244140625,410.6300048828125,-0.016313715788533356,0.0,417.44000244140625,-0.006608056641168153,414.68153526098405,0.0010529301636844066,417.87953761150527,-0.014649597062603919,411.32467460782726
holdout,2026-02-17,2026-02-18,410.6300048828125,411.32000732421875,0.0016803507615161806,0.0,410.6300048828125,-0.006065448101955872,408.1393498990899,0.0010529301636844066,411.0623696010675,-0.013580350770665517,405.0535053795438
holdout,2026-02-18,2026-02-19,411.32000732421875,411.7099914550781,0.0009481282794785439,0.0,411.32000732421875,-0.005905581199304238,408.89092362206713,0.0010529301636844066,411.75309856685726,-0.015169947961840095,405.08030421744667
holdout,2026-02-19,2026-02-20,411.7099914550781,411.82000732421875,0.00026721690370390405,0.0,411.7099914550781,-0.005015339477937676,409.6451260814721,0.0010529301636844066,412.1434933237714,-0.017308416520024277,404.58394343751803
holdout,2026-02-20,2026-02-23,411.82000732421875,399.8299865722656,-0.02911471161845125,0.0,411.82000732421875,-0.0023576686697371705,410.8490721953795,0.0010529301636844066,412.2536250319391,-0.01657824865803244,404.9927528404451
holdout,2026-02-23,2026-02-24,399.8299865722656,409.3800048828125,0.023885197787236967,0.0,399.8299865722656,-0.005666376685914779,397.56439925802295,0.0010529301636844066,400.25097962547306,-0.016135282605593475,393.37861674473146
holdout,2026-02-24,2026-02-25,409.3800048828125,417.3999938964844,0.019590573349979934,0.0,409.3800048828125,-0.005194440538961388,407.25350478960905,0.0010529301636844066,409.8110534383629,-0.01502481266094573,403.2291470023112
holdout,2026-02-25,2026-02-26,417.3999938964844,408.5799865722656,-0.021130827631028026,0.0,417.3999938964844,-0.0061263896911550025,414.8428388767888,0.0010529301636844066,417.83948694037963,-0.015356787618201834,410.99007083837733
holdout,2026-02-26,2026-02-27,408.5799865722656,402.510009765625,-0.014856275407819197,0.0,408.5799865722656,-0.006709207283551167,405.83873875044173,0.0010529301636844066,409.0101927644053,-0.015917456787854407,402.0764322916195
holdout,2026-02-27,2026-03-02,402.510009765625,403.32000732421875,0.0020123662491409178,0.0,402.510009765625,-0.005945157880359608,400.11702420914327,0.0010529301636844066,402.93382469609213,-0.01607517472446417,396.0395910302968
holdout,2026-03-02,2026-03-03,403.32000732421875,392.42999267578125,-0.027000928420799375,0.0,403.32000732421875,-0.005697366210663607,401.02214554240516,0.0010529301636844066,403.7446751255478,-0.01411373850962663,397.62765420514404
holdout,2026-03-03,2026-03-04,392.42999267578125,405.94000244140625,0.03442654745501761,0.0,392.42999267578125,-0.006998917328651455,389.6834075997602,0.0010529301636844066,392.843194052204,-0.015565002082807077,386.3218190224267
holdout,2026-03-04,2026-03-05,405.94000244140625,405.54998779296875,-0.0009607691927178141,0.0,405.94000244140625,-0.003932033838813342,404.34383261527864,0.0010529301636844066,406.3674289146229,-0.016136408972579255,399.3895885436819
holdout,2026-03-05,2026-03-06,405.54998779296875,396.7300109863281,-0.021748186591348584,0.0,405.54998779296875,-0.004261707752411976,403.82165226600085,0.0010529301636844066,405.9770036079978,-0.01658296959724418,398.8247646752352
holdout,2026-03-06,2026-03-09,396.7300109863281,398.67999267578125,0.004915135319874642,0.0,396.7300109863281,-0.006273844351854168,394.24098864769053,0.0010529301636844066,397.14773998173445,-0.017000988476077183,389.9852086414356
holdout,2026-03-09,2026-03-10,398.67999267578125,399.239990234375,0.0014046291985592152,0.0,398.67999267578125,-0.006886835520371179,395.93434914096036,0.0010529301636844066,399.09977486572706,-0.016321852622043595,392.17279659196976
holdout,2026-03-10,2026-03-11,399.239990234375,407.82000732421875,0.02149087591352461,0.0,399.239990234375,-0.0067415186376234264,396.5485063993254,0.0010529301636844066,399.6603620626418,-0.014947087603089656,393.2725151256852
holdout,2026-03-11,2026-03-12,407.82000732421875,395.010009765625,-0.03141091003024221,0.0,407.82000732421875,-0.006099468339845281,405.33252210118917,0.0010529301636844066,408.2494133112844,-0.01614094426929501,401.23740731409504
holdout,2026-03-12,2026-03-13,395.010009765625,391.20001220703125,-0.009645319015724074,0.0,395.010009765625,-0.0070254658841619015,392.23488041811413,0.0010529301636844066,395.4259277198645,-0.016137886700338232,388.63538298252786
holdout,2026-03-13,2026-03-16,391.20001220703125,395.55999755859375,0.011145156481373375,0.0,391.20001220703125,-0.008562307871440935,387.85043726320316,0.0010529301636844066,391.6119184999177,-0.01695344111616804,384.56782583543514
holdout,2026-03-16,2026-03-17,395.55999755859375,399.2699890136719,0.00937908655570907,0.0,395.55999755859375,-0.007795582189420053,392.47637708677894,0.0010529301636844066,395.9764946115701,-0.015502832627590515,389.4276971222727
holdout,2026-03-17,2026-03-18,399.2699890136719,392.7799987792969,-0.016254640751756533,0.0,399.2699890136719,-0.005635998247915554,397.01970405514555,0.0010529301636844066,399.6903924285583,-0.014758913572554225,393.3771977537044
holdout,2026-03-18,2026-03-19,392.7799987792969,380.29998779296875,-0.03177353995904619,0.0,392.7799987792969,-0.00627665598920376,390.31465384751937,0.0010529301636844066,393.1935686877035,-0.01632992000471935,386.3659328197772
holdout,2026-03-19,2026-03-20,380.29998779296875,367.9599914550781,-0.03244805872728129,0.0,380.29998779296875,-0.006851418168119062,377.69439354726853,0.0010529301636844066,380.70041712136475,-0.011379088929302042,375.9725204120601
holdout,2026-03-20,2026-03-23,367.9599914550781,380.8500061035156,0.035031022251806876,0.0,367.9599914550781,-0.008085076496964242,364.9850067763415,0.0010529301636844066,368.3474276291102,-0.00869009037641706,364.7623858744278
holdout,2026-03-23,2026-03-24,380.8500061035156,383.0299987792969,0.005724019012326664,0.0,380.8500061035156,-0.008737054935480016,377.5224986780113,0.0010529301636844066,381.2510145627814,-0.01395826909442017,375.5339992337112
holdout,2026-03-24,2026-03-25,383.0299987792969,385.95001220703125,0.007623458833617036,0.0,383.0299987792969,-0.006068688623331679,380.7055089833102,0.0010529301636844066,383.43330261860757,-0.0149690212643136,377.2964145826995
holdout,2026-03-25,2026-03-26,385.95001220703125,372.1099853515625,-0.03585963575004292,0.0,385.95001220703125,-0.0050940255334498506,383.9839729902134,0.0010529301636844066,386.3563906165584,-0.015456125803490393,379.9847202645007
holdout,2026-03-26,2026-03-27,372.1099853515625,361.8299865722656,-0.027626237359861583,0.0,372.1099853515625,-0.005874801697139996,369.92391297809644,0.0010529301636844066,372.5017911793473,-0.011429563604847402,367.856930605988
holdout,2026-03-27,2026-03-30,361.8299865722656,355.2799987792969,-0.018102390725044493,0.0,361.8299865722656,-0.0070119375736852965,359.2928572941335,0.0010529301636844066,362.21096827925305,-0.005844497517772258,359.71527211388843
holdout,2026-03-30,2026-03-31,355.2799987792969,371.75,0.04635780589195071,0.0,355.2799987792969,-0.007578772602010824,352.5874124585059,0.0010529301636844066,355.6540838065653,-0.00284249352665266,354.2701176826176
holdout,2026-03-31,2026-04-01,371.75,381.260009765625,0.025581734406523227,0.0,371.75,-0.006908910554847202,369.1816125012355,0.0010529301636844066,372.14142678834963,-0.007447669104113063,368.98132901054595
holdout,2026-04-01,2026-04-02,381.260009765625,360.5899963378906,-0.05421500524128142,0.0,381.260009765625,-0.006649510742969732,378.7248172348237,0.0010529301636844066,381.6614499301138,-0.01695641926203172,374.7952051921927
holdout,2026-04-02,2026-04-06,360.5899963378906,352.82000732421875,-0.021547988276388597,0.0,360.5899963378906,-0.0033505687166615703,359.38181477661976,0.0010529301636844066,360.9696724217576,-0.0027025010190603214,359.6155015053245
holdout,2026-04-06,2026-04-07,352.82000732421875,346.6499938964844,-0.017487708462248674,0.0,352.82000732421875,-0.004434974007620591,351.2552597623673,0.0010529301636844066,353.19150215228177,-0.007377947747652915,350.21691974585417
holdout,2026-04-07,2026-04-08,346.6499938964844,343.25,-0.009808146419583275,0.0,346.6499938964844,-0.006078046995228325,344.54303894268594,0.0010529301636844066,347.014992131299,-0.0017209451201417294,346.05342828109104
holdout,2026-04-08,2026-04-09,343.25,345.6199951171875,0.006904574267115882,0.0,343.25,-0.005928099203098676,341.2151799485364,0.0010529301636844066,343.61141827868465,-0.00452593320546164,341.69647342722527
holdout,2026-04-09,2026-04-10,345.6199951171875,348.95001220703125,0.009634908676839249,0.0,345.6199951171875,-0.003626175490495471,344.3667163618684,0.0010529301636844066,345.9839088352188,-0.004606718006457109,344.02782126228954
holdout,2026-04-10,2026-04-13,348.95001220703125,352.4200134277344,0.009944121218842028,0.0,348.95001220703125,-0.0024683648820283503,348.08867625131603,0.0010529301636844066,349.3174322005021,3.8745761990107306e-05,348.9635325411507
holdout,2026-04-13,2026-04-14,352.4200134277344,364.20001220703125,0.03342602102735692,0.0,352.4200134277344,-0.002602481202221522,351.502846967502,0.0010529301636844066,352.7910870901585,-0.005814810817017985,350.37075772152116
holdout,2026-04-14,2026-04-15,364.20001220703125,391.95001220703125,0.07619439612820611,0.0,364.20001220703125,-0.002577003462248633,363.2614675146227,0.0010529301636844066,364.58348938549824,-0.005567449625342096,362.17234698551965
holdout,2026-04-15,2026-04-16,391.95001220703125,388.8999938964844,-0.007781651270713175,0.0,391.95001220703125,-0.003173394417517068,390.70620022634773,0.0010529301636844066,392.3627081975405,-0.010110945605950095,387.9870269533545
holdout,2026-04-16,2026-04-17,388.8999938964844,400.6199951171875,0.03013628543234881,0.0,388.8999938964844,-0.002613181725560588,387.88372753936346,0.0010529301636844066,389.30947843071465,-0.012330649550242576,384.10460436165533
holdout,2026-04-17,2026-04-20,400.6199951171875,392.5,-0.02026857175416885,0.0,400.6199951171875,-0.0017646817586174706,399.9130283196668,0.0010529301636844066,401.04181999422144,-0.006782450985237738,397.902809636599
holdout,2026-04-20,2026-04-21,392.5,386.4200134277344,-0.015490411649084379,0.0,392.5,-0.0028376715295618422,391.386213924647,0.0010529301636844066,392.9132750892461,-0.011648875346754552,387.92781642639886
holdout,2026-04-21,2026-04-22,386.4200134277344,387.510009765625,0.0028207553957204645,0.0,386.4200134277344,-0.0023492539058467205,385.51221470189193,0.0010529301636844066,386.82688671572373,-0.01242244208412867,381.6197331907801
holdout,2026-04-22,2026-04-23,387.510009765625,373.7200012207031,-0.03558619957523779,0.0,387.510009765625,-0.0004077276919778605,387.35201120372494,0.0010529301636844066,387.91803074363685,-0.015264973035639437,381.59467991551236
holdout,2026-04-23,2026-04-24,373.7200012207031,376.29998779296875,0.0069035282132037246,0.0,373.7200012207031,0.0026407064522476656,374.7068860392606,0.0010529301636844066,374.1135022827606,-0.006218709709350048,371.39594502053365
holdout,2026-04-24,2026-04-27,376.29998779296875,378.6700134277344,0.0062982346841573555,0.0,376.29998779296875,0.001316833882082498,376.7955123667218,0.0010529301636844066,376.69620540071,-0.00829511200819193,373.1785372455448
holdout,2026-04-27,2026-04-28,378.6700134277344,376.0199890136719,-0.006998242057971282,0.0,378.6700134277344,0.001535914732638962,379.25161828016667,0.0010529301636844066,379.0687265069552,-0.011280774303072403,374.3983224709147
holdout,2026-04-28,2026-04-29,376.0199890136719,372.79998779296875,-0.008563377785179571,0.0,376.0199890136719,-0.00011897250639479129,375.9752529731244,0.0010529301636844066,376.41591180225265,-0.011481127635883569,371.70285552616235
holdout,2026-04-29,2026-04-30,372.79998779296875,381.6300048828125,0.02368566893502,0.0,372.79998779296875,0.0010141857798298727,373.1780762393091,0.0010529301636844066,373.1925201451371,-0.010078507577536415,369.0427202910918
holdout,2026-04-30,2026-05-01,381.6300048828125,390.82000732421875,0.024080922159745333,0.0,381.6300048828125,0.0011115937655814666,382.05422241699904,0.0010529301636844066,382.03183462632063,-0.01523764758121497,375.8148613619909
holdout,2026-05-01,2026-05-04,390.82000732421875,392.510009765625,0.00432424750456617,0.0,390.82000732421875,-0.001816681031146277,390.1100120303204,0.0010529301636844066,391.2315134985018,-0.015542238515079486,384.74578955392064
holdout,2026-05-04,2026-05-05,392.510009765625,389.3699951171875,-0.007999833304410453,0.0,392.510009765625,-0.0011931085989501213,392.0417026977996,0.0010529301636844066,392.92329539445524,-0.015525810400834374,386.41597377357425
holdout,2026-05-05,2026-05-06,389.3699951171875,398.7300109863281,0.024038873016714035,0.0,389.3699951171875,0.00021632250001585654,389.4542246079624,0.0010529301636844066,389.77997452988,-0.014128467697616042,383.8687937187534
