evaluation,fold,feature_date,target_date,close_current,actual_next_close,actual_next_return,baseline_persistence_predicted_return,baseline_persistence_prediction,ridge_regression_predicted_return,ridge_regression_prediction,decision_tree_predicted_return,decision_tree_prediction,random_forest_predicted_return,random_forest_prediction
walk_forward,1,2021-08-09,2021-08-10,237.9199981689453,236.663330078125,-0.005281893495678203,0.0,237.9199981689453,0.0016801378273292242,238.31973655774706,0.0018047741273659154,238.34939002602357,0.0022046170042040046,238.44452064254875
walk_forward,1,2021-08-10,2021-08-11,236.663330078125,235.94000244140625,-0.0030563570472872392,0.0,236.663330078125,0.0014984247657052999,237.01795227304834,0.0018047741273659154,237.09045393314625,0.0005350149350626473,236.78994849429847
walk_forward,1,2021-08-11,2021-08-12,235.94000244140625,240.75,0.020386528392057013,0.0,235.94000244140625,0.002911926465182747,236.62704237871066,0.0018047741273659154,236.36582085342314,0.00222006439624076,236.46380444047534
walk_forward,1,2021-08-12,2021-08-13,240.75,239.05667114257812,-0.007033557040173943,0.0,240.75,0.0003712362230649186,240.8393751207029,0.0018047741273659154,241.18449937116335,0.0024972595987088064,241.35121524838914
walk_forward,1,2021-08-13,2021-08-16,239.05667114257812,228.72332763671875,-0.0432254973537064,0.0,239.05667114257812,0.0021153382298982597,239.5623568581582,0.0018047741273659154,239.48811443763046,0.001890448630563597,239.5085954991667
walk_forward,1,2021-08-16,2021-08-17,228.72332763671875,221.90333557128906,-0.02981764971635026,0.0,228.72332763671875,0.001365449362296214,229.0356377585826,0.0018047741273659154,229.13612158076253,0.0016463711967204676,229.09989113535792
walk_forward,1,2021-08-17,2021-08-18,221.90333557128906,229.663330078125,0.03497015710402862,0.0,221.90333557128906,0.0013114761710516709,222.19435650816771,0.0018047741273659154,222.3038209701043,0.0008112471241474884,222.08335401411
walk_forward,1,2021-08-18,2021-08-19,229.663330078125,224.49000549316406,-0.02252568828990298,0.0,229.663330078125,0.0009989976874599299,229.8927632137674,0.0018047741273659154,230.07782051425468,-9.825053686765767e-05,229.64076553264601
walk_forward,1,2021-08-19,2021-08-20,224.49000549316406,226.75332641601562,0.010082056516856674,0.0,224.49000549316406,0.0007031108556187987,224.64784685300424,0.0018047741273659154,224.89515924693035,0.0015170402429165132,224.83056586562975
walk_forward,1,2021-08-20,2021-08-23,226.75332641601562,235.43333435058594,0.03827951753459802,0.0,226.75332641601562,0.0038463722732530593,227.6255041236101,0.0018047741273659154,227.1625649528254,0.0012470655566042788,227.03610267923452
walk_forward,1,2021-08-23,2021-08-24,235.43333435058594,236.163330078125,0.0031006472789958384,0.0,235.43333435058594,0.001888390242652341,235.8779243619687,0.0018047741273659154,235.85823834114137,0.0008783398544046232,235.6401248312014
walk_forward,1,2021-08-24,2021-08-25,236.163330078125,237.06666564941406,0.0038250458739306215,0.0,236.163330078125,0.0004539288187241936,236.27053141957333,0.0018047741273659154,236.58955154608256,0.0007202147462544768,236.33341839097181
walk_forward,1,2021-08-25,2021-08-26,237.06666564941406,233.72000122070312,-0.01411697599720807,0.0,237.06666564941406,-0.0008037074022852857,236.87613341539654,0.0018047741273659154,237.49451743403904,5.246005310382007e-07,237.06679001471275
walk_forward,1,2021-08-26,2021-08-27,233.72000122070312,237.30667114257812,0.015346011908018431,0.0,233.72000122070312,-0.002318469345148057,233.17812856252496,0.0018047741273659154,234.14181303195417,-0.00104873766804258,233.47489025164802
walk_forward,1,2021-08-27,2021-08-30,237.30667114257812,243.6366729736328,0.02667435264494311,0.0,237.30667114257812,-0.002320692959342649,236.7559552216525,0.0018047741273659154,237.7349560829076,-0.0004629774136820974,237.19680351372304
walk_forward,1,2021-08-30,2021-08-31,243.6366729736328,245.24000549316406,0.00658083407543808,0.0,243.6366729736328,-0.001986529041825136,243.15268164711702,0.0018047741273659154,244.07638213749314,0.0008682861991147796,243.84821933437405
walk_forward,1,2021-08-31,2021-09-01,245.24000549316406,244.69667053222656,-0.0022155233598404322,0.0,245.24000549316406,0.0023975436864813746,245.82797912000686,0.0018047741273659154,245.6826083100732,0.0005102965026547658,245.36515061027822
walk_forward,1,2021-09-01,2021-09-02,244.69667053222656,244.1300048828125,-0.002315788147756681,0.0,244.69667053222656,0.0023104313310966596,245.26202538643926,0.0018047741273659154,245.1382927522557,0.0024404908666854058,245.29385052176877
walk_forward,1,2021-09-02,2021-09-03,244.1300048828125,244.52333068847656,0.0016111325842673718,0.0,244.1300048828125,0.0019643309140427922,244.6095569984492,0.0018047741273659154,244.57060439933872,0.0028840989749615727,244.8340999796524
walk_forward,1,2021-09-03,2021-09-07,244.52333068847656,250.97332763671875,0.02637783858939624,0.0,244.52333068847656,-0.0006933275552704582,244.35379592540374,0.0018047741273659154,244.96464006924046,0.002076047348756002,245.03097270086135
walk_forward,1,2021-09-07,2021-09-08,250.97332763671875,251.2899932861328,0.0012617502122473923,0.0,250.97332763671875,-0.0016942294590135036,250.54812123160997,0.0018047741273659154,251.42627780509642,-0.0017106942187021875,250.54398901608218
walk_forward,1,2021-09-08,2021-09-09,251.2899932861328,251.6199951171875,0.001313231087076927,0.0,251.2899932861328,0.0004890005506431351,251.41287423122083,0.0018047741273659154,251.7435149644816,-0.0013968637861975326,250.93897539467758
walk_forward,1,2021-09-09,2021-09-10,251.6199951171875,245.42333984375,-0.024627038366134335,0.0,251.6199951171875,-0.0015433265070218926,251.2316633090264,0.0018047741273659154,252.07411237430293,-0.0009357809759496799,251.38453391258827
walk_forward,1,2021-09-10,2021-09-13,245.42333984375,247.6666717529297,0.00914066245943812,0.0,245.42333984375,0.00030923864725591194,245.4992342253683,0.0018047741273659154,245.86627353775174,0.0013474849083815192,245.75404409035403
walk_forward,1,2021-09-13,2021-09-14,247.6666717529297,248.163330078125,0.0020053498586631857,0.0,247.6666717529297,0.0014733925025672248,248.03158197022623,0.0018047741273659154,248.1136541543202,-0.0018717462206012385,247.20310259610724
walk_forward,1,2021-09-14,2021-09-15,248.163330078125,251.94332885742188,0.015231899000174076,0.0,248.163330078125,-0.0002968746728789257,248.0896566706875,0.0018047741273659154,248.61120883561097,-0.0009216806202467535,247.93460274613608
walk_forward,1,2021-09-15,2021-09-16,251.94332885742188,252.3300018310547,0.0015347617076681974,0.0,251.94332885742188,4.748839016558608e-05,251.95529324052225,0.0018047741273659154,252.39802965890618,0.0007206881468022753,252.12490142819533
walk_forward,1,2021-09-16,2021-09-17,252.3300018310547,253.163330078125,0.0033025333532406,0.0,252.3300018310547,-0.0011110676305956485,252.04964613379207,0.0018047741273659154,252.78540048991758,-0.0009387067358248283,252.0931379586852
walk_forward,1,2021-09-17,2021-09-20,253.163330078125,243.38999938964844,-0.03860484330594227,0.0,253.163330078125,-0.0009880580359720218,252.91319001542786,0.0018047741273659154,253.6202327062478,-0.00026950212654668326,253.09510202230533
walk_forward,1,2021-09-20,2021-09-21,243.38999938964844,246.4600067138672,0.012613531089680885,0.0,243.38999938964844,0.0005331930864768484,243.51977325464063,0.0018047741273659154,243.82926336340648,0.000521783470427276,243.51699626819723
walk_forward,1,2021-09-21,2021-09-22,246.4600067138672,250.64666748046875,0.0169871810945057,0.0,246.4600067138672,-0.00027007940754449154,246.39344294127048,0.0018047741273659154,246.90481135741481,-0.002502565750263793,245.8432243422553
walk_forward,1,2021-09-22,2021-09-23,250.64666748046875,251.2133331298828,0.00226081461648886,0.0,250.64666748046875,-0.0007788955372207054,250.45143990974898,0.0018047741273659154,251.099028101048,-0.0023391698050182724,250.06036236416998
walk_forward,1,2021-09-23,2021-09-24,251.2133331298828,258.1300048828125,0.027533059916662994,0.0,251.2133331298828,-0.00031439200715125803,251.13435366585696,0.0018047741273659154,251.66671645396497,-0.0009247617379766885,250.9810206513347
walk_forward,1,2021-09-24,2021-09-27,258.1300048828125,263.78668212890625,0.02191406322043732,0.0,258.1300048828125,0.0026230023167090385,258.80708048363226,0.0018047741273659154,258.59587123712186,0.00047646412553488946,258.2529945698633
walk_forward,1,2021-09-27,2021-09-28,263.78668212890625,259.1866760253906,-0.01743835612317879,0.0,263.78668212890625,0.005544400615873639,265.249221171761,0.0018047741273659154,264.26275750795617,0.00019259030407332682,263.83748488622797
walk_forward,1,2021-09-28,2021-09-29,259.1866760253906,260.4366760253906,0.004822778775393388,0.0,259.1866760253906,0.0036064736421950634,260.1214259408843,0.0018047741273659154,259.6544494324392,-0.0020306916621063405,258.66034780345683
walk_forward,1,2021-09-29,2021-09-30,260.4366760253906,258.49334716796875,-0.0074618094773734045,0.0,260.4366760253906,0.0018843865308255684,260.92743938982585,0.0018047741273659154,260.9067054000984,-0.0024006785600007596,259.8114512810186
walk_forward,1,2021-09-30,2021-10-01,258.49334716796875,258.40667724609375,-0.0003352887910832436,0.0,258.49334716796875,6.609225377871182e-05,258.5104315758699,0.0018047741273659154,258.9598692730337,-0.0031837649120937186,257.67036511924573
walk_forward,1,2021-10-01,2021-10-04,258.40667724609375,260.510009765625,0.008139621398127295,0.0,258.40667724609375,-0.0009390663228113381,258.16401623790233,0.0018047741273659154,258.8730429315261,-0.002604569148558004,257.7336391867572
walk_forward,1,2021-10-04,2021-10-05,260.510009765625,260.1966552734375,-0.001202850103416031,0.0,260.510009765625,0.000352672022687215,260.6018843576993,0.0018047741273659154,260.9801714911698,-0.0008132975879737417,260.2981376030396
walk_forward,1,2021-10-05,2021-10-06,260.1966552734375,260.9166564941406,0.0027671424905384434,0.0,260.1966552734375,0.0029781838779574235,260.9715687572713,0.0018047741273659154,260.66625146490213,-0.0017776443714960176,259.7341181537086
walk_forward,1,2021-10-06,2021-10-07,260.9166564941406,264.53668212890625,0.013874260399496352,0.0,260.9166564941406,0.0021513699241282286,261.47798474162624,0.0018047741273659154,261.3875521251801,-0.0011124298239747542,260.6264050238848
walk_forward,1,2021-10-07,2021-10-08,264.53668212890625,261.8299865722656,-0.010231834522373306,0.0,264.53668212890625,0.0026394168559691795,265.2349047067394,0.0018047741273659154,265.0141110885517,-0.000726592685282274,264.3444717106825
walk_forward,1,2021-10-08,2021-10-11,261.8299865722656,263.9800109863281,0.008211528565575943,0.0,261.8299865722656,-0.000811321936107889,261.61755816062873,0.0018047741273659154,262.3025305577998,-0.001172702849988682,261.5229378007998
walk_forward,1,2021-10-11,2021-10-12,263.9800109863281,268.5733337402344,0.01740026730336086,0.0,263.9800109863281,-0.0016275865063784213,263.55036068249314,0.0018047741273659154,264.456435280298,-0.0007171427873291406,263.7906996254502
walk_forward,1,2021-10-12,2021-10-13,268.5733337402344,270.3599853515625,0.006652379022320076,0.0,268.5733337402344,-0.00019590033357174894,268.5207201345662,0.0018047741273659154,269.05804794426916,0.0006147974587578526,268.738451943308
walk_forward,1,2021-10-13,2021-10-14,270.3599853515625,272.7733459472656,0.008926471099504285,0.0,270.3599853515625,6.397648126547483e-05,270.3772820321003,0.0018047741273659154,270.8479240582,0.0006908304646941009,270.54675826587766
walk_forward,1,2021-10-14,2021-10-15,272.7733459472656,281.010009765625,0.030195999501915205,0.0,272.7733459472656,0.0008392072626268012,273.0022593202356,0.0018047741273659154,273.2656402246663,0.0011561940107275715,273.08872485613597
walk_forward,1,2021-10-15,2021-10-18,281.010009765625,290.03668212890625,0.03212224493643445,0.0,281.010009765625,0.002590202297239914,281.7378825384673,0.0018047741273659154,281.5171693607808,0.0007474038686561811,281.2200377340549
walk_forward,1,2021-10-18,2021-10-19,290.03668212890625,288.0899963378906,-0.006711860640270406,0.0,290.03668212890625,-0.00042841816472769575,289.91242514584485,0.0018047741273659154,290.56013282879957,0.0008267238639510049,290.2764623754434
walk_forward,1,2021-10-19,2021-10-20,288.0899963378906,288.6000061035156,0.0017703140411262641,0.0,288.0899963378906,-0.000575395161863319,287.9242307478166,0.0018047741273659154,288.60993370963416,-0.0005594834891099545,287.92881474156184
walk_forward,1,2021-10-20,2021-10-21,288.6000061035156,298.0,0.03257101073349511,0.0,288.6000061035156,-0.0013415607176005704,288.2128316722279,0.0018047741273659154,289.1208639276889,0.0003804078336181336,288.7097918066196
walk_forward,1,2021-10-21,2021-10-22,298.0,303.2266540527344,0.01753910755951127,0.0,298.0,-0.0025780600538219504,297.23173810396105,0.0018047741273659154,298.537822689955,0.0006363526040319969,298.18963307600154
walk_forward,1,2021-10-22,2021-10-25,303.2266540527344,341.6199951171875,0.12661598362581983,0.0,303.2266540527344,-0.002005008722840134,302.618681966361,0.0018047741273659154,303.7739096726965,0.0012649909948668028,303.61023303951464
walk_forward,1,2021-10-25,2021-10-26,341.6199951171875,339.4766540527344,-0.006274050392506725,0.0,341.6199951171875,0.0017287458335585116,342.2105692604066,0.005960892213216375,343.65635508596057,0.002106480501177622,342.33961097571427
walk_forward,1,2021-10-26,2021-10-27,339.4766540527344,345.9533386230469,0.019078438805710585,0.0,339.4766540527344,0.003146070184334748,340.5446714323274,0.005960892213216375,341.5002377964461,0.0049785419557409035,341.16675281793044
walk_forward,1,2021-10-27,2021-10-28,345.9533386230469,359.0133361816406,0.03775074872979922,0.0,345.9533386230469,0.00417304996840055,347.3970191918558,0.005960892213216375,348.0155291853812,0.012763858494517435,350.36903808293727
walk_forward,1,2021-10-28,2021-10-29,359.0133361816406,371.3333435058594,0.03431629436179362,0.0,359.0133361816406,-0.001062418715732062,358.63191369408383,0.005960892213216375,361.1533759817266,0.006859398372984813,361.4759516757248
walk_forward,1,2021-10-29,2021-11-01,371.3333435058594,402.86334228515625,0.0849102277797451,0.0,371.3333435058594,0.0012489653935809858,371.7971260013809,0.005960892213216375,373.5468215416711,-0.002998512883304629,370.21989569135644
walk_forward,1,2021-11-01,2021-11-02,402.86334228515625,390.6666564941406,-0.03027499529203259,0.0,402.86334228515625,-0.00048141563656975504,402.6693975727794,0.005960892213216375,405.26476724517414,-0.009496251078752908,399.0376508363908
walk_forward,1,2021-11-02,2021-11-03,390.6666564941406,404.6199951171875,0.03571673801973452,0.0,390.6666564941406,0.006369560303476315,393.1550313212375,0.005960892213216375,392.99537832479984,0.0018434670388063424,391.38683759854825
walk_forward,1,2021-11-03,2021-11-04,404.6199951171875,409.9700012207031,0.013222297879683653,0.0,404.6199951171875,0.00555400285642765,406.86725572583606,0.005960892213216375,407.0318912953932,0.014815059585807682,410.61446445445785
walk_forward,1,2021-11-04,2021-11-05,409.9700012207031,407.36334228515625,-0.006358169933862068,0.0,409.9700012207031,-0.0007729417234388462,409.6531183014014,0.005960892213216375,412.4137882086319,-0.006138910384634997,407.4532321228205
walk_forward,1,2021-11-05,2021-11-08,407.36334228515625,387.64666748046875,-0.04840070953386311,0.0,407.36334228515625,0.0037414623206153907,408.8874768811161,0.04957684118615444,427.5591300106885,0.0354895892001732,421.82049995806597
walk_forward,1,2021-11-08,2021-11-09,387.64666748046875,341.1666564941406,-0.11990303254359846,0.0,387.64666748046875,0.004995210166514573,389.58304405488263,0.005960892213216375,389.95738748213233,0.0051411799592054695,389.6396287585721
walk_forward,1,2021-11-09,2021-11-10,341.1666564941406,355.98333740234375,0.043429451929624774,0.0,341.1666564941406,0.016482586269263366,346.7899653420015,0.024975082500366924,349.6873218864561,0.02450929376058246,349.5284102994712
walk_forward,1,2021-11-10,2021-11-11,355.98333740234375,354.5033264160156,-0.004157528824601631,0.0,355.98333740234375,0.01009843474721832,359.57821190619836,0.01903122580828015,362.7581366804329,-0.00018923508540284433,355.91597286508846
walk_forward,1,2021-11-11,2021-11-12,354.5033264160156,344.47332763671875,-0.02829310201599211,0.0,354.5033264160156,0.007122629590583238,357.02832229870654,0.0018047741273659154,355.1431248475964,0.0008243720838182482,354.79556906193375
walk_forward,1,2021-11-12,2021-11-15,344.47332763671875,337.7966613769531,-0.01938224449936754,0.0,344.47332763671875,0.01741515878200181,350.4723853336767,0.0018047741273659154,345.09502418600516,-0.001248682690013063,344.04318975532755
walk_forward,1,2021-11-15,2021-11-16,337.7966613769531,351.57666015625,0.04079376842602822,0.0,337.7966613769531,0.012705201198517858,342.0884359239349,0.0018047741273659154,338.40630805171685,0.0004620850018358824,337.9527521478457
walk_forward,1,2021-11-16,2021-11-17,351.57666015625,363.0033264160156,0.032501208284666294,0.0,351.57666015625,0.009606923119744502,354.9542301010676,0.0018047741273659154,352.21117661628574,0.0009481611695980056,351.91001149354713
walk_forward,1,2021-11-17,2021-11-18,363.0033264160156,365.4599914550781,0.006767610267700563,0.0,363.0033264160156,0.0014943716168895425,363.54578828384825,0.0018047741273659154,363.658465427679,-0.004087045473550009,361.5197153139035
walk_forward,1,2021-11-18,2021-11-19,365.4599914550781,379.0199890136719,0.03710391800920432,0.0,365.4599914550781,0.0008799376755054844,365.78157347044936,0.0018047741273659154,366.1195641922436,-0.0028104635572647387,364.43287946745534
walk_forward,1,2021-11-19,2021-11-22,379.0199890136719,385.6233215332031,0.017422122080461122,0.0,379.0199890136719,0.0010527623616750936,379.419006992428,0.0018047741273659154,379.70403448359826,0.0016566041604255109,379.6478751043564
walk_forward,1,2021-11-22,2021-11-23,385.6233215332031,369.6766662597656,-0.041352932727292124,0.0,385.6233215332031,-0.004237154998514428,383.989375748825,0.0018047741273659154,386.3192845268152,0.0012031771672254116,386.0872947088215
walk_forward,1,2021-11-23,2021-11-24,369.6766662597656,372.0,0.006284772484400847,0.0,369.6766662597656,-0.0019058864509586765,368.97210451030554,0.0018047741273659154,370.3438491425221,1.9786952031471005e-05,369.6839810342281
walk_forward,1,2021-11-24,2021-11-26,372.0,360.6400146484375,-0.030537595031082,0.0,372.0,-0.003557851312122315,370.6764793118905,0.0018047741273659154,372.6713759753801,-0.003576731853831102,370.6694557503748
walk_forward,1,2021-11-26,2021-11-29,360.6400146484375,378.9966735839844,0.050900227900227524,0.0,360.6400146484375,-0.00279333603932595,359.63262589829696,0.0018047741273659154,361.2908884161679,-0.0005662804307379871,360.43579126560104
walk_forward,1,2021-11-29,2021-11-30,378.9966735839844,381.586669921875,0.006833823403773698,0.0,378.9966735839844,-0.004580064309267116,377.2608444459714,0.0018047741273659154,379.6806769748265,-0.00026580346639307726,378.8959349543943
walk_forward,1,2021-11-30,2021-12-01,381.586669921875,365.0,-0.04346763456194869,0.0,381.586669921875,-0.0038677004775886223,380.1108069763767,0.0018047741273659154,382.27534767109773,-0.0006234391537387396,381.3487738513009
walk_forward,1,2021-12-01,2021-12-02,365.0,361.5333251953125,-0.00949773919092467,0.0,365.0,0.0033191456029395385,366.21148814507296,0.0018047741273659154,365.65874255648856,0.0023587650229888873,365.8609492333909
walk_forward,1,2021-12-02,2021-12-03,361.5333251953125,338.3233337402344,-0.06419876077133224,0.0,361.5333251953125,0.0012196839225019547,361.9742815795019,0.0018047741273659154,362.18581118680555,-0.0018348828430023666,360.86995389973805
walk_forward,1,2021-12-03,2021-12-06,338.3233337402344,336.336669921875,-0.005872086315763081,0.0,338.3233337402344,0.002363483952025263,339.1229555101251,-0.013392559504921646,333.7923183612148,-0.005260709242313351,336.5435130515369
walk_forward,1,2021-12-06,2021-12-07,336.336669921875,350.5833435058594,0.04235837141187604,0.0,336.336669921875,0.0022333040663706357,337.0878119744811,0.0018047741273659154,336.9436816418344,-0.002649190069930629,335.44565015576444
walk_forward,1,2021-12-07,2021-12-08,350.5833435058594,356.32000732421875,0.016363195584229162,0.0,350.5833435058594,0.001662511239397145,351.16619225478325,0.0018047741273659154,351.2160672537042,-0.0021777154258042996,349.8198727506766
walk_forward,1,2021-12-08,2021-12-09,356.32000732421875,334.6000061035156,-0.06095644581905246,0.0,356.32000732421875,0.004595006612725959,357.95730011412013,0.0018047741273659154,356.96308445450035,-0.00039440817085634324,356.1794718018905
walk_forward,1,2021-12-09,2021-12-10,334.6000061035156,339.010009765625,0.013179927022311633,0.0,334.6000061035156,0.0031326161239727352,335.64817947771684,-0.013392559504921646,330.11885561142714,-0.0034446595442225937,333.4474229989942
walk_forward,1,2021-12-10,2021-12-13,339.010009765625,322.13665771484375,-0.04977243020772948,0.0,339.010009765625,0.003861523317981809,340.31910482336417,0.0018047741273659154,339.62184626016807,-0.002994786404583157,337.9947471973613
walk_forward,1,2021-12-13,2021-12-14,322.13665771484375,319.5033264160156,-0.008174578197676419,0.0,322.13665771484375,-0.0001677939621177061,322.0826051287024,0.0018047741273659154,322.7180416201636,-0.00530849459585706,320.4265970082371
walk_forward,1,2021-12-14,2021-12-15,319.5033264160156,325.3299865722656,0.018236618133556703,0.0,319.5033264160156,-0.0021303239753314484,318.82268081955345,0.0018047741273659154,320.0799577531386,-0.003801620837900834,318.28869591253385
walk_forward,1,2021-12-15,2021-12-16,325.3299865722656,308.97332763671875,-0.050277132790258694,0.0,325.3299865722656,-0.0008169742253133268,325.06420035851454,0.0018047741273659154,325.91713371488754,-0.002105738783095243,324.6449266022365
walk_forward,1,2021-12-16,2021-12-17,308.97332763671875,310.8566589355469,0.006095449446181567,0.0,308.97332763671875,0.0013718001842352463,309.3971773044946,0.0018047741273659154,309.53095470448363,-0.0007298396107808824,308.7478266635347
walk_forward,1,2021-12-17,2021-12-20,310.8566589355469,299.9800109863281,-0.03498927121736173,0.0,310.8566589355469,0.0021281155667251467,311.5181978304478,0.0018047741273659154,311.41768499091313,-0.005007687480488821,309.2999859363687
walk_forward,1,2021-12-20,2021-12-21,299.9800109863281,312.84332275390625,0.04288056302579579,0.0,299.9800109863281,0.0030954694555166366,300.9085899476018,0.0018047741273659154,300.5214071488832,-0.0021278063824952506,299.34171160433044
walk_forward,1,2021-12-21,2021-12-22,312.84332275390625,336.2900085449219,0.07494705523716627,0.0,312.84332275390625,0.0014718939987813668,313.30379496322655,0.0018047741273659154,313.40793428873167,-0.0026497391503377617,312.0143695536835
walk_forward,1,2021-12-22,2021-12-23,336.2900085449219,355.6666564941406,0.05761886305530961,0.0,336.2900085449219,-0.004776902219506117,334.6835840567059,0.0018047741273659154,336.8969360516354,-0.003411553588419923,335.14273715952066
walk_forward,1,2021-12-23,2021-12-27,355.6666564941406,364.64666748046875,0.025248391499066658,0.0,355.6666564941406,0.00028060170765361117,355.7664571653083,-0.014484823297071372,350.51488782216285,-0.0037489621157930555,354.33327567309334
walk_forward,1,2021-12-27,2021-12-28,364.64666748046875,362.8233337402344,-0.005000275342793459,0.0,364.64666748046875,-0.002410806810531069,363.7675748110694,-0.014484823297071372,359.36482493614824,-0.0004014320538943642,364.5002866197963
walk_forward,1,2021-12-28,2021-12-29,362.8233337402344,362.0633239746094,-0.0020947102761840197,0.0,362.8233337402344,0.0013307626568968122,363.3061654838267,-0.041329920265153156,347.8278742864134,0.0019859346240156932,363.5438771611099
walk_forward,1,2021-12-29,2021-12-30,362.0633239746094,356.7799987792969,-0.014592268383646134,0.0,362.0633239746094,-3.356172447074391e-05,362.05117250508914,0.0018047741273659154,362.71676649418686,0.001107541353691001,362.46432407856605
walk_forward,1,2021-12-30,2021-12-31,356.7799987792969,352.260009765625,-0.012668840823859995,0.0,356.7799987792969,-0.003706814110804496,355.45748164536894,0.0018047741273659154,357.4239060902554,-0.003836964901906223,355.4110464462786
walk_forward,1,2021-12-31,2022-01-03,352.260009765625,399.9266662597656,0.1353166841897706,0.0,352.260009765625,0.0023873075551852974,353.10096274832813,0.0018047741273659154,352.89575951735566,-0.0009531700910282376,351.9242460600511
walk_forward,1,2022-01-03,2022-01-04,399.9266662597656,383.1966552734375,-0.041832696836128,0.0,399.9266662597656,-0.00013481258193817278,399.8727511133012,0.005960892213216375,402.31058601053104,0.003307509375611908,401.249427457977
walk_forward,1,2022-01-04,2022-01-05,383.1966552734375,362.7066650390625,-0.05347121367683638,0.0,383.1966552734375,0.005511024670408594,385.3084614942675,0.0018047741273659154,383.88823868256816,0.005583473960229135,385.33622381980365
walk_forward,1,2022-01-05,2022-01-06,362.7066650390625,354.8999938964844,-0.02152337383085412,0.0,362.7066650390625,0.01179030300193111,366.98308652069295,0.0018047741273659154,363.36126864394816,0.017145285274308756,368.92537428205037
walk_forward,1,2022-01-06,2022-01-07,354.8999938964844,342.32000732421875,-0.035446567451716815,0.0,354.8999938964844,0.007121791647358775,357.427517708664,0.0018047741273659154,355.54050822327105,-0.002466508040383942,354.0246302080065
walk_forward,1,2022-01-07,2022-01-10,342.32000732421875,352.7066650390625,0.03034195341380186,0.0,342.32000732421875,0.0070909585279377305,344.7473842994381,0.0018047741273659154,342.9378176167172,-0.00570976945645937,340.36543900206397
walk_forward,1,2022-01-10,2022-01-11,352.7066650390625,354.79998779296875,0.005935024657598653,0.0,352.7066650390625,0.007811675887643232,355.4618951897592,0.0018047741273659154,353.3432209026745,-0.00021021875995930629,352.63251948130863
walk_forward,1,2022-01-11,2022-01-12,354.79998779296875,368.739990234375,0.039289748931841784,0.0,354.79998779296875,0.010931682154215024,358.6785484878408,0.0018047741273659154,355.44032163132727,-0.0012946944149528259,354.34063023034787
walk_forward,1,2022-01-12,2022-01-13,368.739990234375,343.85333251953125,-0.06749107331435766,0.0,368.739990234375,0.011998864201707173,373.16445130293613,0.0018047741273659154,369.40548262847517,0.0038577426522224474,370.1624942222822
walk_forward,1,2022-01-13,2022-01-14,343.85333251953125,349.8699951171875,0.017497758575059086,0.0,343.85333251953125,0.008838712873505263,346.8925533962693,-0.013392559504921646,339.2482563027978,-0.004202384257844898,342.40832868794365
walk_forward,1,2022-01-14,2022-01-18,349.8699951171875,343.5033264160156,-0.01819724123253097,0.0,349.8699951171875,0.009676865110696459,353.25563986621654,0.0018047741273659154,350.5014314323166,0.01017233926221692,353.42899140518966
walk_forward,1,2022-01-18,2022-01-19,343.5033264160156,331.8833312988281,-0.0338278969185718,0.0,343.5033264160156,0.0009067522731017628,343.81479883806134,0.0018047741273659154,344.12327233219537,-0.004201808545196876,342.05999120377726
walk_forward,1,2022-01-19,2022-01-20,331.8833312988281,332.0899963378906,0.0006227038828787723,0.0,331.8833312988281,0.00066965246851689,332.10557779089197,0.0018047741273659154,332.48230574846025,0.0012150854020843641,332.28659788988443
walk_forward,1,2022-01-20,2022-01-21,332.0899963378906,314.6333312988281,-0.05256606712507206,0.0,332.0899963378906,0.0003507479053078393,332.2064762084798,0.0018047741273659154,332.68934377123827,-0.0003765968112178451,331.96493230423243
walk_forward,1,2022-01-21,2022-01-24,314.6333312988281,310.0,-0.014726129872195681,0.0,314.6333312988281,0.001147758172235584,314.99445427608407,0.0018047741273659154,315.2011733947632,-0.0013785599286714953,314.1995903960751
walk_forward,1,2022-01-24,2022-01-25,310.0,306.1333312988281,-0.012473124842489969,0.0,310.0,0.006622180761093721,312.05287603593905,0.0018047741273659154,310.55947997948346,0.0016628634713647553,310.51548767612303
walk_forward,1,2022-01-25,2022-01-26,306.1333312988281,312.4700012207031,0.02069905258271132,0.0,306.1333312988281,0.004478537025103624,307.5043607576683,0.0018047741273659154,306.68583281468057,0.0017721133996043928,306.67583427728835
walk_forward,1,2022-01-26,2022-01-27,312.4700012207031,276.3666687011719,-0.11554175561970448,0.0,312.4700012207031,0.006092261897112904,314.37365030313083,0.0018047741273659154,313.03393899448423,0.0003717072752137899,312.58614859344294
walk_forward,1,2022-01-27,2022-01-28,276.3666687011719,282.1166687011719,0.020805692766870276,0.0,276.3666687011719,0.006414258191858621,278.1393558698451,0.0007685525478957499,276.5790710085556,0.01830995854829932,281.4269309492219
walk_forward,1,2022-01-28,2022-01-31,282.1166687011719,312.239990234375,0.10677611383930952,0.0,282.1166687011719,0.0066874536668691574,284.0033108517624,-0.02779886947314279,274.2741442517501,-0.01471215815143544,277.96612365408413
walk_forward,1,2022-01-31,2022-02-01,312.239990234375,310.4166564941406,-0.0058395266373975074,0.0,312.239990234375,-0.0018851937535462595,311.6513573551778,0.0018047741273659154,312.80351289027897,-0.0033807927078495737,311.1843715522916
walk_forward,1,2022-02-01,2022-02-02,310.4166564941406,301.88665771484375,-0.02747919159891432,0.0,310.4166564941406,-0.000491068789337191,310.2642205624459,0.0018047741273659154,310.9768884444847,-0.0022813326407496795,309.70849284344814
walk_forward,1,2022-02-02,2022-02-03,301.88665771484375,297.0466613769531,-0.016032495024879134,0.0,301.88665771484375,0.0031967773898322286,302.8517221565186,0.0018047741273659154,302.4314949440845,0.003106035687009105,302.824328447138
walk_forward,1,2022-02-03,2022-02-04,297.0466613769531,307.7733459472656,0.03611110968421327,0.0,297.0466613769531,0.0015005495906801067,297.4923946230952,0.0018047741273659154,297.58276350602665,-0.003595173161928955,295.9787271921301
walk_forward,1,2022-02-04,2022-02-07,307.7733459472656,302.4466552734375,-0.01730718642133755,0.0,307.7733459472656,-0.0028248447153184615,306.90393403745065,0.0018047741273659154,308.3288073191241,-0.004948971214152398,306.25018451768926
walk_forward,1,2022-02-07,2022-02-08,302.4466552734375,307.3333435058594,0.0161571905234128,0.0,302.4466552734375,-0.003525294041860314,301.3804418816215,0.0018047741273659154,302.99250317178337,0.0004032959160154431,302.5686307743218
walk_forward,1,2022-02-08,2022-02-09,307.3333435058594,310.6666564941406,0.010845920427172029,0.0,307.3333435058594,0.0032054610942177115,308.3184885814233,0.0018047741273659154,307.8880107726956,0.0023236141181113587,308.047467601796
walk_forward,1,2022-02-09,2022-02-10,310.6666564941406,301.51666259765625,-0.029452771017468238,0.0,310.6666564941406,0.00012459713704294183,310.7053646701145,0.0018047741273659154,311.22733963801653,0.0019980325984893794,311.28737860107964
walk_forward,1,2022-02-10,2022-02-11,301.51666259765625,286.6666564941406,-0.04925102969626416,0.0,301.51666259765625,5.130342003757324e-05,301.5321314336458,0.0018047741273659154,302.06083206928224,-0.002749910572362617,300.68751873943546
walk_forward,1,2022-02-11,2022-02-14,286.6666564941406,291.9200134277344,0.01832566437213501,0.0,286.6666564941406,0.003266070669835342,287.6029300529359,0.0018047741273659154,287.1840250589597,0.0019824852017939557,287.23496889848803
walk_forward,1,2022-02-14,2022-02-15,291.9200134277344,307.4766540527344,0.053290764282768466,0.0,291.9200134277344,0.0009004464938760942,292.1828717803176,0.0018047741273659154,292.44686311522906,-0.003323045325910923,290.9499499915735
walk_forward,1,2022-02-15,2022-02-16,307.4766540527344,307.7966613769531,0.0010407532409399955,0.0,307.4766540527344,0.0003512154296103254,307.5846445978827,0.0018047741273659154,308.0315799627378,-0.0009089299104125896,307.19717932511224
walk_forward,1,2022-02-16,2022-02-17,307.7966613769531,292.1166687011719,-0.05094269900666093,0.0,307.7966613769531,0.0006133532067020236,307.98544944622085,0.0018047741273659154,308.3521648278959,-0.0027992648402812704,306.93505700480466
walk_forward,1,2022-02-17,2022-02-18,292.1166687011719,285.6600036621094,-0.022103035296720752,0.0,292.1166687011719,0.0029886459382549905,292.98970199658226,0.0018047741273659154,292.64387330701607,0.0009151406561265159,292.38399654103256
walk_forward,1,2022-02-18,2022-02-22,285.6600036621094,273.84332275390625,-0.04136624223452856,0.0,285.6600036621094,0.0017500313585458388,286.1599176264004,0.0018047741273659154,286.175555445942,-0.0022534296972591453,285.01628892653804
walk_forward,1,2022-02-22,2022-02-23,273.84332275390625,254.67999267578125,-0.06997917599526948,0.0,273.84332275390625,-0.0006282761790778919,273.67127351742045,0.0018047741273659154,274.3375480977644,-0.002512531111803942,273.1552828857273
walk_forward,1,2022-02-23,2022-02-24,254.67999267578125,266.92333984375,0.04807345500262783,0.0,254.67999267578125,0.0039508252420140675,255.68618881948072,0.024975082500366924,261.0406465040517,0.023792026889729333,260.7393459097995
walk_forward,1,2022-02-24,2022-02-25,266.92333984375,269.9566650390625,0.011364031324829549,0.0,266.92333984375,0.003951127762752287,267.97798806233317,0.0018047741273659154,267.4050761814901,-0.00364451870271348,265.9505327394987
walk_forward,1,2022-02-25,2022-02-28,269.9566650390625,290.1433410644531,0.07477746853358713,0.0,269.9566650390625,0.00188825271843441,270.466411445682,0.0018047741273659154,270.443875843635,0.0022166979516402402,270.5550774254862
walk_forward,1,2022-02-28,2022-03-01,290.1433410644531,288.1233215332031,-0.006962143345558558,0.0,290.1433410644531,0.0009056109951049989,290.40609806427756,0.0018047741273659154,290.66698425963375,-0.0036116637606396183,289.09544087413974
walk_forward,1,2022-03-01,2022-03-02,288.1233215332031,293.2966613769531,0.01795529711451649,0.0,288.1233215332031,0.0017403649289424827,288.6247612572099,0.0018047741273659154,288.64331904939695,-0.0016472895447796156,287.64869899803426
walk_forward,1,2022-03-02,2022-03-03,293.2966613769531,279.7633361816406,-0.04614210448825773,0.0,293.2966613769531,0.0036765950339431226,294.3749944256437,0.0018047741273659154,293.825995603049,0.004356707909740989,294.57446926147475
walk_forward,1,2022-03-03,2022-03-04,279.7633361816406,279.42999267578125,-0.0011915196265851469,0.0,279.7633361816406,-0.0047980531658932315,278.42101682077345,0.0018047741273659154,280.2682458125668,-0.003440086897493973,278.80092599444293
walk_forward,1,2022-03-04,2022-03-07,279.42999267578125,268.1933288574219,-0.04021280504200253,0.0,279.42999267578125,-0.0050109872645744446,278.0297725411428,0.0018047741273659154,279.93430069697257,-0.004673984343186573,278.12394126499794
walk_forward,1,2022-03-07,2022-03-08,268.1933288574219,274.79998779296875,0.02463394210323222,0.0,268.1933288574219,-0.0026242883883517906,267.4895122186679,0.0018047741273659154,268.6773572384759,-0.0016079586187128607,267.7620850828043
walk_forward,1,2022-03-08,2022-03-09,274.79998779296875,286.3233337402344,0.04193357517885765,0.0,274.79998779296875,-0.0010835118290843959,274.5022387555628,0.0018047741273659154,275.29593970113797,-0.001245819432178226,274.4576366282139
walk_forward,1,2022-03-09,2022-03-10,286.3233337402344,279.4333190917969,-0.024063755330148706,0.0,286.3233337402344,0.0014859441281497182,286.7487942167579,0.0018047741273659154,286.8400826850299,0.0015592604451668518,286.7697863890638
walk_forward,1,2022-03-10,2022-03-11,279.4333190917969,265.1166687011719,-0.0512345859010529,0.0,279.4333190917969,0.0029117995475335706,280.2469729038942,0.0018047741273659154,279.9376331164177,-0.0023533854558196467,278.7757047827748
walk_forward,1,2022-03-11,2022-03-14,265.1166687011719,255.4566650390625,-0.036436802368687404,0.0,265.1166687011719,0.004380522536594293,266.27801824324416,0.0018047741273659154,265.5951444055772,-0.00045272794417407436,264.9966429767845
walk_forward,1,2022-03-14,2022-03-15,255.4566650390625,267.2966613769531,0.046348355546253384,0.0,255.4566650390625,-4.9151587459120294e-05,255.44410893844884,0.0018047741273659154,255.91770661878817,-0.00305174717685367,254.67707588272108
walk_forward,1,2022-03-15,2022-03-16,267.2966613769531,280.07666015625,0.047812040425278646,0.0,267.2966613769531,-0.0023035598683605807,266.6809275148584,0.0018047741273659154,267.7790714757375,-0.0026882585332762003,266.57809884609026
walk_forward,1,2022-03-16,2022-03-17,280.07666015625,290.5333251953125,0.037335010469022656,0.0,280.07666015625,-0.0010365136451598884,279.78635687630725,0.0018047741273659154,280.5821352661791,-0.0018133239348994852,279.56879044478194
walk_forward,1,2022-03-17,2022-03-18,290.5333251953125,301.7966613769531,0.03876779427650434,0.0,290.5333251953125,0.005185805443903285,292.0399744947457,0.0018047741273659154,291.0576722237626,-0.00023865486908273688,290.46398800262386
walk_forward,1,2022-03-18,2022-03-21,301.7966613769531,307.0533447265625,0.017417963888751054,0.0,301.7966613769531,0.00776465602923111,304.14000864331547,0.0018047741273659154,302.34133618313166,0.004421263686088225,303.13098399648175
walk_forward,1,2022-03-21,2022-03-22,307.0533447265625,331.32666015625,0.07905243778179138,0.0,307.0533447265625,0.008049678622067957,309.5250254714424,0.0018047741273659154,307.60750665884615,0.001987934803326562,307.66374675702224
walk_forward,1,2022-03-22,2022-03-23,331.32666015625,333.03668212890625,0.005161136057840299,0.0,331.32666015625,0.0062977245374070965,333.4132641938132,0.005960892213216375,333.3016626648064,0.0016258517423182787,331.86534818394153
walk_forward,1,2022-03-23,2022-03-24,333.03668212890625,337.97332763671875,0.014823128420135223,0.0,333.03668212890625,0.0002958739319238769,333.1352190015226,0.005960892213216375,335.02187789412386,-0.004794986722859376,331.439775659873
walk_forward,1,2022-03-24,2022-03-25,337.97332763671875,336.8800048828125,-0.003234937980317265,0.0,337.97332763671875,0.001867155232667569,338.6043763039178,0.005960892213216375,339.9879502137033,0.013885137581120045,342.6661337897035
walk_forward,1,2022-03-25,2022-03-28,336.8800048828125,363.9466552734375,0.0803450783611821,0.0,336.8800048828125,-0.0018334385362070542,336.2623560997827,0.005960892213216375,338.88811028070677,0.008125714942119538,339.61739577219004
walk_forward,1,2022-03-28,2022-03-29,363.9466552734375,366.5233459472656,0.007079858095940583,0.0,363.9466552734375,0.002777903824708797,364.95766407911157,0.005960892213216375,366.1161020568831,0.00879536590026305,367.1476992747443
walk_forward,1,2022-03-29,2022-03-30,366.5233459472656,364.663330078125,-0.00507475414515135,0.0,366.5233459472656,0.0033697785735478263,367.7584484651438,0.005960892213216375,368.7081521060847,0.0018439688665373,367.19920358605145
walk_forward,1,2022-03-30,2022-03-31,364.663330078125,359.20001220703125,-0.014981813142339484,0.0,364.663330078125,0.007858763096458977,367.5291327991748,0.005960892213216375,366.83704888283324,0.015713093004859246,370.39331889910426
walk_forward,1,2022-03-31,2022-04-01,359.20001220703125,361.5299987792969,0.006486599368272561,0.0,359.20001220703125,0.004848003434512237,360.94141509988776,0.005960892213216375,361.34116476278336,0.007571208986231468,361.9195905673076
walk_forward,1,2022-04-01,2022-04-04,361.5299987792969,381.8166809082031,0.05611341298759176,0.0,361.5299987792969,0.0011472997452936472,361.9447820548124,0.005960892213216375,363.6850401338645,0.004472033164439993,363.1467729237778
walk_forward,1,2022-04-04,2022-04-05,381.8166809082031,363.7533264160156,-0.047308971544201106,0.0,381.8166809082031,-0.00044781000886184993,381.64569957694204,0.005960892213216375,384.092648988305,0.0025339751339550046,382.78419488335373
walk_forward,1,2022-04-05,2022-04-06,363.7533264160156,348.586669921875,-0.041694894294368345,0.0,363.7533264160156,0.00589544007696987,365.89781235469974,0.0018047741273659154,364.40981900827455,0.004166523069401626,365.26891304209954
walk_forward,1,2022-04-06,2022-04-07,348.586669921875,352.4200134277344,0.010996816105212748,0.0,348.586669921875,0.011421961284550614,352.56821337003305,0.0018047741273659154,349.2157901248946,0.007967913499982014,351.36417835505927
walk_forward,1,2022-04-07,2022-04-08,352.4200134277344,341.8299865722656,-0.03004944796541842,0.0,352.4200134277344,0.004274175326842574,353.9263183538127,0.0018047741273659154,353.05605194993467,0.0011765460274434211,352.8346517945243
walk_forward,1,2022-04-08,2022-04-11,341.8299865722656,325.30999755859375,-0.048328086073804455,0.0,341.8299865722656,0.005349825526738711,343.65871736023473,0.0018047741273659154,342.4469124879891,0.0037856211609457596,343.1240254028794
walk_forward,1,2022-04-11,2022-04-12,325.30999755859375,328.98333740234375,0.011291813566499442,0.0,325.30999755859375,0.008738065531852402,328.15257763542746,0.0018047741273659154,325.897108625561,-0.004484155997045738,323.85125678214246
walk_forward,1,2022-04-12,2022-04-13,328.98333740234375,340.7900085449219,0.03588835603591267,0.0,328.98333740234375,0.007127566681826135,331.3281880768887,0.0018047741273659154,329.577078018022,-0.001138007576966763,328.60895187168404
walk_forward,1,2022-04-13,2022-04-14,340.7900085449219,328.3333435058594,-0.03655231880843268,0.0,340.7900085449219,0.0032587746534418396,341.9005663869143,0.0018047741273659154,341.4050575352085,0.001284258440927889,341.2276709899796
walk_forward,1,2022-04-14,2022-04-18,328.3333435058594,334.7633361816406,0.019583733431163042,0.0,328.3333435058594,0.0025310215659372633,329.164362279089,0.0018047741273659154,328.9259110293703,-0.003217094943070228,327.2770639668253
walk_forward,1,2022-04-18,2022-04-19,334.7633361816406,342.7166748046875,0.023758093445249484,0.0,334.7633361816406,0.00486980362940229,336.3935678911688,0.0018047741273659154,335.3675083895719,-0.0028613470689144356,333.8054620908773
walk_forward,1,2022-04-19,2022-04-20,342.7166748046875,325.73333740234375,-0.04955503671370076,0.0,342.7166748046875,-0.00023360060993516795,342.6366159804182,0.0018047741273659154,343.3352009923919,-0.0021227892524936574,341.98915953076175
walk_forward,1,2022-04-20,2022-04-21,325.73333740234375,336.260009765625,0.03231684066245499,0.0,325.73333740234375,-0.0017432419045858962,325.1655053988634,0.0018047741273659154,326.32121250210804,-0.0041456807111858755,324.38295098848465
walk_forward,1,2022-04-21,2022-04-22,336.260009765625,335.01666259765625,-0.003697576672395231,0.0,336.260009765625,-0.0029002918890038048,335.28475758670544,0.0018047741273659154,336.8668831313178,-0.005842867801816046,334.29528698152706
walk_forward,1,2022-04-22,2022-04-25,335.01666259765625,332.67333984375,-0.006994645387893739,0.0,335.01666259765625,-0.003097867564793848,333.9788253449295,0.0018047741273659154,335.62129200254896,-0.0029513884832734574,334.0278982779608
walk_forward,1,2022-04-25,2022-04-26,332.67333984375,292.1400146484375,-0.12184121881948873,0.0,332.67333984375,-0.0019698015127847497,332.01803939566264,0.0018047741273659154,333.2737400803644,-0.001750753920186368,332.09091068987703
walk_forward,1,2022-04-26,2022-04-27,292.1400146484375,293.836669921875,0.005807678470473254,0.0,292.1400146484375,0.0015480947398678448,292.59227506841967,0.12089992005359837,327.45971906389065,0.03228027091549063,301.5703734665444
walk_forward,1,2022-04-27,2022-04-28,293.836669921875,292.5033264160156,-0.004537702888526063,0.0,293.836669921875,0.003139633856212321,294.75920947895844,-0.02779886947314279,285.6683426882939,-0.01471724469308971,289.51220375083216
walk_forward,1,2022-04-28,2022-04-29,292.5033264160156,290.2533264160156,-0.007692220213591394,0.0,292.5033264160156,-0.0005482103314091427,292.3429730705028,0.0018047741273659154,293.0312288516997,-0.00017853144573273485,292.45110537426893
walk_forward,1,2022-04-29,2022-05-02,290.2533264160156,300.9800109863281,0.03695628471433299,0.0,290.2533264160156,0.0049179629029206156,291.6807815077789,0.0018047741273659154,290.77716810991313,-0.0027265882100099103,289.46192511829355
walk_forward,1,2022-05-02,2022-05-03,300.9800109863281,303.0833435058594,0.006988279761963367,0.0,300.9800109863281,0.005654746222516209,302.68197656650597,0.0018047741273659154,301.52321192301054,-0.0018274637975676806,300.4299809124591
walk_forward,1,2022-05-03,2022-05-04,303.0833435058594,317.5400085449219,0.04769864576468552,0.0,303.0833435058594,0.0046618716336324605,304.4962791475758,0.0018047741273659154,303.6303404826543,0.0003250213721906644,303.18185207005376
walk_forward,1,2022-05-04,2022-05-05,317.5400085449219,291.09332275390625,-0.08328615317548016,0.0,317.5400085449219,0.002416486094759545,318.3073395601005,0.0018047741273659154,318.1130965367473,-0.005297405613816814,315.8578703210446
walk_forward,1,2022-05-05,2022-05-06,291.09332275390625,288.54998779296875,-0.008737180698190294,0.0,291.09332275390625,-0.0002315156781663094,291.0259300858792,-0.013392559504921646,287.1948381074392,-0.008011946281217949,288.7610986891807
walk_forward,1,2022-05-06,2022-05-09,288.54998779296875,262.3699951171875,-0.09072948807249681,0.0,288.54998779296875,0.001303822215179675,288.92620567724305,0.0018047741273659154,289.0707553453893,0.00010939222807474366,288.5815529190444
walk_forward,1,2022-05-09,2022-05-10,262.3699951171875,266.67999267578125,0.016427173986372612,0.0,262.3699951171875,-0.0018277012524831656,261.8904611484978,0.024975082500366924,268.9227073908601,0.014475297479130593,266.1678788461069
walk_forward,1,2022-05-10,2022-05-11,266.67999267578125,244.6666717529297,-0.08254582843646041,0.0,266.67999267578125,0.0016368897000694606,267.1165184090068,0.01903122580828015,271.7552398349445,-0.010902151746283372,263.77260692793215
walk_forward,1,2022-05-11,2022-05-12,244.6666717529297,242.6666717529297,-0.008174386751047313,0.0,244.6666717529297,0.008674654773180706,246.78907066488946,0.0007685525478957499,244.85471094689058,0.02063175115752448,249.71457364107584
walk_forward,1,2022-05-12,2022-05-13,242.6666717529297,256.5299987792969,0.05712909369145702,0.0,242.6666717529297,0.01160487619091426,245.48278843428366,0.03107522359114141,250.20759283577007,0.011058137590175654,245.3501131977236
walk_forward,1,2022-05-13,2022-05-16,256.5299987792969,241.4566650390625,-0.05875856161837267,0.0,256.5299987792969,0.007091301327835239,258.3491303002701,0.0018047741273659154,256.992977483987,0.00012240244594315566,256.56139867860526
walk_forward,1,2022-05-16,2022-05-17,241.4566650390625,253.8699951171875,0.05141017778952928,0.0,241.4566650390625,0.007448211742028266,243.25508540679743,0.03107522359114141,248.9599848927227,-0.0023118695101946706,240.8984487371254
walk_forward,1,2022-05-17,2022-05-18,253.8699951171875,236.60333251953125,-0.06801379812405906,0.0,253.8699951171875,0.006595313739522821,255.54434738403646,0.0018047741273659154,254.32817311608952,0.0039026256159545736,254.8607546632541
walk_forward,1,2022-05-18,2022-05-19,236.60333251953125,236.47332763671875,-0.0005494634476534976,0.0,236.60333251953125,0.002380502888829965,237.1665674361008,-0.013392559504921646,233.43460830970065,-0.0068578830374297055,234.9807345388462
walk_forward,1,2022-05-19,2022-05-20,236.47332763671875,221.3000030517578,-0.06416505716141863,0.0,236.47332763671875,0.004587142141604266,237.55806440328652,0.0018047741273659154,236.90010858024962,-0.0019408624826571356,236.01436542695956
walk_forward,1,2022-05-20,2022-05-23,221.3000030517578,224.96665954589844,0.01656871415985961,0.0,221.3000030517578,0.0012946334787462994,221.58650544455526,-0.013392559504921646,218.3362295924478,0.018211903014591534,225.33029724446524
walk_forward,1,2022-05-23,2022-05-24,224.96665954589844,209.3866729736328,-0.06925464690507588,0.0,224.96665954589844,0.0064609644090724,226.42016112645237,0.0018047741273659154,225.3726735525668,0.017289848135462995,228.85629892498946
walk_forward,1,2022-05-24,2022-05-25,209.3866729736328,219.60000610351562,0.04877737911795821,0.0,209.3866729736328,0.007332767973761437,210.9220568633463,0.06606802832939773,223.22043761545314,0.007063986386661381,210.86577758106685
walk_forward,1,2022-05-25,2022-05-26,219.60000610351562,235.91000366210938,0.07427138936829314,0.0,219.60000610351562,0.006163325102828036,220.95347233371464,0.0018047741273659154,219.99633451290063,0.005175232928445419,220.73648728618934
walk_forward,1,2022-05-26,2022-05-27,235.91000366210938,253.2100067138672,0.07333306253742577,0.0,235.91000366210938,0.0033389450072130148,236.69769419098859,0.0018047741273659154,236.33576793310556,0.003031856798850353,236.62524901062915
walk_forward,1,2022-05-27,2022-05-31,253.2100067138672,252.75332641601562,-0.001803563389055185,0.0,253.2100067138672,0.00031230521005587257,253.28908551820217,0.0018047741273659154,253.66699358277452,-0.003936602373804363,252.21321960036636
walk_forward,1,2022-05-31,2022-06-01,252.75332641601562,246.7899932861328,-0.02359349020027357,0.0,252.75332641601562,0.0035356997482044357,253.64698628858255,0.0018047741273659154,253.20948908013693,0.0025261569131248287,253.3918209788567
walk_forward,1,2022-06-01,2022-06-02,246.7899932861328,258.3333435058594,0.04677398003874078,0.0,246.7899932861328,0.003086160615929248,247.5516268438179,0.0018047741273659154,247.23539348090844,0.006109927841969983,248.29786233723135
walk_forward,1,2022-06-02,2022-06-03,258.3333435058594,234.51666259765625,-0.09219359988526965,0.0,258.3333435058594,-0.0013656611989507402,257.9805476822382,0.0018047741273659154,258.7995768404547,-0.004529693119272847,257.16317273730215
walk_forward,1,2022-06-03,2022-06-06,234.51666259765625,238.27999877929688,0.0160472016783606,0.0,234.51666259765625,0.0006896703471470614,234.67840178576174,-0.013392559504921646,231.3758842389215,-0.018710407813834963,230.12876020131458
walk_forward,1,2022-06-06,2022-06-07,238.27999877929688,238.8866729736328,0.0025460558898939833,0.0,238.27999877929688,0.004160415489704514,239.27134257710506,0.01903122580828015,242.8147592416624,-0.008916517081935794,236.15537109989765
walk_forward,1,2022-06-07,2022-06-08,238.8866729736328,241.86666870117188,0.012474516432601446,0.0,238.8866729736328,0.0021869887551217515,239.4091154411746,0.0018047741273659154,239.31780946038813,0.002382008074416447,239.45570295752646
walk_forward,1,2022-06-08,2022-06-09,241.86666870117188,239.7066650390625,-0.008930555308462429,0.0,241.86666870117188,0.005752289415656357,243.25795577954167,0.0018047741273659154,242.30318340711594,0.0014930389193951786,242.2277850508472
walk_forward,1,2022-06-09,2022-06-10,239.7066650390625,232.22999572753906,-0.031190911234383223,0.0,239.7066650390625,0.005483029040604572,241.02098364469813,0.0018047741273659154,240.13928142628217,0.0007422481409390614,239.88458686555848
walk_forward,1,2022-06-10,2022-06-13,232.22999572753906,215.73666381835938,-0.07102153990705962,0.0,232.22999572753906,0.008526322145752233,234.21006348301876,0.0018047741273659154,232.64911841542641,0.00018934273519195005,232.27396679012375
walk_forward,1,2022-06-13,2022-06-14,215.73666381835938,220.88999938964844,0.023887157055640484,0.0,215.73666381835938,0.006703920646462003,217.18294529313013,-0.013392559504921646,212.84739771077872,-0.003133596847633838,215.06063208869912
walk_forward,1,2022-06-14,2022-06-15,220.88999938964844,233.0,0.05482367080362738,0.0,220.88999938964844,0.001525705485100815,221.22701247332114,0.0018047741273659154,221.28865594554074,0.0012040505279316265,221.15596211002836
walk_forward,1,2022-06-15,2022-06-16,233.0,213.10000610351562,-0.08540769912654234,0.0,233.0,0.005438049957163035,234.267065640019,0.0018047741273659154,233.42051237167627,0.0005960518496249063,233.1388800809626
walk_forward,1,2022-06-16,2022-06-17,213.10000610351562,216.75999450683594,0.017174980283869212,0.0,213.10000610351562,0.007350858042245726,214.66647399718426,-0.013392559504921646,210.24605159127512,-0.00434882610028521,212.17327123500172
walk_forward,1,2022-06-17,2022-06-21,216.75999450683594,237.0366668701172,0.0935443480214786,0.0,216.75999450683594,0.009927488797932309,218.91187692414243,0.0018047741273659154,217.15119733676985,0.0051053089013292806,217.8666212362438
walk_forward,1,2022-06-21,2022-06-22,237.0366668701172,236.086669921875,-0.004007805884153504,0.0,237.0366668701172,0.003028811355092234,237.7546062183066,0.0018047741273659154,237.46446451372142,-0.00015640019528903595,236.99959428912803
walk_forward,1,2022-06-22,2022-06-23,236.086669921875,235.07000732421875,-0.004306310889948484,0.0,236.086669921875,0.0018193486368113774,236.51619388296672,0.0018047741273659154,236.51275303556596,-0.005256029640323304,234.8457913870804
walk_forward,1,2022-06-23,2022-06-24,235.07000732421875,245.7066650390625,0.04524889345059324,0.0,235.07000732421875,0.0005261934738302464,235.193699627966,0.0018047741273659154,235.49425559155722,0.0024319385832746957,235.6416831448012
walk_forward,1,2022-06-24,2022-06-27,245.7066650390625,244.9199981689453,-0.0032016505127857586,0.0,245.7066650390625,-2.2895291548337762e-05,245.70103951333107,0.0018047741273659154,246.15011007104636,0.0032991058405232123,246.51727733274834
walk_forward,1,2022-06-27,2022-06-28,244.9199981689453,232.663330078125,-0.0500435578248114,0.0,244.9199981689453,-0.003451050152643677,244.0747669718789,0.0018047741273659154,245.36202344491514,0.0005233641778169206,245.0481805224179
walk_forward,1,2022-06-28,2022-06-29,232.663330078125,228.49000549316406,-0.01793718238090891,0.0,232.663330078125,-0.0009079271247478637,232.4520887298129,0.0018047741273659154,233.0832348366368,-0.002153607250984259,232.1622646434306
walk_forward,1,2022-06-29,2022-06-30,228.49000549316406,224.47332763671875,-0.017579227799377373,0.0,228.49000549316406,0.004317032187510648,229.47640420140252,0.0018047741273659154,228.9023783434398,0.0006115373472156458,228.62973566498866
walk_forward,1,2022-06-30,2022-07-01,224.47332763671875,227.26333618164062,0.012429131666979787,0.0,224.47332763671875,0.0010251184771436807,224.7034393925051,0.0018047741273659154,224.87845129072122,0.0021817980927047354,224.96308311481965
walk_forward,1,2022-07-01,2022-07-05,227.26333618164062,233.06666564941406,0.025535704813974602,0.0,227.26333618164062,0.000963049374577773,227.4822019954148,0.0018047741273659154,227.6734951708801,-5.6462350525567837e-05,227.25050435949152
walk_forward,1,2022-07-05,2022-07-06,233.06666564941406,231.73333740234375,-0.005720802000385383,0.0,233.06666564941406,0.0032164756019903646,233.81631889311265,0.0018047741273659154,233.48729833752955,-0.0001800520264815523,233.02470152395858
walk_forward,1,2022-07-06,2022-07-07,231.73333740234375,244.5433349609375,0.055279044880592876,0.0,231.73333740234375,0.004805925880095974,232.84703064584667,0.0018047741273659154,232.15156373413566,0.002522572312358789,232.3179015031254
walk_forward,1,2022-07-07,2022-07-08,244.5433349609375,250.76333618164062,0.02543516968760029,0.0,244.5433349609375,0.004683676456233031,245.68869682142275,0.0018047741273659154,244.98468044489476,0.002039383692504165,245.0420526503674
walk_forward,1,2022-07-08,2022-07-11,250.76333618164062,234.3433380126953,-0.06548005948146851,0.0,250.76333618164062,0.003916377989697019,251.74542019208542,0.0018047741273659154,251.2159073628732,-0.00040805987837503905,250.66100972517742
walk_forward,1,2022-07-11,2022-07-12,234.3433380126953,233.07000732421875,-0.005433611636988744,0.0,234.3433380126953,0.004659019739634177,235.43514825034822,-0.013392559504921646,231.2048809137783,-0.002180430608233664,233.83236862565678
walk_forward,1,2022-07-12,2022-07-13,233.07000732421875,237.0399932861328,0.017033448479672808,0.0,233.07000732421875,0.002900087899577678,233.7459308322142,0.0018047741273659154,233.4906460433025,-0.0009150609573052611,232.85673406019748
walk_forward,1,2022-07-13,2022-07-14,237.0399932861328,238.31333923339844,0.005371861218914864,0.0,237.0399932861328,-0.00022614049051072416,236.98638894578042,0.0018047741273659154,237.46779693316662,0.0019116288928541874,237.49312578606055
walk_forward,1,2022-07-14,2022-07-15,238.31333923339844,240.06666564941406,0.0073572315408600986,0.0,238.31333923339844,0.0004932260949476359,238.43088159108248,0.0018047741273659154,238.74344098225305,2.9497107760991423e-05,238.3203687876467
walk_forward,1,2022-07-15,2022-07-18,240.06666564941406,240.54666137695312,0.001999426810217919,0.0,240.06666564941406,0.005063165983791546,241.28216302477244,0.0018047741273659154,240.49993175642112,0.0002215040651482146,240.119841391762
walk_forward,1,2022-07-18,2022-07-19,240.54666137695312,245.52999877929688,0.020716718219316865,0.0,240.54666137695312,0.006170500804969304,242.03095474461227,0.0018047741273659154,240.9807937678305,0.00273392262990261,241.20429733803908
walk_forward,1,2022-07-19,2022-07-20,245.52999877929688,247.5,0.008023464466653252,0.0,245.52999877929688,0.0011064407495952415,245.80166317519436,0.0018047741273659154,245.97312496858592,3.31366933997193e-05,245.53813483158683
walk_forward,2,2022-07-20,2022-07-21,247.5,271.7066650390625,0.09780470722853529,0.0,247.5,-8.00621282675976e-05,247.48018462325376,0.0016070681747013993,247.89774937323858,-0.001181946957423148,247.2074681280378
walk_forward,2,2022-07-21,2022-07-22,271.7066650390625,272.24334716796875,0.0019752262198982073,0.0,271.7066650390625,0.002864583013538009,272.4849913363985,0.027978800328572893,279.3086915681328,0.0008320397522426823,271.9327357853243
walk_forward,2,2022-07-22,2022-07-25,272.24334716796875,268.4333190917969,-0.013994935471540293,0.0,272.24334716796875,0.0011211605669414785,272.5485756734256,0.0016070681747013993,272.68086078697655,0.0006691581062524795,272.42552101059954
walk_forward,2,2022-07-25,2022-07-26,268.4333190917969,258.8599853515625,-0.0356637312112531,0.0,268.4333190917969,0.004084597551287275,269.52976116964317,0.0016070681747013993,268.86470973593873,0.017642736720724448,273.16921746760363
walk_forward,2,2022-07-26,2022-07-27,258.8599853515625,274.82000732421875,0.061655036992220635,0.0,258.8599853515625,0.0021005382250119044,259.40373064571946,0.0016070681747013993,259.27599099572467,0.00018055041761269437,258.9067226300209
walk_forward,2,2022-07-27,2022-07-28,274.82000732421875,280.8999938964844,0.02212352234272652,0.0,274.82000732421875,0.0003358551208626735,274.91230703099416,0.0016070681747013993,275.2616618117607,0.007306820417725454,276.82806776493476
walk_forward,2,2022-07-28,2022-07-29,280.8999938964844,297.1499938964844,0.05784976985791013,0.0,280.8999938964844,-0.0010479905041833317,280.6056133702557,0.0016070681747013993,281.3514193369492,0.0037220060219051894,281.94550536532023
walk_forward,2,2022-07-29,2022-08-01,297.1499938964844,297.27667236328125,0.00042631152414229767,0.0,297.1499938964844,0.0031789222076544967,298.09461061108635,0.004196728790540262,298.3970518309786,0.008211064490348757,299.5899116596752
walk_forward,2,2022-08-01,2022-08-02,297.27667236328125,300.586669921875,0.011134400598203698,0.0,297.27667236328125,0.001441432014018214,297.7051764758465,0.004196728790540262,298.5242619329442,0.00880946058163208,299.8955194903043
walk_forward,2,2022-08-02,2022-08-03,300.586669921875,307.39666748046875,0.02265568716125621,0.0,300.586669921875,0.0031667262574585136,301.53854562215867,0.004196728790540262,301.84815065358873,0.01797031597414784,305.98830735798794
walk_forward,2,2022-08-03,2022-08-04,307.39666748046875,308.6333312988281,0.004023022853486102,0.0,307.39666748046875,-0.0023862375507337852,306.66314600955644,0.004196728790540262,308.6867279250001,0.007319658967349654,309.64670625412555
walk_forward,2,2022-08-04,2022-08-05,308.6333312988281,288.1700134277344,-0.0663030068235908,0.0,308.6333312988281,0.0014028585434283994,309.0663002044275,0.004196728790540262,309.92858168601026,0.007027129407545507,310.80213765734686
walk_forward,2,2022-08-05,2022-08-08,288.1700134277344,290.42333984375,0.007819434052879659,0.0,288.1700134277344,0.006037227252014229,289.9097612860136,0.0016070681747013993,288.6331222852173,0.005712026907816001,289.8160482984593
walk_forward,2,2022-08-08,2022-08-09,290.42333984375,283.3333435058594,-0.024412625864385085,0.0,290.42333984375,0.00456529873177231,291.74920914881574,0.0016070681747013993,290.89006995040336,0.0021494195424098116,291.0475814459821
walk_forward,2,2022-08-09,2022-08-10,283.3333435058594,294.3566589355469,0.03890581776676605,0.0,283.3333435058594,0.0027432701456158786,284.1106034083565,0.0016070681747013993,283.78867950503934,0.002124770173558998,283.93536174331535
walk_forward,2,2022-08-10,2022-08-11,294.3566589355469,286.6300048828125,-0.026249292544206493,0.0,294.3566589355469,0.0029879178746254325,295.2361724582954,0.0016070681747013993,294.82971015413364,0.0007876940939370276,294.58852193730144
walk_forward,2,2022-08-11,2022-08-12,286.6300048828125,300.0299987792969,0.046750143628413676,0.0,286.6300048828125,0.005354936108546853,288.1648902457524,0.0016070681747013993,287.09063884157416,-0.0004007549800242911,286.5151364809313
walk_forward,2,2022-08-12,2022-08-15,300.0299987792969,309.32000732421875,0.03096359891583922,0.0,300.0299987792969,0.003689890757633786,301.13707669880546,0.0016070681747013993,300.5121674417908,0.0014742755798219835,300.4723256797112
walk_forward,2,2022-08-15,2022-08-16,309.32000732421875,306.5633239746094,-0.008912075793144236,0.0,309.32000732421875,-0.0040486202800015135,308.0676880695557,-0.00881727018591938,306.59264924573057,0.0008870461454316508,309.5943884444206
walk_forward,2,2022-08-16,2022-08-17,306.5633239746094,303.9966735839844,-0.008372333511224461,0.0,306.5633239746094,-0.0001254804635693091,306.5248562666037,0.0016070681747013993,307.05599213609963,0.003230193216298963,307.55358274407826
walk_forward,2,2022-08-17,2022-08-18,303.9966735839844,302.8699951171875,-0.0037062197211366055,0.0,303.9966735839844,-0.003437219447870738,302.95177030545346,0.0016070681747013993,304.48521696331625,0.0008762981896743027,304.2630653187131
walk_forward,2,2022-08-18,2022-08-19,302.8699951171875,296.6666564941406,-0.020481852686155544,0.0,302.8699951171875,4.996925017939149e-07,302.8701464590531,0.0016070681747013993,303.3567278474123,0.0021240646553269474,303.51331056897493
walk_forward,2,2022-08-19,2022-08-22,296.6666564941406,289.913330078125,-0.022764022407583906,0.0,296.6666564941406,-0.002788560131535148,295.8393836834852,0.0016070681747013993,297.1434200362874,0.0006882604950156896,296.8708404339939
walk_forward,2,2022-08-22,2022-08-23,289.913330078125,296.4533386230469,0.0225584954757323,0.0,289.913330078125,0.0001596769507936969,289.95962255466634,0.0016070681747013993,290.37924056431524,-0.0006754921294899014,289.717495905423
walk_forward,2,2022-08-23,2022-08-24,296.4533386230469,297.0966796875,0.002170125887066332,0.0,296.4533386230469,-0.0012879120486406557,296.0715327963745,0.0016070681747013993,296.92975934883196,0.0031426904206496766,297.3849996905072
walk_forward,2,2022-08-24,2022-08-25,297.0966796875,296.07000732421875,-0.003455684406709514,0.0,297.0966796875,-0.001828621654648429,296.5534022654993,0.0016070681747013993,297.57413430623524,0.0014743214400769972,297.53469569213894
walk_forward,2,2022-08-25,2022-08-26,296.07000732421875,288.0899963378906,-0.026953121859416895,0.0,296.07000732421875,-0.0032376671304465672,295.11143119319405,0.0016070681747013993,296.54581201047307,-0.0009721134503370466,295.7821936878575
walk_forward,2,2022-08-26,2022-08-29,288.0899963378906,284.82000732421875,-0.01135058160727187,0.0,288.0899963378906,-0.0035491636629272636,287.06751779123533,0.0016070681747013993,288.5529766024551,-0.0009893703504920246,287.80496863724056
walk_forward,2,2022-08-29,2022-08-30,284.82000732421875,277.70001220703125,-0.0249982267189629,0.0,284.82000732421875,-0.005172951323565467,283.346647290353,0.0016070681747013993,285.2777324935077,-0.0022162024388494165,284.1887885293537
walk_forward,2,2022-08-30,2022-08-31,277.70001220703125,275.6099853515625,-0.007526203685978228,0.0,277.70001220703125,-0.004689749497390559,276.39766871435796,0.0016070681747013993,278.14629505876337,-0.00016384027348837317,277.65451376108354
walk_forward,2,2022-08-31,2022-09-01,275.6099853515625,277.1600036621094,0.005623955563764049,0.0,275.6099853515625,-0.0026175525436898175,274.8885617333392,0.0016070681747013993,276.0529093876509,0.0010997336517608826,275.91308292721493
walk_forward,2,2022-09-01,2022-09-02,277.1600036621094,270.2099914550781,-0.02507581222110289,0.0,277.1600036621094,-0.00026151069137844533,277.08752335792923,0.0016070681747013993,277.6054186832949,-0.0003554548014675064,277.06148580803296
walk_forward,2,2022-09-02,2022-09-06,270.2099914550781,274.4200134277344,0.015580556255471167,0.0,270.2099914550781,0.002509998985470099,270.88821825949424,0.0016070681747013993,270.6442373328319,0.0012122121837217685,270.5375432988833
walk_forward,2,2022-09-06,2022-09-07,274.4200134277344,283.70001220703125,0.03381677109982606,0.0,274.4200134277344,0.0005051108595348327,274.55862595659045,0.0016070681747013993,274.86102509781523,-0.0007701668603218301,274.20866422758326
walk_forward,2,2022-09-07,2022-09-08,283.70001220703125,289.260009765625,0.01959815762903916,0.0,283.70001220703125,-0.0018906801725334888,283.1636262190039,0.0016070681747013993,284.15593746781155,0.0004073869074216177,283.81558787763976
walk_forward,2,2022-09-08,2022-09-09,289.260009765625,299.67999267578125,0.03602289482946186,0.0,289.260009765625,-0.002635511839252781,288.4976615852653,0.0016070681747013993,289.72487032153316,-0.0009285403077660888,288.9914201871328
walk_forward,2,2022-09-09,2022-09-12,299.67999267578125,304.4200134277344,0.01581694096302666,0.0,299.67999267578125,-0.004165538877524007,298.43166401547415,0.0016070681747013993,300.16159885460524,0.00016586195029378003,299.72969818383046
walk_forward,2,2022-09-12,2022-09-13,304.4200134277344,292.1300048828125,-0.04037188096320543,0.0,304.4200134277344,-0.003147051463345935,303.46198797900485,0.0016070681747013993,304.90923714305626,0.0007462358194953073,304.64718254592543
walk_forward,2,2022-09-13,2022-09-14,292.1300048828125,302.6099853515625,0.03587437200418364,0.0,292.1300048828125,-0.004050590868441046,290.94670575263655,0.0016070681747013993,292.59947771653503,-0.0008047350042492879,291.8949176420918
walk_forward,2,2022-09-14,2022-09-15,302.6099853515625,303.75,0.003767273730617582,0.0,302.6099853515625,-0.004091506111785997,301.37185474700914,0.0016070681747013993,303.09630022836785,0.0011385597600364502,302.954524903869
walk_forward,2,2022-09-15,2022-09-16,303.75,303.3500061035156,-0.0013168523341049454,0.0,303.75,-0.0032331274157865507,302.76793754745484,0.0016070681747013993,304.23814695806556,0.002315592305937427,304.4533611629285
walk_forward,2,2022-09-16,2022-09-19,303.3500061035156,309.07000732421875,0.018856110452001085,0.0,303.3500061035156,-0.0017108634090811812,302.8310156779286,0.0016070681747013993,303.83751024412004,0.0013551761989460602,303.76109881173727
walk_forward,2,2022-09-19,2022-09-20,309.07000732421875,308.7300109863281,-0.0011000625419275156,0.0,309.07000732421875,7.999931396340549e-05,309.0947327127713,0.0016070681747013993,309.56670389674423,0.0005809629409815272,309.24956554464296
walk_forward,2,2022-09-20,2022-09-21,308.7300109863281,300.79998779296875,-0.025685948599634356,0.0,308.7300109863281,0.00039364427460415394,308.85154078755136,0.0016070681747013993,309.22616116155945,-8.801083780743594e-05,308.7028393994049
walk_forward,2,2022-09-21,2022-09-22,300.79998779296875,288.5899963378906,-0.040591728559117746,0.0,300.79998779296875,-0.001250259106312756,300.42390986905184,0.0016070681747013993,301.2833938803014,-0.0018738235902374296,300.23634167989917
walk_forward,2,2022-09-22,2022-09-23,288.5899963378906,275.3299865722656,-0.04594757245188685,0.0,288.5899963378906,0.0019890800225121938,289.1640249343032,0.0016070681747013993,289.05378013654246,-0.000619073137411796,288.41133802343205
walk_forward,2,2022-09-23,2022-09-26,275.3299865722656,276.010009765625,0.0024698479153155706,0.0,275.3299865722656,0.0014740592087107195,275.7358392744067,0.0016070681747013993,275.77246063122686,0.002527771648991748,276.0259579064403
walk_forward,2,2022-09-26,2022-09-27,276.010009765625,282.94000244140625,0.02510775852537339,0.0,276.010009765625,0.0017527204611800825,276.4937781572317,0.0016070681747013993,276.4535766682183,0.0019534799812978426,276.54918979434
walk_forward,2,2022-09-27,2022-09-28,282.94000244140625,287.80999755859375,0.017212112374233923,0.0,282.94000244140625,0.002906656089651641,283.7624117225086,0.0016070681747013993,283.39470631467975,0.0015630628529983322,283.38225544884966
walk_forward,2,2022-09-28,2022-09-29,287.80999755859375,268.2099914550781,-0.06810050474193607,0.0,287.80999755859375,0.003671155594833296,288.86659284137994,0.0016070681747013993,288.27252784603104,0.0009431375718610853,288.0814419808485
walk_forward,2,2022-09-29,2022-09-30,268.2099914550781,265.25,-0.011036096899372572,0.0,268.2099914550781,0.004703838485152213,269.4716079349869,0.0016070681747013993,268.6410231964825,-0.0007781321441987285,268.0012886393317
walk_forward,2,2022-09-30,2022-10-03,265.25,242.39999389648438,-0.08614516909902215,0.0,265.25,0.002490008637367449,265.9104747910617,0.0016070681747013993,265.67627483333956,-0.0002904046419552266,265.1729701687214
walk_forward,2,2022-10-03,2022-10-04,242.39999389648438,249.44000244140625,0.029042940273044104,0.0,242.39999389648438,0.000696792145862441,242.56889630838856,0.022036835485584376,247.74172268368787,0.026446862531462115,248.81071321269198
walk_forward,2,2022-10-04,2022-10-05,249.44000244140625,240.80999755859375,-0.034597517632881325,0.0,249.44000244140625,0.0017693323823172458,249.88134471517108,0.0016070681747013993,249.84086953082726,-0.0035105625320673325,248.56432771483665
walk_forward,2,2022-10-05,2022-10-06,240.80999755859375,238.1300048828125,-0.011129075632041241,0.0,240.80999755859375,0.004724270946406843,241.94764923366412,0.0016070681747013993,241.19699564182008,-0.0047192215259708415,239.67356183444625
walk_forward,2,2022-10-06,2022-10-07,238.1300048828125,223.07000732421875,-0.06324275500689214,0.0,238.1300048828125,0.007074111963920504,239.81456319932246,0.0016070681747013993,238.51269603510116,-0.0012654555378576332,237.82866194940348
walk_forward,2,2022-10-07,2022-10-10,223.07000732421875,222.9600067138672,-0.0004931214719139376,0.0,223.07000732421875,0.005886933350065257,224.383205589735,0.05065006703793128,234.36851814934226,0.017242337605679375,226.91625570020432
walk_forward,2,2022-10-10,2022-10-11,222.9600067138672,216.5,-0.02897383620084637,0.0,222.9600067138672,0.006997437477796856,224.52015542089663,0.05065006703793128,234.25294600070217,0.02639573290076042,228.84519949863818
walk_forward,2,2022-10-11,2022-10-12,216.5,217.24000549316406,0.003418039229395209,0.0,216.5,0.004325190041558814,217.4364036439975,0.05065006703793128,227.46573951371212,0.02172870178412049,221.2042639362621
walk_forward,2,2022-10-12,2022-10-13,217.24000549316406,221.72000122070312,0.020622332969329804,0.0,217.24000549316406,0.00737051652418146,218.84117654336472,0.0016070681747013993,217.58912499226406,0.01841834574805921,221.24120702464742
walk_forward,2,2022-10-13,2022-10-14,221.72000122070312,204.99000549316406,-0.07545550981161053,0.0,221.72000122070312,0.002351212499470951,222.24131205895594,0.0016070681747013993,222.07632037835967,0.0025700882612000016,222.28984119311372
walk_forward,2,2022-10-14,2022-10-17,204.99000549316406,219.35000610351562,0.07005219876844393,0.0,204.99000549316406,0.006322306518564338,206.28601514113402,0.0016070681747013993,205.31943840712398,0.022447361776031592,209.59149030693985
walk_forward,2,2022-10-17,2022-10-18,219.35000610351562,220.19000244140625,0.003829479437051919,0.0,219.35000610351562,-0.0005807872769113698,219.22261041078028,-0.00881727018591938,217.41593783441786,0.0011749460305095795,219.6077305224792
walk_forward,2,2022-10-18,2022-10-19,220.19000244140625,222.0399932861328,0.008401793106927569,0.0,220.19000244140625,-0.0010948932477230933,219.94891789451702,0.0016070681747013993,220.54386278671726,0.010304097570943627,222.45886171070882
walk_forward,2,2022-10-19,2022-10-20,222.0399932861328,207.27999877929688,-0.0664744863679374,0.0,222.0399932861328,-0.002208563169625688,221.5496039347771,0.0016070681747013993,222.39682669285386,0.0015218772946546959,222.3779109104203
walk_forward,2,2022-10-20,2022-10-21,207.27999877929688,214.44000244140625,0.03454266549727758,0.0,207.27999877929688,0.000996277909942076,207.48650726325351,0.0016070681747013993,207.61311186858723,0.004208521660428281,208.15234114393309
walk_forward,2,2022-10-21,2022-10-24,214.44000244140625,211.25,-0.014875967194030837,0.0,214.44000244140625,0.000841288899288022,214.62040843502348,0.0016070681747013993,214.78462214471273,0.006076603414628747,215.74306929247467
walk_forward,2,2022-10-24,2022-10-25,211.25,222.4199981689453,0.05287573097725584,0.0,211.25,-0.003105164328270929,210.59403403565278,-0.00881727018591938,209.38735167322454,-0.00021199411604690387,211.2052162429851
walk_forward,2,2022-10-25,2022-10-26,222.4199981689453,224.63999938964844,0.009981122376490958,0.0,222.4199981689453,0.001691431877807786,222.79620644411023,0.0016070681747013993,222.77744226941977,0.007378032566309427,224.0610201588343
walk_forward,2,2022-10-26,2022-10-27,224.63999938964844,225.08999633789062,0.00200319154854367,0.0,224.63999938964844,-0.0009473146897973697,224.42719461831055,0.0016070681747013993,225.00101118343247,0.0047184190045808806,225.69994503195758
walk_forward,2,2022-10-27,2022-10-28,225.08999633789062,228.52000427246094,0.015238384603380561,0.0,225.08999633789062,0.0035629732322667446,225.89198596969356,0.0016070681747013993,225.45173130744888,0.004338613190937834,226.06657476515034
walk_forward,2,2022-10-28,2022-10-31,228.52000427246094,227.5399932861328,-0.004288512900427199,0.0,228.52000427246094,-0.002028244560349071,228.05650981686435,-0.00881727018591938,226.5050816519032,-0.001151952396193943,228.25676010596104
walk_forward,2,2022-10-31,2022-11-01,227.5399932861328,227.82000732421875,0.0012306146011606955,0.0,227.5399932861328,0.0017533968235342473,227.9389611875877,0.0016070681747013993,227.9056655678147,0.0005185171103357715,227.65797666593733
walk_forward,2,2022-11-01,2022-11-02,227.82000732421875,214.97999572753906,-0.05636033352596026,0.0,227.82000732421875,-7.627509444237991e-05,227.80263033164422,0.0016070681747013993,228.18612960754973,-0.0008516798563863388,227.6259776130989
walk_forward,2,2022-11-02,2022-11-03,214.97999572753906,215.30999755859375,0.0015350350619269815,0.0,214.97999572753906,0.0028655675355725146,215.5960354240934,0.0016070681747013993,215.3254832368702,0.0009497347613938393,215.1841697024858
walk_forward,2,2022-11-03,2022-11-04,215.30999755859375,207.47000122070312,-0.03641259777431871,0.0,215.30999755859375,-0.0010008507010615796,215.09450439659167,0.0016070681747013993,215.6560154033652,0.00399928051660703,216.17108263686058
walk_forward,2,2022-11-04,2022-11-07,207.47000122070312,197.0800018310547,-0.05007952633400592,0.0,207.47000122070312,2.4680487475161814e-05,207.47512168146972,0.0016070681747013993,207.80341965687018,0.0002089714189472631,207.5133565212472
walk_forward,2,2022-11-07,2022-11-08,197.0800018310547,191.3000030517578,-0.02932818513088775,0.0,197.0800018310547,0.0034284223293587117,197.75567531000235,0.0016070681747013993,197.39672282986746,-0.0005132319764689784,196.9788540721924
walk_forward,2,2022-11-08,2022-11-09,191.3000030517578,177.58999633789062,-0.07166757185130745,0.0,191.3000030517578,0.005760470580916014,192.4019810914666,0.05065006703793128,200.9893610306858,0.020755157719539882,195.2704647868455
walk_forward,2,2022-11-09,2022-11-10,177.58999633789062,190.72000122070312,0.07393437216942544,0.0,177.58999633789062,0.008771610593647474,179.1477466310939,0.022036835485584376,181.50351787107425,0.03761457283118495,184.2699681892321
walk_forward,2,2022-11-10,2022-11-11,190.72000122070312,195.97000122070312,0.027527264924482875,0.0,190.72000122070312,0.004459113982403211,191.57044344487034,-0.00881727018591938,189.0383714400813,0.0011684737187205802,190.94285252976385
walk_forward,2,2022-11-11,2022-11-14,195.97000122070312,190.9499969482422,-0.02561618738169713,0.0,195.97000122070312,0.0031642250706484555,196.5900944116607,0.0016070681747013993,196.2849383728611,0.005336671903506065,197.01582882014773
walk_forward,2,2022-11-14,2022-11-15,190.9499969482422,194.4199981689453,0.018172303095892017,0.0,190.9499969482422,0.005666623826026886,192.03203875052884,0.0016070681747013993,191.25686661129703,0.0010967050026923241,191.15941276515943
walk_forward,2,2022-11-15,2022-11-16,194.4199981689453,186.9199981689453,-0.03857627852399581,0.0,194.4199981689453,0.0014313880560448558,194.6982886321806,0.0016070681747013993,194.73244436052812,0.00486642644843924,195.36612879014018
walk_forward,2,2022-11-16,2022-11-17,186.9199981689453,183.1699981689453,-0.020062058831236462,0.0,186.9199981689453,0.0016171744726316741,187.22228041840847,0.0016070681747013993,187.22039134921786,0.0008321338395844419,187.07554062471675
walk_forward,2,2022-11-17,2022-11-18,183.1699981689453,180.19000244140625,-0.016269016527425406,0.0,183.1699981689453,-0.0016163667029611781,182.87392828292357,-0.00881727018591938,181.55493880513535,-0.004284456962594373,182.38521419495197
walk_forward,2,2022-11-18,2022-11-21,180.19000244140625,167.8699951171875,-0.06837231343190053,0.0,180.19000244140625,0.0022176487783765082,180.5896005801961,0.0016070681747013993,180.4795800597292,0.0023115765773333713,180.60652543051944
walk_forward,2,2022-11-21,2022-11-22,167.8699951171875,169.91000366210938,0.012152311933396831,0.0,167.8699951171875,0.005191360550396079,168.74146878743406,0.0016070681747013993,168.1397736438276,0.0008038205723986668,168.00493247275114
walk_forward,2,2022-11-22,2022-11-23,169.91000366210938,183.1999969482422,0.07821783885404354,0.0,169.91000366210938,0.0021725597519906053,170.27914329752625,0.0016070681747013993,170.18306062155816,0.0007358401401088352,170.03503026301
walk_forward,2,2022-11-23,2022-11-25,183.1999969482422,182.86000061035156,-0.0018558752377418886,0.0,183.1999969482422,-0.0008268127893405835,183.04852484775822,0.0016070681747013993,183.4944118329431,0.0036857633123248243,183.87522877581205
walk_forward,2,2022-11-25,2022-11-28,182.86000061035156,182.9199981689453,0.0003281065208000644,0.0,182.86000061035156,-5.160686656727155e-05,182.85056377869958,0.0016070681747013993,183.15386909775833,0.00011536291587124524,182.8810958732182
walk_forward,2,2022-11-28,2022-11-29,182.9199981689453,180.8300018310547,-0.011425739989130657,0.0,182.9199981689453,0.0012377022927277793,183.14639867006477,0.0016070681747013993,183.21396307651906,0.005581913908409158,183.94104185085075
walk_forward,2,2022-11-29,2022-11-30,180.8300018310547,194.6999969482422,0.07670184691003823,0.0,180.8300018310547,0.0018302433977263285,181.16096474801682,0.0016070681747013993,181.12060797202855,0.004351582684526944,181.61689853586566
walk_forward,2,2022-11-30,2022-12-01,194.6999969482422,194.6999969482422,0.0,0.0,194.6999969482422,-0.005785672748051641,193.573526481853,-0.00881727018591938,192.98327446995185,-0.006060515128883144,193.52001467114385
walk_forward,2,2022-12-01,2022-12-02,194.6999969482422,194.86000061035156,0.0008217959148295595,0.0,194.6999969482422,-0.002435821110407562,194.22574258547937,0.0016070681747013993,195.01289311695217,-0.0013205177027219184,194.44289215555213
walk_forward,2,2022-12-02,2022-12-05,194.86000061035156,182.4499969482422,-0.06368676805520912,0.0,194.86000061035156,0.0035884342448200698,195.5592429094874,0.0016070681747013993,195.17315391585475,0.00353185007488474,195.54821691809926
walk_forward,2,2022-12-05,2022-12-06,182.4499969482422,179.82000732421875,-0.01441485156488942,0.0,182.4499969482422,-0.0006369397288931758,182.3337872966494,0.0016070681747013993,182.74320653181206,0.003484060292117282,183.0856637379065
walk_forward,2,2022-12-06,2022-12-07,179.82000732421875,174.0399932861328,-0.032143331123685615,0.0,179.82000732421875,-0.00020129193372961504,179.78381100722117,0.0016070681747013993,180.10899033516407,0.0007117918334026598,179.94800173691456
walk_forward,2,2022-12-07,2022-12-08,174.0399932861328,173.44000244140625,-0.003447430865732959,0.0,174.0399932861328,-0.0010638717043178342,173.85483706185602,0.0016070681747013993,174.3196874204682,-0.00247812619080116,173.6087002205236
walk_forward,2,2022-12-08,2022-12-09,173.44000244140625,179.0500030517578,0.0323454827685834,0.0,173.44000244140625,0.00371051489011598,174.08355415300684,0.0016070681747013993,173.71873234954995,0.0035330115808002425,174.05276797860577
walk_forward,2,2022-12-09,2022-12-12,179.0500030517578,167.82000732421875,-0.0627198857086465,0.0,179.0500030517578,0.0018920493572489056,179.3887744949473,0.0016070681747013993,179.33774861334248,0.0028808178815670446,179.56581350224397
walk_forward,2,2022-12-12,2022-12-13,167.82000732421875,160.9499969482422,-0.04093677795344208,0.0,167.82000732421875,0.003713415217651197,168.44319269324285,0.0016070681747013993,168.08970551706764,0.0007951753252297261,167.95345365312284
walk_forward,2,2022-12-13,2022-12-14,160.9499969482422,156.8000030517578,-0.025784367661833008,0.0,160.9499969482422,0.0025049938031816397,161.35317569321964,-0.00881727018591938,159.53085733872663,0.001061358773178741,161.12082263954628
walk_forward,2,2022-12-14,2022-12-15,156.8000030517578,157.6699981689453,0.005548438139381551,0.0,156.8000030517578,0.004990842564957498,157.58256718117397,0.05065006703793128,164.74193371787717,0.01625078762260314,159.34812660057545
walk_forward,2,2022-12-15,2022-12-16,157.6699981689453,150.22999572753906,-0.047187179094365206,0.0,157.6699981689453,0.004391985882580209,158.36248257500978,0.0016070681747013993,157.92338460510786,-0.0036192213520786186,157.09935554499006
walk_forward,2,2022-12-16,2022-12-19,150.22999572753906,149.8699951171875,-0.00239632976495896,0.0,150.22999572753906,0.009324585725540013,151.630828201248,0.0016070681747013993,150.4714255725583,0.008598929599329974,151.52181288450782
walk_forward,2,2022-12-19,2022-12-20,149.8699951171875,137.8000030517578,-0.08053641461716088,0.0,149.8699951171875,0.011029652377342158,151.52300906512403,0.0016070681747013993,150.110846416683,-0.004042718886492766,149.26411285740866
walk_forward,2,2022-12-20,2022-12-21,137.8000030517578,137.57000732421875,-0.0016690545895901021,0.0,137.8000030517578,0.01151423421836362,139.38666456218698,-0.0027767682096115995,137.4173643839993,0.014784091198255848,139.8372508639949
walk_forward,2,2022-12-21,2022-12-22,137.57000732421875,125.3499984741211,-0.08882756559936855,0.0,137.57000732421875,0.010290122784118325,138.98561959099703,0.05065006703793128,144.53793741759912,0.03213297242051347,141.99054057545771
walk_forward,2,2022-12-22,2022-12-23,125.3499984741211,123.1500015258789,-0.017550833466474902,0.0,125.3499984741211,0.012431204774459473,126.90824997363107,0.022036835485584376,128.11231576861357,0.02781674758117994,128.83682774097701
walk_forward,2,2022-12-23,2022-12-27,123.1500015258789,109.0999984741211,-0.1140885333144338,0.0,123.1500015258789,0.015239335888128425,125.02672576375531,-0.0027767682096115995,122.80804251662823,0.007185538755502524,124.0349006345833
walk_forward,2,2022-12-27,2022-12-28,109.0999984741211,112.70999908447266,0.03308891531476843,0.0,109.0999984741211,0.018694642529656497,111.13958394558087,-0.02521269061096389,106.34929396693644,0.024041539864732134,111.72293043667891
walk_forward,2,2022-12-28,2022-12-29,112.70999908447266,121.81999969482422,0.0808269069678893,0.0,112.70999908447266,0.01681529974042216,114.60525150282076,0.05065006703793128,118.41876809394637,0.010340910714018735,113.87552312158232
walk_forward,2,2022-12-29,2022-12-30,121.81999969482422,123.18000030517578,0.011164017515666869,0.0,121.81999969482422,0.005496202996077153,122.48954714212904,-0.00881727018591938,120.74587984346634,0.005532362140850617,122.49395204913428
walk_forward,2,2022-12-30,2023-01-03,123.18000030517578,108.0999984741211,-0.12242248574195735,0.0,123.18000030517578,0.010043299874440033,124.41713398677427,0.0016070681747013993,123.37795896342593,0.026204116851423796,126.40782342693102
walk_forward,2,2023-01-03,2023-01-04,108.0999984741211,113.63999938964844,0.05124885285593783,0.0,108.0999984741211,0.00740086714464168,108.90003220116404,0.05065006703793128,113.57527064363559,0.015104723129860078,109.73281902141098
walk_forward,2,2023-01-04,2023-01-05,113.63999938964844,110.33999633789062,-0.029039097760312105,0.0,113.63999938964844,0.005206443460490273,114.2316596213208,0.0016070681747013993,113.82262661604062,0.006592541634854292,114.3891758170095
walk_forward,2,2023-01-05,2023-01-06,110.33999633789062,113.05999755859375,0.024651090365942707,0.0,110.33999633789062,-0.005023648006427621,109.78568703525855,-0.00881727018591938,109.36709877786609,-0.006366506311857203,109.63751605475514
walk_forward,2,2023-01-06,2023-01-09,113.05999755859375,119.7699966430664,0.059349011404278285,0.0,113.05999755859375,0.000930059336698286,113.1651500649302,0.0016070681747013993,113.24169268250198,0.02269481019213199,115.62587274350895
walk_forward,2,2023-01-09,2023-01-10,119.7699966430664,118.8499984741211,-0.007681374256751861,0.0,119.7699966430664,0.000586206820299499,119.84020663196583,0.0016070681747013993,119.96247519295557,0.006020279459963968,120.49104549377661
walk_forward,2,2023-01-10,2023-01-11,118.8499984741211,123.22000122070312,0.036769060182475055,0.0,118.8499984741211,0.003934882759497646,119.31765928408323,0.0016070681747013993,119.04099852423215,0.016743069281232745,120.8399122326477
walk_forward,2,2023-01-11,2023-01-12,123.22000122070312,123.55999755859375,0.0027592625752506095,0.0,123.22000122070312,-0.003943566760085982,122.7340749197114,-0.00881727018591938,122.13353717763087,-0.011630904890332265,121.7868411059185
walk_forward,2,2023-01-12,2023-01-13,123.55999755859375,122.4000015258789,-0.009388119582672827,0.0,123.55999755859375,0.002119457750491265,123.82187775307,0.0016070681747013993,123.75856689833634,0.005136321977199269,124.19464148955666
walk_forward,2,2023-01-13,2023-01-17,122.4000015258789,131.49000549316406,0.07426473736900463,0.0,122.4000015258789,6.949832716393253e-05,122.40850812122981,0.0016070681747013993,122.59670667291455,0.0031381646872448293,122.78411288838613
walk_forward,2,2023-01-17,2023-01-18,131.49000549316406,128.77999877929688,-0.020609982513142944,0.0,131.49000549316406,-0.002147252971914828,131.20766318809177,0.0016070681747013993,131.70131889628342,-0.0037471847878258737,130.99728814482893
walk_forward,2,2023-01-18,2023-01-19,128.77999877929688,127.16999816894531,-0.012501946153228194,0.0,128.77999877929688,0.004495539281062163,129.35893432242435,0.0016070681747013993,128.98695701687316,0.0036144392649914018,129.24546626343033
walk_forward,2,2023-01-19,2023-01-20,127.16999816894531,133.4199981689453,0.0491468120625187,0.0,127.16999816894531,0.00353110161181992,127.61904835445482,0.0016070681747013993,127.37436902577946,0.003454538067100202,127.60931176861301
walk_forward,2,2023-01-20,2023-01-23,133.4199981689453,143.75,0.07742468874848996,0.0,133.4199981689453,0.006294129479892019,134.2597609126276,0.0016070681747013993,133.63441320187133,0.0008981889211790334,133.53983453316437
walk_forward,2,2023-01-23,2023-01-24,143.75,143.88999938964844,0.0009739087975544347,0.0,143.75,0.010638592494290694,145.27929767105428,0.004196728790540262,144.35327976364016,0.0108456721950309,145.3090653780357
walk_forward,2,2023-01-24,2023-01-25,143.88999938964844,144.42999267578125,0.003752820129427681,0.0,143.88999938964844,0.006058702374571301,144.76178607062755,0.004196728790540262,144.4938666927578,0.005634141208131348,144.70069596464765
walk_forward,2,2023-01-25,2023-01-26,144.42999267578125,160.27000427246094,0.10967259156647335,0.0,144.42999267578125,0.011385302850753839,146.07437188312718,0.004196728790540262,145.0361261842612,0.01508776539991896,146.60911852198544
walk_forward,2,2023-01-26,2023-01-27,160.27000427246094,177.89999389648438,0.11000180416824756,0.0,160.27000427246094,0.005182289260277933,161.10056979434682,0.004196728790540262,160.94261401365117,0.010029154786228789,161.877376952899
walk_forward,2,2023-01-27,2023-01-30,177.89999389648438,166.66000366210938,-0.06318150994943417,0.0,177.89999389648438,0.006674445244858777,179.08737766480718,0.004196728790540262,178.64659192270668,0.003411547024399159,178.50690809130256
walk_forward,2,2023-01-30,2023-01-31,166.66000366210938,173.22000122070312,0.03936155894904236,0.0,166.66000366210938,0.015133056775447181,169.1820789597243,0.004196728790540262,167.3594304977097,0.010381276468314738,168.39014723633608
walk_forward,2,2023-01-31,2023-02-01,173.22000122070312,181.41000366210938,0.047280928205116535,0.0,173.22000122070312,0.013875321747165863,175.62348447068484,0.004196728790540262,173.94695858692347,0.016765103079158006,176.1240523965401
walk_forward,2,2023-02-01,2023-02-02,181.41000366210938,188.27000427246094,0.03781489703913388,0.0,181.41000366210938,0.0022651896454665916,181.82093172398885,0.004196728790540262,182.17133224737015,-0.00778489761258844,179.99774535770055
walk_forward,2,2023-02-02,2023-02-03,188.27000427246094,189.97999572753906,0.009082654784473565,0.0,188.27000427246094,0.001750165075247819,188.59950785865536,0.004196728790540262,189.0601224197863,-0.005111841677759165,187.30759781794907
walk_forward,2,2023-02-03,2023-02-06,189.97999572753906,194.75999450683594,0.025160537355481072,0.0,189.97999572753906,0.0023749051721411434,190.43118020199574,0.004196728790540262,190.77729024523555,-0.012692233762157966,187.56872521163135
walk_forward,2,2023-02-06,2023-02-07,194.75999450683594,196.80999755859375,0.010525791279409002,0.0,194.75999450683594,0.008458467843099832,196.40736565749432,0.004196728790540262,195.57734938302823,-0.002845931885482876,194.20572082845246
walk_forward,2,2023-02-07,2023-02-08,196.80999755859375,201.2899932861328,0.022763049555982517,0.0,196.80999755859375,0.0016691288552745836,197.1384988045253,0.05379228391337613,207.3968568242565,-0.011604583228607645,194.52609956170298
walk_forward,2,2023-02-08,2023-02-09,201.2899932861328,207.32000732421875,0.029956849516678652,0.0,201.2899932861328,0.001247116821066806,201.54102542267236,0.004196728790540262,202.13475279620437,0.008738622211187983,203.0489904923529
walk_forward,2,2023-02-09,2023-02-10,207.32000732421875,196.88999938964844,-0.05030873801899527,0.0,207.32000732421875,0.00036044501939820877,207.39473478828035,0.004196728790540262,208.1900731678113,0.011106262896074711,209.62255782917765
walk_forward,2,2023-02-10,2023-02-13,196.88999938964844,194.63999938964844,-0.011427700782035255,0.0,196.88999938964844,0.0043591010437043975,197.7482627914828,0.004196728790540262,197.71629331865643,-0.009271122452280815,195.06460809567753
walk_forward,2,2023-02-13,2023-02-14,194.63999938964844,209.25,0.0750616556523096,0.0,194.63999938964844,0.0022088099818359697,195.06992216316485,-0.04721766924012064,185.44955227757075,-0.008485412302741965,192.98839874422183
walk_forward,2,2023-02-14,2023-02-15,209.25,214.24000549316406,0.02384709913101113,0.0,209.25,-0.0032828139330595687,208.5630711845073,0.004196728790540262,210.12816549942053,-0.017689956688545484,205.54837656292187
walk_forward,2,2023-02-15,2023-02-16,214.24000549316406,202.0399932861328,-0.05694553722096751,0.0,214.24000549316406,-0.005456514742555598,213.07100174474542,0.004196728790540262,215.13911269230272,-0.016244914506791937,210.759694919993
walk_forward,2,2023-02-16,2023-02-17,202.0399932861328,208.30999755859375,0.031033480898909227,0.0,202.0399932861328,0.0015737759586457374,202.3579589702515,0.0016070681747013993,202.36468532935984,-0.0023599903810059175,201.56318084539905
walk_forward,2,2023-02-17,2023-02-21,208.30999755859375,197.3699951171875,-0.05251789433835996,0.0,208.30999755859375,-0.0015360427107701212,207.99002450526334,0.0016070681747013993,208.64476592614227,-0.000283400750695586,208.25096234890825
walk_forward,2,2023-02-21,2023-02-22,197.3699951171875,200.86000061035156,0.017682553475729224,0.0,197.3699951171875,-0.0011515716161231504,197.1427094329362,0.0016070681747013993,197.6871821549813,0.00423688427455229,198.206228945768
walk_forward,2,2023-02-22,2023-02-23,200.86000061035156,202.07000732421875,0.006024129792842503,0.0,200.86000061035156,-0.0028136065245346056,200.29485960211628,0.0016070681747013993,201.18279632490297,0.0014884958724591198,201.15897989220218
walk_forward,2,2023-02-23,2023-02-24,202.07000732421875,196.8800048828125,-0.025684180003413215,0.0,202.07000732421875,-0.0007713599626530503,201.91413861091584,0.0016070681747013993,202.39474760205118,0.002260633584242597,202.52681356914402
walk_forward,2,2023-02-24,2023-02-27,196.8800048828125,207.6300048828125,0.0546017865369246,0.0,196.8800048828125,0.003745155750797219,197.61735116531636,0.0016070681747013993,197.19640447289473,0.003936974101908076,197.6551163632197
walk_forward,2,2023-02-27,2023-02-28,207.6300048828125,205.7100067138672,-0.009247209573726933,0.0,207.6300048828125,-0.0010682696676861626,207.40820004649467,-0.00881727018591938,205.799275031057,0.0020504570740911754,208.05574129511803
walk_forward,2,2023-02-28,2023-03-01,205.7100067138672,202.77000427246094,-0.014291975817664837,0.0,205.7100067138672,0.000983724357894481,205.91236865813426,0.0016070681747013993,206.04059671887464,0.0004950591086852486,205.81184532643857
walk_forward,2,2023-03-01,2023-03-02,202.77000427246094,190.89999389648438,-0.05853928157947319,0.0,202.77000427246094,-0.0012484316963335793,202.5168597720615,-0.00881727018591938,200.98212635919063,0.0008733861237139791,202.94710078049795
walk_forward,2,2023-03-02,2023-03-03,190.89999389648438,197.7899932861328,0.03609219282314147,0.0,190.89999389648438,-0.0009574300984078691,190.717220496542,0.0016070681747013993,191.2067832012261,0.0013763996081241378,191.1627485732744
walk_forward,2,2023-03-03,2023-03-06,197.7899932861328,193.80999755859375,-0.020122331071529054,0.0,197.7899932861328,-0.003356760967724386,197.12605955686345,0.0016070681747013993,198.10785528961736,0.0005066192736886218,197.8901975088743
walk_forward,2,2023-03-06,2023-03-07,193.80999755859375,187.7100067138672,-0.03147407730028162,0.0,193.80999755859375,-0.006327743689612056,192.5836175695586,0.0016070681747013993,194.12146343760912,0.00019802326804981157,193.84837644769104
walk_forward,2,2023-03-07,2023-03-08,187.7100067138672,182.0,-0.03041929843714275,0.0,187.7100067138672,0.00012250288907189426,187.73300173199735,0.0016070681747013993,188.01166949173003,0.00014279560974477095,187.7368108787311
walk_forward,2,2023-03-08,2023-03-09,182.0,172.9199981689453,-0.04989011995084991,0.0,182.0,-0.0008370406567477827,181.8476586004719,0.0016070681747013993,182.29248640779565,0.002313575552961701,182.42107075063905
walk_forward,2,2023-03-09,2023-03-10,172.9199981689453,173.44000244140625,0.0030071956856769777,0.0,172.9199981689453,4.2164933456771865e-05,172.92728932916145,0.0016070681747013993,173.19789239477205,0.0037694676619551186,173.57181451014847
walk_forward,2,2023-03-10,2023-03-13,173.44000244140625,174.47999572753906,0.005996271168666301,0.0,173.44000244140625,0.0001538977972170034,173.46669447573132,-0.00881727018591938,171.91073507883385,-0.00022268058425653034,173.40138072032914
walk_forward,2,2023-03-13,2023-03-14,174.47999572753906,183.25999450683594,0.050320947926932424,0.0,174.47999572753906,0.00309327729340521,175.0197107364765,0.0016070681747013993,174.7603969757948,0.0034327855260637315,175.0789481314602
walk_forward,2,2023-03-14,2023-03-15,183.25999450683594,180.4499969482422,-0.015333393227232373,0.0,183.25999450683594,0.0002647000159244901,183.3085034303002,0.0016070681747013993,183.55450581170382,0.0019366340179401713,183.6149020463254
walk_forward,2,2023-03-15,2023-03-16,180.4499969482422,184.1300048828125,0.020393505108375454,0.0,180.4499969482422,0.00020285358070087304,180.48660187626058,0.0016070681747013993,180.73999239546265,0.0036245930533457637,181.10405475365707
walk_forward,2,2023-03-16,2023-03-17,184.1300048828125,180.1300048828125,-0.02172378153438792,0.0,184.1300048828125,-0.0011871933670634348,183.91140696233828,0.0016070681747013993,184.42591435366728,0.001160430800168563,184.34367501171369
walk_forward,2,2023-03-17,2023-03-20,180.1300048828125,183.25,0.017320796272765726,0.0,180.1300048828125,-0.0030738253638054646,179.5763167050213,0.0016070681747013993,180.41948608096845,-0.00027103321969331725,180.08118366762574
walk_forward,2,2023-03-20,2023-03-21,183.25,197.5800018310547,0.07819919143822474,0.0,183.25,-0.003075219098740212,182.68646610015585,0.0016070681747013993,183.544495243014,0.0005518399057254157,183.35112466272417
walk_forward,2,2023-03-21,2023-03-22,197.5800018310547,191.14999389648438,-0.03254381959196684,0.0,197.5800018310547,-0.007104098921108652,196.17637395321404,0.0016070681747013993,197.89752636395482,0.0008146810088523589,197.74096650627544
walk_forward,2,2023-03-22,2023-03-23,191.14999389648438,192.22000122070312,0.0055977366381618765,0.0,191.14999389648438,-0.0022800952485708906,190.71415370363664,0.0016070681747013993,191.4571849682698,0.0013292835559494266,191.40408644009082
walk_forward,2,2023-03-23,2023-03-24,192.22000122070312,190.41000366210938,-0.009416281069083654,0.0,192.22000122070312,-0.002079184156943403,191.8203404395174,0.0016070681747013993,192.52891186720598,0.002292858199073506,192.66073442652794
walk_forward,2,2023-03-24,2023-03-27,190.41000366210938,191.80999755859375,0.007352522816861606,0.0,190.41000366210938,-0.0019330892869730788,190.04192412389764,0.0016070681747013993,190.71600551913951,6.883072313965595e-05,190.42310972035443
walk_forward,2,2023-03-27,2023-03-28,191.80999755859375,189.19000244140625,-0.013659325116185062,0.0,191.80999755859375,-0.0031604879926912547,191.20378436443167,0.0016070681747013993,192.1182493012597,0.00328098315062721,192.43932292870537
walk_forward,2,2023-03-28,2023-03-29,189.19000244140625,193.8800048828125,0.024789906342217005,0.0,189.19000244140625,-0.0008802223655063981,189.02347316992712,0.0016070681747013993,189.49404367330152,-0.0010817662077081667,188.9853430899289
walk_forward,2,2023-03-29,2023-03-30,193.8800048828125,195.27999877929688,0.007220929756684091,0.0,193.8800048828125,0.0022379659201281037,194.3139017263345,0.0016070681747013993,194.1915832683706,0.004756588771917331,194.80221233713738
walk_forward,2,2023-03-30,2023-03-31,195.27999877929688,207.4600067138672,0.06237201971890638,0.0,195.27999877929688,-0.0007995142433255198,195.12386963883625,0.0016070681747013993,195.5938270504908,0.0021813370514513378,195.70597027604154
walk_forward,2,2023-03-31,2023-04-03,207.4600067138672,194.77000427246094,-0.061168427796826186,0.0,207.4600067138672,0.004722742607522067,208.4397869269316,0.0016070681747013993,207.79340908818037,0.0017953235178362367,207.83246454293106
walk_forward,2,2023-04-03,2023-04-04,194.77000427246094,192.5800018310547,-0.011244043709844997,0.0,194.77000427246094,0.0055780896696702,195.8564488212548,0.0016070681747013993,195.08301294771366,-0.002135570057967981,194.35405928314637
walk_forward,2,2023-04-04,2023-04-05,192.5800018310547,185.52000427246094,-0.036660076287605925,0.0,192.5800018310547,0.005899148025861608,193.71605976867679,0.0016070681747013993,192.8894910230813,0.0028768316679242617,193.13402207893117
walk_forward,2,2023-04-05,2023-04-06,185.52000427246094,185.05999755859375,-0.002479553165553039,0.0,185.52000427246094,0.0024749095336737427,185.97914949972204,0.0016070681747013993,185.81814756709767,0.0010442844106748844,185.713739920791
walk_forward,2,2023-04-06,2023-04-10,185.05999755859375,184.50999450683594,-0.0029720256079851515,0.0,185.05999755859375,0.0024044284875385643,185.50496108862745,0.0016070681747013993,185.35740159108047,0.0008806908928492023,185.2229782130743
walk_forward,2,2023-04-10,2023-04-11,184.50999450683594,186.7899932861328,0.012357047570192181,0.0,184.50999450683594,0.002999011919125478,185.0633421795597,0.0016070681747013993,184.80651464692218,0.0006349913224540979,184.62715675225385
walk_forward,2,2023-04-11,2023-04-12,186.7899932861328,180.5399932861328,-0.03346003653646468,0.0,186.7899932861328,0.008172510772800835,188.3165365185151,0.0016070681747013993,187.09017753969565,0.0035074472936115564,187.44514934255798
walk_forward,2,2023-04-12,2023-04-13,180.5399932861328,185.89999389648438,0.029688716127604264,0.0,180.5399932861328,0.0029638811713640894,181.0750923729118,-0.00881727018591938,178.94812338596492,0.0003280767537020341,180.5992242610435
walk_forward,2,2023-04-13,2023-04-14,185.89999389648438,185.0,-0.004841279860318459,0.0,185.89999389648438,0.003111345035938508,186.4783929196752,0.0016070681747013993,186.1987478603526,-0.0011387575690505905,185.6882988713483
walk_forward,2,2023-04-14,2023-04-17,185.0,187.0399932861328,0.011026990735853115,0.0,185.0,-0.0004968727034834353,184.90807854985556,0.0016070681747013993,185.29730761231974,-0.0005473305977009902,184.89874383942532
walk_forward,2,2023-04-17,2023-04-18,187.0399932861328,184.30999755859375,-0.014595786064655836,0.0,187.0399932861328,0.00014925099367173742,187.06790919098714,0.0016070681747013993,187.3405793067393,0.001825381526182771,187.38141263453468
walk_forward,2,2023-04-18,2023-04-19,184.30999755859375,180.58999633789062,-0.020183393575926356,0.0,184.30999755859375,-0.002054486305655189,183.93133519261428,0.0016070681747013993,184.60619628994945,0.00018133582369727981,184.3434195638167
walk_forward,2,2023-04-19,2023-04-20,180.58999633789062,162.99000549316406,-0.09745828230593856,0.0,180.58999633789062,-0.00015957058624598355,180.56117948630484,0.0016070681747013993,180.88021677367468,-0.00017873944663851133,180.55771778187673
walk_forward,2,2023-04-20,2023-04-21,162.99000549316406,165.0800018310547,0.012822849668400638,0.0,162.99000549316406,-0.0006515851594931501,162.883803624439,0.0016070681747013993,163.25194154378653,0.0028115384891196893,163.44825816694993
walk_forward,2,2023-04-21,2023-04-24,165.0800018310547,162.5500030517578,-0.015325895028073244,0.0,165.0800018310547,0.003531762042018106,165.6630251154179,0.0016070681747013993,165.345296648277,-0.002063361444932322,164.73938211994712
walk_forward,2,2023-04-24,2023-04-25,162.5500030517578,160.6699981689453,-0.011565701922588656,0.0,162.5500030517578,0.002551982312513532,162.9648277844449,0.0016070681747013993,162.8112319884599,-0.00048353685050592845,162.47140413523243
walk_forward,2,2023-04-25,2023-04-26,160.6699981689453,153.75,-0.04306963495243776,0.0,160.6699981689453,0.00698816304487194,161.7927863125692,0.0016070681747013993,160.92820580963195,0.0006127107039022995,160.76844239661938
walk_forward,2,2023-04-26,2023-04-27,153.75,160.19000244140625,0.041886194740853755,0.0,153.75,0.008334642524254046,155.03145128810408,0.0016070681747013993,153.99708673186032,0.010130337981225146,155.30753946461337
walk_forward,2,2023-04-27,2023-04-28,160.19000244140625,164.30999755859375,0.025719427270091355,0.0,160.19000244140625,0.006225726385999748,161.18730156637906,0.0016070681747013993,160.44743869623517,0.0025411220799427927,160.5970647935962
walk_forward,2,2023-04-28,2023-05-01,164.30999755859375,161.8300018310547,-0.015093395194377579,0.0,164.30999755859375,-0.00044078860742209364,164.23757158358436,-0.00881727018591938,162.86123191587188,-0.0014345797679006693,164.0742817604324
walk_forward,2,2023-05-01,2023-05-02,161.8300018310547,160.30999755859375,-0.00939259874721976,0.0,161.8300018310547,0.0016916036637974925,162.10375405506446,0.0016070681747013993,162.09007367670924,0.0056637017495926485,162.74655869556182
walk_forward,2,2023-05-02,2023-05-03,160.30999755859375,160.61000061035156,0.0018713932775662467,0.0,160.30999755859375,-0.000526409421584233,160.22560886550477,0.0016070681747013993,160.5676266537566,0.002155992124117038,160.65562465074728
walk_forward,2,2023-05-03,2023-05-04,160.61000061035156,161.1999969482422,0.003673471985857102,0.0,160.61000061035156,-0.001451422712958268,160.37688760753744,0.0016070681747013993,160.86811183087121,0.004416260956739697,161.319296285309
walk_forward,2,2023-05-04,2023-05-05,161.1999969482422,170.05999755859375,0.05496278398315546,0.0,161.1999969482422,-0.0038398947502729123,160.58100592621662,0.0016070681747013993,161.45905633309965,0.0017635017808564982,161.4842734299345
walk_forward,2,2023-05-05,2023-05-08,170.05999755859375,171.7899932861328,0.010172855182730478,0.0,170.05999755859375,-0.003049079791083496,169.54147105676614,0.0016070681747013993,170.33329556845996,-1.2940313211107637e-05,170.05779692896067
walk_forward,2,2023-05-08,2023-05-09,171.7899932861328,169.14999389648438,-0.015367597024416146,0.0,171.7899932861328,-0.0014047814530264635,171.54866588974892,0.0016070681747013993,172.0660715170751,0.0018671204915588953,172.1107459028421
walk_forward,2,2023-05-09,2023-05-10,169.14999389648438,168.5399932861328,-0.0036062703657255835,0.0,169.14999389648438,-0.00037061748437630876,169.0873039512642,0.0016070681747013993,169.42182946842635,0.0007416313103270111,169.27544082809962
walk_forward,2,2023-05-10,2023-05-11,168.5399932861328,172.0800018310547,0.021003967520705658,0.0,168.5399932861328,-0.0033672013414996474,167.9724851946434,0.0016070681747013993,168.81084854550733,8.357775873032648e-05,168.55407948102808
walk_forward,2,2023-05-11,2023-05-12,172.0800018310547,167.97999572753906,-0.023826162598143963,0.0,172.0800018310547,-0.002758549330805796,171.60531065715858,0.0016070681747013993,172.35654612549993,0.0013098140373335673,172.30539463299738
walk_forward,2,2023-05-12,2023-05-15,167.97999572753906,166.35000610351562,-0.009703474612936969,0.0,167.97999572753906,-0.0006859535994021395,167.8647692448422,0.0016070681747013993,168.24995103265925,-0.00017009224861320874,167.95142363234373
walk_forward,2,2023-05-15,2023-05-16,166.35000610351562,166.52000427246094,0.001021930644472091,0.0,166.35000610351562,0.003417476294729902,166.91850330600255,0.0016070681747013993,166.61734190418596,0.00149978098834181,166.59949468008023
walk_forward,2,2023-05-16,2023-05-17,166.52000427246094,173.86000061035156,0.04407876621166107,0.0,166.52000427246094,0.001405929385375641,166.75411963972047,0.0016070681747013993,166.78761327177835,0.00292078242186128,167.0063729738282
walk_forward,2,2023-05-17,2023-05-18,173.86000061035156,176.88999938964844,0.01742780840135616,0.0,173.86000061035156,0.0028709728057072052,174.35914794410414,0.0016070681747013993,174.13940548418603,0.0008456005944853457,174.00701673022488
walk_forward,2,2023-05-18,2023-05-19,176.88999938964844,180.13999938964844,0.018373000232992265,0.0,176.88999938964844,0.0038682542905522817,177.57425488874324,0.0016070681747013993,177.1742736780905,0.0015243355277112115,177.1596391002149
walk_forward,2,2023-05-19,2023-05-22,180.13999938964844,188.8699951171875,0.04846228354123516,0.0,180.13999938964844,0.006104796925755255,181.23971750412792,0.0016070681747013993,180.42949664965826,0.0022702260657919125,180.54895791175454
walk_forward,2,2023-05-22,2023-05-23,188.8699951171875,185.77000427246094,-0.01641335799687571,0.0,188.8699951171875,0.0043044886648009395,189.68298387029043,0.0016070681747013993,189.17352207549632,0.004293481261090136,189.68090490200535
walk_forward,2,2023-05-23,2023-05-24,185.77000427246094,182.89999389648438,-0.015449266889003499,0.0,185.77000427246094,0.0035274515930184104,186.42529896996686,0.0016070681747013993,186.06854933414135,0.0013895498699714834,186.02814095774232
walk_forward,2,2023-05-24,2023-05-25,182.89999389648438,184.47000122070312,0.008583965973816943,0.0,182.89999389648438,0.001806979753571968,183.23049048238377,0.0016070681747013993,183.19392665582848,0.003890514794731334,183.6115690286949
walk_forward,2,2023-05-25,2023-05-26,184.47000122070312,193.1699981689453,0.047162123329924865,0.0,184.47000122070312,0.0022940489434248243,184.89318443209706,0.0016070681747013993,184.76645708885204,0.0024345004975360384,184.91909353045543
walk_forward,2,2023-05-26,2023-05-30,193.1699981689453,201.16000366210938,0.041362559242642094,0.0,193.1699981689453,0.001476864382812906,193.45528405906907,0.0016070681747013993,193.48043552530973,0.005843918001525934,194.29886779859956
walk_forward,2,2023-05-30,2023-05-31,201.16000366210938,203.92999267578125,0.013770078361723614,0.0,201.16000366210938,0.001629171375003245,201.48772778187123,0.004196728790540262,202.0042176409833,0.00469705779082256,202.10486382451236
walk_forward,2,2023-05-31,2023-06-01,203.92999267578125,207.52000427246094,0.017604137329555458,0.0,203.92999267578125,0.004805790165791561,204.91003742909248,0.004196728790540262,204.78583154729836,0.006165814987601026,205.18738728104293
walk_forward,2,2023-06-01,2023-06-02,207.52000427246094,213.97000122070312,0.031081326211682914,0.0,207.52000427246094,0.0031213837503906057,208.16775384167798,0.004196728790540262,208.3909094490042,0.009882600395739299,209.57084154880778
walk_forward,2,2023-06-02,2023-06-05,213.97000122070312,217.61000061035156,0.017011727666879306,0.0,213.97000122070312,0.0009237521990193755,214.1676564798549,0.004196728790540262,214.867975285138,0.00918865725413771,215.9360982245876
walk_forward,2,2023-06-05,2023-06-06,217.61000061035156,221.30999755859375,0.017002881015874438,0.0,217.61000061035156,0.0005967645562963133,217.73986254581143,0.004196728790540262,218.5232507650225,0.006944176765541819,219.1211229205395
walk_forward,2,2023-06-06,2023-06-07,221.30999755859375,224.57000732421875,0.014730512862447087,0.0,221.30999755859375,0.001737155421484964,221.69444742068146,0.004196728790540262,222.2387755969823,0.008228708515080663,223.13109301997665
walk_forward,2,2023-06-07,2023-06-08,224.57000732421875,234.86000061035156,0.045820870777622646,0.0,224.57000732421875,0.0018922165978343354,224.99494241945342,0.004196728790540262,225.51246673944812,0.010366085441253912,226.89791920768462
walk_forward,2,2023-06-08,2023-06-09,234.86000061035156,244.39999389648438,0.0406199151040636,0.0,234.86000061035156,0.0011114451114176815,235.12103460989746,0.004196728790540262,235.84564433665932,0.012017709132990146,237.68247978466064
walk_forward,2,2023-06-09,2023-06-12,244.39999389648438,249.8300018310547,0.02221770896144215,0.0,244.39999389648438,0.0017160440861215369,244.81939506065856,0.004196728790540262,245.4256743872776,0.01172656540801541,247.26596641063006
walk_forward,2,2023-06-12,2023-06-13,249.8300018310547,258.7099914550781,0.035544128242966044,0.0,249.8300018310547,0.0017722208719147228,250.27275577473014,0.004196728790540262,250.8784705924798,0.008585381198584192,251.97488763161726
walk_forward,2,2023-06-13,2023-06-14,258.7099914550781,256.7900085449219,-0.007421371317580694,0.0,258.7099914550781,-0.0007052463926752114,258.5275371668554,0.004196728790540262,259.79572712461805,0.004288175680256599,259.8193853486752
walk_forward,2,2023-06-14,2023-06-15,256.7900085449219,255.89999389648438,-0.0034659239799892383,0.0,256.7900085449219,-0.0016293415194005047,256.37160992223244,0.004196728790540262,257.86768656690543,0.004908001467255559,258.0503342836369
walk_forward,2,2023-06-15,2023-06-16,255.89999389648438,260.5400085449219,0.01813214052015355,0.0,255.89999389648438,-0.0020286299869660762,255.38086749520153,0.004196728790540262,256.97393676836884,0.003222598416262679,256.7246568115368
walk_forward,2,2023-06-16,2023-06-20,260.5400085449219,274.45001220703125,0.05338912722001776,0.0,260.5400085449219,-0.0031444918538347582,259.7207426104543,0.004196728790540262,261.63342429986994,0.0025327177113783866,261.19988283908623
walk_forward,2,2023-06-20,2023-06-21,274.45001220703125,259.4599914550781,-0.054618400747766804,0.0,274.45001220703125,-0.0031529351971882934,273.5846891036749,0.004196728790540262,275.60180447482463,0.006454565675428386,276.22146783544366
walk_forward,2,2023-06-21,2023-06-22,259.4599914550781,264.6099853515625,0.019848894111198723,0.0,259.4599914550781,0.003853505179687197,260.4598218760719,0.004196728790540262,260.54887467121097,0.009247413678249506,261.8593253290183
walk_forward,2,2023-06-22,2023-06-23,264.6099853515625,256.6000061035156,-0.030270888067223778,0.0,264.6099853515625,0.0019272795724197033,265.1199627709888,0.004196728790540262,265.72048169535185,0.009980174721065316,267.2508392383096
walk_forward,2,2023-06-23,2023-06-26,256.6000061035156,241.0500030517578,-0.060600166336257755,0.0,256.6000061035156,-0.0004910090965622727,256.47401316634085,0.0016070681747013993,257.01237980695277,0.0026864903370063926,257.2893595403885
walk_forward,2,2023-06-26,2023-06-27,241.0500030517578,250.2100067138672,0.03800042956291749,0.0,241.0500030517578,0.004752134726173189,242.19550514200424,0.0016070681747013993,241.43738684017396,0.002981598004345984,241.7687172598045
walk_forward,2,2023-06-27,2023-06-28,250.2100067138672,256.239990234375,0.0240996896954786,0.0,250.2100067138672,0.0024406252006498068,250.82067556170784,0.0016070681747013993,250.61211125264884,0.00025931990223708766,250.274891148347
walk_forward,2,2023-06-28,2023-06-29,256.239990234375,257.5,0.004917303362650394,0.0,256.239990234375,0.0030575510933971125,257.02345709668816,0.0016070681747013993,256.6517853677664,0.003946849235058152,257.2513308438228
walk_forward,2,2023-06-29,2023-06-30,257.5,261.7699890136719,0.016582481606492783,0.0,257.5,0.0008964561779234786,257.7308374658153,-0.00881727018591938,255.22955292712575,0.002474743033294049,258.13724633107324
walk_forward,3,2023-06-30,2023-07-03,261.7699890136719,279.82000732421875,0.06895373445427366,0.0,261.7699890136719,0.001171670827933004,262.07669727342756,0.001808534309983432,262.2434090201271,-0.00012121845823624312,261.7382576591911
walk_forward,3,2023-07-03,2023-07-05,279.82000732421875,282.4800109863281,0.009506123909958086,0.0,279.82000732421875,-0.00044538525166408017,279.69537961983605,-0.005466704159151608,278.2903141263656,0.00484204690713784,281.17490892523824
walk_forward,3,2023-07-05,2023-07-06,282.4800109863281,276.5400085449219,-0.021028045208104085,0.0,282.4800109863281,-0.0033406654420806894,281.5363397755475,0.001808534309983432,282.9908857780814,0.001245317401768201,282.83178825966104
walk_forward,3,2023-07-06,2023-07-07,276.5400085449219,274.42999267578125,-0.007630056425625198,0.0,276.5400085449219,-0.0017368841587655955,276.0596905848153,0.001808534309983432,277.04014063845847,0.002800374555049691,277.31442414830434
walk_forward,3,2023-07-07,2023-07-10,274.42999267578125,269.6099853515625,-0.01756370459810941,0.0,274.42999267578125,-0.0026581488143303886,273.70051691613344,-0.005466704159151608,272.92976509342463,0.0021077796375417123,275.008430626274
walk_forward,3,2023-07-10,2023-07-11,269.6099853515625,269.7900085449219,0.000667717084456676,0.0,269.6099853515625,-0.003344842400965757,268.70818244083483,0.001808534309983432,270.0975842603849,0.0031438685332183264,270.4576037007507
walk_forward,3,2023-07-11,2023-07-12,269.7900085449219,271.989990234375,0.008154422401772665,0.0,269.7900085449219,-0.0011440996250056245,269.48134189731536,0.001808534309983432,270.2779330318661,0.0012301933987914476,270.12190243249375
walk_forward,3,2023-07-12,2023-07-13,271.989990234375,277.8999938964844,0.02172875427149612,0.0,271.989990234375,-0.0001497909462007457,271.9492485963807,0.001808534309983432,272.48189346368594,0.002976143179089408,272.7994713885916
walk_forward,3,2023-07-13,2023-07-14,277.8999938964844,281.3800048828125,0.012522529912772917,0.0,277.8999938964844,0.00023557894655533906,277.96546128429424,0.004466497880137396,279.1412336301132,0.003063130361407955,278.75123780522375
walk_forward,3,2023-07-14,2023-07-17,281.3800048828125,290.3800048828125,0.03198521516746822,0.0,281.3800048828125,-0.0007692479211213413,281.1635538990113,0.001808534309983432,281.88889027578637,6.433844045688751e-05,281.3981084335024
walk_forward,3,2023-07-17,2023-07-18,290.3800048828125,293.3399963378906,0.010193509901870401,0.0,290.3800048828125,-0.0016162378037370053,289.9106817414716,0.001808534309983432,290.9051670845762,0.001634645284934871,290.85467318863357
walk_forward,3,2023-07-18,2023-07-19,293.3399963378906,291.260009765625,-0.007090702250741598,0.0,293.3399963378906,-0.0015007486286993388,292.8997667406439,0.001808534309983432,293.8705117857581,0.0031893460583983435,294.27555909898143
walk_forward,3,2023-07-19,2023-07-20,291.260009765625,262.8999938964844,-0.09737009860008494,0.0,291.260009765625,-0.0007558970105135711,291.039847194961,0.001808534309983432,291.7867634864122,0.00030633070556751945,291.3492316499201
walk_forward,3,2023-07-20,2023-07-21,262.8999938964844,260.0199890136719,-0.010954754468143868,0.0,262.8999938964844,0.001977719445448926,263.41993632662184,0.001808534309983432,263.3754575555406,0.00034445561746568857,262.9905512762137
walk_forward,3,2023-07-21,2023-07-24,260.0199890136719,269.05999755859375,0.03476659075024635,0.0,260.0199890136719,0.0007624101608192948,260.218230895312,0.001808534309983432,260.4902440850846,-0.0024481462535846845,259.3834220517109
walk_forward,3,2023-07-24,2023-07-25,269.05999755859375,265.2799987792969,-0.014048906614123058,0.0,269.05999755859375,-0.0007134832425692104,268.86802775908995,0.001808534309983432,269.5466017956225,0.0010076926425872604,269.3311273385481
walk_forward,3,2023-07-25,2023-07-26,265.2799987792969,264.3500061035156,-0.0035057022016762307,0.0,265.2799987792969,0.001044646760714952,265.55712267070413,0.001808534309983432,265.7597667588416,-0.0011445676689625498,264.9763678694717
walk_forward,3,2023-07-26,2023-07-27,264.3500061035156,255.7100067138672,-0.032683938680391544,0.0,264.3500061035156,0.0023030895560771487,264.9588278417216,0.001808534309983432,264.8280921593982,-0.0003775311375981992,264.2502057449873
walk_forward,3,2023-07-27,2023-07-28,255.7100067138672,266.44000244140625,0.04196157931177735,0.0,255.7100067138672,0.002242325864965384,256.28339187585215,0.001808534309983432,256.1724670344153,-0.0012024015364018525,255.4025406089211
walk_forward,3,2023-07-28,2023-07-31,266.44000244140625,267.42999267578125,0.00371562162326855,0.0,266.44000244140625,-0.004514283572327133,265.23721671537425,0.001808534309983432,266.9218683273736,-0.004740354970291533,265.1769822515486
walk_forward,3,2023-07-31,2023-08-01,267.42999267578125,261.07000732421875,-0.023781870118334214,0.0,267.42999267578125,-0.005003611006143933,266.0918770210557,0.001808534309983432,267.913648993054,0.0015179045803455334,267.8359258865856
walk_forward,3,2023-08-01,2023-08-02,261.07000732421875,254.11000061035156,-0.02665954157355066,0.0,261.07000732421875,-0.003413202167457891,260.1789226093615,-0.005466704159151608,259.6428148293497,-0.005276941974434934,259.69235604430355
walk_forward,3,2023-08-02,2023-08-03,254.11000061035156,259.32000732421875,0.020502958173047814,0.0,254.11000061035156,-0.0031993785829463276,253.29700651668634,0.001808534309983432,254.5695672649653,-0.0013482658692095236,253.7673927695038
walk_forward,3,2023-08-03,2023-08-04,259.32000732421875,253.86000061035156,-0.02105509239416581,0.0,259.32000732421875,-0.003346391813044034,258.45222097475045,0.001808534309983432,259.7889964547297,0.00028245717613004995,259.39325412120155
walk_forward,3,2023-08-04,2023-08-07,253.86000061035156,251.4499969482422,-0.009493435973824349,0.0,253.86000061035156,-0.0027655712304718756,253.15793269609603,0.001808534309983432,254.3191151313878,-0.0005474048026313592,253.72103642682146
walk_forward,3,2023-08-07,2023-08-08,251.4499969482422,249.6999969482422,-0.006959634206558429,0.0,251.4499969482422,0.00011672856942073796,251.47934834666682,0.001808534309983432,251.9047528949683,-0.0005175960057339908,251.31984743417996
walk_forward,3,2023-08-08,2023-08-09,249.6999969482422,242.19000244140625,-0.03007606967809695,0.0,249.6999969482422,9.925491881690278e-05,249.72478090116783,0.004466497880137396,250.81528145528182,0.0006746765370834091,249.86846367749294
walk_forward,3,2023-08-09,2023-08-10,242.19000244140625,245.33999633789062,0.013006292021680244,0.0,242.19000244140625,-0.0016474384855940192,241.79100931055817,0.001808534309983432,242.6280113703565,-0.00022823962407903181,242.13472508629332
walk_forward,3,2023-08-10,2023-08-11,245.33999633789062,242.64999389648438,-0.01096438608281991,0.0,245.33999633789062,-0.002362432937936641,244.76039704954874,0.001808534309983432,245.7837021388789,0.0016219518880804795,245.7379260081725
walk_forward,3,2023-08-11,2023-08-14,242.64999389648438,239.75999450683594,-0.011910156448968756,0.0,242.64999389648438,0.0008080569451409739,242.84606890929084,0.001808534309983432,243.08883473576344,0.002186727259015263,243.1806032525377
walk_forward,3,2023-08-14,2023-08-15,239.75999450683594,232.9600067138672,-0.028361644764614224,0.0,239.75999450683594,0.0007549673192411097,239.94100546715,0.001808534309983432,240.193608683063,-0.0008323924823761667,239.56042008983388
walk_forward,3,2023-08-15,2023-08-16,232.9600067138672,225.60000610351562,-0.03159340830287438,0.0,232.9600067138672,0.0016449979076362982,233.34322543747444,0.001808534309983432,233.3813228788632,0.002281148195248244,233.49142301274756
walk_forward,3,2023-08-16,2023-08-17,225.60000610351562,219.22000122070312,-0.028280162722535862,0.0,225.60000610351562,-0.002928878872741396,224.9392510119487,0.001808534309983432,226.0080114548863,-0.001821183005149332,225.18914720643832
walk_forward,3,2023-08-17,2023-08-18,219.22000122070312,215.49000549316406,-0.017014851321818125,0.0,219.22000122070312,0.000550965337940643,219.34078384275907,0.001808534309983432,219.61646811434537,-0.0013075174401615474,218.93336724587482
walk_forward,3,2023-08-18,2023-08-21,215.49000549316406,231.27999877929688,0.073274828918382,0.0,215.49000549316406,0.0028185405024039496,216.09737280150978,0.001808534309983432,215.87972656155696,0.0010214550312453992,215.71011884345813
walk_forward,3,2023-08-21,2023-08-22,231.27999877929688,233.19000244140625,0.008258403978685713,0.0,231.27999877929688,-0.0033088198701872427,230.51473492375905,0.001808534309983432,231.69827659230216,0.0008602364959835555,231.47895427503786
walk_forward,3,2023-08-22,2023-08-23,233.19000244140625,236.86000061035156,0.01573823118710882,0.0,233.19000244140625,-0.0024487651966539764,232.61897487922008,0.001808534309983432,233.61173456156664,-0.00022088409918131298,233.1384944777789
walk_forward,3,2023-08-23,2023-08-24,236.86000061035156,230.0399932861328,-0.02879341090367582,0.0,236.86000061035156,-0.0014120793893326643,236.52553548533237,0.001808534309983432,237.28837004811808,0.0010710267119993504,237.11368399800944
walk_forward,3,2023-08-24,2023-08-25,230.0399932861328,238.58999633789062,0.037167463490241914,0.0,230.0399932861328,-0.0014871747133413382,229.69788362506046,0.001808534309983432,230.45602850665912,0.0019650755006195403,230.49203924110208
walk_forward,3,2023-08-25,2023-08-28,238.58999633789062,238.82000732421875,0.0009640428763089126,0.0,238.58999633789062,-0.0045619665886986,237.50155674619947,0.001808534309983432,239.0214945322865,-0.0009007253868718747,238.3750922711354
walk_forward,3,2023-08-28,2023-08-29,238.82000732421875,257.17999267578125,0.07687791972402569,0.0,238.82000732421875,-0.005912766477138736,237.40792039084207,-0.005466704159151608,237.51444899689082,-0.001082038461638136,238.56159489088526
walk_forward,3,2023-08-29,2023-08-30,257.17999267578125,256.8999938964844,-0.0010887269121663268,0.0,257.17999267578125,-0.005121044533648627,255.86296248012516,0.001808534309983432,257.6451115163767,-3.646907820575564e-05,257.1706135585154
walk_forward,3,2023-08-30,2023-08-31,256.8999938964844,258.0799865722656,0.004593198535678855,0.0,256.8999938964844,-0.002406829745720356,256.2816793494989,0.004466497880137396,258.0474371746303,0.004300938643587309,258.0049050077711
walk_forward,3,2023-08-31,2023-09-01,258.0799865722656,245.00999450683594,-0.05064318329763218,0.0,258.0799865722656,0.0006976438860562149,258.26003449701125,0.001808534309983432,258.5467330827016,0.003880915507037784,259.08157319421
walk_forward,3,2023-09-01,2023-09-05,245.00999450683594,256.489990234375,0.046855214011356505,0.0,245.00999450683594,1.1176262105844735e-05,245.01273280275308,0.001808534309983432,245.4531034881904,0.00020070600813990416,245.0591694847878
walk_forward,3,2023-09-05,2023-09-06,256.489990234375,251.9199981689453,-0.017817428513501543,0.0,256.489990234375,-0.0014141339042472215,256.1272790430845,0.001808534309983432,256.95386118188117,3.0375298306720932e-05,256.49778119434103
walk_forward,3,2023-09-06,2023-09-07,251.9199981689453,251.49000549316406,-0.0017068620153485314,0.0,251.9199981689453,-0.00061116195092842,251.7660342513865,0.001808534309983432,252.3756041290048,0.0004264035240173714,252.027417743935
walk_forward,3,2023-09-07,2023-09-08,251.49000549316406,248.5,-0.01188916230408743,0.0,251.49000549316406,0.002093070954031307,252.01639191889095,0.001808534309983432,251.94483379671635,0.0010577825382587559,251.75602722952132
walk_forward,3,2023-09-08,2023-09-11,248.5,273.5799865722656,0.10092549928477124,0.0,248.5,0.0024443797968381133,249.10742837951426,0.004466497880137396,249.60992472321414,0.003185945642835229,249.29170749224454
walk_forward,3,2023-09-11,2023-09-12,273.5799865722656,267.4800109863281,-0.022296863386701782,0.0,273.5799865722656,0.004684151287071354,274.8614766184851,0.001808534309983432,274.0747653645064,0.007925493390322197,275.74824294756854
walk_forward,3,2023-09-12,2023-09-13,267.4800109863281,271.29998779296875,0.014281354305895722,0.0,267.4800109863281,0.0038330737409711106,268.50528159267446,0.001808534309983432,267.96375776343166,-0.0010117127693372882,267.2093980436708
walk_forward,3,2023-09-13,2023-09-14,271.29998779296875,276.0400085449219,0.017471511114000693,0.0,271.29998779296875,0.004839371189340281,272.6129091375624,0.001808534309983432,271.7906431291904,0.011532160200498269,274.4286627145905
walk_forward,3,2023-09-14,2023-09-15,276.0400085449219,274.3900146484375,-0.005977372284481253,0.0,276.0400085449219,0.0007155192926132209,276.2375204965689,0.004466497880137396,277.27294065792086,0.010282020231847258,278.87825749758
walk_forward,3,2023-09-15,2023-09-18,274.3900146484375,265.2799987792969,-0.033200974462619715,0.0,274.3900146484375,-0.0008811433656541389,274.1482377074283,0.001808534309983432,274.88625840424606,0.004112538747051619,275.51845421548325
walk_forward,3,2023-09-18,2023-09-19,265.2799987792969,266.5,0.004598918977371191,0.0,265.2799987792969,0.001263451093339204,265.6151670837956,0.001808534309983432,265.7597667588416,0.0014307889468212938,265.65955846936305
walk_forward,3,2023-09-19,2023-09-20,266.5,262.5899963378906,-0.014671683535119606,0.0,266.5,0.0042145023556307195,267.6231648777756,0.001808534309983432,266.9819743936106,0.0031783306356787926,267.3470251144084
walk_forward,3,2023-09-20,2023-09-21,262.5899963378906,255.6999969482422,-0.026238620989897266,0.0,262.5899963378906,0.0017521834206918653,263.0501021759134,0.004466497880137396,263.7628539998791,0.0020046985416351977,263.11641012059715
walk_forward,3,2023-09-21,2023-09-22,255.6999969482422,244.8800048828125,-0.042315182614647506,0.0,255.6999969482422,0.003461788576021758,256.5851762765664,0.001808534309983432,256.1624391657857,-0.0005889943068163357,255.54939110578673
walk_forward,3,2023-09-22,2023-09-25,244.8800048828125,246.99000549316406,0.008616467528091087,0.0,244.8800048828125,0.00255956554031224,245.50679130482206,0.001808534309983432,245.32287877347196,0.0025331588521550134,245.50032483489719
walk_forward,3,2023-09-25,2023-09-26,246.99000549316406,244.1199951171875,-0.011619945391094011,0.0,246.99000549316406,0.001083011216143143,247.2574984393884,0.001808534309983432,247.43669539232144,0.0018018765157842198,247.4350509836956
walk_forward,3,2023-09-26,2023-09-27,244.1199951171875,240.5,-0.014828753029631048,0.0,244.1199951171875,-0.000601107926386334,243.97325265313316,0.001808534309983432,244.5614945041099,-0.0006786323741321123,243.954327385328
walk_forward,3,2023-09-27,2023-09-28,240.5,246.3800048828125,0.02444908475181906,0.0,240.5,0.0005118197900721173,240.62309265951237,0.001808534309983432,240.934952501551,-0.00040491377877749997,240.402618236204
walk_forward,3,2023-09-28,2023-09-29,246.3800048828125,250.22000122070312,0.015585665483353939,0.0,246.3800048828125,-0.0008807041794287188,246.16301698278454,-0.005466704159151608,245.03311828538784,-0.0016988651254751272,245.9614384849027
walk_forward,3,2023-09-29,2023-10-02,250.22000122070312,251.60000610351562,0.005515166158101437,0.0,250.22000122070312,0.0009643803568570482,250.46130847477312,0.001808534309983432,250.67253267795485,0.0008818478344700581,250.4406571869207
walk_forward,3,2023-10-02,2023-10-03,251.60000610351562,246.52999877929688,-0.020151062008054166,0.0,251.60000610351562,-0.0017172472569142987,251.16794668319474,0.001808534309983432,252.05503334694586,-0.0009342193649107664,251.36495650560204
walk_forward,3,2023-10-03,2023-10-04,246.52999877929688,261.1600036621094,0.05934371052307452,0.0,246.52999877929688,-0.0005668621946593906,246.39025024313946,0.001808534309983432,246.9758567405294,-0.0008466200619815465,246.32128153645004
walk_forward,3,2023-10-04,2023-10-05,261.1600036621094,260.04998779296875,-0.00425032873937603,0.0,261.1600036621094,-0.003849519048072866,260.1546632534173,-0.005466704159151608,259.7323191838857,-0.0028004019538113234,260.42865067759664
walk_forward,3,2023-10-05,2023-10-06,260.04998779296875,260.5299987792969,0.001845841218459432,0.0,260.04998779296875,-0.004712620407668872,258.82447091348155,0.001808534309983432,260.5202971182031,-0.0004761651122025574,259.926161061353
walk_forward,3,2023-10-06,2023-10-09,260.5299987792969,259.6700134277344,-0.003300907210654902,0.0,260.5299987792969,-0.0047158211994826876,259.3013858879523,0.001808534309983432,261.0011762208692,0.0006979291552530449,260.711830261263
walk_forward,3,2023-10-09,2023-10-10,259.6700134277344,263.6199951171875,0.015211543440507347,0.0,259.6700134277344,-0.0033210223263490197,258.8076435156575,0.001808534309983432,260.13963555629226,0.0006477621728800967,259.83821783986417
walk_forward,3,2023-10-10,2023-10-11,263.6199951171875,262.989990234375,-0.002389822071472425,0.0,263.6199951171875,-0.0033562076690193546,262.73523166786833,0.001808534309983432,264.0967609231546,0.0006659236475892615,263.7955459059134
walk_forward,3,2023-10-11,2023-10-12,262.989990234375,258.8699951171875,-0.015665976919941982,0.0,262.989990234375,-0.002891808091920184,262.2294736525212,0.001808534309983432,263.46561665489605,0.00031979819595182154,263.0740939588053
walk_forward,3,2023-10-12,2023-10-13,258.8699951171875,251.1199951171875,-0.02993780718577166,0.0,258.8699951171875,-0.0008106587783532904,258.6601398831935,0.001808534309983432,259.3381703851822,-0.0005103858719045538,258.7378715290197
walk_forward,3,2023-10-13,2023-10-16,251.1199951171875,253.9199981689453,0.01115006015531006,0.0,251.1199951171875,-0.0019268977645750893,250.63611255995608,0.004466497880137396,252.24162204303855,0.002008592499825851,251.6243928559362
walk_forward,3,2023-10-16,2023-10-17,253.9199981689453,254.85000610351562,0.0036626021631882555,0.0,253.9199981689453,-0.0020493585444164644,253.39962505109958,0.001808534309983432,254.37922119762476,0.0001857423067579635,253.9671618551372
walk_forward,3,2023-10-17,2023-10-18,254.85000610351562,242.67999267578125,-0.04775363208267347,0.0,254.85000610351562,-0.0024366101536340504,254.2290359909901,0.001808534309983432,255.3109110834533,0.0008170420978291417,255.0582292871342
walk_forward,3,2023-10-18,2023-10-19,242.67999267578125,220.11000061035156,-0.09300310180733784,0.0,242.67999267578125,-0.0004436941884557767,242.5723169733765,0.001808534309983432,243.11888776888193,-0.00048767851785648926,242.5616428566397
walk_forward,3,2023-10-19,2023-10-20,220.11000061035156,211.99000549316406,-0.036890623300491754,0.0,220.11000061035156,0.0013360030133335778,220.40406823443186,0.02650752241996563,225.9445713863891,0.026190300373315788,225.87474764150738
walk_forward,3,2023-10-20,2023-10-23,211.99000549316406,212.0800018310547,0.0004245310418349302,0.0,211.99000549316406,0.001980448437107237,212.40984076822537,0.08277180892295147,229.53680172141966,0.026825347751381918,217.67671111033556
walk_forward,3,2023-10-23,2023-10-24,212.0800018310547,216.52000427246094,0.02093550737020089,0.0,212.0800018310547,0.0017138137199172376,212.44346744791284,0.001808534309983432,212.46355579082748,0.011820717817609412,214.5869396874577
walk_forward,3,2023-10-24,2023-10-25,216.52000427246094,212.4199981689453,-0.018935922882932887,0.0,216.52000427246094,0.00495317041573749,217.59246475203864,0.001808534309983432,216.91158812898544,-0.004949069395352473,215.4484317458345
walk_forward,3,2023-10-25,2023-10-26,212.4199981689453,205.75999450683594,-0.031352997455599385,0.0,212.4199981689453,0.00727780655861327,213.96594982479988,0.001808534309983432,212.80416702376047,-0.00393672666508759,211.58375869795577
walk_forward,3,2023-10-26,2023-10-27,205.75999450683594,207.3000030517578,0.00748448962886572,0.0,205.75999450683594,0.006867898126053375,207.17313318752622,0.001808534309983432,206.13211851652355,-0.008579995881686949,203.99457460135136
walk_forward,3,2023-10-27,2023-10-30,207.3000030517578,197.36000061035156,-0.04794984223383958,0.0,207.3000030517578,0.0021279591067253443,207.741128981076,0.001808534309983432,207.67491221973657,-0.00751359148644361,205.7424355136884
walk_forward,3,2023-10-30,2023-10-31,197.36000061035156,200.83999633789062,0.017632730628176496,0.0,197.36000061035156,0.0017752671334187835,197.71036733288665,-0.005466704159151608,196.2810918741648,-0.0009360956882977327,197.17525276473776
walk_forward,3,2023-10-31,2023-11-01,200.83999633789062,205.66000366210938,0.023999240251476817,0.0,200.83999633789062,0.00023533886476867407,200.88726179462893,-0.005466704159151608,199.7420634945863,-0.01524039698075786,197.77911506408722
walk_forward,3,2023-11-01,2023-11-02,205.66000366210938,218.50999450683594,0.06248172039245192,0.0,205.66000366210938,-0.0014883906194583388,205.3539012418609,-0.005466704159151608,204.53572126471857,0.0040056539888959205,206.48380647613487
walk_forward,3,2023-11-02,2023-11-03,218.50999450683594,219.9600067138672,0.006635907937775798,0.0,218.50999450683594,-0.00479374674307872,217.46251293233863,0.001808534309983432,218.90517732897584,0.000937934374065072,218.71494254176065
walk_forward,3,2023-11-03,2023-11-06,219.9600067138672,219.27000427246094,-0.0031369449915676917,0.0,219.9600067138672,-0.0030484670868315663,219.2894658729807,0.001808534309983432,220.35781193283339,0.001037611146768852,220.18823966867686
walk_forward,3,2023-11-06,2023-11-07,219.27000427246094,222.17999267578125,0.013271256198382764,0.0,219.27000427246094,0.0005864613987659458,219.39859766587395,0.001808534309983432,219.6665615983379,0.002793069092727004,219.88244054435646
walk_forward,3,2023-11-07,2023-11-08,222.17999267578125,222.11000061035156,-0.00031502415940676265,0.0,222.17999267578125,-0.0026676839485533406,221.58728667563037,-0.005466704159151608,220.96540038574028,-0.0035921807155734533,221.38188199070507
walk_forward,3,2023-11-08,2023-11-09,222.11000061035156,209.97999572753906,-0.054612601186257326,0.0,222.11000061035156,-0.003715929007273977,221.28465561627792,0.001808534309983432,222.51169416704582,0.0010857069999659055,222.35114699277665
walk_forward,3,2023-11-09,2023-11-10,209.97999572753906,214.64999389648438,0.022240205086035525,0.0,209.97999572753906,0.00044699924587480837,210.07385662727808,-0.005466704159151608,208.8320972115567,-0.0004962776667820062,209.8757873451885
walk_forward,3,2023-11-10,2023-11-13,214.64999389648438,223.7100067138672,0.04220830689495392,0.0,214.64999389648438,0.0021432667408837185,215.1100460893336,0.001808534309983432,215.0381957750839,0.0012787379784039287,214.92447499574396
walk_forward,3,2023-11-13,2023-11-14,223.7100067138672,237.41000366210938,0.06123998273248876,0.0,223.7100067138672,0.0026409903663340466,224.30082268645103,0.004466497880137396,224.7092069846202,0.006124104040649052,225.0800300699172
walk_forward,3,2023-11-14,2023-11-15,237.41000366210938,242.83999633789062,0.022871793909364557,0.0,237.41000366210938,0.0029225056652069023,238.10383574278868,0.001808534309983432,237.83936779926557,0.0013511090284817346,237.7307704615091
walk_forward,3,2023-11-15,2023-11-16,242.83999633789062,233.58999633789062,-0.038090924639652135,0.0,242.83999633789062,0.007110945761271238,244.56681838051668,0.001808534309983432,243.27918080310394,0.002125994033347601,243.35627272116312
walk_forward,3,2023-11-16,2023-11-17,233.58999633789062,234.3000030517578,0.0030395424675642158,0.0,233.58999633789062,0.009502286389854177,235.80963538089824,0.001808534309983432,234.0124518607366,6.151626829609541e-05,233.60436592277665
walk_forward,3,2023-11-17,2023-11-20,234.3000030517578,235.60000610351562,0.005548455120893081,0.0,234.3000030517578,0.0030509605226432205,235.0148431115239,0.001808534309983432,234.72374264610613,0.00017395305142695253,234.340760252238
walk_forward,3,2023-11-20,2023-11-21,235.60000610351562,241.1999969482422,0.023769060694616817,0.0,235.60000610351562,0.0012292144453276838,235.88960903433735,0.001808534309983432,236.02609679798613,0.002468231875440532,236.18152154843432
walk_forward,3,2023-11-21,2023-11-22,241.1999969482422,234.2100067138672,-0.028980059381488954,0.0,241.1999969482422,0.00132438461924001,241.5194385143612,-0.005466704159151608,239.88142792173787,-0.00023436763401233916,241.14346747563366
walk_forward,3,2023-11-22,2023-11-24,234.2100067138672,235.4499969482422,0.00529435207219775,0.0,234.2100067138672,0.0066538201563365726,235.76839797735565,0.004466497880137396,235.25610521236166,0.00621449426456421,235.66550345729402
walk_forward,3,2023-11-24,2023-11-27,235.4499969482422,236.0800018310547,0.0026757481035388775,0.0,235.4499969482422,0.00607734182643864,236.88090706273059,0.004466497880137396,236.50163386048987,0.004668087929914216,236.5490982370946
walk_forward,3,2023-11-27,2023-11-28,236.0800018310547,246.72000122070312,0.04506946504203557,0.0,236.0800018310547,0.0028281123130721206,236.74766259110322,0.001808534309983432,236.5069606142671,0.0006002722585940338,236.2217141069627
walk_forward,3,2023-11-28,2023-11-29,246.72000122070312,244.13999938964844,-0.010457205813430348,0.0,246.72000122070312,0.000447753432884084,246.8304709482109,0.001808534309983432,247.16620280786992,0.0018925081192494868,247.18692082619458
walk_forward,3,2023-11-29,2023-11-30,244.13999938964844,240.0800018310547,-0.016629792613843564,0.0,244.13999938964844,0.0014383598224511386,244.49116055582377,-0.005466704159151608,242.80535823956978,-0.0004334453515706757,244.03417804178054
walk_forward,3,2023-11-30,2023-12-01,240.0800018310547,238.8300018310547,-0.005206597761023168,0.0,240.0800018310547,0.0015161027494348615,240.44398778191507,0.001808534309983432,240.51419475150703,0.001358819457327769,240.406227208858
walk_forward,3,2023-12-01,2023-12-04,238.8300018310547,235.5800018310547,-0.01360800559009756,0.0,238.8300018310547,-0.00028312828297797623,238.76238230271264,0.001808534309983432,239.26193408361954,0.0020500352342180655,239.31961174979674
walk_forward,3,2023-12-04,2023-12-05,235.5800018310547,238.72000122070312,0.013328802806870987,0.0,235.5800018310547,-0.0005891236659910383,235.4412160767418,0.001808534309983432,236.0060563471121,0.0004329737801903747,235.68200179498476
walk_forward,3,2023-12-05,2023-12-06,238.72000122070312,239.3699951171875,0.002722829646282676,0.0,238.72000122070312,0.0002767527238906821,238.78606763128815,0.001808534309983432,239.15173453339006,0.0006158147438151483,238.86700851709838
walk_forward,3,2023-12-06,2023-12-07,239.3699951171875,242.63999938964844,0.01366087788429815,0.0,239.3699951171875,0.0023860920954430175,239.94115397042287,0.001808534309983432,239.8029039661375,0.001406272035692165,239.7066144475046
walk_forward,3,2023-12-07,2023-12-08,242.63999938964844,243.83999633789062,0.0049455858525417895,0.0,242.63999938964844,-0.00020742769934271182,242.58966913280653,0.004466497880137396,243.72375043255886,0.00343843638931803,243.47430159305392
walk_forward,3,2023-12-08,2023-12-11,243.83999633789062,239.74000549316406,-0.01681426716823431,0.0,243.83999633789062,-0.0011552159763471804,243.55830847844865,0.001808534309983432,244.28098933741393,0.0010417585279437005,244.09401873352937
walk_forward,3,2023-12-11,2023-12-12,239.74000549316406,237.00999450683594,-0.011387381846063915,0.0,239.74000549316406,-0.00168259364374378,239.33662048377016,0.001808534309983432,240.17358351857405,0.0006053065024983326,239.88512167739805
walk_forward,3,2023-12-12,2023-12-13,237.00999450683594,239.2899932861328,0.009619842336358264,0.0,237.00999450683594,-0.003234186264783171,236.24346003798559,0.001808534309983432,237.43863521371054,0.0005398171200438524,237.13793655949223
walk_forward,3,2023-12-13,2023-12-14,239.2899932861328,251.0500030517578,0.04914543063053567,0.0,239.2899932861328,-0.0033623174857583624,238.48542435753987,0.001808534309983432,239.7227574490265,0.0016900284383364998,239.69440017979574
walk_forward,3,2023-12-14,2023-12-15,251.0500030517578,253.5,0.009758999874367902,0.0,251.0500030517578,0.0018056458357651167,251.50331044433705,0.001808534309983432,251.50403559579834,0.0030067906337288984,251.8048578495315
walk_forward,3,2023-12-15,2023-12-18,253.5,252.0800018310547,-0.005601570686174839,0.0,253.5,0.0028823958133068605,254.23068733867328,0.001808534309983432,253.95846344758078,0.0030718189454099006,254.27870610266143
walk_forward,3,2023-12-18,2023-12-19,252.0800018310547,257.2200012207031,0.0203903496997484,0.0,252.0800018310547,0.003897693338843518,253.06253237504725,0.001808534309983432,252.53589716322682,0.004054350949443657,253.10202262581421
walk_forward,3,2023-12-19,2023-12-20,257.2200012207031,247.13999938964844,-0.03918825045959673,0.0,257.2200012207031,0.00285161915393003,257.953494702958,0.001808534309983432,257.68519241812476,0.002659146136387573,257.90398679315075
walk_forward,3,2023-12-20,2023-12-21,247.13999938964844,254.5,0.029780693649462897,0.0,247.13999938964844,-0.0002440173260798862,247.07969294782998,0.001808534309983432,247.5869605579139,-0.00026655785293638466,247.07412228203643
walk_forward,3,2023-12-21,2023-12-22,254.5,252.5399932861328,-0.007701401626197146,0.0,254.5,-0.000802317180471121,254.2958102775701,0.001808534309983432,254.96027198189077,0.001866350161542026,254.97498611611246
walk_forward,3,2023-12-22,2023-12-26,252.5399932861328,256.6099853515625,0.01611622781987765,0.0,252.5399932861328,-0.00017541656406397724,252.49569358822183,0.001808534309983432,252.99672052863377,0.001633975396208444,252.952637421721
walk_forward,3,2023-12-26,2023-12-27,256.6099853515625,261.44000244140625,0.018822405072142834,0.0,256.6099853515625,-1.1269927859340959e-05,256.6070933755396,0.004466497880137396,257.75613330715737,0.003915165921731681,257.61465602138696
walk_forward,3,2023-12-27,2023-12-28,261.44000244140625,253.17999267578125,-0.03159428430420175,0.0,261.44000244140625,0.0017559438243605315,261.89907639913406,0.001808534309983432,261.91282565582367,0.000942894863692223,261.6865128768719
walk_forward,3,2023-12-28,2023-12-29,253.17999267578125,248.47999572753906,-0.018563856087399966,0.0,253.17999267578125,0.0029701692643312465,253.93198010837048,0.001808534309983432,253.63787737913674,-0.0003903238782704814,253.08117047913956
walk_forward,3,2023-12-29,2024-01-02,248.47999572753906,248.4199981689453,-0.0002414583049958896,0.0,248.47999572753906,0.000490969177747934,248.60199174672823,0.001808534309983432,248.92938032515684,-0.0012717226051989926,248.1639981000326
walk_forward,3,2024-01-02,2024-01-03,248.4199981689453,238.4499969482422,-0.04013364984377277,0.0,248.4199981689453,-0.00015955915864311046,248.38036048304735,0.001808534309983432,248.86927425891986,0.0014925873633885797,248.7907867190253
walk_forward,3,2024-01-03,2024-01-04,238.4499969482422,237.92999267578125,-0.0021807686270334248,0.0,238.4499969482422,-0.0025458256427366363,237.8429448315009,-0.005466704159151608,237.14646135817554,-0.00039725475121698823,238.3552715540268
walk_forward,3,2024-01-04,2024-01-05,237.92999267578125,237.49000549316406,-0.001849229589212631,0.0,237.92999267578125,-0.0012132616249069614,237.64132134625333,0.001808534309983432,238.3602972309095,-0.0001926610066546988,237.88415284387898
walk_forward,3,2024-01-05,2024-01-08,237.49000549316406,240.4499969482422,0.012463646412957496,0.0,237.49000549316406,7.941001289978999e-05,237.50886457756386,0.001808534309983432,237.9195143163766,0.00036900272555988046,237.57763995248428
walk_forward,3,2024-01-08,2024-01-09,240.4499969482422,234.9600067138672,-0.02283214932024613,0.0,240.4499969482422,-0.001013420416256748,240.20632001224598,0.001808534309983432,240.88485901755848,0.0006311528654684135,240.60175765281792
walk_forward,3,2024-01-09,2024-01-10,234.9600067138672,233.94000244140625,-0.004341182513256769,0.0,234.9600067138672,-0.0009940801069916651,234.72643764525432,0.001808534309983432,235.38493994748313,-0.0016929912539906005,234.56222147746305
walk_forward,3,2024-01-10,2024-01-11,233.94000244140625,227.22000122070312,-0.028725319101363445,0.0,233.94000244140625,-0.0006582031195244697,233.78602240201775,-0.005466704159151608,232.66112165706787,-0.0044034651932110406,232.90985578335582
walk_forward,3,2024-01-11,2024-01-12,227.22000122070312,218.88999938964844,-0.036660513098772496,0.0,227.22000122070312,-0.003977519627478226,226.31622920609215,0.001808534309983432,227.63093638882523,-0.001201499059418245,226.94699660295544
walk_forward,3,2024-01-12,2024-01-16,218.88999938964844,219.91000366210938,0.004659894354722027,0.0,218.88999938964844,-0.002135296258532659,218.4226043929215,0.001808534309983432,219.28586946365687,0.0011380668307911452,219.1391108375457
walk_forward,3,2024-01-16,2024-01-17,219.91000366210938,215.5500030517578,-0.019826295019533036,0.0,219.91000366210938,-0.0018356957678658092,219.50631579907548,-0.005466704159151608,218.70782073045066,-0.00444402192426291,218.9327187844702
walk_forward,3,2024-01-17,2024-01-18,215.5500030517578,211.8800048828125,-0.017026203279914,0.0,215.5500030517578,0.0005813243879207296,215.6753075253482,0.001808534309983432,215.93983262779395,-0.0010194915793180874,215.33025163872455
walk_forward,3,2024-01-18,2024-01-19,211.8800048828125,212.19000244140625,0.0014630807600990448,0.0,211.8800048828125,0.0028047153511329397,212.47426798510546,0.001808534309983432,212.26319714124253,-0.0016060595096211835,211.53971298607186
walk_forward,3,2024-01-19,2024-01-22,212.19000244140625,208.8000030517578,-0.015976244642273096,0.0,212.19000244140625,0.003282303165812987,212.88647435817353,0.001808534309983432,212.573755341057,0.0007801346615432999,212.35553921714373
walk_forward,3,2024-01-22,2024-01-23,208.8000030517578,209.13999938964844,0.0016283349277841364,0.0,208.8000030517578,0.0029860477779733944,209.42348983691133,0.001808534309983432,209.17762502120155,-0.0009200158989976776,208.60790372923944
walk_forward,3,2024-01-23,2024-01-24,209.13999938964844,207.8300018310547,-0.006263735117226887,0.0,209.13999938964844,0.0024657821315929827,209.6556930631448,0.001808534309983432,209.51823625413454,0.0009698611702902264,209.34283615421097
walk_forward,3,2024-01-24,2024-01-25,207.8300018310547,182.6300048828125,-0.12125293136804816,0.0,207.8300018310547,0.0034024973552596923,208.53714286262849,0.001808534309983432,208.20586952001005,0.0015299063252153294,208.14796226542555
walk_forward,3,2024-01-25,2024-01-26,182.6300048828125,183.25,0.0033948152034783963,0.0,182.6300048828125,0.005669219706185762,183.66537450543495,-0.03355168863177632,176.5024598241646,0.023543755522874892,186.92980106891486
walk_forward,3,2024-01-26,2024-01-29,183.25,190.92999267578125,0.04190991910385411,0.0,183.25,0.003582205375854257,183.9064391351253,0.001808534309983432,183.58141391230447,-0.0007867511720291069,183.10582784772566
walk_forward,3,2024-01-29,2024-01-30,190.92999267578125,191.58999633789062,0.0034567835721344142,0.0,190.92999267578125,-0.00020939525050370916,190.89001284213623,0.001808534309983432,191.2752961183403,-0.003541977126354976,190.25372300898852
walk_forward,3,2024-01-30,2024-01-31,191.58999633789062,187.2899932861328,-0.02244377647032403,0.0,191.58999633789062,0.0008467668756397557,191.7522284004935,0.001808534309983432,191.9364934197173,-0.001227044986362976,191.35490679344693
walk_forward,3,2024-01-31,2024-02-01,187.2899932861328,188.86000061035156,0.008382761388752824,0.0,187.2899932861328,0.004279829742776992,188.09156256992333,0.001808534309983432,187.62871366490734,0.0024097693401839127,187.74131896967697
walk_forward,3,2024-02-01,2024-02-02,188.86000061035156,187.91000366210938,-0.0050301649114266045,0.0,188.86000061035156,0.005792416735905781,189.95395643863014,0.001808534309983432,189.20156040123888,0.004866112434403258,189.779014607683
walk_forward,3,2024-02-02,2024-02-05,187.91000366210938,181.05999755859375,-0.03645365318513305,0.0,187.91000366210938,1.4773379281459581e-05,187.91277972786426,0.001808534309983432,188.24984535092142,-0.0034799375002672354,187.25608859369027
walk_forward,3,2024-02-05,2024-02-06,181.05999755859375,185.10000610351562,0.0223130928940527,0.0,181.05999755859375,0.0030477996914806908,181.61183216329232,0.001808534309983432,181.38745077634397,0.0038468113164965042,181.75650120616697
walk_forward,3,2024-02-06,2024-02-07,185.10000610351562,187.5800018310547,0.01339813963135228,0.0,185.10000610351562,0.001060823565255658,185.2963645519192,-0.005466704159151608,184.08811913029055,-0.0006082107516900154,184.98742628966556
walk_forward,3,2024-02-07,2024-02-08,187.5800018310547,189.55999755859375,0.010555473441792307,0.0,187.5800018310547,0.000448254236036145,187.66408536147114,0.004466497880137396,188.41782751158928,0.007494131818206546,188.985751091236
walk_forward,3,2024-02-08,2024-02-09,189.55999755859375,193.57000732421875,0.021154303741671487,0.0,189.55999755859375,0.0006494122382030183,189.68310014088203,0.001808534309983432,189.90282331797883,0.002255187341399412,189.9874908655236
walk_forward,3,2024-02-09,2024-02-12,193.57000732421875,188.1300048828125,-0.028103539988478476,0.0,193.57000732421875,0.00018767563773853385,193.6063356987904,0.001808534309983432,193.92008532384833,0.00034993822141348975,193.63774486830076
walk_forward,3,2024-02-12,2024-02-13,188.1300048828125,184.02000427246094,-0.021846598116614713,0.0,188.1300048828125,0.0025738541072508085,188.61422406857724,0.001808534309983432,188.4702444513804,0.000314265595245446,188.18912767078052
walk_forward,3,2024-02-13,2024-02-14,184.02000427246094,188.7100067138672,0.025486372853585015,0.0,184.02000427246094,0.0008716608768520673,184.18040731074336,0.001808534309983432,184.35281076391098,-0.0006683500102908675,183.89701450071172
walk_forward,3,2024-02-14,2024-02-15,188.7100067138672,200.4499969482422,0.06221180550417671,0.0,188.7100067138672,-0.0024056732436205774,188.25603209991218,0.001808534309983432,189.05129523564642,0.0015227170714590843,188.99735866264555
walk_forward,3,2024-02-15,2024-02-16,200.4499969482422,199.9499969482422,-0.0024943876658132247,0.0,200.4499969482422,-0.002757703094135153,199.89721537143865,-0.005466704159151608,199.3541961162233,-0.0011301712166632237,200.22345413131106
walk_forward,3,2024-02-16,2024-02-20,199.9499969482422,193.75999450683594,-0.030957752117438453,0.0,199.9499969482422,0.001420195283420135,200.23396499082793,0.001808534309983432,200.31161337800415,0.0006184552764770857,200.0736570788864
walk_forward,3,2024-02-20,2024-02-21,193.75999450683594,194.77000427246094,0.00521268473502845,0.0,193.75999450683594,0.005500723629349866,194.8258146870424,0.001808534309983432,194.11041610480373,0.000331933418432084,193.824309924168
walk_forward,3,2024-02-21,2024-02-22,194.77000427246094,197.41000366210938,0.013554445406056326,0.0,194.77000427246094,0.003979710235404225,195.54513245201377,0.001808534309983432,195.1222525077433,0.0009025386911254825,194.9457917371875
walk_forward,3,2024-02-22,2024-02-23,197.41000366210938,191.97000122070312,-0.027556873210526134,0.0,197.41000366210938,0.00208828719621623,197.82225244516195,0.001808534309983432,197.76702642686624,0.0013543766275475387,197.67737115711338
walk_forward,3,2024-02-23,2024-02-26,191.97000122070312,199.39999389648438,0.03870392576202142,0.0,191.97000122070312,0.0021142114286877966,192.37586639124916,0.001808534309983432,192.31718555439832,-0.000784223952661028,191.8194537475535
walk_forward,3,2024-02-26,2024-02-27,199.39999389648438,199.72999572753906,0.0016549741281637331,0.0,199.39999389648438,0.0032356381238119944,200.0451801186237,0.001808534309983432,199.76061562685663,0.0013703777514122184,199.67324721175186
walk_forward,3,2024-02-27,2024-02-28,199.72999572753906,202.0399932861328,0.01156560160219966,0.0,199.72999572753906,0.0036514761662899834,200.45930504663139,0.004466497880137396,200.62208933005599,0.0036038082709523712,200.44978433809925
walk_forward,3,2024-02-28,2024-02-29,202.0399932861328,201.8800048828125,-0.0007918650199801869,0.0,202.0399932861328,0.003370060348053555,202.72088025622742,0.001808534309983432,202.4053895459796,-0.0007698058953363624,201.88446170820743
walk_forward,3,2024-02-29,2024-03-01,201.8800048828125,202.63999938964844,0.003764585340074067,0.0,201.8800048828125,0.003020450225509375,202.48977338908662,0.001808534309983432,202.2451117981427,0.0015275530978483792,202.1883873096649
walk_forward,3,2024-03-01,2024-03-04,202.63999938964844,188.13999938964844,-0.07155546804023882,0.0,202.63999938964844,0.0034277661889281184,203.3346019280807,-0.005466704159151608,201.53222646217458,-4.435645166784579e-05,202.63101099830953
walk_forward,3,2024-03-04,2024-03-05,188.13999938964844,180.74000549316406,-0.03933237971984138,0.0,188.13999938964844,0.0005903151522444004,188.2510612820314,0.001808534309983432,188.48025703362487,0.00016796867917181823,188.1716010168453
walk_forward,3,2024-03-05,2024-03-06,180.74000549316406,176.5399932861328,-0.02323786698783792,0.0,180.74000549316406,-0.0005441426975893032,180.64165713901272,0.001808534309983432,181.06687999428505,-0.0026534021724686292,180.2604295699365
walk_forward,3,2024-03-06,2024-03-07,176.5399932861328,178.64999389648438,0.011951969472048907,0.0,176.5399932861328,-0.0011036577692352442,176.34515355096184,0.001808534309983432,176.85927192107502,-0.003193280223420592,175.9762516169294
walk_forward,3,2024-03-07,2024-03-08,178.64999389648438,175.33999633789062,-0.018527834714126334,0.0,178.64999389648438,0.0007759518853403032,178.7886176960644,0.001808534309983432,178.9730885399245,-0.001372787689045675,178.4047453842152
walk_forward,3,2024-03-08,2024-03-11,175.33999633789062,177.77000427246094,0.013858834181150304,0.0,175.33999633789062,0.0035594581233237502,175.9641117121991,0.001808534309983432,175.65710473718008,0.0003591741857676487,175.40297393830778
walk_forward,3,2024-03-11,2024-03-12,177.77000427246094,177.5399932861328,-0.0012938683737420131,0.0,177.77000427246094,0.0034536417815166824,178.3839581867167,0.001808534309983432,178.09150742447358,-0.0010739984051695473,177.57907957138534
walk_forward,3,2024-03-12,2024-03-13,177.5399932861328,169.47999572753906,-0.04539820808488959,0.0,177.5399932861328,0.0010985786374296995,177.7350349300464,0.001808534309983432,177.861080455385,0.0004374973723391092,177.6176665666806
walk_forward,3,2024-03-13,2024-03-14,169.47999572753906,162.5,-0.04118477639544138,0.0,169.47999572753906,0.00030753935663572866,169.5321174963877,0.001808534309983432,169.78650611466816,0.0008517668998339447,169.6243531780838
walk_forward,3,2024-03-14,2024-03-15,162.5,163.57000732421875,0.006584660456730784,0.0,162.5,-0.00028436531314876036,162.45379063661332,-0.005466704159151608,161.61166057413786,-0.010724886494548377,160.7572059446359
walk_forward,3,2024-03-15,2024-03-18,163.57000732421875,173.8000030517578,0.06254200201423088,0.0,163.57000732421875,-0.00017603932066989018,163.54121257124743,-0.005466704159151608,162.675818484867,-0.007758031504807694,162.30102605415584
walk_forward,3,2024-03-18,2024-03-19,173.8000030517578,171.32000732421875,-0.014269250195585559,0.0,173.8000030517578,-0.004410617887003804,173.0334376495364,0.001808534309983432,174.11432632035215,0.001383080241054854,174.04038240187396
walk_forward,3,2024-03-19,2024-03-20,171.32000732421875,175.66000366210938,0.025332688257929448,0.0,171.32000732421875,-0.0002821430842396347,171.27167056896033,0.001808534309983432,171.62984543545122,0.00086124554774753,171.4675559177668
walk_forward,3,2024-03-20,2024-03-21,175.66000366210938,172.82000732421875,-0.016167575308454918,0.0,175.66000366210938,-0.00023326415144776487,175.61902848041183,0.001808534309983432,175.97769080562412,0.0009630271834219932,175.829169020676
walk_forward,3,2024-03-21,2024-03-22,172.82000732421875,170.8300018310547,-0.01151490226146512,0.0,172.82000732421875,-0.00023897688297673612,172.7787073375524,0.001808534309983432,173.1325582369162,0.000657784150375127,172.93368558590436
walk_forward,3,2024-03-22,2024-03-25,170.8300018310547,172.6300048828125,0.010536808713131895,0.0,170.8300018310547,-0.0030690042907963403,170.30572382243844,0.001808534309983432,171.13895375054068,0.002144517432548656,171.1963497479837
walk_forward,3,2024-03-25,2024-03-26,172.6300048828125,177.6699981689453,0.029195349264770964,0.0,172.6300048828125,-0.0032493440589253944,172.06907060205427,-0.005466704159151608,171.68628771712525,-0.0005572482383713549,172.53380711670152
walk_forward,3,2024-03-26,2024-03-27,177.6699981689453,179.8300018310547,0.012157391142962881,0.0,177.6699981689453,-0.002172725985568243,177.2839699470678,-0.005466704159151608,176.6987288509987,-0.0024731495650810315,177.23059369024583
walk_forward,3,2024-03-27,2024-03-28,179.8300018310547,175.7899932861328,-0.022465709302040393,0.0,179.8300018310547,-0.00016049392587622752,179.80114020807048,0.004466497880137396,180.6332121530182,0.0032858329979810305,180.42089318509815
walk_forward,3,2024-03-28,2024-04-01,175.7899932861328,175.22000122070312,-0.003242460249155976,0.0,175.7899932861328,0.004389209364252118,176.56157237080612,0.001808534309983432,176.10791552034254,-0.0014534895896815463,175.53448436092123
walk_forward,3,2024-04-01,2024-04-02,175.22000122070312,166.6300048828125,-0.049024062767074494,0.0,175.22000122070312,0.0011224379735782371,175.41667480380366,0.001808534309983432,175.5368926047061,0.00037803304999476614,175.28624017218468
walk_forward,3,2024-04-02,2024-04-03,166.6300048828125,168.3800048828125,0.01050231020055925,0.0,166.6300048828125,-0.002669324337584463,166.185215355407,0.001808534309983432,166.93136096371578,-0.0004142440297366359,166.5609793981148
walk_forward,3,2024-04-03,2024-04-04,168.3800048828125,171.11000061035156,0.016213301154368365,0.0,168.3800048828125,-0.003116033707612176,167.85532711190976,0.001808534309983432,168.68452589875824,0.00034850833054631984,168.4386867172116
walk_forward,3,2024-04-04,2024-04-05,171.11000061035156,164.89999389648438,-0.036292482565110196,0.0,171.11000061035156,-0.0022923338780222544,170.71775935908403,0.001808534309983432,171.41945891723665,0.001454716731529621,171.35891719117146
walk_forward,3,2024-04-05,2024-04-08,164.89999389648438,172.97999572753906,0.04899940648952894,0.0,164.89999389648438,-0.0012831136332738802,164.68840846618903,0.001808534309983432,165.19822119316223,-0.0013860414545302264,164.67143566909206
walk_forward,3,2024-04-08,2024-04-09,172.97999572753906,176.8800048828125,0.02254601255405486,0.0,172.97999572753906,0.0008724920241555739,173.13091939414983,0.001808534309983432,173.2928359847531,0.00045270905763606186,173.05830533839477
walk_forward,3,2024-04-09,2024-04-10,176.8800048828125,171.75999450683594,-0.028946236061948905,0.0,176.8800048828125,0.0025630068375452368,177.3333495447522,0.001808534309983432,177.1998984403931,5.811767594696393e-05,176.89028473761775
walk_forward,3,2024-04-10,2024-04-11,171.75999450683594,174.60000610351562,0.01653476762638495,0.0,171.75999450683594,0.00044554963363357676,171.83652210946136,0.001808534309983432,172.0706283499841,-0.0014469298945272051,171.51146983610016
walk_forward,3,2024-04-11,2024-04-12,174.60000610351562,171.0500030517578,-0.020332204625772565,0.0,174.60000610351562,0.0004839320115567641,174.68450063568713,0.001808534309983432,174.91577620507715,0.0010914392717590498,174.7905714070264
walk_forward,3,2024-04-12,2024-04-15,171.0500030517578,161.47999572753906,-0.05594859487563397,0.0,171.0500030517578,-0.001991447124238462,170.7093660150794,-0.005466704159151608,170.11492328865188,-0.000972917390186064,170.88358552919738
walk_forward,3,2024-04-15,2024-04-16,161.47999572753906,157.11000061035156,-0.027062145360474688,0.0,161.47999572753906,-0.006584570362842431,160.4167193334796,0.001808534309983432,161.7720378401883,-0.003958113007984467,160.84083965592063
walk_forward,3,2024-04-16,2024-04-17,157.11000061035156,155.4499969482422,-0.010565868854054306,0.0,157.11000061035156,-0.0023934363101409725,156.73396783020448,0.001808534309983432,157.3941394368969,-0.0024109074356935345,156.73122294165825
walk_forward,3,2024-04-17,2024-04-18,155.4499969482422,149.92999267578125,-0.03550983840996058,0.0,155.4499969482422,-0.0018837166458377623,155.15717320139535,0.004466497880137396,156.14431403007887,0.0007867175614239178,155.57229219076467
walk_forward,3,2024-04-18,2024-04-19,149.92999267578125,147.0500030517578,-0.0192088959161848,0.0,149.92999267578125,0.00027850107964450324,149.97174834061255,0.001808534309983432,150.20114621163097,-0.0011172213873969611,149.7624876813516
walk_forward,3,2024-04-19,2024-04-22,147.0500030517578,142.0500030517578,-0.03400203941675628,0.0,147.0500030517578,0.003612761121042956,147.58125958563247,0.001808534309983432,147.31594802756007,-0.0007317695195556009,146.942396341674
walk_forward,3,2024-04-22,2024-04-23,142.0500030517578,144.67999267578125,0.018514534090260826,0.0,142.0500030517578,0.003780658462261357,142.58704559785969,0.001808534309983432,142.30690535601016,0.005731054276922024,142.8640993292844
walk_forward,3,2024-04-23,2024-04-24,144.67999267578125,162.1300048828125,0.12061109407252757,0.0,144.67999267578125,0.0012697914954734818,144.86370610004613,0.001808534309983432,144.94165140650355,-0.005902328574706206,143.82604382082272
walk_forward,3,2024-04-24,2024-04-25,162.1300048828125,170.17999267578125,0.04965143743002587,0.0,162.1300048828125,-0.0036859675786058196,161.53239894129524,0.001808534309983432,162.42322255932083,0.004142138739532053,162.8015698568781
walk_forward,3,2024-04-25,2024-04-26,170.17999267578125,168.2899932861328,-0.011105884774887609,0.0,170.17999267578125,-0.003928613448757334,169.51142126784575,-0.005466704159151608,169.24966900201616,-0.0023948740803927987,169.77243302232057
walk_forward,3,2024-04-26,2024-04-29,168.2899932861328,194.0500030517578,0.1530691710339953,0.0,168.2899932861328,-0.0016563508570235875,168.01124601152483,0.001808534309983432,168.59435151301767,0.0023505755430777995,168.68557162849592
walk_forward,3,2024-04-29,2024-04-30,194.0500030517578,183.27999877929688,-0.05550118063944742,0.0,194.0500030517578,0.004781830755803443,194.97791732451446,0.001808534309983432,194.4009491401293,0.021127832566362303,198.14985902573747
walk_forward,3,2024-04-30,2024-05-01,183.27999877929688,179.99000549316406,-0.017950640048260635,0.0,183.27999877929688,0.0035569524467769418,183.93191701940017,-0.005466704159151608,182.2780612476808,-0.005190033326018799,182.32876947763964
walk_forward,3,2024-05-01,2024-05-02,179.99000549316406,180.00999450683594,0.0001110562423569661,0.0,179.99000549316406,0.0005747930580067599,180.0934624988321,0.001808534309983432,180.31552359355254,0.008320884964453915,181.4876816236241
walk_forward,3,2024-05-02,2024-05-03,180.00999450683594,181.19000244140625,0.006555235656792835,0.0,180.00999450683594,0.0021378123525813073,180.39482209668074,-0.005466704159151608,179.02593312117656,0.0018669849414314713,180.34607045588737
walk_forward,3,2024-05-03,2024-05-06,181.19000244140625,184.75999450683594,0.019703030064167848,0.0,181.19000244140625,-0.00021560247361818077,181.150937428685,0.004466497880137396,181.99928720321287,-0.0007495175134372514,181.05419736131668
walk_forward,3,2024-05-06,2024-05-07,184.75999450683594,177.80999755859375,-0.03761635178001177,0.0,184.75999450683594,0.003282348629102398,185.36644122151844,0.004466497880137396,185.5852246306349,0.00459341975572341,185.608674715671
walk_forward,3,2024-05-07,2024-05-08,177.80999755859375,174.72000122070312,-0.017378079862311324,0.0,177.80999755859375,0.012542758144868433,180.04022535371084,0.03273237699276756,183.63014143176474,0.004153117337125259,178.54846334216853
walk_forward,3,2024-05-08,2024-05-09,174.72000122070312,171.97000122070312,-0.01573946875450305,0.0,174.72000122070312,0.008926635892780171,176.27966305478645,0.004466497880137396,175.500387735773,0.0006420413037152961,174.832178678072
walk_forward,3,2024-05-09,2024-05-10,171.97000122070312,168.47000122070312,-0.02035238689978358,0.0,171.97000122070312,0.009086982083807272,173.53268954074798,0.001808534309983432,172.28101486819867,0.001043220191078182,172.1494037982363
walk_forward,3,2024-05-10,2024-05-13,168.47000122070312,171.88999938964844,0.020300339194899042,0.0,168.47000122070312,0.00837902561594054,169.88161567644894,-0.00716057379901872,167.2636593440415,0.0005108755272693443,168.55606842140583
walk_forward,3,2024-05-13,2024-05-14,171.88999938964844,177.5500030517578,0.03292805679333921,0.0,171.88999938964844,0.0084528217044571,173.34295490726836,0.001808534309983432,172.20086835108765,0.003166838622730795,172.43434727857675
walk_forward,3,2024-05-14,2024-05-15,177.5500030517578,173.99000549316406,-0.02005067585133169,0.0,177.5500030517578,0.008186652404028575,179.00354321107676,0.001808534309983432,177.87110832401459,0.0032113762026774097,178.1201829063435
walk_forward,3,2024-05-15,2024-05-16,173.99000549316406,174.83999633789062,0.004885285464054867,0.0,173.99000549316406,0.008080386746168875,175.39591202751689,0.001808534309983432,174.30467238769265,0.0010297526570658604,174.16917216362356
walk_forward,3,2024-05-16,2024-05-17,174.83999633789062,177.4600067138672,0.014985188920464187,0.0,174.83999633789062,0.005289056559767203,175.76473496743122,0.001808534309983432,175.15620047002508,0.0012216058746908154,175.0535819045479
walk_forward,3,2024-05-17,2024-05-20,177.4600067138672,174.9499969482422,-0.014144086952910362,0.0,177.4600067138672,0.00422680773287904,178.21009604252214,-0.005466704159151608,176.48988535708142,0.0010537974153283257,177.6470136102664
walk_forward,3,2024-05-20,2024-05-21,174.9499969482422,186.60000610351562,0.06659050790792542,0.0,174.9499969482422,-0.0002545229910553724,174.9054681517338,0.001808534309983432,175.26640002025457,0.0014229983293384686,175.19895050161733
walk_forward,3,2024-05-21,2024-05-22,186.60000610351562,180.11000061035156,-0.03478030697150003,0.0,186.60000610351562,-0.002501660991776346,186.13319614718122,0.001808534309983432,186.93747861679694,0.0030875168489166538,187.17613676636816
walk_forward,3,2024-05-22,2024-05-23,180.11000061035156,173.74000549316406,-0.03536724832380789,0.0,180.11000061035156,0.0008568312517294252,180.26432448762353,0.001808534309983432,180.4357357260265,0.0006330225591526527,180.2240143038669
walk_forward,3,2024-05-23,2024-05-24,173.74000549316406,179.24000549316406,0.03165649721483632,0.0,173.74000549316406,-0.0008054655991286746,173.6000638955469,0.001808534309983432,174.05422025411517,-0.0015534925121143235,173.47010169557572
walk_forward,3,2024-05-24,2024-05-28,179.24000549316406,176.75,-0.01389201861667555,0.0,179.24000549316406,-0.0019139906832639966,178.89694179258194,0.001808534309983432,179.56416719282007,0.0014277922180515007,179.4959229781707
walk_forward,3,2024-05-28,2024-05-29,176.75,176.19000244140625,-0.0031683030189180172,0.0,176.75,-0.004677806569205829,175.92319768889288,0.001808534309983432,177.06965843928955,0.0013411329915034523,176.98704525624822
walk_forward,3,2024-05-29,2024-05-30,176.19000244140625,178.7899932861328,0.014756744473008343,0.0,176.19000244140625,-0.002755370697942204,175.70453367140883,0.001808534309983432,176.5086481058976,-1.1692607934416378e-05,176.18794232078574
walk_forward,3,2024-05-30,2024-05-31,178.7899932861328,178.0800018310547,-0.003971091681523098,0.0,178.7899932861328,0.0010253709418006594,178.97331934993315,0.001808534309983432,179.11334112327248,0.0016236407261599637,179.08028400066206
walk_forward,3,2024-05-31,2024-06-03,178.0800018310547,176.2899932861328,-0.0100517100545634,0.0,178.0800018310547,-0.0008776224492149046,177.92371482369154,0.004466497880137396,178.87539578172797,0.0043238629339773845,178.84999535025463
walk_forward,3,2024-06-03,2024-06-04,176.2899932861328,174.77000427246094,-0.008622094682395387,0.0,176.2899932861328,-0.0008340789535798386,176.14295351300612,0.001808534309983432,176.60881978749754,-0.000890782368365624,176.13295726839425
walk_forward,3,2024-06-04,2024-06-05,174.77000427246094,175.0,0.0013159908560766986,0.0,174.77000427246094,0.0009094542627467019,174.9289495978468,-0.005466704159151608,173.81458836320974,-0.000952968039427171,174.60345404413874
walk_forward,3,2024-06-05,2024-06-06,175.0,177.94000244140625,0.01680001395089281,0.0,175.0,-0.0006380317665088584,174.88834444086095,-0.005466704159151608,174.04332677214848,-0.0017266713727173034,174.69783250977446
walk_forward,3,2024-06-06,2024-06-07,177.94000244140625,177.47999572753906,-0.0025851787543875737,0.0,177.94000244140625,0.0007970698570302663,178.0818330537122,0.001808534309983432,178.26181304094007,0.001078772488025781,178.13195922055925
walk_forward,3,2024-06-07,2024-06-10,177.47999572753906,173.7899932861328,-0.020791089307163446,0.0,177.47999572753906,0.001586851090840856,177.76163005236174,0.001808534309983432,177.80097438914802,0.0008288231947034552,177.62709526459395
walk_forward,3,2024-06-10,2024-06-11,173.7899932861328,170.66000366210938,-0.018010183238054034,0.0,173.7899932861328,-0.0015713101690946474,173.51691530239543,0.001808534309983432,174.10429845172257,0.000924483298814686,173.95065923242694
walk_forward,4,2024-06-11,2024-06-12,170.66000366210938,177.2899932861328,0.03884911216309472,0.0,170.66000366210938,-0.0033089008029344763,170.09530663896302,-0.0008532344728375452,170.51439066385026,-0.0006439482486098543,170.5501074516434
walk_forward,4,2024-06-12,2024-06-13,177.2899932861328,182.47000122070312,0.029217711832219218,0.0,177.2899932861328,-0.002111551493634636,176.91563633600302,-0.0008532344728375452,177.13872335217195,0.0021404897025252725,177.66948069112254
walk_forward,4,2024-06-13,2024-06-14,182.47000122070312,178.00999450683594,-0.024442410719736185,0.0,182.47000122070312,-0.00066342731866246,182.34894563705694,-0.0008532344728375452,182.3143115254029,0.001106924732571863,182.67198177800674
walk_forward,4,2024-06-14,2024-06-17,178.00999450683594,187.44000244140625,0.052974598199923895,0.0,178.00999450683594,-0.0002888614635367108,177.95857427929855,-0.0008532344728375452,177.85811024301307,9.720832673167094e-05,178.02729856054347
walk_forward,4,2024-06-17,2024-06-18,187.44000244140625,184.86000061035156,-0.013764414198944475,0.0,187.44000244140625,0.0024829395405247833,187.9054046349441,-0.0008532344728375452,187.2800721697345,0.0010015138368950987,187.62772619743896
walk_forward,4,2024-06-18,2024-06-20,184.86000061035156,181.57000732421875,-0.017797215597047833,0.0,184.86000061035156,-0.00017158180710275016,184.82828199738583,-0.0008532344728375452,184.70227168518204,6.0107501325023736e-05,184.8711120830832
walk_forward,4,2024-06-20,2024-06-21,181.57000732421875,183.00999450683594,0.00793075466503601,0.0,181.57000732421875,-0.0007622441620062223,181.43160664614044,-0.0008532344728375452,181.41508553473636,0.0006797862392290521,181.69343611665448
walk_forward,4,2024-06-21,2024-06-24,183.00999450683594,182.5800018310547,-0.0023495584322592578,0.0,183.00999450683594,0.0009232369479164749,183.17895609560262,-0.0008532344728375452,182.85384407064888,0.0009069383095132925,183.175973281878
walk_forward,4,2024-06-24,2024-06-25,182.5800018310547,187.35000610351562,0.026125557150967316,0.0,182.5800018310547,-0.0001606579212652991,182.5506689074959,-0.0008532344728375452,182.42421827944167,0.0010972454281859083,182.78033690334198
walk_forward,4,2024-06-25,2024-06-26,187.35000610351562,196.3699951171875,0.04814512260377568,0.0,187.35000610351562,0.000723958200165718,187.48563967673536,-0.0008532344728375452,187.1901526198218,0.0016819833525128143,187.66512569487492
walk_forward,4,2024-06-26,2024-06-27,196.3699951171875,197.4199981689453,0.0053470646120412635,0.0,196.3699951171875,0.004974981124825084,197.34693213637752,0.0037123045101504324,197.09898033571923,0.002262071874042546,196.81419816004794
walk_forward,4,2024-06-27,2024-06-28,197.4199981689453,197.8800048828125,0.002330091774560339,0.0,197.4199981689453,0.004082639861816784,198.22599292298963,0.006804508482584442,198.76334422111773,0.0020939138269004134,197.83337863281793
walk_forward,4,2024-06-28,2024-07-01,197.8800048828125,209.86000061035156,0.060541719385108106,0.0,197.8800048828125,0.0031856323065382283,198.51037781918512,0.0037123045101504324,198.61459571740755,-0.00019075438591483937,197.84225840399625
walk_forward,4,2024-07-01,2024-07-02,209.86000061035156,231.25999450683594,0.10197271435359379,0.0,209.86000061035156,0.003572088158056361,210.60963903338148,0.0037123045101504324,210.63906483711753,0.005757866421579052,211.06834646109849
walk_forward,4,2024-07-02,2024-07-03,231.25999450683594,246.38999938964844,0.06542422054051067,0.0,231.25999450683594,0.0031017258335484196,231.97729960606404,0.0037123045101504324,232.118502027461,0.009894542987623064,233.5482064638013
walk_forward,4,2024-07-03,2024-07-05,246.38999938964844,251.52000427246094,0.02082067005771515,0.0,246.38999938964844,0.004777060797968089,247.5670193967441,0.0037123045101504324,247.30467409563857,-0.00031810490304696635,246.31162152278085
walk_forward,4,2024-07-05,2024-07-08,251.52000427246094,252.94000244140625,0.005645666924397386,0.0,251.52000427246094,0.008371682984288297,253.62565001243684,0.0037123045101504324,252.45372311871463,0.01148644106960053,254.40907397936223
walk_forward,4,2024-07-08,2024-07-09,252.94000244140625,262.3299865722656,0.03712336538398886,0.0,252.94000244140625,0.007896550872645139,254.93735603841182,0.006804508482584442,254.66113483360374,0.028574290296037176,260.16758349864733
walk_forward,4,2024-07-09,2024-07-10,262.3299865722656,263.260009765625,0.003545241645880992,0.0,262.3299865722656,0.004328448930279592,263.4654685220246,0.0037123045101504324,263.30383536456554,0.012230942257918036,265.5385294905514
walk_forward,4,2024-07-10,2024-07-11,263.260009765625,241.02999877929688,-0.08444127539962887,0.0,263.260009765625,0.00207617290419097,263.80658306465745,0.0037123045101504324,264.2373110872202,0.00850120351692159,265.49803668650935
walk_forward,4,2024-07-11,2024-07-12,241.02999877929688,248.22999572753906,0.029871787680814776,0.0,241.02999877929688,0.011410569494890261,243.78028833072136,0.006804508482584442,242.67008945054795,0.014007128677057825,244.40613698722956
walk_forward,4,2024-07-12,2024-07-15,248.22999572753906,252.63999938964844,0.01776579679334911,0.0,248.22999572753906,0.007918131672221752,250.19551351870473,0.006804508482584442,249.91907883909903,0.009643984737973043,250.62392201784255
walk_forward,4,2024-07-15,2024-07-16,252.63999938964844,256.55999755859375,0.015516142251486675,0.0,252.63999938964844,0.003699267546319227,253.57458234029266,0.006804508482584442,254.35909040853545,0.012721684874781362,255.85400584864848
walk_forward,4,2024-07-16,2024-07-17,256.55999755859375,248.5,-0.031415644041518975,0.0,256.55999755859375,0.001399083309153646,256.9189463689745,0.0037123045101504324,257.5124263946547,0.004950936444414211,257.8302098006854
walk_forward,4,2024-07-17,2024-07-18,248.5,249.22999572753906,0.002937608561525362,0.0,248.5,0.007290576607904,250.31170828706416,0.0037123045101504324,249.42250767077238,0.0020091428687896724,248.99927200289423
walk_forward,4,2024-07-18,2024-07-19,249.22999572753906,239.1999969482422,-0.040243947162209914,0.0,249.22999572753906,0.005263266553783064,250.54175962825133,0.0037123045101504324,250.15521336474316,0.002659138389112762,249.8927327768966
walk_forward,4,2024-07-19,2024-07-22,239.1999969482422,251.50999450683594,0.05146320115237035,0.0,239.1999969482422,0.0025431548380131647,239.80831957773387,0.0037123045101504324,240.0879801757411,0.00048636152714003593,239.3163346240498
walk_forward,4,2024-07-22,2024-07-23,251.50999450683594,246.3800048828125,-0.020396762498772203,0.0,251.50999450683594,-0.002124480517592403,250.9756664235264,0.0037123045101504324,252.44367619379156,0.0036533402819309948,252.428846101076
walk_forward,4,2024-07-23,2024-07-24,246.3800048828125,215.99000549316406,-0.12334604589403697,0.0,246.3800048828125,-0.00043978813954956763,246.27164987884288,0.0037123045101504324,247.29464248614983,-0.000550797320010942,246.24429943641877
walk_forward,4,2024-07-24,2024-07-25,215.99000549316406,220.25,0.01972310939623889,0.0,215.99000549316406,0.008968315332166826,217.92707197102322,0.0037123045101504324,216.79182616470374,0.02629044042096634,221.66847786410628
walk_forward,4,2024-07-25,2024-07-26,220.25,219.8000030517578,-0.0020431189477511102,0.0,220.25,0.003770476904545412,221.08044753822614,0.0037123045101504324,221.06763506836063,0.010400528460767328,222.54071639348402
walk_forward,4,2024-07-26,2024-07-29,219.8000030517578,232.10000610351562,0.055959976710561854,0.0,219.8000030517578,-0.0014305429972833804,219.48556969658924,0.0037123045101504324,220.61596759441792,0.006784865390769876,221.2913164853548
walk_forward,4,2024-07-29,2024-07-30,232.10000610351562,222.6199951171875,-0.04084450985365373,0.0,232.10000610351562,-0.004653905086480094,231.0198347045384,0.0037123045101504324,232.96163200297963,0.00033562517178183234,232.1779047079347
walk_forward,4,2024-07-30,2024-07-31,222.6199951171875,232.07000732421875,0.04244907202543402,0.0,222.6199951171875,0.0011148096818331655,222.8681740431138,-0.0008532344728375452,222.4300480630106,0.001861922317383633,223.03449625439205
walk_forward,4,2024-07-31,2024-08-01,232.07000732421875,216.86000061035156,-0.06554059651757449,0.0,232.07000732421875,-0.001976604309604772,231.61129674761168,0.006804508482584442,233.64912965760985,8.395390306240571e-06,232.0719556425086
walk_forward,4,2024-08-01,2024-08-02,216.86000061035156,207.6699981689453,-0.042377581921705376,0.0,216.86000061035156,-0.004756410530356551,215.82852541983536,-0.0008532344728375452,216.67496818205123,-0.007915320544306614,215.1434841922821
walk_forward,4,2024-08-02,2024-08-05,207.6699981689453,198.8800048828125,-0.04232673647438423,0.0,207.6699981689453,-0.00411657484061553,206.81510907933236,-0.0008532344728375452,207.49280696753345,-0.003691214595136223,206.90344364073218
walk_forward,4,2024-08-05,2024-08-06,198.8800048828125,200.63999938964844,0.008849529684359148,0.0,198.8800048828125,-0.00044576971144528283,198.79135020042366,-0.0008532344728375452,198.71031360668837,-0.0023482287591866393,198.4129891357195
walk_forward,4,2024-08-06,2024-08-07,200.63999938964844,191.75999450683594,-0.044258397676563366,0.0,200.63999938964844,-0.0009953299727540666,200.44029638452255,-0.0008532344728375452,200.46880642553907,-0.0022199283578530115,200.19459296528376
walk_forward,4,2024-08-07,2024-08-08,191.75999450683594,198.83999633789062,0.036921162045623124,0.0,191.75999450683594,0.002025787248579477,192.14845945849555,-0.0030721161359043288,191.17088553349058,0.005504594090348009,192.81555543936344
walk_forward,4,2024-08-08,2024-08-09,198.83999633789062,200.0,0.005833854775063374,0.0,198.83999633789062,0.0024678868492545463,199.3307109499587,-0.0008532344728375452,198.67033919843624,0.0028409145482167306,199.40488377625428
walk_forward,4,2024-08-09,2024-08-12,200.0,197.49000549316406,-0.012549972534179665,0.0,200.0,0.0006804921829139557,200.1360984365828,0.04431545777994539,208.8630915559891,0.001455138992178526,200.2910277984357
walk_forward,4,2024-08-12,2024-08-13,197.49000549316406,207.8300018310547,0.05235706137163754,0.0,197.49000549316406,0.0009803617207922795,197.6836171347886,-0.0008532344728375452,197.3215002124364,0.0016580260079173876,197.81744905857545
walk_forward,4,2024-08-13,2024-08-14,207.8300018310547,201.3800048828125,-0.0310349655555765,0.0,207.8300018310547,-0.0035494837303959932,207.0923126208672,-0.0008532344728375452,207.65267410900253,0.0006514694075610686,207.96539671922096
walk_forward,4,2024-08-14,2024-08-15,201.3800048828125,214.13999938964844,0.06336276788880446,0.0,201.3800048828125,-0.0007441441186701856,201.23014913656118,-0.0008532344728375452,201.2081805205063,0.008276922949342732,203.0468116667658
walk_forward,4,2024-08-15,2024-08-16,214.13999938964844,216.1199951171875,0.009246267550119258,0.0,214.13999938964844,-0.003932239740099257,213.29794957410363,-0.0008532344728375452,213.95728776015576,-0.0032498824941064987,213.44406955434403
walk_forward,4,2024-08-16,2024-08-19,216.1199951171875,222.72000122070312,0.030538618603692225,0.0,216.1199951171875,-0.0007711738752276833,215.95332902303878,-0.0008532344728375452,215.935594087084,0.0006946441831626372,216.27012161466078
walk_forward,4,2024-08-19,2024-08-20,222.72000122070312,221.10000610351562,-0.007273684933137958,0.0,222.72000122070312,-0.0012006239357824746,222.45259825626005,-0.0008532344728375452,222.5299688378712,-0.0028074706193228767,222.09472136094044
walk_forward,4,2024-08-20,2024-08-21,221.10000610351562,223.27000427246094,0.009814554993405888,0.0,221.10000610351562,-0.0011974307845879712,220.83525414973468,-0.0008532344728375452,220.9113559563635,0.001087622375818899,221.3404794174475
walk_forward,4,2024-08-21,2024-08-22,223.27000427246094,210.66000366210938,-0.056478704568676985,0.0,223.27000427246094,-0.0005603036359084117,223.1449052772778,-0.0008532344728375452,223.07950260806507,-0.00018068649662445532,223.22966239758762
walk_forward,4,2024-08-22,2024-08-23,210.66000366210938,220.32000732421875,0.04585589810206048,0.0,210.66000366210938,-0.00035542520812433713,210.58512978646428,0.006804508482584442,212.09344144396948,0.004889984311830389,211.69012777514723
walk_forward,4,2024-08-23,2024-08-26,220.32000732421875,213.2100067138672,-0.0322712435275504,0.0,220.32000732421875,-0.0010501974734816529,220.0886278091694,-0.0008532344728375452,220.1320226989139,-0.0024826450960681637,219.77303093846956
walk_forward,4,2024-08-26,2024-08-27,213.2100067138672,209.2100067138672,-0.018760845523390857,0.0,213.2100067138672,0.0011435166415708937,213.45381590469395,-0.0030721161359043288,212.55500081190524,0.006193061179555479,214.5304293295396
walk_forward,4,2024-08-27,2024-08-28,209.2100067138672,205.75,-0.01653843794670573,0.0,209.2100067138672,0.003023393610429911,209.84253091140388,-0.0008532344728375452,209.03150152407633,-0.001990898537941718,208.79349081737777
walk_forward,4,2024-08-28,2024-08-29,205.75,206.27999877929688,0.002575935743848623,0.0,205.75,0.0023703785357857355,206.23770538373793,-0.0008532344728375452,205.57444700721368,0.0004291234662687883,205.8382921531848
walk_forward,4,2024-08-29,2024-08-30,206.27999877929688,214.11000061035156,0.03795812428442069,0.0,206.27999877929688,0.0022381117475369404,206.74167646784673,-0.0008532344728375452,206.10399357328149,0.00019546216720305572,206.32031871490892
walk_forward,4,2024-08-30,2024-09-03,214.11000061035156,210.60000610351562,-0.016393416920415627,0.0,214.11000061035156,0.0009562634412326519,214.31474617633754,-0.0008532344728375452,213.92731457685153,0.00014304386617413798,214.1406277326254
walk_forward,4,2024-09-03,2024-09-04,210.60000610351562,219.41000366210938,0.04183284569452206,0.0,210.60000610351562,0.003440934799842764,211.3246669933643,-0.0008532344728375452,210.4203149183283,-0.000433174429939589,210.50877956592646
walk_forward,4,2024-09-04,2024-09-05,219.41000366210938,230.1699981689453,0.04904058305110959,0.0,219.41000366210938,0.0008710678152113547,219.60112465463482,0.006804508482584442,220.9029808931921,0.0019770492177196074,219.8437880382094
walk_forward,4,2024-09-05,2024-09-06,230.1699981689453,210.72999572753906,-0.0844593239607937,0.0,230.1699981689453,0.0015783958045268022,230.53329752838312,0.0037123045101504324,231.0244592912492,0.001635532687591723,230.54644872465354
walk_forward,4,2024-09-06,2024-09-09,210.72999572753906,216.27000427246094,0.026289605928169646,0.0,210.72999572753906,0.0008970582803403478,210.9190328151225,-0.0008532344728375452,210.5501936307234,-0.005395926230806634,209.59291221597505
walk_forward,4,2024-09-09,2024-09-10,216.27000427246094,226.1699981689453,0.04577608406578748,0.0,216.27000427246094,-0.00018416880806982044,216.2301740835528,0.0037123045101504324,217.07286438473184,-0.0005191429654622599,216.1577292211024
walk_forward,4,2024-09-10,2024-09-11,226.1699981689453,228.1300048828125,0.008666077418469476,0.0,226.1699981689453,-0.0017314094344463263,225.7784053003269,0.0037123045101504324,227.0096100732086,0.0017937017343311286,226.57567968691458
walk_forward,4,2024-09-11,2024-09-12,228.1300048828125,229.80999755859375,0.007364189890953776,0.0,228.1300048828125,-0.002701559575684774,227.51369808362034,0.0037123045101504324,228.9768929288396,-0.0005991992225449774,227.99330956124751
walk_forward,4,2024-09-12,2024-09-13,229.80999755859375,230.2899932861328,0.0020886633855721204,0.0,229.80999755859375,0.00019881945871514988,229.85568825791572,0.0037123045101504324,230.66312224900815,0.0016153082923489102,230.18121155331482
walk_forward,4,2024-09-13,2024-09-16,230.2899932861328,226.77999877929688,-0.015241628421408637,0.0,230.2899932861328,0.002914213558662162,230.96110750699148,0.006804508482584442,231.85700349890263,0.0029430070383018453,230.9677383572244
walk_forward,4,2024-09-16,2024-09-17,226.77999877929688,227.8699951171875,0.004806404196833203,0.0,226.77999877929688,-0.0019922566656927006,226.32819481508304,0.006804508482584442,228.3231252046711,-0.0007233150632576288,226.61596539013428
walk_forward,4,2024-09-17,2024-09-18,227.8699951171875,227.1999969482422,-0.0029402649901351108,0.0,227.8699951171875,-0.0012365813554678236,227.58821532975506,-0.0008532344728375452,227.67556858202818,0.00012503310269552744,227.89848640968825
walk_forward,4,2024-09-18,2024-09-19,227.1999969482422,243.9199981689453,0.07359155565707187,0.0,227.1999969482422,-0.0006326375414438053,227.0562617007568,-0.0008532344728375452,227.00614207861736,-0.0033083559002783027,226.44833849779525
walk_forward,4,2024-09-19,2024-09-20,243.9199981689453,238.25,-0.02324531900421767,0.0,243.9199981689453,0.0019501917167601365,244.39568892892655,0.006804508482584442,245.5797538655579,0.003264819601581312,244.71635296018493
walk_forward,4,2024-09-20,2024-09-23,238.25,250.0,0.04931794333683115,0.0,238.25,0.0033662641560679636,239.05201243518317,0.0037123045101504324,239.13445654954333,0.0006393784084070806,238.40233190580298
walk_forward,4,2024-09-23,2024-09-24,250.0,254.27000427246094,0.017080017089843746,0.0,250.0,0.0035453606191136566,250.8863401547784,0.0037123045101504324,250.9280761275376,0.009222465082843603,252.3056162707109
walk_forward,4,2024-09-24,2024-09-25,254.27000427246094,257.0199890136719,0.010815214909361437,0.0,254.27000427246094,0.002579647875261551,254.92593134872513,0.0037123045101504324,255.21393195611753,0.003535121180685066,255.1688795501774
walk_forward,4,2024-09-25,2024-09-26,257.0199890136719,254.22000122070312,-0.01089404681602335,0.0,257.0199890136719,0.0016836935682614106,257.4527319160888,0.0037123045101504324,257.97412547808614,0.005554602695019599,258.4476329373211
walk_forward,4,2024-09-26,2024-09-27,254.22000122070312,260.4599914550781,0.024545630573566513,0.0,254.22000122070312,-0.00040107143490756723,254.11804084003134,0.0037123045101504324,255.16374327780517,0.0007686906313550241,254.41541775394455
walk_forward,4,2024-09-27,2024-09-30,260.4599914550781,261.6300048828125,0.004492104223754234,0.0,260.4599914550781,0.00044877610348214225,260.5768796751563,0.0037123045101504324,261.42689825607056,0.004114583254967456,261.53167577450813
walk_forward,4,2024-09-30,2024-10-01,261.6300048828125,258.0199890136719,-0.013798172234708361,0.0,261.6300048828125,-0.0008963591938112186,261.3954904225589,0.006804508482584442,263.41026847033623,0.007659040764210012,263.63383975535044
walk_forward,4,2024-10-01,2024-10-02,258.0199890136719,249.02000427246094,-0.03488095932262847,0.0,258.0199890136719,0.0008049948360243221,258.2276937724189,0.0037123045101504324,258.9778377825963,-0.0015316024678109373,257.62480496175397
walk_forward,4,2024-10-02,2024-10-03,249.02000427246094,240.66000366210938,-0.03357160254966751,0.0,249.02000427246094,0.0024333554418987232,249.62595845499897,0.006804508482584442,250.71446300386614,0.0048590455189029165,250.2300038083382
walk_forward,4,2024-10-03,2024-10-04,240.66000366210938,250.0800018310547,0.03914235030998814,0.0,240.66000366210938,0.0033438076378193107,241.46472442047238,-0.0008532344728375452,240.45466425075165,-0.00031867090369394163,240.58331232125937
walk_forward,4,2024-10-04,2024-10-07,250.0800018310547,240.8300018310547,-0.03698816351676526,0.0,250.0800018310547,-0.0011559803698095563,249.79091425805603,0.0037123045101504324,251.00837494975053,0.0019384209123468684,250.56476213636378
walk_forward,4,2024-10-07,2024-10-08,240.8300018310547,244.5,0.015238957526229946,0.0,240.8300018310547,0.0015687888800100388,241.20781325990004,0.0037123045101504324,241.72403613303163,0.0008979204713461205,241.04624801981313
walk_forward,4,2024-10-08,2024-10-09,244.5,241.0500030517578,-0.014110416966225725,0.0,244.5,0.001309522101802412,244.8201781538907,0.0037123045101504324,245.40765845273177,0.0015704751939895774,244.88398118493043
walk_forward,4,2024-10-09,2024-10-10,241.0500030517578,238.77000427246094,-0.009458613360014412,0.0,241.0500030517578,0.0014829593814110974,241.4074704151726,-0.0008532344728375452,240.84433087947644,-0.00020834342520405146,240.99978186847656
walk_forward,4,2024-10-10,2024-10-11,238.77000427246094,217.8000030517578,-0.08782510719719305,0.0,238.77000427246094,-0.0015091560487328162,238.4096630762572,-0.0008532344728375452,238.5662774737361,-0.0010506705336355265,238.51913566465583
walk_forward,4,2024-10-11,2024-10-14,217.8000030517578,219.16000366210938,0.00624426350457119,0.0,217.8000030517578,0.0012169392966742327,218.06505243428728,-0.0008532344728375452,217.61416858096993,-9.611566287352336e-05,217.77906906009065
walk_forward,4,2024-10-14,2024-10-15,219.16000366210938,219.57000732421875,0.0018707960177875016,0.0,219.16000366210938,0.0004163130009479173,219.25124282092173,-0.0008532344728375452,218.97300879191766,-0.004875061284043286,218.09158521324545
walk_forward,4,2024-10-15,2024-10-16,219.57000732421875,221.3300018310547,0.008015641700267029,0.0,219.57000732421875,-0.0016593327322696884,219.20566762404098,-0.0008532344728375452,219.38266262476853,-0.003699451245265338,218.75771878720025
walk_forward,4,2024-10-16,2024-10-17,221.3300018310547,220.88999938964844,-0.001987992760882462,0.0,221.3300018310547,-0.0018248519349884662,220.92610734894228,-0.0008532344728375452,221.14115544361923,-0.0025653908731084335,220.76220386441221
walk_forward,4,2024-10-17,2024-10-18,220.88999938964844,220.6999969482422,-0.0008601676940163117,0.0,220.88999938964844,-3.3633667227315426e-05,220.8825700489151,-0.0008532344728375452,220.70152842746413,-0.003676313283327654,220.07793855073805
walk_forward,4,2024-10-18,2024-10-21,220.6999969482422,218.85000610351562,-0.008382378207102636,0.0,220.6999969482422,0.0007910544532374951,220.87458266365758,-0.0008532344728375452,220.5116881026908,0.0005464786528235643,220.8206047852526
walk_forward,4,2024-10-21,2024-10-22,218.85000610351562,217.97000122070312,-0.004021041161846095,0.0,218.85000610351562,-0.002497593772902555,218.30340769107178,-0.0008532344728375452,218.66327573392738,-0.002505442656750057,218.3016899627939
walk_forward,4,2024-10-22,2024-10-23,217.97000122070312,213.64999389648438,-0.019819274670942355,0.0,217.97000122070312,-0.0022752795042147857,217.474058544392,-0.0008532344728375452,217.78402170161718,0.0018871117542040117,218.3813349720706
walk_forward,4,2024-10-23,2024-10-24,213.64999389648438,260.4800109863281,0.21919035070290427,0.0,213.64999389648438,-0.0018553712941630752,213.25359383081073,-0.0008532344728375452,213.46770035657036,-0.0035740424681204694,212.88639974498466
walk_forward,4,2024-10-24,2024-10-25,260.4800109863281,269.19000244140625,0.03343823359841336,0.0,260.4800109863281,-0.008362160568173554,258.3018353096609,-0.0008532344728375452,260.2577604614695,-0.001197242866918316,260.16815315119993
walk_forward,4,2024-10-25,2024-10-28,269.19000244140625,262.510009765625,-0.024815158866218545,0.0,269.19000244140625,-0.004172583853503727,268.0667845836946,-0.0008532344728375452,268.96032025158,-0.0005077049386704896,269.05333334772604
walk_forward,4,2024-10-28,2024-10-29,262.510009765625,259.5199890136719,-0.01139012091242797,0.0,262.510009765625,0.0012633074061283792,262.84164060514473,-0.0008532344728375452,262.28602717582805,0.005208728477473308,263.87735312911303
walk_forward,4,2024-10-29,2024-10-30,259.5199890136719,257.54998779296875,-0.007590942139718337,0.0,259.5199890136719,0.0016447209033946977,259.9468269644514,-0.0008532344728375452,259.298557612655,0.001773660752944799,259.9802894327901
walk_forward,4,2024-10-30,2024-10-31,257.54998779296875,249.85000610351562,-0.029897037679701755,0.0,257.54998779296875,-0.0011751250873299167,257.24733434107173,-0.0008532344728375452,257.3302372649049,-0.000685092234257538,257.3735422963987
walk_forward,4,2024-10-31,2024-11-01,249.85000610351562,248.97999572753906,-0.003482130697311625,0.0,249.85000610351562,0.00022639482216334087,249.90657085121492,-0.0008532344728375452,249.63682546526942,0.0021579748264759033,250.38917612708187
walk_forward,4,2024-11-01,2024-11-04,248.97999572753906,242.83999633789062,-0.024660613282231236,0.0,248.97999572753906,0.008178970986951384,251.01639588892587,-0.0008532344728375452,248.76755741213736,0.0012511113942853627,249.29149743714294
walk_forward,4,2024-11-04,2024-11-05,242.83999633789062,251.44000244140625,0.03541429020427711,0.0,242.83999633789062,0.008767972012578007,244.9692106293158,-0.0030721161359043288,242.09396366669804,0.0008778404352270471,243.05317110596638
walk_forward,4,2024-11-05,2024-11-06,251.44000244140625,288.5299987792969,0.14751032444224466,0.0,251.44000244140625,0.005623176021527808,252.85389383398763,-0.0008532344728375452,251.22546516347288,0.0001778954170990339,251.48473246551595
walk_forward,4,2024-11-06,2024-11-07,288.5299987792969,296.9100036621094,0.02904379065700735,0.0,288.5299987792969,0.004255498974432113,289.7578378931951,0.032966364074331136,298.0417837654215,0.018030836925564894,293.7324361354198
walk_forward,4,2024-11-07,2024-11-08,296.9100036621094,321.2200012207031,0.08187665372925301,0.0,296.9100036621094,0.007482559623260087,299.1316504672535,0.0037123045101504324,298.01222400781296,0.0089503217820658,299.5674437351996
walk_forward,4,2024-11-08,2024-11-11,321.2200012207031,350.0,0.08959591143118995,0.0,321.2200012207031,0.007456230491425533,323.6150915882607,0.0037123045101504324,322.41246767998524,0.016884847783366692,326.6437520462876
walk_forward,4,2024-11-11,2024-11-12,350.0,328.489990234375,-0.06145717075892854,0.0,350.0,0.011016672475115492,353.8558353662904,-0.04268569028042958,335.06000840184964,0.0007771423274648837,350.27199981461274
walk_forward,4,2024-11-12,2024-11-13,328.489990234375,330.239990234375,0.005327407385385952,0.0,328.489990234375,0.010879639270767334,332.06384283218284,-0.004857613892454606,326.8943126942802,0.01426041286825137,333.17439311820505
walk_forward,4,2024-11-13,2024-11-14,330.239990234375,311.17999267578125,-0.05771559508909463,0.0,330.239990234375,0.006867156492139436,332.50779992727706,-0.04268569028042958,316.1434682930184,0.01089971348867006,333.8395115104309
walk_forward,4,2024-11-14,2024-11-15,311.17999267578125,320.7200012207031,0.030657525449785616,0.0,311.17999267578125,0.011468877372658727,314.74887785260466,0.0037123045101504324,312.3351875660601,0.0021168671153362606,311.8387193692272
walk_forward,4,2024-11-15,2024-11-18,320.7200012207031,338.739990234375,0.056186046847983784,0.0,320.7200012207031,0.004560040198463178,322.18249731872066,0.006804508482584442,322.9023431895439,0.00790279251005,323.25458484417334
walk_forward,4,2024-11-18,2024-11-19,338.739990234375,346.0,0.021432396454288627,0.0,338.739990234375,0.002292863139918859,339.51667467199985,-0.004857613892454606,337.09452215188253,0.0009731984433079125,339.06965146555723
walk_forward,4,2024-11-19,2024-11-20,346.0,342.0299987792969,-0.011473991967350106,0.0,346.0,0.0013709765653604294,346.4743578916147,0.006804508482584442,348.35435993497424,0.03606426659577083,358.47823624213675
walk_forward,4,2024-11-20,2024-11-21,342.0299987792969,339.6400146484375,-0.006987644766217049,0.0,342.0299987792969,0.000601517405716298,342.23573577683976,0.006804508482584442,344.357344807289,0.007006458222791405,344.4264176766854
walk_forward,4,2024-11-21,2024-11-22,339.6400146484375,352.55999755859375,0.038040225983177356,0.0,339.6400146484375,0.003816492465848658,340.936248205444,0.0037123045101504324,340.90086180664446,0.003985548060073825,340.99366624994303
walk_forward,4,2024-11-22,2024-11-25,352.55999755859375,338.5899963378906,-0.039624464821427674,0.0,352.55999755859375,-0.0025023040630764745,351.67778524422465,0.0037123045101504324,353.8688076276291,0.0008703465289935548,352.86684692873087
walk_forward,4,2024-11-25,2024-11-26,338.5899963378906,338.2300109863281,-0.001063189566898104,0.0,338.5899963378906,0.0006985162608614394,338.82650695609766,0.0037123045101504324,339.8469455083876,0.0017028936306621527,339.1665790860604
walk_forward,4,2024-11-26,2024-11-27,338.2300109863281,332.8900146484375,-0.015788061864523528,0.0,338.2300109863281,0.0016010496988961352,338.7715340435754,0.0037123045101504324,339.4856237815809,-0.0021615549178503144,337.4989082427161
walk_forward,4,2024-11-27,2024-11-29,332.8900146484375,345.1600036621094,0.03685898787510977,0.0,332.8900146484375,0.0012776729436173484,333.31533921335415,0.006804508482584442,335.1551675768805,0.00517109987900517,334.61142216290807
walk_forward,4,2024-11-29,2024-12-02,345.1600036621094,357.0899963378906,0.034563659025395044,0.0,345.1600036621094,-0.004681546417286169,343.54412108357457,0.0037123045101504324,346.44134270042775,0.001015004701213782,345.5103426884974
walk_forward,4,2024-12-02,2024-12-03,357.0899963378906,351.4200134277344,-0.01587830229999254,0.0,357.0899963378906,-0.006455827403638871,354.78468495396714,0.0037123045101504324,358.41562314182534,0.0012133039586831036,357.5232550440535
walk_forward,4,2024-12-03,2024-12-04,351.4200134277344,357.92999267578125,0.018524782309774723,0.0,351.4200134277344,-0.005497674871806708,349.4880204504627,0.0037123045101504324,352.72459152853924,-0.001847606207570273,350.77072762946085
walk_forward,4,2024-12-04,2024-12-05,357.92999267578125,369.489990234375,0.03229681165351517,0.0,357.92999267578125,-0.006487796647593941,355.607815669226,0.0037123045101504324,359.25873780190966,-0.0014428217615439732,357.41356349323934
walk_forward,4,2024-12-05,2024-12-06,369.489990234375,389.2200012207031,0.053397958017247005,0.0,369.489990234375,-0.0055905763129108065,367.42432824711307,0.0037123045101504324,370.8616495915775,-0.0035395771732091956,368.1821518992121
walk_forward,4,2024-12-06,2024-12-09,389.2200012207031,389.7900085449219,0.0014644862094215227,0.0,389.2200012207031,-0.004957551644383213,387.2904229636246,0.0037123045101504324,390.66490438667546,-0.010214890089693335,385.24416168752333
walk_forward,4,2024-12-09,2024-12-10,389.7900085449219,400.989990234375,0.02873337295448497,0.0,389.7900085449219,-0.002386728375340172,388.85968567110365,0.0037123045101504324,391.23702775165475,-0.013343237723168085,384.5889477987913
walk_forward,4,2024-12-10,2024-12-11,400.989990234375,424.7699890136719,0.05930322291934931,0.0,400.989990234375,0.0006624860554200955,401.2556405112683,0.0037123045101504324,402.4785871836472,-0.009386389958504987,397.2261418165781
walk_forward,4,2024-12-11,2024-12-12,424.7699890136719,418.1000061035156,-0.015702575706076027,0.0,424.7699890136719,-0.0012142549288864895,424.25420996086893,0.0037123045101504324,426.34686455966386,-0.001051801408806725,424.3232153408085
walk_forward,4,2024-12-12,2024-12-13,418.1000061035156,436.2300109863281,0.04336284290396253,0.0,418.1000061035156,-0.0007747998570678048,417.77606227854653,0.0037123045101504324,419.6521206418676,-0.011296177001317105,413.37707443031854
walk_forward,4,2024-12-13,2024-12-16,436.2300109863281,463.0199890136719,0.06141250567967771,0.0,436.2300109863281,-0.0024232600540862715,435.1729122263114,0.0037123045101504324,437.8494296235756,-0.005193404658821256,433.9644920149541
walk_forward,4,2024-12-16,2024-12-17,463.0199890136719,479.8599853515625,0.036369912179738284,0.0,463.0199890136719,-0.0013662415566888272,462.3873918631038,0.0037123045101504324,464.7388602071771,0.0036518925002333676,464.710888239009
walk_forward,4,2024-12-17,2024-12-18,479.8599853515625,440.1300048828125,-0.0827949436951747,0.0,479.8599853515625,-0.0006206650281146589,479.5621530402632,0.006804508482584442,483.12519669234007,0.0015541383988547217,480.6057541808712
walk_forward,4,2024-12-18,2024-12-19,440.1300048828125,436.1700134277344,-0.008997322180141931,0.0,440.1300048828125,0.007078187604979443,443.2453276279536,0.0037123045101504324,441.7639014849915,-0.010448176557361934,435.5314488836043
walk_forward,4,2024-12-19,2024-12-20,436.1700134277344,421.05999755859375,-0.034642491239586515,0.0,436.1700134277344,0.005839496876384539,438.71702685871827,0.0037123045101504324,437.7892093357745,-0.013601976533054378,430.2372391406683
walk_forward,4,2024-12-20,2024-12-23,421.05999755859375,430.6000061035156,0.022657123925894362,0.0,421.05999755859375,0.003866293883568861,422.6879392517701,0.006804508482584442,423.9251038836582,-0.007784796900886247,417.78213099451244
walk_forward,4,2024-12-23,2024-12-24,430.6000061035156,462.2799987792969,0.07357174228224572,0.0,430.6000061035156,0.0028579408724609206,431.8306354606408,0.0037123045101504324,432.1985244482445,-0.016600974992747947,423.45162617031406
walk_forward,4,2024-12-24,2024-12-26,462.2799987792969,454.1300048828125,-0.017629994630971146,0.0,462.2799987792969,0.0003851129629587162,462.45802879934325,0.006804508482584442,465.42558695231975,-0.010991909490859701,457.1986588732801
walk_forward,4,2024-12-26,2024-12-27,454.1300048828125,431.6600036621094,-0.04947922616674816,0.0,454.1300048828125,0.0036041632183757984,455.76676354277197,0.006804508482584442,457.2201363532337,-0.010711900874330467,449.2654092864486
walk_forward,4,2024-12-27,2024-12-30,431.6600036621094,417.4100036621094,-0.03301209257078741,0.0,431.6600036621094,0.0033074179168639736,433.087683692215,0.0037123045101504324,433.2624570405558,-0.014127289693142954,425.56181774143164
walk_forward,4,2024-12-30,2024-12-31,417.4100036621094,403.8399963378906,-0.03251001941775111,0.0,417.4100036621094,0.002028684449393484,418.25679684556,0.0037123045101504324,418.9595567012861,-0.013108063295657968,411.93856691386566
walk_forward,4,2024-12-31,2025-01-02,403.8399963378906,379.2799987792969,-0.06081615932376483,0.0,403.8399963378906,-0.0006740851333708279,403.56777380009873,0.0037123045101504324,405.3391733776749,-0.012228210749788554,398.90175575347706
walk_forward,4,2025-01-02,2025-01-03,379.2799987792969,410.44000244140625,0.08215567328200035,0.0,379.2799987792969,0.00606122859350201,381.57890155284133,0.0037123045101504324,380.6880016293751,0.0052114334949199675,381.25659126888854
walk_forward,4,2025-01-03,2025-01-06,410.44000244140625,411.04998779296875,0.0014861742226248698,0.0,410.44000244140625,0.0013961663017025786,411.0130449416857,0.0037123045101504324,411.9636807136156,-0.014052326576538226,404.6723654870245
walk_forward,4,2025-01-06,2025-01-07,411.04998779296875,394.3599853515625,-0.040603340073111505,0.0,411.04998779296875,-0.00034103847890240655,410.909803930379,-0.0030721161359043288,409.7871944928067,-0.011295856429621623,406.40682614546165
walk_forward,4,2025-01-07,2025-01-08,394.3599853515625,394.94000244140625,0.0014707807875757872,0.0,394.3599853515625,0.0002571141242912289,394.4613808738517,-0.0008532344728375452,394.02350381735283,-0.012930347173308803,389.26077382970584
walk_forward,4,2025-01-08,2025-01-10,394.94000244140625,394.739990234375,-0.0005064369418008585,0.0,394.94000244140625,-0.0015183367688110156,394.3403505142252,-0.0008532344728375452,394.6030260166207,-0.013651155614754001,389.54861500958725
walk_forward,4,2025-01-10,2025-01-13,394.739990234375,403.30999755859375,0.021710512074366584,0.0,394.739990234375,-0.00530166350671973,392.6472116335065,-0.0008532344728375452,394.40318446689946,-0.013927495237143823,389.24225090047554
walk_forward,4,2025-01-13,2025-01-14,403.30999755859375,396.3599853515625,-0.017232432245921525,0.0,403.30999755859375,-0.00731009349690495,400.36176376820396,-0.0008532344728375452,402.9658795654367,-0.014875013206702576,397.3107560185145
walk_forward,4,2025-01-14,2025-01-15,396.3599853515625,428.2200012207031,0.08038151439752794,0.0,396.3599853515625,-0.0033827910088701954,395.01918235683934,-0.0008532344728375452,396.0217973484071,-0.012939846440565768,391.2311480059284
walk_forward,4,2025-01-15,2025-01-16,428.2200012207031,413.82000732421875,-0.03362756026209679,0.0,428.2200012207031,-0.006379128957863278,425.4883306105799,0.006804508482584442,431.13382785142176,-0.012371767183438917,422.92216306230864
walk_forward,4,2025-01-16,2025-01-17,413.82000732421875,426.5,0.030641323404759335,0.0,413.82000732421875,-0.0042811999580576795,412.0483611262189,-0.0008532344728375452,413.4669218284198,-0.014924190006259904,407.64407890652024
walk_forward,4,2025-01-17,2025-01-21,426.5,424.07000732421875,-0.00569752092797482,0.0,426.5,-0.005961689804102012,423.9573392985505,-0.0008532344728375452,426.1360954973348,-0.011417050500014776,421.6306279617437
walk_forward,4,2025-01-21,2025-01-22,424.07000732421875,415.1099853515625,-0.021128638710367298,0.0,424.07000732421875,-0.005462124391808237,421.75368419337883,-0.0008532344728375452,423.7081761750732,-0.014946578498623261,417.7316116708356
walk_forward,4,2025-01-22,2025-01-23,415.1099853515625,412.3800048828125,-0.006576523247056931,0.0,415.1099853515625,-0.004946699560434729,413.0565609694919,-0.0008532344728375452,414.75579920204143,-0.014680916332414879,409.0157903878663
walk_forward,4,2025-01-23,2025-01-24,412.3800048828125,406.5799865722656,-0.014064741844588391,0.0,412.3800048828125,-0.004052941712765585,410.70865275951246,-0.0008532344728375452,412.02814804673756,-0.017216354066544565,405.2803247087866
walk_forward,4,2025-01-24,2025-01-27,406.5799865722656,397.1499938964844,-0.023193450212053546,0.0,406.5799865722656,-0.0025152954590896112,405.55731777828373,-0.0008532344728375452,406.23307851175633,-0.01380820284945018,400.96584764314906
walk_forward,4,2025-01-27,2025-01-28,397.1499938964844,398.0899963378906,0.0023668700890153715,0.0,397.1499938964844,-0.00202774270695372,396.34467589279404,-0.0030721161359043288,395.9299029918607,-0.011869815047816345,392.4358969226917
walk_forward,4,2025-01-28,2025-01-29,398.0899963378906,389.1000061035156,-0.02258280870425211,0.0,398.0899963378906,-0.002695718217447804,397.01685788257885,-0.0008532344728375452,397.75033222972337,-0.016599101940991772,391.4820599069889
walk_forward,4,2025-01-29,2025-01-30,389.1000061035156,400.2799987792969,0.028732954254456988,0.0,389.1000061035156,-0.0040914758786588495,387.50801281415704,-0.0008532344728375452,388.7680125649268,-0.018803692004118685,381.78348942994444
walk_forward,4,2025-01-30,2025-01-31,400.2799987792969,404.6000061035156,0.010792463618949588,0.0,400.2799987792969,-0.003295119735715306,398.96102825550713,-0.0008532344728375452,399.938466085551,-0.016386400986356964,393.7208502124808
walk_forward,4,2025-01-31,2025-02-03,404.6000061035156,383.67999267578125,-0.05170542044525339,0.0,404.6000061035156,-0.003095752370206487,403.3474646756351,-0.0008532344728375452,404.2547874305978,-0.017016023468977046,397.71532290410994
walk_forward,4,2025-02-03,2025-02-04,383.67999267578125,392.2099914550781,0.022232065633156273,0.0,383.67999267578125,-0.0047116383300388615,381.872231315821,-0.0008532344728375452,383.3526236794922,-0.017374751706037608,377.0136480684652
walk_forward,4,2025-02-04,2025-02-05,392.2099914550781,378.1700134277344,-0.035797094243459227,0.0,392.2099914550781,-0.005477100606583633,390.06181787297135,-0.0008532344728375452,391.87534436977734,-0.01716868630354884,385.4762611466683
walk_forward,4,2025-02-05,2025-02-06,378.1700134277344,374.32000732421875,-0.010180622383618276,0.0,378.1700134277344,-0.0052439401010135715,376.18691252931984,-0.0008532344728375452,377.84734573568437,-0.010782493465113731,374.09239772924786
walk_forward,4,2025-02-06,2025-02-07,374.32000732421875,361.6199951171875,-0.0339282217314959,0.0,374.32000732421875,-0.005867688238260416,372.12361421989687,-0.0008532344728375452,374.0006245900969,-0.009880819903222525,370.6214187456752
walk_forward,4,2025-02-07,2025-02-10,361.6199951171875,350.7300109863281,-0.030114441341470455,0.0,361.6199951171875,-0.002171767874673597,360.8346404289524,-0.0008532344728375452,361.31144847128616,-0.004526181745508965,359.98323729647706
walk_forward,4,2025-02-10,2025-02-11,350.7300109863281,328.5,-0.06338211812502892,0.0,350.7300109863281,-0.0019643642273881423,350.0410494992751,-0.0008532344728375452,350.4307560502959,-0.005168630023324896,348.9172173214631
walk_forward,4,2025-02-11,2025-02-12,328.5,336.510009765625,0.0243835913717656,0.0,328.5,0.0008066641512188195,328.76498917367536,-0.0008532344728375452,328.21971247567285,0.011938256665523039,332.42171731462435
walk_forward,4,2025-02-12,2025-02-13,336.510009765625,355.94000244140625,0.05773971683431944,0.0,336.510009765625,-0.0002480669137399981,336.42653276605984,-0.0008532344728375452,336.22288782483804,0.0017729219929926688,337.1066157628007
walk_forward,4,2025-02-13,2025-02-14,355.94000244140625,355.8399963378906,-0.0002809633725618932,0.0,355.94000244140625,-0.00449237991227297,354.3409847244641,-0.0008532344728375452,355.63630216106134,-9.222895267248971e-05,355.9071744677668
walk_forward,4,2025-02-14,2025-02-18,355.8399963378906,354.1099853515625,-0.004861766535893763,0.0,355.8399963378906,-0.002795214766269189,354.8453471256978,-0.0008532344728375452,355.53638138620073,-0.0021031349036733133,355.0916168214694
walk_forward,4,2025-02-18,2025-02-19,354.1099853515625,360.55999755859375,0.018214714280444966,0.0,354.1099853515625,-0.0023040540577680744,353.294096802917,-0.0008532344728375452,353.80784650488454,-0.002264696806209853,353.3080335986898
walk_forward,4,2025-02-19,2025-02-20,360.55999755859375,354.3999938964844,-0.01708454543992588,0.0,360.55999755859375,-0.004342314875275798,358.99433251776566,-0.0008532344728375452,360.25235533915054,-0.0029278031660092195,359.5043488562054
walk_forward,4,2025-02-20,2025-02-21,354.3999938964844,337.79998779296875,-0.046839747148427646,0.0,354.3999938964844,-0.00677805561836976,351.9978510267041,-0.0008532344728375452,354.0976076045185,-0.005641409275016868,352.4006784838508
walk_forward,4,2025-02-21,2025-02-24,337.79998779296875,330.5299987792969,-0.021521578674915554,0.0,337.79998779296875,-0.0035223829420561914,336.61012687814,-0.0008532344728375452,337.51176519845967,-0.003154103106028335,336.7345318022546
walk_forward,4,2025-02-24,2025-02-25,330.5299987792969,302.79998779296875,-0.0838955952220366,0.0,330.5299987792969,-0.001724175802084386,329.9601069535386,-0.0008532344728375452,330.2479791900314,-0.00521389579821965,328.80664980747594
walk_forward,4,2025-02-25,2025-02-26,302.79998779296875,290.79998779296875,-0.039630120487999076,0.0,302.79998779296875,0.0017223281152433053,303.3215087252399,-0.0030721161359043288,301.86975106451837,0.017312405735886535,308.0421840384621
walk_forward,4,2025-02-26,2025-02-27,290.79998779296875,281.95001220703125,-0.030433204805490277,0.0,290.79998779296875,0.004384522545496084,292.075006895677,0.01363104140566878,294.7638944673427,0.023574012901990866,297.65531045709895
walk_forward,4,2025-02-27,2025-02-28,281.95001220703125,292.9800109863281,0.03912040539724382,0.0,281.95001220703125,0.007346160140472107,284.02126214831213,-0.024175624217666523,275.1336946637476,0.015496007913949035,286.3191118275294
walk_forward,4,2025-02-28,2025-03-03,292.9800109863281,284.6499938964844,-0.02843203214376444,0.0,292.9800109863281,0.0048885071683130235,294.41224587020724,-0.0008532344728375452,292.73003034110224,-0.00031979886641219534,292.88631631093324
walk_forward,4,2025-03-03,2025-03-04,284.6499938964844,272.0400085449219,-0.04429996705409467,0.0,284.6499938964844,0.005875680383092019,286.3225062816692,-0.0008532344728375452,284.4071207089989,0.0056910734289280125,286.2699579132932
walk_forward,4,2025-03-04,2025-03-05,272.0400085449219,279.1000061035156,0.025952056083059283,0.0,272.0400085449219,0.0078016787636465135,274.16237730244904,-0.0008532344728375452,271.8078946316403,0.022380337449246602,278.1283557358532
walk_forward,4,2025-03-05,2025-03-06,279.1000061035156,263.45001220703125,-0.056073068986891905,0.0,279.1000061035156,0.002582858289608475,279.8208818679099,-0.0008532344728375452,278.86186835693894,-0.010455812034060749,276.18178890099205
walk_forward,4,2025-03-06,2025-03-07,263.45001220703125,262.6700134277344,-0.0029607088371812473,0.0,263.45001220703125,0.0032784176778038895,264.3137113842684,-0.0008532344728375452,263.2252275747467,0.007771437855801128,265.49739760500825
walk_forward,4,2025-03-07,2025-03-10,262.6700134277344,222.14999389648438,-0.1542620682219512,0.0,262.6700134277344,0.0026560938156769335,263.3676896259636,-0.0008532344728375452,262.44589431729713,-0.007528909304883425,260.69239471952443
walk_forward,4,2025-03-10,2025-03-11,222.14999389648438,230.5800018310547,0.037947369642955975,0.0,222.14999389648438,0.012214177074776357,224.8633732590965,0.07564151142931155,238.9537551988268,0.043727513933360294,231.86406084988883
walk_forward,4,2025-03-11,2025-03-12,230.5800018310547,248.08999633789062,0.0759389121683911,0.0,230.5800018310547,0.007681218900351321,232.35113729916242,0.04723480294870191,241.4714027814559,0.006934731844671919,232.17901231249704
walk_forward,4,2025-03-12,2025-03-13,248.08999633789062,240.67999267578125,-0.02986820819658198,0.0,248.08999633789062,0.0028274745265280325,248.79146448282242,-0.0008532344728375452,247.878317400649,0.008700381121551373,250.24847385847457
walk_forward,4,2025-03-13,2025-03-14,240.67999267578125,249.97999572753906,0.038640532386444715,0.0,240.67999267578125,0.004731836156790615,241.81885096734058,-0.0008532344728375452,240.47463620910798,0.004395576558357381,241.73792000965256
walk_forward,4,2025-03-14,2025-03-17,249.97999572753906,238.00999450683594,-0.04788383640805238,0.0,249.97999572753906,0.004401173797072611,251.08020113452744,-0.0008532344728375452,249.76670417766454,-0.0035593895224583605,249.09021954992227
walk_forward,4,2025-03-17,2025-03-18,238.00999450683594,225.30999755859375,-0.05335909096824687,0.0,238.00999450683594,0.007469568425040004,239.78782644664815,-0.0008532344728375452,237.80691617464282,0.017904931927879175,242.27154725663576
walk_forward,4,2025-03-18,2025-03-19,225.30999755859375,235.86000061035156,0.046824389357219776,0.0,225.30999755859375,0.0020271440570370507,225.76673338113568,-0.0008532344728375452,225.11775530160182,-0.010978261270360015,222.8364855385713
walk_forward,4,2025-03-19,2025-03-20,235.86000061035156,236.25999450683594,0.0016958954271570903,0.0,235.86000061035156,0.002034698570131857,236.33990461634474,-0.0008532344728375452,235.65875672706733,0.02334405077256273,241.36592843981626
walk_forward,4,2025-03-20,2025-03-21,236.25999450683594,248.7100067138672,0.05269623506518384,0.0,236.25999450683594,0.002005952484891071,236.73392082989724,-0.0008532344728375452,236.0584093349703,0.0013328842477774597,236.5749017318941
walk_forward,4,2025-03-21,2025-03-24,248.7100067138672,278.3900146484375,0.11933580126800525,0.0,248.7100067138672,0.0014490160928863323,249.07039151605747,0.04431545777994539,259.7317045158455,0.009221097090599664,251.00338583317946
walk_forward,4,2025-03-24,2025-03-25,278.3900146484375,288.1400146484375,0.03502280788451673,0.0,278.3900146484375,-0.0001410923254804657,278.35073595388025,-0.0008532344728375452,278.1524826910457,-0.0037668005619506378,277.3413749848183
walk_forward,4,2025-03-25,2025-03-26,288.1400146484375,272.05999755859375,-0.05580626179068926,0.0,288.1400146484375,0.0013316751593424369,288.5237235483574,-0.0008532344728375452,287.89416365493554,0.00046154954662368805,288.2730055415626
walk_forward,4,2025-03-26,2025-03-27,272.05999755859375,273.1300048828125,0.0039329829222258805,0.0,272.05999755859375,0.002374082785583712,272.70589051544357,-0.0008532344728375452,271.82786658999663,0.011252106422913561,275.12124560454066
walk_forward,4,2025-03-27,2025-03-28,273.1300048828125,263.54998779296875,-0.03507493471452938,0.0,273.1300048828125,0.0024244730948168895,273.79220123103806,-0.0008532344728375452,272.8969609470802,-0.000511921325090878,272.9901838087908
walk_forward,4,2025-03-28,2025-03-31,263.54998779296875,259.1600036621094,-0.016657121359109794,0.0,263.54998779296875,-0.0010851791045503939,263.2639888532113,0.006804508482584442,265.3433159204911,0.0016044011461320397,263.9728276954469
walk_forward,4,2025-03-31,2025-04-01,259.1600036621094,268.4599914550781,0.035885119854736525,0.0,259.1600036621094,0.003953114703230106,260.1844928830752,-0.0008532344728375452,258.93887941300414,-0.00011366398971758738,259.1305465021179
walk_forward,4,2025-04-01,2025-04-02,268.4599914550781,282.760009765625,0.05326685079977622,0.0,268.4599914550781,0.00793741514790926,270.59086985786126,-0.0030721161359043288,267.63525118348423,0.0057070902657403,269.99211685905215
walk_forward,4,2025-04-02,2025-04-03,282.760009765625,267.2799987792969,-0.05474611137253549,0.0,282.760009765625,0.007442253588949814,284.8643814631147,0.006804508482584442,284.68405265061085,0.005062055407814683,284.1913566021728
walk_forward,4,2025-04-03,2025-04-04,267.2799987792969,239.42999267578125,-0.10419786826814681,0.0,267.2799987792969,0.009416768540772112,269.7969126633793,-0.0008532344728375452,267.0519462704384,-0.002382160420832659,266.64329494492466
walk_forward,4,2025-04-04,2025-04-07,239.42999267578125,233.2899932861328,-0.025644236634809525,0.0,239.42999267578125,0.012013269416002227,242.30632968406684,0.032966364074331136,247.3231289846455,0.005895738088018295,240.84160920301377
walk_forward,4,2025-04-07,2025-04-08,233.2899932861328,221.86000061035156,-0.048994783337158565,0.0,233.2899932861328,0.007374563300070542,235.01040510889445,-0.0008532344728375452,233.09094222169304,0.0062575839230338695,234.7498249975248
walk_forward,4,2025-04-08,2025-04-09,221.86000061035156,272.20001220703125,0.22689989839624536,0.0,221.86000061035156,0.007682564373540852,223.5644543469544,0.01363104140566878,224.884183464933,0.02964765851722072,228.43763014707764
walk_forward,4,2025-04-09,2025-04-10,272.20001220703125,252.39999389648438,-0.07274069589492627,0.0,272.20001220703125,0.0039954074839756715,273.2875621729415,0.0877351290341287,296.0815154011065,0.017555169048163063,276.9785294362377
walk_forward,4,2025-04-10,2025-04-11,252.39999389648438,252.30999755859375,-0.00035656236159631316,0.0,252.39999389648438,0.010942820680426152,255.16196176943424,-0.0006974502745931637,252.22395745143396,0.0071498536732640065,254.20461691997696
walk_forward,4,2025-04-11,2025-04-14,252.30999755859375,252.35000610351562,0.00015856900364230597,0.0,252.30999755859375,0.009147740102115947,254.6180638414253,-0.0006974502745931637,252.1340238815139,0.027917968269001392,259.3539800643864
walk_forward,4,2025-04-14,2025-04-15,252.35000610351562,254.11000061035156,0.0069744183248166,0.0,252.35000610351562,0.0024816462899140933,252.9762495599222,0.0877351290341287,274.48996645077074,0.018197825504509064,256.9422274806492
walk_forward,4,2025-04-15,2025-04-16,254.11000061035156,241.5500030517578,-0.049427403598542585,0.0,254.11000061035156,-0.004558539007735342,252.9516302603136,0.0037123045101504324,255.05333431169169,0.005960021623812131,255.62450170881615
walk_forward,4,2025-04-16,2025-04-17,241.5500030517578,241.3699951171875,-0.0007452201709629014,0.0,241.5500030517578,0.0015851915014402692,241.9329060637683,-0.0008532344728375452,241.34390426224002,-0.002507320765159149,240.9443597132819
walk_forward,4,2025-04-17,2025-04-21,241.3699951171875,227.5,-0.05746362595919796,0.0,241.3699951171875,0.005204629702316986,242.6262365630225,-0.0008532344728375452,241.16404991664487,0.001252623562620057,241.67234086038076
walk_forward,4,2025-04-21,2025-04-22,227.5,237.97000122070312,0.04602198338770602,0.0,227.5,0.0021612850692965696,227.99169235326494,-0.0030721161359043288,226.80109357908177,-0.0022061797642966238,226.99809410362252
walk_forward,4,2025-04-22,2025-04-23,237.97000122070312,250.74000549316406,0.0536622440095611,0.0,237.97000122070312,-0.0008345500529904448,237.77140334357424,-0.0008532344728375452,237.76695701216042,0.002666436876458422,238.60453320744887
walk_forward,4,2025-04-23,2025-04-24,250.74000549316406,259.510009765625,0.0349764859229853,0.0,250.74000549316406,-0.0031168285845475856,249.95849187675336,-0.006155981828843263,249.19645457558408,0.0034673999332447436,251.60942137147288
walk_forward,4,2025-04-24,2025-04-25,259.510009765625,284.95001220703125,0.09803091011549903,0.0,259.510009765625,6.477480914190807e-05,259.52681947697795,-0.0008532344728375452,259.28858687924657,0.003579659614940658,260.43896726725586
walk_forward,4,2025-04-25,2025-04-28,284.95001220703125,285.8800048828125,0.0032637046356942534,0.0,284.95001220703125,-0.0006662815576670531,284.7601552690407,-0.0008532344728375452,284.7068830335807,0.006854811583682303,286.90329085147846
walk_forward,4,2025-04-28,2025-04-29,285.8800048828125,292.0299987792969,0.021512501019458785,0.0,285.8800048828125,0.002800466651832575,286.6806023029126,0.0037123045101504324,286.9412785143008,-0.0020046457953952217,285.3069167330366
walk_forward,4,2025-04-29,2025-04-30,292.0299987792969,282.1600036621094,-0.03379788089732105,0.0,292.0299987792969,-0.000757997551411775,291.80864075528336,0.0037123045101504324,293.11410306086447,0.019376650345348072,297.68856195599574
walk_forward,4,2025-04-30,2025-05-01,282.1600036621094,280.5199890136719,-0.005812356915055328,0.0,282.1600036621094,0.0025050404314224057,282.8668258794132,-0.0008532344728375452,281.9192550201289,-0.00011669946095171045,282.1270757417799
walk_forward,4,2025-05-01,2025-05-02,280.5199890136719,287.2099914550781,0.023848576584252656,0.0,280.5199890136719,0.0019434870544421065,281.0651759808322,0.006804508482584442,282.42878965844994,0.0038516312088582496,281.6004485580655
walk_forward,4,2025-05-02,2025-05-05,287.2099914550781,280.260009765625,-0.024198258752220814,0.0,287.2099914550781,0.0023884634898032595,287.8959820335753,0.006804508482584442,289.1643142782172,0.004705000742349649,288.5613146780845
walk_forward,4,2025-05-05,2025-05-06,280.260009765625,275.3500061035156,-0.017519458684867262,0.0,280.260009765625,0.005193022110560157,281.7154061930437,0.0037123045101504324,281.3004202638927,0.0009783056103868056,280.5341897055457
walk_forward,4,2025-05-06,2025-05-07,275.3500061035156,276.2200012207031,0.003159597232260225,0.0,275.3500061035156,0.005309431711676055,276.8119581577318,-0.0030721161359043288,274.50409890674365,0.005868853484554921,276.9659949463085
walk_forward,4,2025-05-07,2025-05-08,276.2200012207031,284.82000732421875,0.031134624811778533,0.0,276.2200012207031,0.0026196296953653027,276.9435953383547,0.0037123045101504324,277.2454139770285,0.0010472931172099858,276.50928452681734
walk_forward,4,2025-05-08,2025-05-09,284.82000732421875,298.260009765625,0.04718770485146129,0.0,284.82000732421875,8.431050364977682e-05,284.8440206424858,-0.0008532344728375452,284.5769890754159,-0.00034410092762356,284.72200049549275
walk_forward,4,2025-05-09,2025-05-12,298.260009765625,318.3800048828125,0.06745790403815088,0.0,298.260009765625,-0.0008149591045382809,298.0169400551468,0.0037123045101504324,299.36724174507543,0.0012847461902046288,298.64319817686174
walk_forward,4,2025-05-12,2025-05-13,318.3800048828125,334.07000732421875,0.049280740626853614,0.0,318.3800048828125,0.0022541207153859984,319.0976718471835,0.0037123045101504324,319.5619284108807,0.001350482016721574,318.8099713538905
walk_forward,4,2025-05-13,2025-05-14,334.07000732421875,347.67999267578125,0.04073991993646375,0.0,334.07000732421875,0.003497631730863751,335.2384611821658,0.0037123045101504324,335.31017691911444,0.009801806271576842,337.344496817155
walk_forward,4,2025-05-14,2025-05-15,347.67999267578125,342.82000732421875,-0.013978329078298546,0.0,347.67999267578125,0.00418185079234829,349.1339385286361,0.0037123045101504324,348.9706866806806,0.011667448060615298,351.73653093204103
walk_forward,4,2025-05-15,2025-05-16,342.82000732421875,349.9800109863281,0.0208856061756566,0.0,342.82000732421875,0.002136496380423864,343.5524410290038,0.0037123045101504324,344.0926595835782,0.013660464655282869,347.5030879173951
walk_forward,4,2025-05-16,2025-05-19,349.9800109863281,342.0899963378906,-0.022544186527114873,0.0,349.9800109863281,-0.001453384434637499,349.4713554859263,0.0037123045101504324,351.27924335957516,0.00644415660819823,352.235336986863
walk_forward,4,2025-05-19,2025-05-20,342.0899963378906,343.82000732421875,0.005057180873010214,0.0,342.0899963378906,-0.0019165856004933614,341.4343515768366,0.0037123045101504324,343.3599385741731,0.004623084246589792,343.67150721087626
walk_forward,4,2025-05-20,2025-05-21,343.82000732421875,334.6199951171875,-0.026758222357769146,0.0,343.82000732421875,-0.0018041971409260018,343.1996882500112,0.006804508482584442,346.15953348053864,0.005414915415514524,345.68176358204096
walk_forward,4,2025-05-21,2025-05-22,334.6199951171875,341.0400085449219,0.019185982671137136,0.0,334.6199951171875,0.0018776922803021043,335.24830849885376,-0.0030721161359043288,333.5920036307918,0.010409857485797131,338.10334157825554
walk_forward,4,2025-05-22,2025-05-23,341.0400085449219,339.3399963378906,-0.004984788190348977,0.0,341.0400085449219,0.000576807108175854,341.23672284602293,0.006804508482584442,343.36061817596647,0.004707282422943832,342.64538018266603
walk_forward,5,2025-05-23,2025-05-27,339.3399963378906,362.8900146484375,0.06939947711644767,0.0,339.3399963378906,0.0018337336552355853,339.96225550974293,0.0005002260131420595,339.5097430313584,0.004217455391844992,340.7711476351145
walk_forward,5,2025-05-27,2025-05-28,362.8900146484375,356.8999938964844,-0.016506435862546853,0.0,362.8900146484375,7.03062783731427e-05,362.9155280948262,0.030999108903731032,374.1392817326009,0.008597850211513481,366.01008863763866
walk_forward,5,2025-05-28,2025-05-29,356.8999938964844,358.42999267578125,0.004286911755287504,0.0,356.8999938964844,0.0009036682283517583,357.2225130816676,0.0005002260131420595,357.0785245575217,-0.0018058275451365228,356.2554940566471
walk_forward,5,2025-05-29,2025-05-30,358.42999267578125,346.4599914550781,-0.03339564619395741,0.0,358.42999267578125,-0.0004707618342647997,358.2612575149737,0.0005002260131420595,358.609288682008,0.00045213529092511445,358.592051524796
walk_forward,5,2025-05-30,2025-06-02,346.4599914550781,342.69000244140625,-0.01088145559849063,0.0,346.4599914550781,-0.0017144047148314212,345.8660188122271,0.0005002260131420595,346.63329975531695,-0.000103892331163453,346.423996918911
walk_forward,5,2025-06-02,2025-06-03,342.69000244140625,344.2699890136719,0.004610541775392996,0.0,342.69000244140625,-0.0017446415097569475,342.09213123816824,0.0005002260131420595,342.8614248950712,-0.0012168563995353617,342.2729979188786
walk_forward,5,2025-06-03,2025-06-04,344.2699890136719,332.04998779296875,-0.03549540073392177,0.0,344.2699890136719,-0.002197258101591613,343.5135389911767,0.0005002260131420595,344.4422018177207,-4.697722294486121e-05,344.25381616564476
walk_forward,5,2025-06-04,2025-06-05,332.04998779296875,284.70001220703125,-0.14259893789082123,0.0,332.04998779296875,0.0014481998380862378,332.5308625315271,0.0005002260131420595,332.2160878345263,-0.0008115211002571024,331.7805222215347
walk_forward,5,2025-06-05,2025-06-06,284.70001220703125,295.1400146484375,0.036670186138995975,0.0,284.70001220703125,0.008239409878424968,287.04577229999757,0.024502226832849038,291.6757964854428,0.06895258642165418,304.3308144029826
walk_forward,5,2025-06-06,2025-06-09,295.1400146484375,308.5799865722656,0.04553761352840424,0.0,295.1400146484375,0.0022256738975311983,295.7969000751575,0.0005002260131420595,295.2876513612838,0.004772754117675493,296.5486453686416
walk_forward,5,2025-06-09,2025-06-10,308.5799865722656,326.0899963378906,0.05674382827003055,0.0,308.5799865722656,-0.005434268085512657,306.90308019940807,0.0005002260131420595,308.7343463086841,-0.0058911002798281665,306.7621109270204
walk_forward,5,2025-06-10,2025-06-11,326.0899963378906,326.42999267578125,0.0010426457165473302,0.0,326.0899963378906,-0.005203083200237116,324.3933229561796,0.0005002260131420595,326.2531150366843,-0.00556043210185383,324.27679505416
walk_forward,5,2025-06-11,2025-06-12,326.42999267578125,319.1099853515625,-0.022424432461661592,0.0,326.42999267578125,-0.003747714577994461,325.2066262335356,0.0005002260131420595,326.5932814495875,-0.007162915738257167,324.0918021438047
walk_forward,5,2025-06-12,2025-06-13,319.1099853515625,325.30999755859375,0.019429076154419578,0.0,319.1099853515625,-0.0015219654040866605,318.6243109937588,0.0005002260131420595,319.26961246728877,-0.003726966001325435,317.9206732854738
walk_forward,5,2025-06-13,2025-06-16,325.30999755859375,329.1300048828125,0.011742668079331553,0.0,325.30999755859375,-0.008480043173836656,322.5513547344162,0.0005002260131420595,325.4727260817078,-0.008954060811014476,322.39715205802315
walk_forward,5,2025-06-16,2025-06-17,329.1300048828125,316.3500061035156,-0.03882963749794621,0.0,329.1300048828125,-0.008002765132214618,326.4960547557707,0.0005002260131420595,329.2946442729605,-0.0036720049797554846,327.9214378658959
walk_forward,5,2025-06-17,2025-06-18,316.3500061035156,322.04998779296875,0.0180179597897272,0.0,316.3500061035156,-0.004231652419540391,315.0113228347661,0.0005002260131420595,316.50825260582627,-0.004602026335590982,314.89415504416286
walk_forward,5,2025-06-18,2025-06-20,322.04998779296875,322.1600036621094,0.0003416111576173275,0.0,322.04998779296875,-0.0010219891262346192,321.7208562073403,0.0005002260131420595,322.21108557439493,0.0026987021819805824,322.9191047977325
walk_forward,5,2025-06-20,2025-06-23,322.1600036621094,348.67999267578125,0.0823193093872907,0.0,322.1600036621094,-0.0040703283301937575,320.84870667234816,0.0005002260131420595,322.32115647633515,0.0015859387580512761,322.67092969821107
walk_forward,5,2025-06-23,2025-06-24,348.67999267578125,340.4700012207031,-0.023545920693855638,0.0,348.67999267578125,-0.0068100895463105715,346.30545070265225,0.0005002260131420595,348.8544114783799,-0.0018970933013446212,348.0185141973632
walk_forward,5,2025-06-24,2025-06-25,340.4700012207031,327.54998779296875,-0.037947582404945,0.0,340.4700012207031,-0.003423048256942941,339.30455597648324,0.0005002260131420595,340.64031317200823,-0.0008447473498088724,340.1823900894825
walk_forward,5,2025-06-25,2025-06-26,327.54998779296875,325.7799987792969,-0.0054037218123500486,0.0,327.54998779296875,-0.0019177693886959584,326.92182245311164,0.0005002260131420595,327.7138368174672,-0.0005088034652520779,327.3833292241364
walk_forward,5,2025-06-26,2025-06-27,325.7799987792969,323.6300048828125,-0.006599526995335614,0.0,325.7799987792969,-0.004049147100244822,324.46086764192194,0.0005002260131420595,325.9429624092477,-0.0018613691307910532,325.17360194613997
walk_forward,5,2025-06-27,2025-06-30,323.6300048828125,317.6600036621094,-0.018446995428822777,0.0,323.6300048828125,-0.005974258077797803,321.6965557119236,0.0005002260131420595,323.79189302988823,-0.000984756772863448,323.3113080436023
walk_forward,5,2025-06-30,2025-07-01,317.6600036621094,300.7099914550781,-0.05335897504131726,0.0,317.6600036621094,-0.0005398248733905677,317.48852289085124,0.0005002260131420595,317.818905459276,-0.0009021113171052902,317.3734389778141
walk_forward,5,2025-07-01,2025-07-02,300.7099914550781,315.6499938964844,0.04968242780731846,0.0,300.7099914550781,0.005744241476860711,302.4373422605008,0.0005002260131420595,300.8604144152157,0.0028824472682404526,301.5767721484804
walk_forward,5,2025-07-02,2025-07-03,315.6499938964844,315.3500061035156,-0.0009503811144286889,0.0,315.6499938964844,0.0015368261544278358,316.13509306274943,0.0005002260131420595,315.80789023447954,-0.0007961851335266877,315.3986780639462
walk_forward,5,2025-07-03,2025-07-07,315.3500061035156,293.94000244140625,-0.06789282780315342,0.0,315.3500061035156,0.001829097704557343,315.9268120758117,0.0005002260131420595,315.50775237981316,-0.0034804470422166913,314.2524471075096
walk_forward,5,2025-07-07,2025-07-08,293.94000244140625,297.80999755859375,0.013165935514200422,0.0,293.94000244140625,-0.0008726895631943703,293.6834840690703,0.0005002260131420595,294.08703887693054,-0.0035599940989511345,292.89357776726916
walk_forward,5,2025-07-08,2025-07-09,297.80999755859375,295.8800048828125,-0.0064806174796113725,0.0,297.80999755859375,-0.0013906806328226689,297.3958389627281,0.0005002260131420595,297.95896986634637,-0.006103295385998208,295.9923751745903
walk_forward,5,2025-07-09,2025-07-10,295.8800048828125,309.8699951171875,0.0472826483827995,0.0,295.8800048828125,-0.0033370640680142056,294.8926343500742,0.0005002260131420595,296.0280117580235,-0.0038125263113110543,294.751954579206
walk_forward,5,2025-07-10,2025-07-11,309.8699951171875,313.510009765625,0.01174690904506881,0.0,309.8699951171875,-0.004659706967678343,308.4260917418655,0.0005002260131420595,310.02500014943735,-0.0070357953957455805,307.6898132322623
walk_forward,5,2025-07-11,2025-07-14,313.510009765625,316.8999938964844,0.010813001260769006,0.0,313.510009765625,-0.001702968117836822,312.9761122143714,0.0005002260131420595,313.66683562789024,-0.0004280287122728062,313.3758184798604
walk_forward,5,2025-07-14,2025-07-15,316.8999938964844,310.7799987792969,-0.01931207079538977,0.0,316.8999938964844,-1.1336180401439258e-05,316.89640146098435,0.0005002260131420595,317.058515516996,-0.002944968908304243,315.96673326741745
walk_forward,5,2025-07-15,2025-07-16,310.7799987792969,321.6700134277344,0.03504091219258654,0.0,310.7799987792969,-0.0012235360055196805,310.399748260995,0.0005002260131420595,310.93545901905054,-0.005907097066519216,308.94419116017485
walk_forward,5,2025-07-16,2025-07-17,321.6700134277344,319.4100036621094,-0.007025863995037018,0.0,321.6700134277344,-0.004164960686664134,320.3302704677291,0.0005002260131420595,321.8309211360987,-0.0013451894001614572,321.2373063353216
walk_forward,5,2025-07-17,2025-07-18,319.4100036621094,329.6499938964844,0.03205907804067243,0.0,319.4100036621094,-0.0033396018922414315,318.34330140947856,0.0005002260131420595,319.569780854799,-0.008172035243517901,316.79977385505043
walk_forward,5,2025-07-18,2025-07-21,329.6499938964844,328.489990234375,-0.0035188948387289143,0.0,329.6499938964844,-0.0007697667091498815,329.3962403055114,0.0005002260131420595,329.81489339866357,0.0008816925763647488,329.94064384890163
walk_forward,5,2025-07-21,2025-07-22,328.489990234375,332.1099853515625,0.0110201078413521,0.0,328.489990234375,-0.0011089999731884077,328.12569484401246,0.0005002260131420595,328.654309472547,0.0013285988035832055,328.9264216423894
walk_forward,5,2025-07-22,2025-07-23,332.1099853515625,332.55999755859375,0.0013550095657464123,0.0,332.1099853515625,-0.0014376344201784733,331.6325326053361,0.0005002260131420595,332.2761154054596,-0.002095198506198777,331.4141490063602
walk_forward,5,2025-07-23,2025-07-24,332.55999755859375,305.29998779296875,-0.08197020076301287,0.0,332.55999755859375,-0.0025410462369360397,331.714947228242,0.0005002260131420595,332.72635272030305,-0.0018518445521334618,331.9441481388573
walk_forward,5,2025-07-24,2025-07-25,305.29998779296875,316.05999755859375,0.03524405566934252,0.0,305.29998779296875,-0.001403590902644606,304.87147150752503,0.0005002260131420595,305.4527067886748,-0.005146619896870952,303.728724801279
walk_forward,5,2025-07-25,2025-07-28,316.05999755859375,325.5899963378906,0.030152499060024596,0.0,316.05999755859375,-0.0031860962397219105,315.0529999888458,0.0005002260131420595,316.2180989910862,-0.0016408946561558603,315.5413763975752
walk_forward,5,2025-07-28,2025-07-29,325.5899963378906,321.20001220703125,-0.013483166498468035,0.0,325.5899963378906,-0.0012702809139263924,325.1764055797772,0.0005002260131420595,325.7528649236777,7.07503313366312e-05,325.61303193801143
walk_forward,5,2025-07-29,2025-07-30,321.20001220703125,319.0400085449219,-0.006724793213012448,0.0,321.20001220703125,-0.0014075404223758948,320.7479102061822,0.0005002260131420595,321.3606848085588,-0.005588420567826219,319.4050114524274
walk_forward,5,2025-07-30,2025-07-31,319.0400085449219,308.2699890136719,-0.03375758288237862,0.0,319.0400085449219,0.0003203158501887502,319.1422021165032,0.0005002260131420595,319.19960065642914,-0.0025820133452157906,318.2162429852011
walk_forward,5,2025-07-31,2025-08-01,308.2699890136719,302.6300048828125,-0.01829559909125389,0.0,308.2699890136719,-0.001083017996987133,307.936127067639,0.0005002260131420595,308.4241936812476,-0.0013916429631474646,307.84098725271144
walk_forward,5,2025-08-01,2025-08-04,302.6300048828125,309.260009765625,0.021907956170373222,0.0,302.6300048828125,-0.002795973891526322,301.7838592903677,0.0005002260131420595,302.7813882836122,-0.006255704851934715,300.73684089292607
walk_forward,5,2025-08-04,2025-08-05,309.260009765625,308.7200012207031,-0.0017461311772288823,0.0,309.260009765625,-0.0034912089826097475,308.1803184415693,0.0005002260131420595,309.41470966733436,0.00052524542084867,309.422447169606
walk_forward,5,2025-08-05,2025-08-06,308.7200012207031,319.9100036621094,0.03624644466558724,0.0,308.7200012207031,-0.003209215350302408,307.7292522538403,0.0005002260131420595,308.874430996091,-0.009987010675439483,305.6368112727903
walk_forward,5,2025-08-06,2025-08-07,319.9100036621094,322.2699890136719,0.007377028928595486,0.0,319.9100036621094,-0.001764754444974551,319.3454410611548,0.0005002260131420595,320.07003096780556,0.002046460136356564,320.5646867318256
walk_forward,5,2025-08-07,2025-08-08,322.2699890136719,329.6499938964844,0.02290006868278205,0.0,322.2699890136719,-0.0027184748606772498,321.3939061501875,0.0005002260131420595,322.43119684543154,-0.0011644929685152164,321.894707877502
walk_forward,5,2025-08-08,2025-08-11,329.6499938964844,339.0299987792969,0.02845443669493286,0.0,329.6499938964844,-0.0033075052957112793,328.55967479594057,0.0005002260131420595,329.81489339866357,-0.0041006395704491164,328.29821808711415
walk_forward,5,2025-08-11,2025-08-12,339.0299987792969,340.8399963378906,0.005338753399730889,0.0,339.0299987792969,-0.001220079835134375,338.6163551142806,0.0005002260131420595,339.19959040392183,0.0018713127927208217,339.66442995312866
walk_forward,5,2025-08-12,2025-08-13,340.8399963378906,339.3800048828125,-0.004283509772223915,0.0,340.8399963378906,-0.0015791075021563913,340.3017733426385,0.0005002260131420595,341.01049337037813,-0.003525925328469831,339.6382199618473
walk_forward,5,2025-08-13,2025-08-14,339.3800048828125,335.5799865722656,-0.011196942235471519,0.0,339.3800048828125,-0.0031824723635939726,338.29993739651655,0.0005002260131420595,339.5497715895952,-0.0019222247939139903,338.7276402228681
walk_forward,5,2025-08-14,2025-08-15,335.5799865722656,330.55999755859375,-0.014959143019665277,0.0,335.5799865722656,-0.002750102433698494,334.65710723449274,0.0005002260131420595,335.747852411039,-0.0006901284364438719,335.34839328083063
walk_forward,5,2025-08-15,2025-08-18,330.55999755859375,335.1600036621094,0.013915797850586165,0.0,330.55999755859375,-0.0027712596405049367,329.6439299785942,0.0005002260131420595,330.72535226827677,0.00024326564576550544,330.64041144986413
walk_forward,5,2025-08-18,2025-08-19,335.1600036621094,329.30999755859375,-0.017454368181154756,0.0,335.1600036621094,-0.0013317338806300687,334.71365972980044,0.0005002260131420595,335.327659414506,-0.00014607438913556836,335.11104536931174
walk_forward,5,2025-08-19,2025-08-20,329.30999755859375,323.8999938964844,-0.016428300696053943,0.0,329.30999755859375,-0.000336250341463523,329.1992669594673,0.0005002260131420595,329.47472698576036,-0.0014214570551163805,328.8418975392437
walk_forward,5,2025-08-20,2025-08-21,323.8999938964844,320.1099853515625,-0.011701168929731831,0.0,323.8999938964844,0.0002881719455096799,323.9933327878761,0.0005002260131420595,324.062017099088,-0.0035696251588813776,322.74379232930994
walk_forward,5,2025-08-21,2025-08-22,320.1099853515625,340.010009765625,0.062166209505171155,0.0,320.1099853515625,-0.002039556440150469,319.4571029693823,0.0005002260131420595,320.2701126933019,-0.0014199568801567914,319.6554429754556
walk_forward,5,2025-08-22,2025-08-25,340.010009765625,346.6000061035156,0.019381771561470362,0.0,340.010009765625,-0.0034580177425773705,338.83424911920156,0.0005002260131420595,340.1800916172385,0.0005872352366062888,340.20967562415825
walk_forward,5,2025-08-25,2025-08-26,346.6000061035156,351.6700134277344,0.01462783391499567,0.0,346.6000061035156,-0.001302215593949186,346.1486581707048,0.0005002260131420595,346.77338444272385,-0.0011951433247947352,346.1857694198472
walk_forward,5,2025-08-26,2025-08-27,351.6700134277344,349.6000061035156,-0.0058862207330171445,0.0,351.6700134277344,0.0002784129730028823,351.76792292168875,0.0005002260131420595,351.845927916493,0.002244354867806533,352.45928573423254
walk_forward,5,2025-08-27,2025-08-28,349.6000061035156,345.9800109863281,-0.010354676927882056,0.0,349.6000061035156,-0.001018587694149128,349.24390783942414,0.0005002260131420595,349.77488512076326,-0.0007182420761063083,349.34890866932506
walk_forward,5,2025-08-28,2025-08-29,345.9800109863281,333.8699951171875,-0.03500206799409333,0.0,345.9800109863281,-0.0032379814071917955,344.8597341434944,0.0005002260131420595,346.15307918785066,-0.0020748772477067632,345.26214493337125
walk_forward,5,2025-08-29,2025-09-02,333.8699951171875,329.3599853515625,-0.01350828116207925,0.0,333.8699951171875,-0.0036321647533114807,332.65732428873457,0.0005002260131420595,334.03700557375277,-0.00019252279463566267,333.80571753268254
walk_forward,5,2025-09-02,2025-09-03,329.3599853515625,334.0899963378906,0.014361219324440011,0.0,329.3599853515625,-0.002451272938612922,328.5526341324083,0.0005002260131420595,329.52473978392345,-0.0018225899662671404,328.75969714697084
walk_forward,5,2025-09-03,2025-09-04,334.0899963378906,338.5299987792969,0.01328983953448204,0.0,334.0899963378906,-0.002446978237097289,333.2724853876199,0.0005002260131420595,334.2571168447894,0.0009408208275424352,334.4043151647189
walk_forward,5,2025-09-04,2025-09-05,338.5299987792969,350.8399963378906,0.036363092201525005,0.0,338.5299987792969,-0.0015964598226712455,337.9895492374768,0.0005002260131420595,338.69934029091525,-0.0019960344810283927,337.8542812288709
walk_forward,5,2025-09-05,2025-09-08,350.8399963378906,346.3999938964844,-0.01265534855703887,0.0,350.8399963378906,-0.002004349048016349,350.1367905252247,0.0005002260131420595,351.0154956305095,-0.0004078702245974567,350.69689914978653
walk_forward,5,2025-09-08,2025-09-09,346.3999938964844,346.9700012207031,0.001645517708609212,0.0,346.3999938964844,-0.0014321269459025127,345.9039051311647,0.0005002260131420595,346.57327218438365,-0.0019672101825338423,345.7185523012615
walk_forward,5,2025-09-09,2025-09-10,346.9700012207031,347.7900085449219,0.0023633378140295314,0.0,346.9700012207031,-0.0032993889016055375,345.8252122494855,0.0005002260131420595,347.1435646410937,-0.00341346715920963,345.78563051630533
walk_forward,5,2025-09-10,2025-09-11,347.7900085449219,368.80999755859375,0.06043873744853956,0.0,347.7900085449219,-0.004287455648108828,346.29887430843013,0.0005002260131420595,347.96398215430696,-0.0005515821247996976,347.59817379302456
walk_forward,5,2025-09-11,2025-09-12,368.80999755859375,395.94000244140625,0.07356092584909457,0.0,368.80999755859375,-0.0008594510162209276,368.49302343139954,0.0005002260131420595,368.99448591327945,0.0011904263673947501,369.2490387042463
walk_forward,5,2025-09-12,2025-09-15,395.94000244140625,410.0400085449219,0.03561147147692467,0.0,395.94000244140625,0.0032122287695189795,397.21185230825193,0.004806494864034478,397.8430860296067,0.004702352251459953,397.80185180332967
walk_forward,5,2025-09-15,2025-09-16,410.0400085449219,421.6199951171875,0.028241113869250656,0.0,410.0400085449219,0.004641224875966217,411.943096432722,0.030999108903731032,422.7508834246927,0.006804507955269233,412.83012904504443
walk_forward,5,2025-09-16,2025-09-17,421.6199951171875,425.8599853515625,0.01005642588937583,0.0,421.6199951171875,0.00382787666017064,423.2339044559579,0.004806494864034478,423.64650945829254,0.012555200038818963,426.91351849624965
walk_forward,5,2025-09-17,2025-09-18,425.8599853515625,416.8500061035156,-0.021157139806429193,0.0,425.8599853515625,0.001618823057092969,426.5493773149429,0.004806494864034478,427.9068791839526,0.012331913567594407,431.11165388281495
walk_forward,5,2025-09-18,2025-09-19,416.8500061035156,426.07000732421875,0.022118270566640064,0.0,416.8500061035156,-0.0015334046975152608,416.21080634599724,0.004806494864034478,418.85359351692495,0.0020045407195367184,417.6855989146893
walk_forward,5,2025-09-19,2025-09-22,426.07000732421875,434.2099914550781,0.019104804353584193,0.0,426.07000732421875,-0.0024251303405232907,425.0367320222698,0.004806494864034478,428.11791062614174,0.0008474396991298716,426.43107596303383
walk_forward,5,2025-09-22,2025-09-23,434.2099914550781,425.8500061035156,-0.019253323313789705,0.0,434.2099914550781,-0.0005165210914008025,433.9857128363946,0.004806494864034478,436.2970195489194,0.0013691888763167166,434.80450694536404
walk_forward,5,2025-09-23,2025-09-24,425.8500061035156,442.7900085449219,0.03977927016229388,0.0,425.8500061035156,0.0024534556821394025,426.89481022072937,0.004806494864034478,427.8968519707012,-0.00021300523897096866,425.75929782119977
walk_forward,5,2025-09-24,2025-09-25,442.7900085449219,423.3900146484375,-0.04381307961359793,0.0,442.7900085449219,0.0007575800968223035,443.1254574424673,0.004806494864034478,444.91827644683883,0.0022694703740480673,443.79490735123903
walk_forward,5,2025-09-25,2025-09-26,423.3900146484375,440.3999938964844,0.0401756741055197,0.0,423.3900146484375,0.00295784784794358,424.6423378921061,0.0005002260131420595,423.6018053474693,-0.0023521147041313463,422.39415276940053
walk_forward,5,2025-09-26,2025-09-29,440.3999938964844,443.2099914550781,0.00638055766924972,0.0,440.3999938964844,-0.0017864462180636523,439.61324299295273,0.0005002260131420595,440.62029342961904,-0.0012170806217774752,439.863991598082
walk_forward,5,2025-09-29,2025-09-30,443.2099914550781,444.7200012207031,0.0034069849388267404,0.0,443.2099914550781,-0.003235329680100454,441.77606101520644,0.0005002260131420595,443.43169662208845,-0.0021502695482512177,442.2569705069716
walk_forward,5,2025-09-30,2025-10-01,444.7200012207031,459.4599914550781,0.033144428390707636,0.0,444.7200012207031,-0.004538354257577485,442.70170430973326,0.0005002260131420595,444.9424617338783,-0.0031981565890142672,443.2977170185327
walk_forward,5,2025-10-01,2025-10-02,459.4599914550781,436.0,-0.051059922281332826,0.0,459.4599914550781,-0.004102979874859147,457.57483635683496,0.0005002260131420595,459.689825294802,0.0006540198570323022,459.76048741300167
walk_forward,5,2025-10-02,2025-10-03,436.0,429.8299865722656,-0.014151406944344913,0.0,436.0,-0.0004523934910361273,435.8027564379083,0.0005002260131420595,436.21809854173,-0.004391236739189904,434.0854207817132
walk_forward,5,2025-10-03,2025-10-06,429.8299865722656,453.25,0.054486690457546505,0.0,429.8299865722656,-0.0020203621999703492,428.96157431498125,0.0005002260131420595,430.0449987127776,-0.005225605480537573,427.5838646387342
walk_forward,5,2025-10-06,2025-10-07,453.25,433.0899963378906,-0.044478772558432134,0.0,453.25,-0.005953654977990481,450.5515058812258,0.0005002260131420595,453.47672744045667,-0.0018911600292121208,452.39283171675964
walk_forward,5,2025-10-07,2025-10-08,433.0899963378906,438.69000244140625,0.012930352007360923,0.0,433.0899963378906,-0.005367676668418168,430.7653092692224,0.0005002260131420595,433.30663922009046,-0.002940131340949208,431.816654866206
walk_forward,5,2025-10-08,2025-10-09,438.69000244140625,435.5400085449219,-0.007180455170972544,0.0,438.69000244140625,-0.003944716338239684,436.95949482135325,0.0005002260131420595,438.9094465923328,-0.005142010177552545,436.43425398406197
walk_forward,5,2025-10-09,2025-10-10,435.5400085449219,413.489990234375,-0.05062684914805626,0.0,435.5400085449219,-0.004088887573793824,433.75913441609254,0.0005002260131420595,435.7578769869602,-0.00593720409005309,432.9541186248072
walk_forward,5,2025-10-10,2025-10-13,413.489990234375,435.8999938964844,0.054197209585187034,0.0,413.489990234375,-0.006740255550048301,410.70296203280833,0.0005002260131420595,413.69682868366414,-0.010736457266259406,409.0505726241976
walk_forward,5,2025-10-13,2025-10-14,435.8999938964844,429.239990234375,-0.015278742269702716,0.0,435.8999938964844,-0.005333835543016193,433.5749750158388,0.0005002260131420595,436.1180424125599,-0.0030397104543600875,434.57498412798174
walk_forward,5,2025-10-14,2025-10-15,429.239990234375,435.1499938964844,0.013768529951932784,0.0,429.239990234375,-0.0053441116385080905,426.94608380685037,0.0005002260131420595,429.4547072433711,-0.006577102131094121,426.4168349798537
walk_forward,5,2025-10-15,2025-10-16,435.1499938964844,428.75,-0.01470755828163206,0.0,435.1499938964844,-0.004907770972156682,433.0143773879051,0.0005002260131420595,435.36766724305005,-0.009680897552277563,430.9373513856983
walk_forward,5,2025-10-16,2025-10-17,428.75,439.30999755859375,0.02462973191508744,0.0,428.75,-0.005501401114075943,426.39127427233996,0.0005002260131420595,428.9644719031347,-0.004478512796335745,426.82983763857106
walk_forward,5,2025-10-17,2025-10-20,439.30999755859375,447.42999267578125,0.018483519979771268,0.0,439.30999755859375,-0.006847257744202745,436.301928775705,0.0005002260131420595,439.52975184720594,-0.0063823323976311816,436.50617512857224
walk_forward,5,2025-10-20,2025-10-21,447.42999267578125,442.6000061035156,-0.010794954856246153,0.0,447.42999267578125,-0.003970537851204133,445.65345495409804,0.0005002260131420595,447.6538087971777,-0.0036706941312787946,445.7876140275082
walk_forward,5,2025-10-21,2025-10-22,442.6000061035156,438.9700012207031,-0.008201547294971134,0.0,442.6000061035156,-0.004129160201201276,440.77243977326157,0.0005002260131420595,442.82140613998547,-0.0043294368916690995,440.6837973088381
walk_forward,5,2025-10-22,2025-10-23,438.9700012207031,448.9800109863281,0.022803402824313368,0.0,438.9700012207031,-0.005450930086286476,436.57720643407197,0.0005002260131420595,439.1895854343028,-0.005491755168723119,436.55928544758495
walk_forward,5,2025-10-23,2025-10-24,448.9800109863281,433.7200012207031,-0.03398817183887881,0.0,448.9800109863281,-0.003967077437974547,447.1988725146427,0.0005002260131420595,449.2046024672043,-0.0022305418252946524,447.97854229310184
walk_forward,5,2025-10-24,2025-10-27,433.7200012207031,452.4200134277344,0.043115401997602554,0.0,433.7200012207031,-0.007575835992248774,430.43420962489716,0.0005002260131420595,433.93695924773374,-0.0037790756371152458,432.08094053076036
walk_forward,5,2025-10-27,2025-10-28,452.4200134277344,460.54998779296875,0.017969970655449252,0.0,452.4200134277344,-0.0036582934809897155,450.7649282419424,0.0005002260131420595,452.6463256873171,-0.003918003970054875,450.6474300189922
walk_forward,5,2025-10-28,2025-10-29,460.54998779296875,461.510009765625,0.0020845119924046696,0.0,460.54998779296875,-0.002376208907984055,459.45562480940316,0.0005002260131420595,460.7803668772151,0.0012119013430017126,461.1081289416944
walk_forward,5,2025-10-29,2025-10-30,461.510009765625,440.1000061035156,-0.04639120107705208,0.0,461.510009765625,-0.001000226472109547,461.04839523671393,0.0005002260131420595,461.74086907783527,0.0015656533269451196,462.232574447833
walk_forward,5,2025-10-30,2025-10-31,440.1000061035156,456.55999755859375,0.03740057084027071,0.0,440.1000061035156,-0.0048440379224543775,437.9681449842778,0.0005002260131420595,440.3201555749526,-0.006644795038540186,437.1756317664975
walk_forward,5,2025-10-31,2025-11-03,456.55999755859375,468.3699951171875,0.02586735066967427,0.0,456.55999755859375,-0.004242232168264458,454.62316405020795,0.0005002260131420595,456.78838074593267,-0.003990108717140935,454.7382735324374
walk_forward,5,2025-11-03,2025-11-04,468.3699951171875,444.260009765625,-0.05147636612701911,0.0,468.3699951171875,-0.002567996468141391,467.16722262394313,0.0005002260131420595,468.60428597252036,0.0014610612990992337,469.05431239071254
walk_forward,5,2025-11-04,2025-11-05,444.260009765625,462.07000732421875,0.040089130615176494,0.0,444.260009765625,-0.0021645878744144345,443.2983699353991,0.0005002260131420595,444.48224017910854,-0.005933565925068525,441.62396370980906
walk_forward,5,2025-11-05,2025-11-06,462.07000732421875,445.9100036621094,-0.03497306340156037,0.0,462.07000732421875,-0.002577741329406562,460.8789103692599,0.0005002260131420595,462.3011467617751,-0.007333758238235011,458.68129760136344
walk_forward,5,2025-11-06,2025-11-07,445.9100036621094,429.5199890136719,-0.03675632866235745,0.0,445.9100036621094,-0.002592850661194457,444.75382561428086,0.0005002260131420595,446.13305944546147,-0.0038002235349591084,444.2154459717189
walk_forward,5,2025-11-07,2025-11-10,429.5199890136719,445.2300109863281,0.03657576451501576,0.0,429.5199890136719,-0.007082049226685285,426.4781073076317,0.0005002260131420595,429.734846085341,-0.010104148750639697,425.1800551533046
walk_forward,5,2025-11-10,2025-11-11,445.2300109863281,439.6199951171875,-0.01260026442672324,0.0,445.2300109863281,-0.004405666354352009,443.26847610697786,0.0005002260131420595,445.45272661965504,-0.0022359180746101847,444.2345131574049
walk_forward,5,2025-11-11,2025-11-12,439.6199951171875,430.6000061035156,-0.02051769508633805,0.0,439.6199951171875,-0.005412547731294244,437.2405309099844,0.0005002260131420595,439.83990447464254,-0.006642297488785328,436.6999083276008
walk_forward,5,2025-11-12,2025-11-13,430.6000061035156,401.989990234375,-0.06644220962287406,0.0,430.6000061035156,-0.004785734973283199,428.5392685948101,0.0005002260131420595,430.8154034278278,-0.009148345334347887,426.66072854670836
walk_forward,5,2025-11-13,2025-11-14,401.989990234375,404.3500061035156,0.005870832424868633,0.0,401.989990234375,-0.006838705712040871,399.2408989919759,0.0005002260131420595,402.191076084513,-0.0025471136511661867,400.96607604261686
walk_forward,5,2025-11-14,2025-11-17,404.3500061035156,408.9200134277344,0.011302107716671506,0.0,404.3500061035156,-0.008117549818987017,401.06767478466264,0.0005002260131420595,404.5522724949828,-0.0077000721451687855,401.23648188461914
walk_forward,5,2025-11-17,2025-11-18,408.9200134277344,401.25,-0.018756757252943457,0.0,408.9200134277344,-0.00527658669604077,406.76231152513674,0.0005002260131420595,409.12456585574535,-0.002354115073854183,407.9573686601235
walk_forward,5,2025-11-18,2025-11-19,401.25,403.989990234375,0.006828636098130891,0.0,401.25,-0.0043921613423748805,399.4876452613721,0.0005002260131420595,401.4507156877733,-0.006475956273784873,398.65152254514385
walk_forward,5,2025-11-19,2025-11-20,403.989990234375,395.2300109863281,-0.02168365419886953,0.0,403.989990234375,-0.003346738084601638,402.6379415482598,0.0005002260131420595,404.1920765365393,-0.006213046664538921,401.4799815730422
walk_forward,5,2025-11-20,2025-11-21,395.2300109863281,391.0899963378906,-0.010474950113494086,0.0,395.2300109863281,-0.002261217871951091,394.3363098219544,0.0005002260131420595,395.42771531899797,-0.004207392362443852,393.56712325669565
walk_forward,5,2025-11-21,2025-11-24,391.0899963378906,417.7799987792969,0.0682451678419993,0.0,391.0899963378906,-0.0049460981785656305,389.1556268193485,0.0005002260131420595,391.2856297275385,-0.014588505977580806,385.38457758854327
walk_forward,5,2025-11-24,2025-11-25,417.7799987792969,419.3999938964844,0.0038776272725380423,0.0,417.7799987792969,-0.007386948215262501,414.6938795629418,0.0005002260131420595,417.9889832024568,-0.0018771972996655213,416.9957432937341
walk_forward,5,2025-11-25,2025-11-26,419.3999938964844,426.5799865722656,0.017119677587676296,0.0,419.3999938964844,-0.0053380721455758146,417.1612064712109,0.0005002260131420595,419.609788683343,-0.008983722591263815,415.6322206965406
walk_forward,5,2025-11-26,2025-11-28,426.5799865722656,430.1700134277344,0.008415835173881447,0.0,426.5799865722656,-0.004389590414824566,424.70747515205204,0.0005002260131420595,426.7933729782349,0.00012105770583170011,426.6316273667938
walk_forward,5,2025-11-28,2025-12-01,430.1700134277344,430.1400146484375,-6.973703038437584e-05,0.0,430.1700134277344,-0.005561813674196029,427.7774879648229,0.0005002260131420595,430.38519565852465,-0.003971706966493342,428.4615041886269
walk_forward,5,2025-12-01,2025-12-02,430.1400146484375,429.239990234375,-0.0020923987153301793,0.0,430.1400146484375,-0.005504034613527867,427.7725091191491,0.0005002260131420595,430.355181873058,-0.005612506911067402,427.7258508434965
walk_forward,5,2025-12-02,2025-12-03,429.239990234375,446.739990234375,0.04076973347810542,0.0,429.239990234375,-0.003640348399874926,427.677407122763,0.0005002260131420595,429.4547072433711,-0.0033735887040873313,427.79191105197776
walk_forward,5,2025-12-03,2025-12-04,446.739990234375,454.5299987792969,0.017437455153354264,0.0,446.739990234375,-0.003378805245834638,445.230542811847,0.0005002260131420595,446.9634611986011,-0.0028210028253224874,445.4797354597393
walk_forward,5,2025-12-04,2025-12-05,454.5299987792969,455.0,0.0010340378456106247,0.0,454.5299987792969,-0.003640753990171174,452.87516687258864,0.0005002260131420595,454.75736650843976,-0.0040990635141590955,452.6668514452099
walk_forward,5,2025-12-05,2025-12-08,455.0,439.5799865722656,-0.033890139401614006,0.0,455.0,-0.0018433793753048345,454.1612623842363,0.0005002260131420595,455.22760283597967,-0.0060017343140599585,452.26921088710276
walk_forward,5,2025-12-08,2025-12-09,439.5799865722656,445.1700134277344,0.01271674558948499,0.0,439.5799865722656,-0.0026225681475886653,438.42715810116374,0.0005002260131420595,439.79987591640577,-0.0040782897747482,437.787252007844
walk_forward,5,2025-12-09,2025-12-10,445.1700134277344,451.45001220703125,0.014106967203253218,0.0,445.1700134277344,-0.0026582005385899607,443.9866622582766,0.0005002260131420595,445.39269904872174,-0.0035705158029880487,443.58052685977424
walk_forward,5,2025-12-10,2025-12-11,451.45001220703125,446.8900146484375,-0.010100780674035192,0.0,451.45001220703125,-0.002424947866793197,450.3552694629661,0.0005002260131420595,451.6758392467705,-0.002172212824934403,450.46936670069834
walk_forward,5,2025-12-11,2025-12-12,446.8900146484375,458.9599914550781,0.027008830833098685,0.0,446.8900146484375,-0.0007267215418420049,446.5652500479584,0.0005002260131420595,447.1135606587781,-0.0051334609402044155,444.5959222136724
walk_forward,5,2025-12-12,2025-12-15,458.9599914550781,475.30999755859375,0.035624033484225714,0.0,458.9599914550781,-0.0018383878089362322,458.11624500199764,0.0005002260131420595,459.1895751817955,-0.004502185886133457,456.8936682592491
walk_forward,5,2025-12-15,2025-12-16,475.30999755859375,489.8800048828125,0.030653694218629735,0.0,475.30999755859375,5.800640124104016e-05,475.337568581026,0.0005002260131420595,475.5477599836791,0.0036639639573309963,477.0515162582075
walk_forward,5,2025-12-16,2025-12-17,489.8800048828125,467.260009765625,-0.04617456293730249,0.0,489.8800048828125,-0.0010602371321598194,489.36061591133307,0.0005002260131420595,490.1250556045731,0.0032197696418090425,491.45730565066344
walk_forward,5,2025-12-17,2025-12-18,467.260009765625,483.3699951171875,0.034477560704677446,0.0,467.260009765625,0.0005960420779403622,467.5385163927841,0.0005002260131420595,467.49374537741085,-0.0037221312810464344,465.52080666689426
walk_forward,5,2025-12-18,2025-12-19,483.3699951171875,481.20001220703125,-0.00448927929345333,0.0,483.3699951171875,-0.0027108014364888634,482.0596750400682,0.0005002260131420595,483.6117893627175,-0.005971207245665328,480.48369270000654
walk_forward,5,2025-12-19,2025-12-22,481.20001220703125,488.7300109863281,0.01564837611861325,0.0,481.20001220703125,-0.003991646165087308,479.2792320236651,0.0005002260131420595,481.4407209706615,-0.003526320859601672,479.503146566345
walk_forward,5,2025-12-22,2025-12-23,488.7300109863281,485.55999755859375,-0.00648622625268469,0.0,488.7300109863281,-0.00446277102867286,486.54892085245535,0.0005002260131420595,488.9744864512267,-0.0023583232944663387,487.57742761671426
walk_forward,5,2025-12-23,2025-12-24,485.55999755859375,485.3999938964844,-0.00032952397832164415,0.0,485.55999755859375,-0.0020063023411141224,484.5858173987406,0.0005002260131420595,485.8028873003138,-0.003804106573737545,483.71287557993713
walk_forward,5,2025-12-24,2025-12-26,485.3999938964844,475.19000244140625,-0.021034181259704576,0.0,485.3999938964844,-0.0011337842679857864,484.84965501972414,0.0005002260131420595,485.6428036002104,-0.004999448181544101,482.9732617796771
walk_forward,5,2025-12-26,2025-12-29,475.19000244140625,459.6400146484375,-0.03272372674735757,0.0,475.19000244140625,-0.002344506696509848,474.07591629856785,0.0005002260131420595,475.4277048418125,-0.006326089287833825,472.1839080572759
walk_forward,5,2025-12-29,2025-12-30,459.6400146484375,454.42999267578125,-0.011335005235871831,0.0,459.6400146484375,-0.0027082840798763066,458.395178914291,0.0005002260131420595,459.8699385404457,-0.005717210801932852,457.0121557916889
walk_forward,5,2025-12-30,2025-12-31,454.42999267578125,449.7200012207031,-0.010364613980130777,0.0,454.42999267578125,-0.003596711042335212,452.795539303156,0.0005002260131420595,454.6573103792697,-0.004263267206436569,452.4926361903854
walk_forward,5,2025-12-31,2026-01-02,449.7200012207031,438.07000732421875,-0.02590499391813139,0.0,449.7200012207031,-0.0020495861968387297,448.79826131375887,0.0005002260131420595,449.94496286394406,-0.0024153350438213934,448.6337767418473
walk_forward,5,2026-01-02,2026-01-05,438.07000732421875,451.6700134277344,0.031045280151877908,0.0,438.07000732421875,-0.003351209606051913,436.60194290755055,0.0005002260131420595,438.2891413374597,-0.0059037718500024325,435.4837419466477
walk_forward,5,2026-01-05,2026-01-06,451.6700134277344,432.9599914550781,-0.041424095947095174,0.0,451.6700134277344,-0.0034626986754533622,450.1060162704962,0.0005002260131420595,451.8959505178072,-0.003091243162971419,450.2737915868067
walk_forward,5,2026-01-06,2026-01-07,432.9599914550781,431.4100036621094,-0.0035799792672750463,0.0,432.9599914550781,-0.003582327630820365,431.40898691464884,0.0005002260131420595,433.17656930545377,-0.0037613971721848706,431.33145696754985
walk_forward,5,2026-01-07,2026-01-08,431.4100036621094,435.79998779296875,0.010175897854927118,0.0,431.4100036621094,-0.004493071748288641,429.47164756272605,0.0005002260131420595,431.6258061682709,-0.011648685560205726,426.3846441819223
walk_forward,5,2026-01-08,2026-01-09,435.79998779296875,445.010009765625,0.02113359850994656,0.0,435.79998779296875,-0.006540793802759124,432.94950993357,0.0005002260131420595,436.0179862833898,-0.004805603969247278,433.705705641833
walk_forward,5,2026-01-09,2026-01-12,445.010009765625,448.9599914550781,0.00887616368794375,0.0,445.010009765625,-0.0070653979102047355,441.86583697260676,0.0005002260131420595,445.2326153486184,-0.005468149491695329,442.5766285069258
walk_forward,5,2026-01-12,2026-01-13,448.9599914550781,447.20001220703125,-0.003920124914344347,0.0,448.9599914550781,-0.006886438423189714,445.868256119447,0.0005002260131420595,449.184572921664,-0.004718564642346153,446.84154471357016
walk_forward,5,2026-01-13,2026-01-14,447.20001220703125,439.20001220703125,-0.017889087168218576,0.0,447.20001220703125,-0.00546646789662119,444.75540769693293,0.0005002260131420595,447.4237132862147,-0.005947511467131852,444.5402850063284
walk_forward,5,2026-01-14,2026-01-15,439.20001220703125,438.57000732421875,-0.0014344373071545347,0.0,439.20001220703125,-0.006829428169038967,436.2005272718223,0.0005002260131420595,439.41971147810955,-0.010068679662044201,434.7778479765528
walk_forward,5,2026-01-15,2026-01-16,438.57000732421875,437.5,-0.0024397640202233895,0.0,438.57000732421875,-0.006466442383491153,435.7340196407294,0.0005002260131420595,438.78939145046627,-0.004615097157599393,436.5459641300084
walk_forward,5,2026-01-16,2026-01-20,437.5,419.25,-0.041714285714285704,0.0,437.5,-0.006954104666473419,434.4575792084179,0.0005002260131420595,437.7188488807497,-0.005678323999397628,435.01573325026357
walk_forward,5,2026-01-20,2026-01-21,419.25,431.44000244140625,0.02907573629435012,0.0,419.25,-0.0038882176385255213,417.6198647550482,0.0005002260131420595,419.45971975600986,-0.006562536962312287,416.4986563785506
walk_forward,5,2026-01-21,2026-01-22,431.44000244140625,449.3599853515625,0.041535283721378935,0.0,431.44000244140625,-0.005116248709575617,429.2326480856561,0.0005002260131420595,431.65581995373753,-0.0036534891054170455,429.86374109284543
walk_forward,5,2026-01-22,2026-01-23,449.3599853515625,449.05999755859375,-0.0006675890216037983,0.0,449.3599853515625,-0.00555744448234716,446.86269218038285,0.0005002260131420595,449.58476690550054,-0.0030669272709699207,447.98183095800516
walk_forward,5,2026-01-23,2026-01-26,449.05999755859375,435.20001220703125,-0.030864440001147186,0.0,449.05999755859375,-0.0044067218926940165,447.0811150362192,0.0005002260131420595,449.2846290508341,-0.005524467798680361,446.57918006240584
walk_forward,5,2026-01-26,2026-01-27,435.20001220703125,430.8999938964844,-0.009880556502607107,0.0,435.20001220703125,-0.004527119988176323,433.2298095329142,0.0005002260131420595,435.41771057405697,-0.005752898981039219,432.69635050025715
walk_forward,5,2026-01-27,2026-01-28,430.8999938964844,431.4599914550781,0.0012995998294869082,0.0,430.8999938964844,-0.0088257818277422,427.0969645607786,0.0005002260131420595,431.1155412824942,-0.004584305225857924,428.92461680264256
walk_forward,5,2026-01-28,2026-01-29,431.4599914550781,416.55999755859375,-0.03453389466363932,0.0,431.4599914550781,-0.010585877357400374,426.89260890090964,0.0005002260131420595,431.67581896643406,-0.0069794234831627,428.44864945867135
walk_forward,5,2026-01-29,2026-01-30,416.55999755859375,430.4100036621094,0.033248526466028494,0.0,416.55999755859375,-0.009870400943864556,412.44838336551516,0.0005002260131420595,416.768371705407,-0.0033905921797132794,415.1476124884902
walk_forward,5,2026-01-30,2026-02-02,430.4100036621094,421.80999755859375,-0.019980962408733927,0.0,430.4100036621094,-0.0066807581613373135,427.5345385174225,0.0005002260131420595,430.6253059422578,-0.005012713758965254,428.252481514756
walk_forward,5,2026-02-02,2026-02-03,421.80999755859375,421.9599914550781,0.0003555958781265023,0.0,421.80999755859375,-0.006126701162370999,419.2256937562518,0.0005002260131420595,422.020997891976,-0.005813148433052179,419.35795343224027
walk_forward,5,2026-02-03,2026-02-04,421.9599914550781,406.010009765625,-0.03779974882085746,0.0,421.9599914550781,-0.008161054295665887,418.5163530542145,0.0005002260131420595,422.1710668193092,-0.007012645916799863,419.00093544394775
walk_forward,5,2026-02-04,2026-02-05,406.010009765625,397.2099914550781,-0.02167438757390938,0.0,406.010009765625,-0.009576510879302825,402.1218504899987,0.0005002260131420595,406.21310653410586,-0.004772692140800196,404.0722489829304
walk_forward,5,2026-02-05,2026-02-06,397.2099914550781,411.1099853515625,0.03499406912088299,0.0,397.2099914550781,-0.009056489644470384,393.61266328078506,0.0005002260131420595,397.4086862254839,-0.009949327595535377,393.2580191258718
walk_forward,5,2026-02-06,2026-02-09,411.1099853515625,417.32000732421875,0.015105500216312517,0.0,411.1099853515625,-0.00848733008724699,407.6207592037205,0.0005002260131420595,411.31563326049786,-0.0028500134180525533,409.93831637701516
walk_forward,5,2026-02-09,2026-02-10,417.32000732421875,425.2099914550781,0.018906316477488305,0.0,417.32000732421875,-0.007704136138984399,414.104917174271,0.0005002260131420595,417.528761647687,-0.004265227976280157,415.54004235391807
walk_forward,5,2026-02-10,2026-02-11,425.2099914550781,428.2699890136719,0.00719643851293883,0.0,425.2099914550781,-0.006605231705619042,422.40138093797304,0.0005002260131420595,425.4226925538519,-0.004493530281258623,423.299297482581
walk_forward,5,2026-02-11,2026-02-12,428.2699890136719,417.07000732421875,-0.02615168463063977,0.0,428.2699890136719,-0.00359719811619737,426.729417015968,0.0005002260131420595,428.4842208028246,-0.005074289976305619,426.0968229012673
walk_forward,5,2026-02-12,2026-02-13,417.07000732421875,417.44000244140625,0.0008871295242764976,0.0,417.07000732421875,-0.00706007124546917,414.1254633581614,0.0005002260131420595,417.2786365911837,-0.00718045842656127,414.0752534756616
walk_forward,5,2026-02-13,2026-02-17,417.44000244140625,410.6300048828125,-0.016313715788533356,0.0,417.44000244140625,-0.007024887594460688,414.50753334682395,0.0005002260131420595,417.64881678955356,-0.003783255257215443,415.86072035759776
walk_forward,5,2026-02-17,2026-02-18,410.6300048828125,411.32000732421875,0.0016803507615161806,0.0,410.6300048828125,-0.006845210241805731,407.81915616779594,0.0005002260131420595,410.83541269303157,-0.005344277880782607,408.4354840305316
walk_forward,5,2026-02-18,2026-02-19,411.32000732421875,411.7099914550781,0.0009481282794785439,0.0,411.32000732421875,-0.00547369507106037,409.0685670274997,0.0005002260131420595,411.52576029160815,-0.0035437504494302465,409.8623918634039
walk_forward,5,2026-02-19,2026-02-20,411.7099914550781,411.82000732421875,0.00026721690370390405,0.0,411.7099914550781,-0.004409602652794447,409.89451398457584,0.0005002260131420595,411.91593950267446,-0.004181035501772838,409.9886173643699
walk_forward,5,2026-02-20,2026-02-23,411.82000732421875,399.8299865722656,-0.02911471161845125,0.0,411.82000732421875,-0.00376061189419867,410.2713121064063,0.0005002260131420595,412.02601040461474,-0.00406218599668514,410.1471178573115
walk_forward,5,2026-02-23,2026-02-24,399.8299865722656,409.3800048828125,0.023885197787236967,0.0,399.8299865722656,-0.006985265029338139,397.03706814938164,0.0005002260131420595,400.0299919323833,-0.005759975607074246,397.52697560263255
walk_forward,5,2026-02-24,2026-02-25,409.3800048828125,417.3999938964844,0.019590573349979934,0.0,409.3800048828125,-0.007034155207137049,406.50036238976827,0.0005002260131420595,409.58478741051516,-0.0034523098633036354,407.9666982541163
walk_forward,5,2026-02-25,2026-02-26,417.3999938964844,408.5799865722656,-0.021130827631028026,0.0,417.3999938964844,-0.006459553569902873,414.70377627583287,0.0005002260131420595,417.6087882313168,-0.0035721911148287387,415.90896134695777
walk_forward,5,2026-02-26,2026-02-27,408.5799865722656,402.510009765625,-0.014856275407819197,0.0,408.5799865722656,-0.006837995820011732,405.786118331944,0.0005002260131420595,408.78436890999836,-0.004316790042015306,406.8162325548637
walk_forward,5,2026-02-27,2026-03-02,402.510009765625,403.32000732421875,0.0020123662491409178,0.0,402.510009765625,-0.007469115374803666,399.5036160631722,0.0005002260131420595,402.71135574305987,-0.005591965333708986,400.25918774454476
walk_forward,5,2026-03-02,2026-03-03,403.32000732421875,392.42999267578125,-0.027000928420799375,0.0,403.32000732421875,-0.007429169517929551,400.32367461983455,0.0005002260131420595,403.521758483503,-0.003668596709803596,401.8403888723512
walk_forward,5,2026-03-03,2026-03-04,392.42999267578125,405.94000244140625,0.03442654745501761,0.0,392.42999267578125,-0.008669537055758028,389.0278063124877,0.0005002260131420595,392.6262963664549,-0.007987389924216945,389.2955013063222
walk_forward,5,2026-03-04,2026-03-05,405.94000244140625,405.54998779296875,-0.0009607691927178141,0.0,405.94000244140625,-0.005472944804371405,403.71831521415805,0.0005002260131420595,406.1430641904024,-0.0031710585538945076,404.65274292429643
walk_forward,5,2026-03-05,2026-03-06,405.54998779296875,396.7300109863281,-0.021748186591348584,0.0,405.54998779296875,-0.005476126976137615,403.3291445646434,0.0005002260131420595,405.7528544464923,-0.004417303805647318,403.75855028851066
walk_forward,5,2026-03-06,2026-03-09,396.7300109863281,398.67999267578125,0.004915135319874642,0.0,396.7300109863281,-0.007204989891691294,393.8715752674411,0.0005002260131420595,396.92846565801767,-0.006226360310920797,394.25982699177166
walk_forward,5,2026-03-09,2026-03-10,398.67999267578125,399.239990234375,0.0014046291985592152,0.0,398.67999267578125,-0.008362606877204581,395.3459886272269,0.0005002260131420595,398.879422779037,-0.005565010702955049,396.4613342494865
walk_forward,5,2026-03-10,2026-03-11,399.239990234375,407.82000732421875,0.02149087591352461,0.0,399.239990234375,-0.00837175409062102,395.8976512129909,0.0005002260131420595,399.4397004629769,-0.004420292127668568,397.4752328484915
walk_forward,5,2026-03-11,2026-03-12,407.82000732421875,395.010009765625,-0.03141091003024221,0.0,407.82000732421875,-0.005734968511776307,405.48117242374195,0.0005002260131420595,408.02400950056216,-0.0037175895524846785,406.303899925696
walk_forward,5,2026-03-12,2026-03-13,395.010009765625,391.20001220703125,-0.009645319015724074,0.0,395.010009765625,-0.00843343210414627,391.6787196678084,0.0005002260131420595,395.2076040479613,-0.006764658633267299,392.337901892837
walk_forward,5,2026-03-13,2026-03-16,391.20001220703125,395.55999755859375,0.011145156481373375,0.0,391.20001220703125,-0.010209562180105004,387.2060313575457,0.0005002260131420595,391.3957006294787,-0.007991634603617409,388.073684652542
walk_forward,5,2026-03-16,2026-03-17,395.55999755859375,399.2699890136719,0.00937908655570907,0.0,395.55999755859375,-0.008379941077331572,392.24522808650335,0.0005002260131420595,395.757866959131,-0.00427459353547184,393.86913935013854
walk_forward,5,2026-03-17,2026-03-18,399.2699890136719,392.7799987792969,-0.016254640751756533,0.0,399.2699890136719,-0.007678233422338244,396.2043008394905,0.0005002260131420595,399.4697142484435,-0.00453250549553129,397.4602955942667
walk_forward,5,2026-03-18,2026-03-19,392.7799987792969,380.29998779296875,-0.03177353995904619,0.0,392.7799987792969,-0.007328417936472259,389.9015427911551,0.0005002260131420595,392.97647755212824,-0.005729379253802027,390.5296132029824
walk_forward,5,2026-03-19,2026-03-20,380.29998779296875,367.9599914550781,-0.03244805872728129,0.0,380.29998779296875,-0.008335114958394025,377.13014367603853,0.0005002260131420595,380.49022373966045,-0.005690093026860157,378.13604548431294
walk_forward,5,2026-03-20,2026-03-23,367.9599914550781,380.8500061035156,0.035031022251806876,0.0,367.9599914550781,-0.009476951037419632,364.472852632329,0.0005002260131420595,368.1440546145995,-0.007355709130999788,365.2533847860894
walk_forward,5,2026-03-23,2026-03-24,380.8500061035156,383.0299987792969,0.005724019012326664,0.0,380.8500061035156,-0.009143155494170115,377.36783527775555,0.0005002260131420595,381.04051718367396,-0.0014752694638587465,380.2881497192007
walk_forward,5,2026-03-24,2026-03-25,383.0299987792969,385.95001220703125,0.007623458833617036,0.0,383.0299987792969,-0.007047341409620876,380.33065560777254,0.0005002260131420595,383.2216003485001,-0.002523140604887027,382.06356023648704
walk_forward,5,2026-03-25,2026-03-26,385.95001220703125,372.1099853515625,-0.03585963575004292,0.0,385.95001220703125,-0.006113994068263646,383.5903161217512,0.0005002260131420595,386.1430744429097,-0.004171648597826468,384.3399643797767
walk_forward,5,2026-03-26,2026-03-27,372.1099853515625,361.8299865722656,-0.027626237359861583,0.0,372.1099853515625,-0.0075091220692358514,369.3157660483761,0.0005002260131420595,372.2961244459853,-0.005333100700173164,370.12548532814264
walk_forward,5,2026-03-27,2026-03-30,361.8299865722656,355.2799987792969,-0.018102390725044493,0.0,361.8299865722656,-0.0091864702206536,358.50604617568,0.0005002260131420595,362.01098334388394,-0.009419779362414563,358.42162793204943
walk_forward,5,2026-03-30,2026-03-31,355.2799987792969,371.75,0.04635780589195071,0.0,355.2799987792969,-0.008370620704151397,352.306084665744,0.0005002260131420595,355.4577190766354,-0.005262008452213979,353.41051242281765
walk_forward,5,2026-03-31,2026-04-01,371.75,381.260009765625,0.025581734406523227,0.0,371.75,-0.007575849544274659,368.9336779319159,0.0005002260131420595,371.9359590203856,-0.001765566459686377,371.0936506686116
walk_forward,5,2026-04-01,2026-04-02,381.260009765625,360.5899963378906,-0.05421500524128142,0.0,381.260009765625,-0.0060745189288567685,378.94403861948757,0.0005002260131420595,381.4507259402806,-0.0036770153997346786,379.85811083841384
walk_forward,5,2026-04-02,2026-04-06,360.5899963378906,352.82000732421875,-0.021547988276388597,0.0,360.5899963378906,-0.004072194897585367,359.12160359468317,0.0005002260131420595,360.7703728341377,-0.003387462380194745,359.3685112906215
walk_forward,5,2026-04-06,2026-04-07,352.82000732421875,346.6499938964844,-0.017487708462248674,0.0,352.82000732421875,-0.006401774344936051,350.5613332529504,0.0005002260131420595,352.99649706983934,-0.01107944705198963,348.9109567341875
walk_forward,5,2026-04-07,2026-04-08,346.6499938964844,343.25,-0.009808146419583275,0.0,346.6499938964844,-0.006952248084989926,344.23999714025575,0.0005002260131420595,346.82339724088695,-0.0054137412013064564,344.7733205420943
walk_forward,5,2026-04-08,2026-04-09,343.25,345.6199951171875,0.006904574267115882,0.0,343.25,-0.005670060857199049,341.3037516107664,0.0005002260131420595,343.421702579011,-0.006488833437960637,341.02270792242
walk_forward,5,2026-04-09,2026-04-10,345.6199951171875,348.95001220703125,0.009634908676839249,0.0,345.6199951171875,-0.003039181122536393,344.5695933524562,0.0005002260131420595,345.79288322940715,-0.0026747260996788976,344.6955562956767
walk_forward,5,2026-04-10,2026-04-13,348.95001220703125,352.4200134277344,0.009944121218842028,0.0,348.95001220703125,-0.0022258465265152807,348.17330303443276,0.0005002260131420595,349.12456608042345,0.00025711857999153936,349.03973373865796
walk_forward,5,2026-04-13,2026-04-14,352.4200134277344,364.20001220703125,0.03342602102735692,0.0,352.4200134277344,-0.002302770219293823,351.60847111612986,0.0005002260131420595,352.5963030860028,-0.006699422009598047,350.0590030331538
walk_forward,5,2026-04-14,2026-04-15,364.20001220703125,391.95001220703125,0.07619439612820611,0.0,364.20001220703125,-0.003784239261692983,362.82179222172834,0.0005002260131420595,364.3821945271239,-0.0034799951014030366,362.93259794861984
walk_forward,5,2026-04-15,2026-04-16,391.95001220703125,388.8999938964844,-0.007781651270713175,0.0,391.95001220703125,-0.004452205385740881,390.2049702517419,0.0005002260131420595,392.1460757989886,-0.0027885617472041863,390.8570353961745
walk_forward,5,2026-04-16,2026-04-17,388.8999938964844,400.6199951171875,0.03013628543234881,0.0,388.8999938964844,-0.0023750411636889912,387.97634040242184,0.0005002260131420595,389.0945317899422,-0.005108408709257427,386.9133337806334
walk_forward,5,2026-04-17,2026-04-20,400.6199951171875,392.5,-0.02026857175416885,0.0,400.6199951171875,-0.0022724341625525164,399.70961255408156,0.0005002260131420595,400.82039566013,0.003386958546015041,401.9768784333542
walk_forward,5,2026-04-20,2026-04-21,392.5,386.4200134277344,-0.015490411649084379,0.0,392.5,-0.003483148947767668,391.1328640380012,0.0005002260131420595,392.6963387101583,-0.002693751289024117,391.442702619058
walk_forward,5,2026-04-21,2026-04-22,386.4200134277344,387.510009765625,0.0028207553957204645,0.0,386.4200134277344,-0.0034136074743671484,385.1009271816524,0.0005002260131420595,386.6133107704497,-0.002979107120876532,385.2688268140826
walk_forward,5,2026-04-22,2026-04-23,387.510009765625,373.7200012207031,-0.03558619957523779,0.0,387.510009765625,-0.0005929734560400036,387.28022661588415,0.0005002260131420595,387.7038523528627,-0.0024058038768881513,386.5777366817979
walk_forward,5,2026-04-23,2026-04-24,373.7200012207031,376.29998779296875,0.0069035282132037246,0.0,373.7200012207031,0.0018182187552960947,374.3995059361519,0.0005002260131420595,373.9069456869452,-0.0026275392882396664,372.73803723469473
walk_forward,5,2026-04-24,2026-04-27,376.29998779296875,378.6700134277344,0.0062982346841573555,0.0,376.29998779296875,0.001970121963624256,377.04134466383124,0.0005002260131420595,376.48822283560787,-0.005982383695999887,374.04881688119116
walk_forward,5,2026-04-27,2026-04-28,378.6700134277344,376.0199890136719,-0.006998242057971282,0.0,378.6700134277344,0.0016979490151227922,379.3129758040905,0.0005002260131420595,378.8594340188478,-0.004531694835440232,376.9539964835478
walk_forward,5,2026-04-28,2026-04-29,376.0199890136719,372.79998779296875,-0.008563377785179571,0.0,376.0199890136719,-0.0004373491881439519,375.85553697675084,0.0005002260131420595,376.20808399363796,-0.005796326388806178,373.8404544286333
walk_forward,5,2026-04-29,2026-04-30,372.79998779296875,381.6300048828125,0.02368566893502,0.0,372.79998779296875,0.0017448229227956314,373.45045775728784,0.0005002260131420595,372.9864720445619,-0.004848767095096171,370.99236747910595
walk_forward,5,2026-04-30,2026-05-01,381.6300048828125,390.82000732421875,0.024080922159745333,0.0,381.6300048828125,0.00028334428461809086,381.73813756353485,0.0005002260131420595,381.82090613865046,-0.0017927528100417675,380.9458366191626
walk_forward,5,2026-05-01,2026-05-04,390.82000732421875,392.510009765625,0.00432424750456617,0.0,390.82000732421875,-0.0011948108737393323,390.3530513297929,0.0005002260131420595,391.0155056583387,-0.003714528198686413,389.3682953864021
walk_forward,5,2026-05-04,2026-05-05,392.510009765625,389.3699951171875,-0.007999833304410453,0.0,392.510009765625,-0.0014172063932633263,391.9537420703653,0.0005002260131420595,392.7063534829284,-0.004099686103763,390.900841933001
walk_forward,5,2026-05-05,2026-05-06,389.3699951171875,398.7300109863281,0.024038873016714035,0.0,389.3699951171875,-0.0016072030436195483,388.74419847594106,0.0005002260131420595,389.5647681174822,-0.004543382569765654,387.60093826818235
