evaluation,feature_date,target_date,close_current,actual_next_close,actual_next_return,baseline_persistence_predicted_return,baseline_persistence_prediction,ridge_regression_predicted_return,ridge_regression_prediction,decision_tree_predicted_return,decision_tree_prediction,random_forest_predicted_return,random_forest_prediction
holdout,2019-03-11,2019-03-12,44.724998474121094,45.227500915527344,0.011235381968699443,0.0,44.724998474121094,0.003361416714674655,44.875337831555804,0.0012419658259790695,44.78054539379291,0.0017238940643116189,44.802099633516974
holdout,2019-03-12,2019-03-13,45.227500915527344,45.4275016784668,0.004422105110627239,0.0,45.227500915527344,0.002735598824011766,45.351225213844856,0.0012419658259790695,45.283671926058865,0.0016803428089734466,45.303498621458594
holdout,2019-03-13,2019-03-14,45.4275016784668,45.932498931884766,0.011116553514043392,0.0,45.4275016784668,0.0027810172969063803,45.55383634638985,0.0012419658259790695,45.483921083111056,0.001812509272181944,45.50983944647108
holdout,2019-03-14,2019-03-15,45.932498931884766,46.529998779296875,0.013008215562104963,0.0,45.932498931884766,0.0035232617679274276,46.09433114927685,0.0012419658259790695,45.98954552585998,0.0018003088686907953,46.01519161707297
holdout,2019-03-15,2019-03-18,46.529998779296875,47.005001068115234,0.010208517113258653,0.0,46.529998779296875,0.002471137892298496,46.644980822409,0.0012419658259790695,46.58778744766361,0.0017272336824940711,46.61036696043488
holdout,2019-03-18,2019-03-19,47.005001068115234,46.63249969482422,-0.007924717898659783,0.0,47.005001068115234,0.0016728330723408034,47.08363258846739,0.0012419658259790695,47.063379673091944,0.0017311648729921136,47.08637447481931
holdout,2019-03-19,2019-03-20,46.63249969482422,47.040000915527344,0.008738566951588034,0.0,46.63249969482422,0.0018804073500590418,46.720187790001994,0.0012419658259790695,46.69041566582517,0.0016156406604888,46.70784105743141
holdout,2019-03-20,2019-03-21,47.040000915527344,48.772499084472656,0.03683031750055599,0.0,47.040000915527344,0.0017719185059407593,47.12335196366904,0.0012419658259790695,47.09842298911845,0.0014270314805972758,47.10712847768113
holdout,2019-03-21,2019-03-22,48.772499084472656,47.76250076293945,-0.020708356973546005,0.0,48.772499084472656,0.0008622533268158364,48.814553334065366,0.0012419658259790695,48.83307286158316,0.0019270764186728594,48.86648741733809
holdout,2019-03-22,2019-03-25,47.76250076293945,47.185001373291016,-0.012091062662626273,0.0,47.76250076293945,-0.0008240320096927814,47.72314293344781,0.0012419658259790695,47.82182015665032,0.00165674985206656,47.84163127901278
holdout,2019-03-25,2019-03-26,47.185001373291016,46.6974983215332,-0.010331737576970035,0.0,47.185001373291016,0.0018755188645192687,47.27349773348899,0.0012419658259790695,47.24360353249541,0.0015107833503560642,47.25628768775231
holdout,2019-03-26,2019-03-27,46.6974983215332,47.11750030517578,0.008994100299563712,0.0,46.6974983215332,0.003809967179618972,46.87541425750856,0.0012419658259790695,46.75549501860726,0.0014654168110973162,46.76592962060976
holdout,2019-03-27,2019-03-28,47.11750030517578,47.18000030517578,0.0013264710478100294,0.0,47.11750030517578,0.0006898353312340343,47.15000362160573,0.0012419658259790695,47.17601863036037,0.001260103692689153,47.17687324130061
holdout,2019-03-28,2019-03-29,47.18000030517578,47.48749923706055,0.006517569518774025,0.0,47.18000030517578,9.094317380987102e-05,47.18429100414389,0.0012419658259790695,47.238596253224486,0.0013234365677828885,47.24244004284766
holdout,2019-03-29,2019-04-01,47.48749923706055,47.810001373291016,0.006791305952341675,0.0,47.48749923706055,0.0004296470777871394,47.507902102339166,0.0012419658259790695,47.54647708827418,0.001241882340388753,47.54647312375228
holdout,2019-04-01,2019-04-02,47.810001373291016,48.505001068115234,0.014536701001068852,0.0,47.810001373291016,0.0016504806457585852,47.88891085523133,0.0012419658259790695,47.869379761136656,0.0008937012637996725,47.85272923194059
holdout,2019-04-02,2019-04-03,48.505001068115234,48.837501525878906,0.00685497269233637,0.0,48.505001068115234,-0.00028476366480393407,48.491188606249764,0.0012419658259790695,48.56524262183091,0.001685706103735268,48.58676624447744
holdout,2019-04-03,2019-04-04,48.837501525878906,48.92250061035156,0.0017404470297812669,0.0,48.837501525878906,0.0006824258393917028,48.87082949885149,0.0012419658259790695,48.89815603380025,0.0016550054353739012,48.91832785635432
holdout,2019-04-04,2019-04-05,48.92250061035156,49.25,0.006694248772294742,0.0,48.92250061035156,0.0021268072696898057,49.02654934030107,0.0012419658259790695,48.983260684231055,0.001687391691343153,49.0050520314012
holdout,2019-04-05,2019-04-08,49.25,50.025001525878906,0.01573607159144985,0.0,49.25,0.0018729521522419376,49.34224289349792,0.0012419658259790695,49.311166816929465,0.0017326434423513412,49.3353326895358
holdout,2019-04-08,2019-04-09,50.025001525878906,49.875,-0.002998531160489981,0.0,50.025001525878906,0.001125830973801077,50.08132122206119,0.0012419658259790695,50.087130868218594,0.0017784011302612935,50.11396604513385
holdout,2019-04-09,2019-04-10,49.875,50.154998779296875,0.0056140106124686895,0.0,49.875,0.00013811472339321377,49.881888471829235,0.0012419658259790695,49.9369430455707,0.0016927132285054643,49.95942407227171
holdout,2019-04-10,2019-04-11,50.154998779296875,49.73749923706055,-0.008324186071133277,0.0,50.154998779296875,0.00083462190497094,50.196859239921864,0.0012419658259790695,50.21728957378278,0.0017718510503657548,50.24386596656506
holdout,2019-04-11,2019-04-12,49.73749923706055,49.717498779296875,-0.00040212029294728335,0.0,49.73749923706055,0.0007542774749734961,49.77501511239658,0.0012419658259790695,49.799271511382635,0.0014737581974417911,49.81080028428142
holdout,2019-04-12,2019-04-15,49.717498779296875,49.807498931884766,0.0018102309005409989,0.0,49.717498779296875,-0.000319235316172747,49.70162719785475,0.0012419658259790695,49.77924621373391,0.0014041233996027868,49.787308282702604
holdout,2019-04-15,2019-04-16,49.807498931884766,49.8125,0.00010040793499932477,0.0,49.807498931884766,-0.00032151563987224685,49.791485041995244,0.0012419658259790695,49.869358143435655,0.001410088575807973,49.87773191711818
holdout,2019-04-16,2019-04-17,49.8125,50.782501220703125,0.01947304834535757,0.0,49.8125,-0.0008653138669958479,49.76939655300027,0.0012419658259790695,49.87436542270658,0.0013657626361964286,49.880532051315534
holdout,2019-04-17,2019-04-18,50.782501220703125,50.96500015258789,0.0035937365725964288,0.0,50.782501220703125,0.0005640097194959193,50.811143044971914,0.0012419658259790695,50.845571351776975,0.0015968426142883348,50.86359288271249
holdout,2019-04-18,2019-04-22,50.96500015258789,51.13249969482422,0.0032865602224043666,0.0,50.96500015258789,0.00025077724597557215,50.977781014967306,0.0012419658259790695,51.02829694109842,0.0015609340166651163,51.04455315498541
holdout,2019-04-22,2019-04-23,51.13249969482422,51.869998931884766,0.014423297148822956,0.0,51.13249969482422,0.0006447937180867384,51.165469609417514,0.0012419658259790695,51.19600451204207,0.0016919071155405319,51.219011134893265
holdout,2019-04-23,2019-04-24,51.869998931884766,51.790000915527344,-0.0015422791209707132,0.0,51.869998931884766,0.00228057828739629,51.98829252521609,0.0012419658259790695,51.93441969795173,0.0017636953196090881,51.96148180622907
holdout,2019-04-24,2019-04-25,51.790000915527344,51.31999969482422,-0.009075134435114762,0.0,51.790000915527344,0.0011195901200646255,51.84798448887051,0.0012419658259790695,51.85432232679185,0.0016726523175627573,51.87662758058528
holdout,2019-04-25,2019-04-26,51.31999969482422,51.07500076293945,-0.004773946479767366,0.0,51.31999969482422,0.0015816152782788186,51.401168190422815,0.0012419658259790695,51.38373738063444,0.001440247132947412,51.39391317724755
holdout,2019-04-26,2019-04-29,51.07500076293945,51.15250015258789,0.0015173644344743664,0.0,51.07500076293945,0.0016864374907818323,51.16113555906779,0.0012419658259790695,51.138434168448875,0.0013197781025709688,51.14240843053517
holdout,2019-04-29,2019-04-30,51.15250015258789,50.16749954223633,-0.019256157712981836,0.0,51.15250015258789,0.0008564427604287968,51.196309341021404,0.0012419658259790695,51.21602980969079,0.001012483224989521,51.20429120090866
holdout,2019-04-30,2019-05-01,50.16749954223633,52.630001068115234,0.04908559422631198,0.0,50.16749954223633,-0.0009117816933479355,50.12175773455267,0.0012419658259790695,50.22980586224261,0.0010946306991138622,50.222414427333035
holdout,2019-05-01,2019-05-02,52.630001068115234,52.287498474121094,-0.006507744386150871,0.0,52.630001068115234,0.001613195415187244,52.71490354453962,0.0012419658259790695,52.695365730863074,0.0020424691172017577,52.73749621993516
holdout,2019-05-02,2019-05-03,52.287498474121094,52.9375,0.012431298969114213,0.0,52.287498474121094,0.0011920204912332431,52.349826243737574,0.0012419658259790695,52.35243776035188,0.0016416403160451462,52.373335739641355
holdout,2019-05-03,2019-05-06,52.9375,52.119998931884766,-0.015442759256013905,0.0,52.9375,0.0008353183636110504,52.981719665873655,0.0012419658259790695,53.00324656591276,0.0020447644144771905,53.045744716191386
holdout,2019-05-06,2019-05-07,52.119998931884766,50.71500015258789,-0.026956999387760083,0.0,52.119998931884766,0.004086930297224123,52.333009734610776,0.0012419658259790695,52.18473018940823,0.0020237664877154307,52.22547763906287
holdout,2019-05-07,2019-05-08,50.71500015258789,50.724998474121094,0.00019714722474861723,0.0,50.71500015258789,0.0014902308997578938,50.79057721289651,0.0012419658259790695,50.77798644964192,0.0011535583547193418,50.7735028647235
holdout,2019-05-08,2019-05-09,50.724998474121094,50.18000030517578,-0.010744173195458284,0.0,50.724998474121094,0.0017607140358231904,50.814310690901586,0.0012419658259790695,50.78799718874879,0.001237458844649343,50.78776857212772
holdout,2019-05-09,2019-05-10,50.18000030517578,49.29499816894531,-0.017636551033244685,0.0,50.18000030517578,-0.0013422234273466655,50.112647533181914,0.0012419658259790695,50.24232215070243,0.0008423693220128744,50.22227039801146
holdout,2019-05-10,2019-05-13,49.29499816894531,46.43000030517578,-0.0581194435579554,0.0,49.29499816894531,-0.002659924794958347,49.163877181048306,0.0012419658259790695,49.35622087206284,0.00046590597873760693,49.31796500331408
holdout,2019-05-13,2019-05-14,46.43000030517578,47.165000915527344,0.015830295186744392,0.0,46.43000030517578,-0.00019118781786287746,46.421123454734065,0.0012419658259790695,46.487664778855006,-0.0007025136554132935,46.39738259594055
holdout,2019-05-14,2019-05-15,47.165000915527344,47.72999954223633,0.01197919253136237,0.0,47.165000915527344,-0.001553693372780027,47.091720966177725,0.0012419658259790695,47.2235782348467,-0.0011875923960728168,47.1089881190793
holdout,2019-05-15,2019-05-16,47.72999954223633,47.52000045776367,-0.004399729446609935,0.0,47.72999954223633,-0.0009972946790830733,47.682398667660216,0.0012419658259790695,47.78927857054178,-0.0017615478142317645,47.64592086586942
holdout,2019-05-16,2019-05-17,47.52000045776367,47.25,-0.005681827760158575,0.0,47.52000045776367,-0.003015974491886899,47.3766813485286,-0.0013722367253427073,47.45479176794723,-0.0015521708141954843,47.44624129996258
holdout,2019-05-17,2019-05-20,47.25,45.772499084472656,-0.03126986064608139,0.0,47.25,0.00288275587449935,47.38621021507009,0.0012419658259790695,47.308682885277506,0.001188771813390569,47.3061694681827
holdout,2019-05-20,2019-05-21,45.772499084472656,46.650001525878906,0.019170953278885294,0.0,45.772499084472656,0.0020433272886797283,45.86602728092303,0.0012419658259790695,45.82934696410523,0.0031735777433604,45.91776166882512
holdout,2019-05-21,2019-05-22,46.650001525878906,45.69499969482422,-0.020471635580224024,0.0,46.650001525878906,-6.129056389595627e-05,46.64714232097964,0.0012419658259790695,46.70793923355592,0.0004716158988642543,46.672002408280555
holdout,2019-05-22,2019-05-23,45.69499969482422,44.915000915527344,-0.01706967468007714,0.0,45.69499969482422,0.00028696356416802815,45.708112494801306,0.0012419658259790695,45.75175132286331,0.00035429070982716937,45.711189008701645
holdout,2019-05-23,2019-05-24,44.915000915527344,44.74250030517578,-0.003840601287663059,0.0,44.915000915527344,0.0008954693854741689,44.95522092379574,0.0012419658259790695,44.970783811738244,0.0006601126981569924,44.94464987796941
holdout,2019-05-24,2019-05-28,44.74250030517578,44.557498931884766,-0.004134801855711578,0.0,44.74250030517578,0.0026557684081566922,44.86132602398821,0.0012419658259790695,44.79806896152367,0.0006864548698306566,44.77321401239867
holdout,2019-05-28,2019-05-29,44.557498931884766,44.345001220703125,-0.004769067301252372,0.0,44.557498931884766,-0.003373256551296656,44.407195056703394,0.0012419658259790695,44.612837822849265,0.00014697933890485979,44.56404796362103
holdout,2019-05-29,2019-05-30,44.345001220703125,44.57500076293945,0.005186594563198366,0.0,44.345001220703125,-0.002617619097360004,44.22892289863536,0.0012419658259790695,44.40007619677224,-0.0018303808578680665,44.263832979326615
holdout,2019-05-30,2019-05-31,44.57500076293945,43.76750183105469,-0.018115511341867174,0.0,44.57500076293945,-0.0022260603604577003,44.475774120673705,0.0012419658259790695,44.63036139058001,-0.0005106338228164112,44.552239259897824
holdout,2019-05-31,2019-06-03,43.76750183105469,43.32500076293945,-0.010110265598966883,0.0,43.76750183105469,-0.0009509076272506372,43.72588297973783,0.0012419658259790695,43.821859572617335,-0.0006943007886198291,43.737114020017465
holdout,2019-06-03,2019-06-04,43.32500076293945,44.90999984741211,0.036583936677699436,0.0,43.32500076293945,-0.0011899725696468849,43.273445200451626,0.0012419658259790695,43.37880893329754,0.0011725694893511926,43.37580233696019
holdout,2019-06-04,2019-06-05,44.90999984741211,45.6349983215332,0.016143363985401393,0.0,44.90999984741211,-0.0020439596993503764,44.81820561762617,0.0012419658259790695,44.965776532467316,0.0008628613323443198,44.94875094971603
holdout,2019-06-05,2019-06-06,45.6349983215332,46.30500030517578,0.014681757604589007,0.0,45.6349983215332,-0.0018783264643607617,45.54928089648481,0.0012419658259790695,45.691675429917154,0.000786235054893373,45.67087815694359
holdout,2019-06-06,2019-06-07,46.30500030517578,47.537498474121094,0.026616956285983484,0.0,46.30500030517578,-0.0013879203647356219,46.240732652263134,0.0012419658259790695,46.362509533126754,0.001069932709848634,46.35454353963184
holdout,2019-06-07,2019-06-10,47.537498474121094,48.14500045776367,0.012779426834445218,0.0,47.537498474121094,0.0010361070914760464,47.58675241340116,0.0012419658259790695,47.596538422678485,0.0014671728124871608,47.60724419945597
holdout,2019-06-10,2019-06-11,48.14500045776367,48.70249938964844,0.011579580986271765,0.0,48.14500045776367,2.96918958674142e-05,48.146429974103796,0.0012419658259790695,48.20479490302396,0.0015718090095754155,48.22067520324919
holdout,2019-06-11,2019-06-12,48.70249938964844,48.54750061035156,-0.0031825631382240704,0.0,48.70249938964844,0.0006289500228428189,48.73313082775206,0.0012419658259790695,48.76298622953014,0.0016343634170715921,48.782096972970834
holdout,2019-06-12,2019-06-13,48.54750061035156,48.537498474121094,-0.0002060278305725527,0.0,48.54750061035156,0.0014753593134626823,48.61912561752238,0.0012419658259790695,48.607794947046315,0.0015100762591443034,48.62081103846405
holdout,2019-06-13,2019-06-14,48.537498474121094,48.185001373291016,-0.007262366457101654,0.0,48.537498474121094,0.0017157563827951863,48.62077699693298,0.0012419658259790695,48.59778038850446,0.0012316931077136562,48.59728177645733
holdout,2019-06-14,2019-06-17,48.185001373291016,48.47249984741211,0.005966555275029206,0.0,48.185001373291016,0.0004289325289614644,48.20566948778807,0.0012419658259790695,48.244845498321396,0.0014371964283692736,48.254252685165675
holdout,2019-06-17,2019-06-18,48.47249984741211,49.61249923706055,0.023518477347714173,0.0,48.47249984741211,-0.0007395457517723105,48.436652216072176,0.0012419658259790695,48.53270103572237,0.0013499769953396138,48.53793660711272
holdout,2019-06-18,2019-06-19,49.61249923706055,49.467498779296875,-0.002922659813423767,0.0,49.61249923706055,0.00038968175160693577,49.63183232266484,0.0012419658259790695,49.67411626565438,0.0014751332748789343,49.68568428553505
holdout,2019-06-19,2019-06-20,49.467498779296875,49.8650016784668,0.008035637721312883,0.0,49.467498779296875,-0.00018708530021444708,49.45824413743689,0.0012419658259790695,49.52893572227742,0.0016020299041598221,49.5467471916253
holdout,2019-06-20,2019-06-21,49.8650016784668,49.69499969482422,-0.003409244518605692,0.0,49.8650016784668,0.0008303967690292385,49.90640941474824,0.0012419658259790695,49.92693230646384,0.0017966607028292165,49.95459216742901
holdout,2019-06-21,2019-06-24,49.69499969482422,49.64500045776367,-0.0010061220921137037,0.0,49.69499969482422,0.001959504709832993,49.79237728078138,0.0012419658259790695,49.75671918616723,0.0014904420471295618,49.76906721190147
holdout,2019-06-24,2019-06-25,49.64500045776367,48.89250183105469,-0.015157591293592287,0.0,49.64500045776367,0.0014391814467493206,49.71644862134635,0.0012419658259790695,49.70665785176293,0.001466520415084821,49.71780586444188
holdout,2019-06-25,2019-06-26,48.89250183105469,49.95000076293945,0.021629061559150564,0.0,48.89250183105469,0.0025933999976660606,49.019299645189236,0.0012419658259790695,48.95322464747547,0.0012757860725110951,48.954878203940964
holdout,2019-06-26,2019-06-27,49.95000076293945,49.935001373291016,-0.00030028807646320654,0.0,49.95000076293945,0.0016425254200383792,50.03204490892351,0.0012419658259790695,50.01203695689465,0.001490316417777344,50.02444206914445
holdout,2019-06-27,2019-06-28,49.935001373291016,49.47999954223633,-0.009111881817190803,0.0,49.935001373291016,0.0013308265518535882,50.001456198985444,0.0012419658259790695,49.99701893851686,0.0010752219773387183,49.988692584206014
holdout,2019-06-28,2019-07-01,49.47999954223633,50.38750076293945,0.018340768575158872,0.0,49.47999954223633,-0.00019009501518964418,49.470593640971764,0.0012419658259790695,49.541452010737245,0.0010142183513761637,49.53018306579815
holdout,2019-07-01,2019-07-02,50.38750076293945,50.682498931884766,0.005854590215403022,0.0,50.38750076293945,0.001744253627737979,50.475389343937856,0.0012419658259790695,50.45008031694351,0.0017483529855546554,50.475595900332976
holdout,2019-07-02,2019-07-03,50.682498931884766,51.102500915527344,0.008286923346203734,0.0,50.682498931884766,0.0008353868344600068,50.72483842422999,0.0012419658259790695,50.745444863533386,0.0015639834945587864,50.761765523677234
holdout,2019-07-03,2019-07-05,51.102500915527344,51.057498931884766,-0.0008806219428862949,0.0,51.102500915527344,0.000781485987819732,51.14243680393537,0.0012419658259790695,51.16596847528649,0.0016763536803022742,51.188166781009734
holdout,2019-07-05,2019-07-08,51.057498931884766,50.005001068115234,-0.02061397220364547,0.0,51.057498931884766,0.0021953628601120213,51.16958866877004,0.0012419658259790695,51.120910600718126,0.0015783922331429506,51.13808769164255
holdout,2019-07-08,2019-07-09,50.005001068115234,50.310001373291016,0.00609939603361509,0.0,50.005001068115234,0.0013382642365474843,50.07192097269322,0.0012419658259790695,50.06710557056988,0.0009053507436867663,50.050273133020305
holdout,2019-07-09,2019-07-10,50.310001373291016,50.807498931884766,0.009888641324066194,0.0,50.310001373291016,0.0017001791042773064,50.395537386362044,0.0012419658259790695,50.3724846757016,0.0012307176617270454,50.371918780542636
holdout,2019-07-10,2019-07-11,50.807498931884766,50.4375,-0.007282368541321138,0.0,50.807498931884766,0.0006610705234029847,50.84108627179646,0.0012419658259790695,50.87060010926163,0.0013296879383416004,50.875057050391796
holdout,2019-07-11,2019-07-12,50.4375,50.82500076293945,0.007682790838948295,0.0,50.4375,-4.631526544912872e-07,50.437476639737994,0.0012419658259790695,50.50014165134782,0.0007057245543358582,50.47309498220931
holdout,2019-07-12,2019-07-15,50.82500076293945,51.3025016784668,0.009395000656360564,0.0,50.82500076293945,0.0015703785572959528,50.904815254312126,0.0012419658259790695,50.88812367699238,0.0012577601421207276,50.88892642312233
holdout,2019-07-15,2019-07-16,51.3025016784668,51.125,-0.0034599029805461035,0.0,51.3025016784668,0.001018517349659829,51.35475416650726,0.0012419658259790695,51.36621763233868,0.0015569002504343327,51.38237455617791
holdout,2019-07-16,2019-07-17,51.125,50.837501525878906,-0.0056234420365983695,0.0,51.125,0.00030922267371212954,51.140809009193525,0.0012419658259790695,51.18849550285318,0.001295449125789924,51.19122983655601
holdout,2019-07-17,2019-07-18,50.837501525878906,51.415000915527344,0.011359712265844868,0.0,50.837501525878906,0.0011928797671294103,50.898144552860536,0.0012419658259790695,50.90063996545221,0.0012781926446569078,50.90248164640202
holdout,2019-07-18,2019-07-19,51.415000915527344,50.647499084472656,-0.01492758567320962,0.0,51.415000915527344,0.0028078081476335813,51.559364374008545,0.0012419658259790695,51.47885658960711,0.001469003772313248,51.49052974582575
holdout,2019-07-19,2019-07-22,50.647499084472656,51.80500030517578,0.022854064694736165,0.0,50.647499084472656,0.0006670514989566857,50.68128357465536,0.0012419658259790695,50.710401547506876,0.0010828828740801562,50.70234439384622
holdout,2019-07-22,2019-07-23,51.80500030517578,52.209999084472656,0.00781775459726064,0.0,51.80500030517578,0.0017586920978404125,51.89610934984112,0.0012419658259790695,51.86934034516964,0.0016524695499818773,51.890606490716884
holdout,2019-07-23,2019-07-24,52.209999084472656,52.16749954223633,-0.0008140115491587219,0.0,52.209999084472656,0.00278925401716469,52.35562603415519,0.0012419658259790695,52.27484211910997,0.0016692470219181518,52.297150469958765
holdout,2019-07-24,2019-07-25,52.16749954223633,51.755001068115234,-0.007907192749139202,0.0,52.16749954223633,0.0014283637421081928,52.242013707098906,0.0012419658259790695,52.23228979389456,0.0013945490352329924,52.24024967839347
holdout,2019-07-25,2019-07-26,51.755001068115234,51.935001373291016,0.0034779306629495466,0.0,51.755001068115234,0.002527909489946042,51.88583302646749,0.0012419658259790695,51.81927901076534,0.0012960130286993128,51.82207622379986
holdout,2019-07-26,2019-07-29,51.935001373291016,52.41999816894531,0.009338534376235108,0.0,51.935001373291016,0.0016455939655905165,52.020465298153844,0.0012419658259790695,51.99950287016882,0.0013559962046215547,52.00542503804021
holdout,2019-07-29,2019-07-30,52.41999816894531,52.19499969482422,-0.004292225905768721,0.0,52.41999816894531,0.002146806814651856,52.532533778238445,0.0012419658259790695,52.48510201526903,0.0015713537214226184,52.50236852814505
holdout,2019-07-30,2019-07-31,52.19499969482422,53.2599983215332,0.020404227089488636,0.0,52.19499969482422,0.0006513044829574541,52.22899453211342,0.0012419658259790695,52.259824100732175,0.0015724855314811499,52.277075576659996
holdout,2019-07-31,2019-08-01,53.2599983215332,52.10749816894531,-0.02163913234901349,0.0,53.2599983215332,0.002730187659944173,53.4054081117193,0.0012419658259790695,53.32614541934025,0.0013867403409995192,53.33385610976724
holdout,2019-08-01,2019-08-02,52.10749816894531,51.005001068115234,-0.021158127708521213,0.0,52.10749816894531,0.0013374604514941944,52.177189886972585,0.0012419658259790695,52.17221390094841,0.0011647501656388884,52.168190386068616
holdout,2019-08-02,2019-08-05,51.005001068115234,48.334999084472656,-0.0523478468332329,0.0,51.005001068115234,-0.000592012617494976,50.97480546392757,0.0012419658259790695,51.068347536395855,0.0011140596902715456,51.061823683807475
holdout,2019-08-05,2019-08-06,48.334999084472656,49.25,0.018930401010833542,0.0,48.334999084472656,0.0008506948763260711,48.37611742054104,0.0012419658259790695,48.395029501534296,0.0009901041237100326,48.38285576638571
holdout,2019-08-06,2019-08-07,49.25,49.7599983215332,0.010355295868694547,0.0,49.25,-0.0009558829778199261,49.20292276334237,0.0012419658259790695,49.311166816929465,-0.00014906541821688146,49.242658528152816
holdout,2019-08-07,2019-08-08,49.7599983215332,50.85749816894531,0.02205586584469743,0.0,49.7599983215332,-0.0018235337351260924,49.66925928593407,0.0012419658259790695,49.821798538949324,1.2425619339838184e-05,49.7606166203307
holdout,2019-08-08,2019-08-09,50.85749816894531,50.247501373291016,-0.011994235218333538,0.0,50.85749816894531,-0.0036601086264181205,50.67135420117911,-0.0013722367253427073,50.787709642198834,-0.004172275903235742,50.64530665483616
holdout,2019-08-09,2019-08-12,50.247501373291016,50.119998931884766,-0.0025374881918810432,0.0,50.247501373291016,0.00027192725793034715,50.26116503855731,0.0012419658259790695,50.309907052837474,0.0008298042554416781,50.28919696375589
holdout,2019-08-12,2019-08-13,50.119998931884766,52.24250030517578,0.04234839222912967,0.0,50.119998931884766,-0.001277374521605632,50.05597692222628,0.0012419658259790695,50.18224625775627,0.0014107951811368007,50.19070798485645
holdout,2019-08-13,2019-08-14,52.24250030517578,50.6875,-0.02976504371138844,0.0,52.24250030517578,0.0012251749412013537,52.306506507415385,0.0012419658259790695,52.307383705218506,0.0014872669565086133,52.32019884960506
holdout,2019-08-14,2019-08-15,50.6875,50.435001373291016,-0.004981477222372077,0.0,50.6875,-0.0003672629895503925,50.668884357217166,0.0012419658259790695,50.75045214280431,0.0012843416642499376,50.752600068106666
holdout,2019-08-15,2019-08-16,50.435001373291016,51.625,0.023594698013415183,0.0,50.435001373291016,0.0012645926240961313,50.49878110402396,0.0012419658259790695,50.49763992142985,0.0009275352060584604,50.481781612682354
holdout,2019-08-16,2019-08-19,51.625,52.587501525878906,0.01864409735358663,0.0,51.625,0.002865349066755912,51.77292364557127,0.0012419658259790695,51.689116485766164,0.001286231436581212,51.6914016979135
holdout,2019-08-19,2019-08-20,52.587501525878906,52.59000015258789,4.75136988160596e-05,0.0,52.587501525878906,-0.002585880095621013,52.4515165524047,0.0012419658259790695,52.65281340564767,0.0008291162192925425,52.63110267632609
holdout,2019-08-20,2019-08-21,52.59000015258789,53.15999984741211,0.010838556629975127,0.0,52.59000015258789,-0.000993763185916,52.53773814648893,0.0012419658259790695,52.65531513556564,0.0014249866321098261,52.664940199787985
holdout,2019-08-21,2019-08-22,53.15999984741211,53.1150016784668,-0.0008464666868787107,0.0,53.15999984741211,0.0003758000517637035,53.17997737810653,0.0012419658259790695,53.22602275053165,0.0014267873795134683,53.23584786428934
holdout,2019-08-22,2019-08-23,53.1150016784668,50.65999984741211,-0.046220498041515845,0.0,53.1150016784668,0.001121940685091724,53.174593559838584,0.0012419658259790695,53.18096869539827,0.0010185496148655327,53.16910194296998
holdout,2019-08-23,2019-08-26,50.65999984741211,51.622501373291016,0.018999240599643974,0.0,50.65999984741211,-0.0012987184665670423,50.59420677009399,0.0012419658259790695,50.7229178359667,0.0020171912104970323,50.76219075382809
holdout,2019-08-26,2019-08-27,51.622501373291016,51.040000915527344,-0.0112838479784525,0.0,51.622501373291016,0.0006420035823287845,51.65564320410144,0.0012419658259790695,51.6866147558482,0.0012473876504368257,51.686894643988715
holdout,2019-08-27,2019-08-28,51.040000915527344,51.38249969482422,0.006710399160527514,0.0,51.040000915527344,0.0013822367162564882,51.110550278790555,0.0012419658259790695,51.103390852422365,0.0015258172614502734,51.11787862994869
holdout,2019-08-28,2019-08-29,51.38249969482422,52.252498626708984,0.01693181408168054,0.0,51.38249969482422,-0.0018823760349906153,51.285778508780766,-0.0013722367253427073,51.31199074170307,-0.0029178837235204116,51.2325715352909
holdout,2019-08-29,2019-08-30,52.252498626708984,52.185001373291016,-0.001291751690195131,0.0,52.252498626708984,0.0018408591457876285,52.34868811669622,0.0012419658259790695,52.31739444432537,0.0012763896380858957,52.31919317452021
holdout,2019-08-30,2019-09-03,52.185001373291016,51.42499923706055,-0.014563612460101405,0.0,52.185001373291016,-0.0006151876428539442,52.15289780530385,0.0012419658259790695,52.249813361625314,0.001148236777148424,52.24492211108337
holdout,2019-09-03,2019-09-04,51.42499923706055,52.29750061035156,0.016966482960338647,0.0,51.42499923706055,0.001164630042870215,51.48489033612661,0.0012419658259790695,51.48886732871397,0.0014105302947360454,51.4975357563912
holdout,2019-09-04,2019-09-05,52.29750061035156,53.31999969482422,0.019551586070831517,0.0,52.29750061035156,0.0016219515176984565,52.38232462083836,0.0012419658259790695,52.36245231889374,0.0017504937456757918,52.38904705808446
holdout,2019-09-05,2019-09-06,53.31999969482422,53.314998626708984,-9.379347606630617e-05,0.0,53.31999969482422,0.0027221514392047866,53.465144808731885,0.0012419658259790695,53.3862213122864,0.0014778919459054304,53.39880089292888
holdout,2019-09-06,2019-09-09,53.314998626708984,53.54249954223633,0.004267109094763688,0.0,53.314998626708984,0.0016307981446804227,53.40194462755306,0.0012419658259790695,53.381214033015475,0.001402067847224719,53.38974987205832
holdout,2019-09-09,2019-09-10,53.54249954223633,54.17499923706055,0.011813040112654383,0.0,53.54249954223633,0.0015579849717999878,53.625917951875735,0.0012419658259790695,53.60899749690528,0.0016611141157741693,53.631439744019765
holdout,2019-09-10,2019-09-11,54.17499923706055,55.897499084472656,0.031795106076047075,0.0,54.17499923706055,0.001850675176525402,54.27525956333686,0.0012419658259790695,54.24228273473542,0.0013982216243202705,54.25074789249134
holdout,2019-09-11,2019-09-12,55.897499084472656,55.772499084472656,-0.0022362360042459395,0.0,55.897499084472656,0.0013235864004416975,55.97148425407957,0.0012419658259790695,55.966921868093266,0.001750898851399314,55.995369951415746
holdout,2019-09-12,2019-09-13,55.772499084472656,54.6875,-0.019454015908975553,0.0,55.772499084472656,0.0006324303029025852,55.80777130296229,0.0012419658259790695,55.841766622365014,0.0016238153736318163,55.863063325911895
holdout,2019-09-13,2019-09-16,54.6875,54.974998474121094,0.005257114955357078,0.0,54.6875,0.001243003137588411,54.75547673408687,0.0012419658259790695,54.755420006108224,0.00115599363577549,54.75071840195647
holdout,2019-09-16,2019-09-17,54.974998474121094,55.17499923706055,0.0036380312594934683,0.0,54.974998474121094,0.0027383126019575044,55.125537205235375,0.0012419658259790695,55.0432755435092,0.0011846223444835799,55.04012308570149
holdout,2019-09-17,2019-09-18,55.17499923706055,55.692501068115234,0.009379281163760966,0.0,55.17499923706055,-2.87568642109849e-05,55.17341257709965,0.0012419658259790695,55.243524700561395,0.0014520865538131338,55.25511811155934
holdout,2019-09-18,2019-09-19,55.692501068115234,55.2400016784668,-0.008124960829017258,0.0,55.692501068115234,-0.0007376441742417725,55.65141981915338,0.0012419658259790695,55.761669251205134,0.001624895565995782,55.78299556616003
holdout,2019-09-19,2019-09-20,55.2400016784668,54.432498931884766,-0.01461807968946538,0.0,55.2400016784668,0.0010108392753625636,55.295840441734484,0.0012419658259790695,55.308607872778474,0.0011635114944618043,55.304274055373774
holdout,2019-09-20,2019-09-23,54.432498931884766,54.68000030517578,0.0045469412234910855,0.0,54.432498931884766,0.0008441857961054805,54.47845007432959,0.0012419658259790695,54.50010223538081,0.0008915467824565654,54.48102805116856
holdout,2019-09-23,2019-09-24,54.68000030517578,54.41999816894531,-0.004754976861363613,0.0,54.68000030517578,0.0006540360056698135,54.715762994165395,0.0012419658259790695,54.74791099691933,0.001215264727518145,54.74645098084734
holdout,2019-09-24,2019-09-25,54.41999816894531,55.25749969482422,0.015389591217531917,0.0,54.41999816894531,1.672032219943208e-05,54.42090808884879,0.0012419658259790695,54.48758594692098,0.001225374710150168,54.486683058427964
holdout,2019-09-25,2019-09-26,55.25749969482422,54.97249984741211,-0.005157668171489882,0.0,55.25749969482422,0.0012875678722232312,55.32864747613066,0.0012419658259790695,55.326127621074235,0.0011361942978447325,55.320282950890636
holdout,2019-09-26,2019-09-27,54.97249984741211,54.70500183105469,-0.004866033327571406,0.0,54.97249984741211,0.0015291191938834093,55.05655935206453,0.0012419658259790695,55.04077381359123,0.0011371100963964967,55.03500963201275
holdout,2019-09-27,2019-09-30,54.70500183105469,55.99250030517578,0.02353529715796876,0.0,54.70500183105469,-0.00013102906177828925,54.697833885990185,0.0012419658259790695,54.77294357383898,0.0012229962464757945,54.77190584295752
holdout,2019-09-30,2019-10-01,55.99250030517578,56.147499084472656,0.002768206071386059,0.0,55.99250030517578,0.0018981288575215336,56.098781285809814,0.0012419658259790695,56.06204107706593,0.0015301230803157963,56.07817572221732
holdout,2019-10-01,2019-10-02,56.147499084472656,54.7400016784668,-0.025067855718530097,0.0,56.147499084472656,0.0008256974068721482,56.19385992886906,0.0012419658259790695,56.21723235954976,0.0015301711093343184,56.23341436543309
holdout,2019-10-02,2019-10-03,54.7400016784668,55.20500183105469,0.008494704755751092,0.0,54.7400016784668,0.00035436947357712694,54.7593998640452,0.0012419658259790695,54.80798688986549,0.0010543804390417447,54.797718465469686
holdout,2019-10-03,2019-10-04,55.20500183105469,56.752498626708984,0.028031822195933254,0.0,55.20500183105469,0.0019638905671349165,55.31341841340936,0.0012419658259790695,55.273564556751964,0.0011991991319096915,55.271203621327565
holdout,2019-10-04,2019-10-07,56.752498626708984,56.76499938964844,0.0002202680629390663,0.0,56.752498626708984,0.0023886632243782595,56.88806123307019,0.0012419658259790695,56.822983290542275,0.0016742721676286324,56.847517755603064
holdout,2019-10-07,2019-10-08,56.76499938964844,56.099998474121094,-0.011714981461773966,0.0,56.76499938964844,0.00027245223663512974,56.78046514069474,0.0012419658259790695,56.835499579002104,0.0013027628836530796,56.83895072394386
holdout,2019-10-08,2019-10-09,56.099998474121094,56.75749969482422,0.011720164680689482,0.0,56.099998474121094,0.0008952576373503719,56.1502224262104,0.0012419658259790695,56.16967275506343,0.0011096645941688398,56.16225065616075
holdout,2019-10-09,2019-10-10,56.75749969482422,57.522499084472656,0.013478384244579367,0.0,56.75749969482422,0.003380829218569544,56.94938710816543,0.0012419658259790695,56.8279905698132,0.0010783896730849167,56.81870639636523
holdout,2019-10-10,2019-10-11,57.522499084472656,59.0525016784668,0.026598333145215314,0.0,57.522499084472656,0.001968977689353922,57.635759601805866,0.0012419658259790695,57.59394006256048,0.0014264816649410528,57.604553874738244
holdout,2019-10-11,2019-10-14,59.0525016784668,58.967498779296875,-0.0014394462004801989,0.0,59.0525016784668,0.0014015434779019648,59.13526632704805,0.0012419658259790695,59.12584286749002,0.0017966168952072274,59.158596400686584
holdout,2019-10-14,2019-10-15,58.967498779296875,58.83000183105469,-0.002331741231840434,0.0,58.967498779296875,0.002517759043967453,59.11596473264859,0.0012419658259790695,59.04073439762422,0.001299744146523728,59.04414144067041
holdout,2019-10-15,2019-10-16,58.83000183105469,58.592498779296875,-0.004037107672372087,0.0,58.83000183105469,0.0022351392633684873,58.96149507801131,0.0012419658259790695,58.90306668287114,0.0014036577154877556,58.912579017027
holdout,2019-10-16,2019-10-17,58.592498779296875,58.81999969482422,0.003882765204882066,0.0,58.592498779296875,0.0016996955868097746,58.69208819089221,0.0012419658259790695,58.66526866043948,0.0016384023309685422,58.68849686587415
holdout,2019-10-17,2019-10-18,58.81999969482422,59.102500915527344,0.004802808945406856,0.0,58.81999969482422,0.00048454273924537555,58.84850049859877,0.0012419658259790695,58.89305212432929,0.001553269158037947,58.911362986225996
holdout,2019-10-18,2019-10-21,59.102500915527344,60.127498626708984,0.017342713003746235,0.0,59.102500915527344,0.0008315675599900214,59.15164863800297,0.0012419658259790695,59.17590420189432,0.0015722818536727475,59.195426705223504
holdout,2019-10-21,2019-10-22,60.127498626708984,59.9900016784668,-0.002286756498816156,0.0,60.127498626708984,0.0006555173890029501,60.16691324761605,0.0012419658259790695,60.20217492520496,0.0015855633981135986,60.22283458775162
holdout,2019-10-22,2019-10-23,59.9900016784668,60.79499816894531,0.013418844273302755,0.0,59.9900016784668,-0.0004866661453006532,59.96080657559335,0.0012419658259790695,60.06450721045188,0.0013073000987446353,60.06842661358475
holdout,2019-10-23,2019-10-24,60.79499816894531,60.89500045776367,0.0016449098088704428,0.0,60.79499816894531,-0.0003404662599471725,60.774299523295234,0.0012419658259790695,60.8705034790616,0.0017864394153146682,60.9036047499283
holdout,2019-10-24,2019-10-25,60.89500045776367,61.64500045776367,0.012316282032384551,0.0,60.89500045776367,0.0006718005535262866,60.93590975277818,0.0012419658259790695,60.97062996730519,0.001691734292501218,60.99801861827994
holdout,2019-10-25,2019-10-28,61.64500045776367,62.26250076293945,0.010017037887749991,0.0,61.64500045776367,0.0005142760653149671,61.67670300604543,0.0012419658259790695,61.72156144167467,0.0017673208742844397,61.75394695386796
holdout,2019-10-28,2019-10-29,62.26250076293945,60.8224983215332,-0.023127924894776886,0.0,62.26250076293945,0.0011629843390077148,62.33491107623421,0.0012419658259790695,62.339828661127015,0.0016834741737082144,62.367318074964345
holdout,2019-10-29,2019-10-30,60.8224983215332,60.814998626708984,-0.000123304616403197,0.0,60.8224983215332,0.000878298107595453,60.87591860670823,0.0012419658259790695,60.89803778589921,0.001105217083891583,60.889720385763134
holdout,2019-10-30,2019-10-31,60.814998626708984,62.189998626708984,0.022609554074644267,0.0,60.814998626708984,0.0014916860995177496,60.90571551480264,0.0012419658259790695,60.89052877671032,0.0009860556076541314,60.874965597134334
holdout,2019-10-31,2019-11-01,62.189998626708984,63.95500183105469,0.028380820764123404,0.0,62.189998626708984,0.0010007148738518613,62.252233083339554,0.0012419658259790695,62.26723647972104,0.001661693897985561,62.29333936794272
holdout,2019-11-01,2019-11-04,63.95500183105469,64.375,0.006567088686117106,0.0,63.95500183105469,-0.00029850179720851714,63.935911148067646,0.0012419658259790695,64.03443175772928,0.001690809242821815,64.06313753927532
holdout,2019-11-04,2019-11-05,64.375,64.28250122070312,-0.0014368742415048485,0.0,64.375,0.0007498658536485791,64.42327261432864,0.0012419658259790695,64.4549515500474,0.0016144599423133647,64.47893085878643
holdout,2019-11-05,2019-11-06,64.28250122070312,64.30999755859375,0.0004277421906191403,0.0,64.28250122070312,0.0005923044837081123,64.32057603440012,0.0012419658259790695,64.3623378904277,0.0017499858749641427,64.39499468984671
holdout,2019-11-06,2019-11-07,64.30999755859375,64.85749816894531,0.008513460288234853,0.0,64.30999755859375,0.0015121105232011136,64.40724138264915,0.0012419658259790695,64.38986837783031,0.001648927612709917,64.41604008934142
holdout,2019-11-07,2019-11-08,64.85749816894531,65.03500366210938,0.0027368538438174994,0.0,64.85749816894531,0.0003475245696411243,64.88003774308447,0.0012419658259790695,64.93804896522964,0.0017577530438384404,64.97150163376752
holdout,2019-11-08,2019-11-11,65.03500366210938,65.55000305175781,0.007918803115997797,0.0,65.03500366210938,0.0003835197148194863,65.05994586816715,0.0012419658259790695,65.11577491415014,0.0016378397469012014,65.14152057604704
holdout,2019-11-11,2019-11-12,65.55000305175781,65.48999786376953,-0.0009154109106738195,0.0,65.55000305175781,0.0006635340239128889,65.59349770905025,0.0012419658259790695,65.63141391544092,0.0013564671334368797,65.63891947649421
holdout,2019-11-12,2019-11-13,65.48999786376953,66.11750030517578,0.009581653105434018,0.0,65.48999786376953,-0.0005044682744868834,65.45696023755104,0.0012419658259790695,65.57133420305978,0.0012971451505684327,65.57494789690925
holdout,2019-11-13,2019-11-14,66.11750030517578,65.66000366210938,-0.006919448571932718,0.0,66.11750030517578,-0.0013885292259003244,66.02569422365858,0.0012419658259790695,66.19961598105397,0.0017722659422986227,66.23467809915655
holdout,2019-11-14,2019-11-15,65.66000366210938,66.44000244140625,0.01187935936328599,0.0,65.66000366210938,-0.0003937531415448051,65.63414982939358,0.0012419658259790695,65.74155114279137,0.0015244685804452244,65.76010027468418
holdout,2019-11-15,2019-11-18,66.44000244140625,66.7750015258789,0.005042129322136768,0.0,66.44000244140625,6.982300563295905e-05,66.44464148207096,0.0012419658259790695,66.52251865391644,0.0016952112005733204,66.55263227771104
holdout,2019-11-18,2019-11-19,66.7750015258789,66.57250213623047,-0.0030325628606681088,0.0,66.7750015258789,0.0003646876481620833,66.7993535441414,0.0012419658259790695,66.85793379580375,0.001611319026035559,66.88259735630112
holdout,2019-11-19,2019-11-20,66.57250213623047,65.79750061035156,-0.011641466085997254,0.0,66.57250213623047,-0.0009263051921358594,66.5108356818482,0.0012419658259790695,66.65518290883358,0.0014526992030207187,66.66921195702687
holdout,2019-11-20,2019-11-21,65.79750061035156,65.50250244140625,-0.004483425148506304,0.0,65.79750061035156,0.0005845309669334079,65.83596128700513,0.0012419658259790695,65.87921885754446,0.001359335629752413,65.88694149727986
holdout,2019-11-21,2019-11-22,65.50250244140625,65.44499969482422,-0.0008778709887223846,0.0,65.50250244140625,0.0005414960702149998,65.53797178906753,0.0012419658259790695,65.58385431095458,0.0011008111193157772,65.57460832443677
holdout,2019-11-22,2019-11-25,65.44499969482422,66.59249877929688,0.0175337931060211,0.0,65.44499969482422,2.3561836991511107e-05,65.44654169923894,0.0012419658259790695,65.5262801479264,0.001072990719886941,65.51522157215977
holdout,2019-11-25,2019-11-26,66.59249877929688,66.07250213623047,-0.007808636897524979,0.0,66.59249877929688,-0.00021869057468988195,66.57793562746879,0.0012419658259790695,66.67520438704732,0.0013656181864403398,66.68343870671039
holdout,2019-11-26,2019-11-27,66.07250213623047,66.95999908447266,0.013432167990434563,0.0,66.07250213623047,-0.00024263067778450276,66.05647092025424,0.0012419658259790695,66.15456192592059,0.0011615446578692925,66.14924829811886
holdout,2019-11-27,2019-11-29,66.95999908447266,66.8125,-0.002202794003724251,0.0,66.95999908447266,0.0006204633938346415,67.00154531275578,0.0012419658259790695,67.04316111504316,0.0015041866314069083,67.06071941993454
holdout,2019-11-29,2019-12-02,66.8125,66.04000091552734,-0.01156219396778535,0.0,66.8125,0.0010740341457769627,66.88425890636472,0.0012419658259790695,66.89547884174823,0.0013786528967172516,66.90461124666191
holdout,2019-12-02,2019-12-03,66.04000091552734,64.86250305175781,-0.017830070373192175,0.0,66.04000091552734,-0.00018202730780873333,66.027979831953,0.0012419658259790695,66.12202033981205,0.0011050687264700803,66.11297965523514
holdout,2019-12-03,2019-12-04,64.86250305175781,65.43499755859375,0.008826278356527606,0.0,64.86250305175781,-0.00036754839622423017,64.83866294278604,0.0012419658259790695,64.94306006393556,0.0009847167945668679,64.92637424785053
holdout,2019-12-04,2019-12-05,65.43499755859375,66.3949966430664,0.014671034160473884,0.0,65.43499755859375,-0.0006743295145077701,65.39087280845825,0.0012419658259790695,65.51626558938455,0.0009598261665701647,65.49780378145995
holdout,2019-12-05,2019-12-06,66.3949966430664,67.67749786376953,0.01931623293239615,0.0,66.3949966430664,-0.0003609481458963456,66.3710314921313,0.0012419658259790695,66.47745695991308,0.0008342868343577101,66.45038911463293
holdout,2019-12-06,2019-12-09,67.67749786376953,66.7300033569336,-0.014000140914535386,0.0,67.67749786376953,0.00107958532567331,67.75056149734155,0.0012419658259790695,67.7615510033041,0.001211686511192552,67.75950177504232
holdout,2019-12-09,2019-12-10,66.7300033569336,67.12000274658203,0.005844438334018376,0.0,66.7300033569336,0.00030793427766354986,66.75055181231579,0.0012419658259790695,66.81287974067037,0.0009756357903833703,66.79510753650102
holdout,2019-12-10,2019-12-11,67.12000274658203,67.69249725341797,0.00852941721408218,0.0,67.12000274658203,0.0017184361540754178,67.2353441859634,0.0012419658259790695,67.20336349623291,0.0012306871826817257,67.2026064736638
holdout,2019-12-11,2019-12-12,67.69249725341797,67.86499786376953,0.002548297335017491,0.0,67.69249725341797,0.0024898409121661947,67.86104080252622,0.0012419658259790695,67.7765690216819,0.0015470042728099865,67.7972178359062
holdout,2019-12-12,2019-12-13,67.86499786376953,68.7874984741211,0.013593172318421942,0.0,67.86499786376953,0.0013541129296293312,67.95689473484613,0.0012419658259790695,67.94928387189647,0.0012316070214878029,67.9485808716518
holdout,2019-12-13,2019-12-16,68.7874984741211,69.96499633789062,0.01711790499566601,0.0,68.7874984741211,0.0033268769957742485,69.0163460203915,0.0012419658259790695,68.87293019648054,0.0015466023355689194,68.89388537991913
holdout,2019-12-16,2019-12-17,69.96499633789062,70.10250091552734,0.001965333878853448,0.0,69.96499633789062,0.002278142670450464,70.1243865814859,0.0012419658259790695,70.05189047235703,0.0015839405800443585,70.07581673477287
holdout,2019-12-17,2019-12-18,70.10250091552734,69.93499755859375,-0.0023894062942980687,0.0,70.10250091552734,0.0003364864985221177,70.12608946059805,0.0012419658259790695,70.1895658259801,0.0015130160188744145,70.20856712237568
holdout,2019-12-18,2019-12-19,69.93499755859375,70.00499725341797,0.0010009251057108148,0.0,69.93499755859375,0.0007454894885231328,69.98713336415356,0.0012419658259790695,70.02185443560145,0.0016218678684731171,70.04842288401578
holdout,2019-12-19,2019-12-20,70.00499725341797,69.86000061035156,-0.0020712327513066064,0.0,70.00499725341797,0.0015819819351639646,70.11574389444408,0.0012419658259790695,70.09194106765447,0.0016327977902805104,70.11930125824195
holdout,2019-12-20,2019-12-23,69.86000061035156,71.0,0.01631834210833838,0.0,69.86000061035156,0.0010322058396307894,69.93211051093817,0.0012419658259790695,69.94676434371249,0.0015469490882047212,69.96807047459772
holdout,2019-12-23,2019-12-24,71.0,71.06749725341797,0.000950665541098239,0.0,71.0,-0.00015639211077279327,70.98889616013513,0.0012419658259790695,71.08817957364451,0.0017117838311934775,71.12153665201474
holdout,2019-12-24,2019-12-26,71.06749725341797,72.47750091552734,0.01984034497629028,0.0,71.06749725341797,-0.000227013228939497,71.05136399139383,0.0012419658259790695,71.15576065634457,0.0015674119253512523,71.17888929611784
holdout,2019-12-26,2019-12-27,72.47750091552734,72.44999694824219,-0.00037948283174404907,0.0,72.47750091552734,4.199263339244334e-05,72.4805444366525,0.0012419658259790695,72.56751549481679,0.0015112248580938363,72.5870307165634
holdout,2019-12-27,2019-12-30,72.44999694824219,72.87999725341797,0.005935132136485333,0.0,72.44999694824219,0.00047993096454395246,72.48476794515877,0.0012419658259790695,72.53997736854419,0.0016567355594595662,72.57002743446908
holdout,2019-12-30,2019-12-31,72.87999725341797,73.4124984741211,0.007306548309154115,0.0,72.87999725341797,-0.0002671292182745027,72.86052887672382,0.0012419658259790695,72.97051171940416,0.0017207977067005243,73.00540898555599
holdout,2019-12-31,2020-01-02,73.4124984741211,75.0875015258789,0.022816319926071804,0.0,73.4124984741211,0.0012917388222381085,73.50732824843762,0.0012419658259790695,73.50367428842569,0.0017326514366148593,73.53969674506777
holdout,2020-01-02,2020-01-03,75.0875015258789,74.35749816894531,-0.00972203551987938,0.0,75.0875015258789,-3.947106625995815e-05,75.08453774213088,0.0012419658259790695,75.1807576367322,0.0017454865058523224,75.2185657465505
holdout,2020-01-03,2020-01-06,74.35749816894531,74.94999694824219,0.007968245219206693,0.0,74.35749816894531,0.0001399975050722234,74.36790803317237,0.0012419658259790695,74.44984764057644,0.0015784720446430792,74.47486940111459
holdout,2020-01-06,2020-01-07,74.94999694824219,74.59750366210938,-0.0047030460371630944,0.0,74.94999694824219,7.268442025031236e-05,74.95544464531814,0.0012419658259790695,75.04308228310913,0.0016905681106852378,75.07670502297883
holdout,2020-01-07,2020-01-08,74.59750366210938,75.79750061035156,0.016086288271489613,0.0,74.59750366210938,0.001092086934788991,74.67897062122664,0.0012419658259790695,74.69015121236106,0.0013348078610287146,74.69707699641067
holdout,2020-01-08,2020-01-09,75.79750061035156,77.40750122070312,0.021240813976545425,0.0,75.79750061035156,-0.0005106896222138425,75.7587916134001,0.0012419658259790695,75.89163851580425,0.001736575319617173,75.92912867920018
holdout,2020-01-09,2020-01-10,77.40750122070312,77.5824966430664,0.0022607036734636488,0.0,77.40750122070312,0.00012899485141675904,77.41748638982163,0.0012419658259790695,77.50363869189367,0.0017384664421487832,77.5420715639459
holdout,2020-01-10,2020-01-13,77.5824966430664,79.23999786376953,0.02136437073337283,0.0,77.5824966430664,-0.0009570288700066639,77.50824795397179,0.0012419658259790695,77.67885145259123,0.0015309570328243497,77.70127211192619
holdout,2020-01-13,2020-01-14,79.23999786376953,78.16999816894531,-0.013503277683875936,0.0,79.23999786376953,0.00019589946334123238,79.25552093682622,0.0012419658259790695,79.33841123316698,0.0015094833729260946,79.35960932301559
holdout,2020-01-14,2020-01-15,78.16999816894531,77.83499908447266,-0.004285519922216707,0.0,78.16999816894531,-1.269116085787867e-05,78.16900610092429,0.0012419658259790695,78.26708263528799,0.00150519217412129,78.2876590384403
holdout,2020-01-15,2020-01-16,77.83499908447266,78.80999755859375,0.012526478905240834,0.0,77.83499908447266,0.0004158291323987768,77.86736514461221,0.0012419658259790695,77.93166749340068,0.0015221141860503088,77.95347284075035
holdout,2020-01-16,2020-01-17,78.80999755859375,79.68250274658203,0.011070996257037002,0.0,78.80999755859375,0.0018452383854164135,78.95542079124344,0.0012419658259790695,78.90787688230701,0.0016893787078923702,78.94313749043829
holdout,2020-01-17,2020-01-21,79.68250274658203,79.14250183105469,-0.006776907061324833,0.0,79.68250274658203,-0.0007688865754701206,79.62123593992033,0.0012419658259790695,79.78146569192177,0.0014948655497462483,79.80161737485545
holdout,2020-01-21,2020-01-22,79.14250183105469,79.42500305175781,0.003569526034268966,0.0,79.14250183105469,-0.0004490618020092235,79.10696195656692,0.0012419658259790695,79.24079411371135,0.0012278535619727428,79.23967723383139
holdout,2020-01-22,2020-01-23,79.42500305175781,79.80750274658203,0.004815859995308536,0.0,79.42500305175781,-0.0006723101531140251,79.37160481579501,0.0012419658259790695,79.52364619127637,0.0014861725217241455,79.54304230883119
holdout,2020-01-23,2020-01-24,79.80750274658203,79.57749938964844,-0.002881976618964499,0.0,79.80750274658203,-0.00010958721750557905,79.79875686441997,0.0012419658259790695,79.90662093765002,0.001260248543595402,79.9080800356864
holdout,2020-01-24,2020-01-27,79.57749938964844,77.23750305175781,-0.029405250929448234,0.0,79.57749938964844,-0.0010487958547187324,79.4940388381597,0.0012419658259790695,79.67633192440725,0.0014413790914029633,79.69220073341481
holdout,2020-01-27,2020-01-28,77.23750305175781,79.42250061035156,0.02828933448469395,0.0,77.23750305175781,0.0006256259972487884,77.28582484162958,0.0012419658259790695,77.33342939103204,0.0012062874122918314,77.330673679446
holdout,2020-01-28,2020-01-29,79.42250061035156,81.08499908447266,0.020932336067801982,0.0,79.42250061035156,0.001570515854309272,79.54723490674901,0.0012419658259790695,79.52114064192342,0.001362406363683747,79.53070633060278
holdout,2020-01-29,2020-01-30,81.08499908447266,80.96749877929688,-0.0014491004070108504,0.0,81.08499908447266,0.00021004402374044488,81.10203050394536,0.0012419658259790695,81.1857038823351,0.0017003888680842175,81.2228751142845
holdout,2020-01-30,2020-01-31,80.96749877929688,77.37750244140625,-0.04433873334381144,0.0,80.96749877929688,-0.001640267797053401,80.83469039844124,0.0012419658259790695,81.06805764579576,0.0011839205096971911,81.06335786172058
holdout,2020-01-31,2020-02-03,77.37750244140625,77.16500091552734,-0.0027462960056099384,0.0,77.37750244140625,0.0017400293770546942,77.51214156877741,0.0012419658259790695,77.47360265513808,0.002911869065545649,77.60281559713457
holdout,2020-02-03,2020-02-04,77.16500091552734,79.7125015258789,0.03301367951955725,0.0,77.16500091552734,0.001918690819468348,77.31305669436824,0.0012419658259790695,77.26083720962608,0.000931877224808348,77.23690922243284
holdout,2020-02-04,2020-02-05,79.7125015258789,80.36250305175781,0.008154323518098083,0.0,79.7125015258789,0.0002652735727856105,79.73364714595436,0.0012419658259790695,79.81150172867734,0.001824285696446295,79.85791990224052
holdout,2020-02-05,2020-02-06,80.36250305175781,81.30249786376953,0.011696932976394514,0.0,80.36250305175781,-0.0022355446473154863,80.18284908821558,-0.0013722367253427073,80.25222667372972,-0.0019261791609933917,80.20771047305425
holdout,2020-02-06,2020-02-07,81.30249786376953,80.00749969482422,-0.015928147387491265,0.0,81.30249786376953,0.0018553008949560431,81.45333846081834,0.0012419658259790695,81.40347278768307,0.0013382831165235493,81.41130362399181
holdout,2020-02-07,2020-02-10,80.00749969482422,80.38749694824219,0.0047495204183034545,0.0,80.00749969482422,0.0007013143504317103,80.06361010250237,0.0012419658259790695,80.10686627526722,0.0005741963724761909,80.05343971091987
holdout,2020-02-10,2020-02-11,80.38749694824219,79.90249633789062,-0.006033284139495332,0.0,80.38749694824219,-0.0011061087121933349,80.29857963751633,0.0012419658259790695,80.4873354722879,0.0012725078478182665,80.48979066897529
holdout,2020-02-11,2020-02-12,79.90249633789062,81.80000305175781,0.023747777614394394,0.0,79.90249633789062,-0.00045549424249421663,79.8661012108478,0.0012419658259790695,80.00173250775269,0.001342525682220647,80.00976749129778
holdout,2020-02-12,2020-02-13,81.80000305175781,81.21749877929688,-0.007121078859769314,0.0,81.80000305175781,0.0014153346704391186,81.91577743211899,0.0012419658259790695,81.90159586011308,0.0011737136643442507,81.89601283308305
holdout,2020-02-13,2020-02-14,81.21749877929688,81.23750305175781,0.0002463049559713326,0.0,81.21749877929688,0.0016820653110443727,81.35411191664332,0.0012419658259790695,81.31836813725225,0.001022031337874464,81.3005056082331
holdout,2020-02-14,2020-02-18,81.23750305175781,79.75,-0.018310546187148335,0.0,81.23750305175781,-0.0018641308368255055,81.08606571721232,0.0012419658259790695,81.33839725433596,0.0012068285600450633,81.33554279058743
holdout,2020-02-18,2020-02-19,79.75,80.90499877929688,0.014482743314067292,0.0,79.75,-0.0010667952374816807,79.66492307981083,0.0012419658259790695,79.84904677462183,0.0008333726508842769,79.81646146890802
holdout,2020-02-19,2020-02-20,80.90499877929688,80.07499694824219,-0.010258968463974338,0.0,80.90499877929688,-0.0006424011443624898,80.85302531549641,0.0012419658259790695,81.00548002293164,0.0010249299808134107,80.98792073814344
holdout,2020-02-20,2020-02-21,80.07499694824219,78.26249694824219,-0.02263503052234317,0.0,80.07499694824219,-0.0007350973382233398,80.0161340311273,0.0012419658259790695,80.17444735796728,0.0008085138700462595,80.13973869391874
holdout,2020-02-21,2020-02-24,78.26249694824219,74.54499816894531,-0.047500385551912494,0.0,78.26249694824219,-0.0026166224405197737,78.05771354247631,0.0012419658259790695,78.35969629490769,0.0006030956099112649,78.30969671657236
holdout,2020-02-24,2020-02-25,74.54499816894531,72.0199966430664,-0.033872179058296537,0.0,74.54499816894531,-0.0007211655979417237,74.49123888076724,0.0012419658259790695,74.63758050916881,0.003857422301071533,74.83254970731554
holdout,2020-02-25,2020-02-26,72.0199966430664,73.1624984741211,0.015863675150069367,0.0,72.0199966430664,0.0005182134444277962,72.05731837359448,0.0012419658259790695,72.10944301768421,0.0006981982984777539,72.07028088217896
holdout,2020-02-26,2020-02-27,73.1624984741211,68.37999725341797,-0.06536820530254006,0.0,73.1624984741211,-0.001992559434661777,73.01671784752305,0.0012419658259790695,73.2533637969692,0.003106029751758225,73.38974337109468
holdout,2020-02-27,2020-02-28,68.37999725341797,68.33999633789062,-0.0005849797767482068,0.0,68.37999725341797,0.0007311971938228023,68.42999651552329,0.04712880694922112,71.60266494316257,-0.001761305099751893,68.2595592155345
holdout,2020-02-28,2020-03-02,68.33999633789062,74.70249938964844,0.09310072274952952,0.0,68.33999633789062,0.002111239913413552,68.48427846584171,0.0012419658259790695,68.42487227788982,0.0025645694903559733,68.51525900746982
holdout,2020-03-02,2020-03-03,74.70249938964844,72.33000183105469,-0.0317592795151177,0.0,74.70249938964844,-0.00236890652852514,74.52553615114715,0.0012419658259790695,74.7952773410056,-0.005223286929786485,74.31230680096411
holdout,2020-03-03,2020-03-04,72.33000183105469,75.68499755859375,0.04638456577639127,0.0,72.33000183105469,-0.007267452333833286,71.80434699044142,-0.0013722367253427073,72.23074794619801,-0.008087897886717228,71.74500416209905
holdout,2020-03-04,2020-03-05,75.68499755859375,73.2300033569336,-0.03243699915243503,0.0,75.68499755859375,-0.0014365250170452724,75.57627416618583,0.0012419658259790695,75.77899573910084,-0.0019804686914388584,75.53510579051733
holdout,2020-03-05,2020-03-06,73.2300033569336,72.25749969482422,-0.013280125870939186,0.0,73.2300033569336,0.002802269646359742,73.43521357254355,0.0012419658259790695,73.32095251853923,-0.0013308192603871298,73.13254745802797
holdout,2020-03-06,2020-03-09,72.25749969482422,66.5425033569336,-0.07909208541712087,0.0,72.25749969482422,-0.00025112280565929394,72.23935418877093,0.0012419658259790695,72.34724104011588,0.00329652047641776,72.49569802214295
holdout,2020-03-09,2020-03-10,66.5425033569336,71.33499908447266,0.07202157246522778,0.0,66.5425033569336,0.0023199683324188606,66.69687985748156,0.0012419658259790695,66.625146872078,0.005280481025405615,66.89387978329287
holdout,2020-03-10,2020-03-11,71.33499908447266,68.85749816894531,-0.03473051023093954,0.0,71.33499908447266,-0.006943745798249235,70.83966698431173,0.0012419658259790695,71.42359471553182,0.003990055733663845,71.61962970658057
holdout,2020-03-11,2020-03-12,68.85749816894531,62.057498931884766,-0.09875466605505201,0.0,68.85749816894531,-0.004696358141933617,68.53411869678641,0.0012419658259790695,68.94301682853356,-0.011625468241406966,68.0569975107995
holdout,2020-03-12,2020-03-13,62.057498931884766,69.49250030517578,0.11980826654731591,0.0,62.057498931884766,-0.008413787508203511,61.53536032258132,-0.0013722367253427073,61.972341352767515,-0.01540268534208375,61.101646802720246
holdout,2020-03-13,2020-03-16,69.49250030517578,60.5525016784668,-0.12864695596573805,0.0,69.49250030517578,-0.008341707901351003,68.91281416629546,-0.01236450731897495,68.63325977653857,-0.010722361228741527,68.74737661421526
holdout,2020-03-16,2020-03-17,60.5525016784668,63.21500015258789,0.04397008216537346,0.0,60.5525016784668,-0.007690059318644119,60.086849348667094,-0.05546782467379374,57.193786131806,-0.012635427999811742,59.78739490330005
holdout,2020-03-17,2020-03-18,63.21500015258789,61.66749954223633,-0.024479958975183402,0.0,63.21500015258789,-0.01326959544795269,62.37616267432078,-0.015839908553019835,62.213680330991764,-0.016125483213253446,62.19562772880152
holdout,2020-03-18,2020-03-19,61.66749954223633,61.19499969482422,-0.007662056203340817,0.0,61.66749954223633,0.004635765489630517,61.95337560844603,-0.01236450731897495,60.90501129280346,-0.004202367709674204,61.40835003342369
holdout,2020-03-19,2020-03-20,61.19499969482422,57.310001373291016,-0.06348555177559367,0.0,61.19499969482422,-0.005313215051358806,60.86985750137778,0.0046451250696778095,61.47925812204557,-0.01738609254699624,60.1310577667166
holdout,2020-03-20,2020-03-23,57.310001373291016,56.092498779296875,-0.02124415572883842,0.0,57.310001373291016,0.004779341405471375,57.583905435802,0.015627523876722588,58.20561478812712,0.017229085617929043,58.297400293715086
holdout,2020-03-23,2020-03-24,56.092498779296875,61.720001220703125,0.10032540114763622,0.0,56.092498779296875,-0.001979976081180066,55.98143697338025,-0.01236450731897495,55.398942667600664,-0.002327978557688435,55.96191664489151
holdout,2020-03-24,2020-03-25,61.720001220703125,61.380001068115234,-0.0055087515531973,0.0,61.720001220703125,-0.0024155960678472186,61.57091062844687,-0.01236450731897495,60.9568638138826,-0.007891594566597984,61.23293199441941
holdout,2020-03-25,2020-03-26,61.380001068115234,64.61000061035156,0.052622995862315225,0.0,61.380001068115234,-0.009252076858280507,60.81210858067169,-0.012083961135818392,60.638287520691634,-0.02644121845565386,59.757039051064936
holdout,2020-03-26,2020-03-27,64.61000061035156,61.935001373291016,-0.04140224751262378,0.0,64.61000061035156,-0.006574019767548723,64.18525318915778,-0.01236450731897495,63.811129784925896,-8.252426587818103e-05,64.60466871748281
holdout,2020-03-27,2020-03-30,61.935001373291016,63.70249938964844,0.028537950709074167,0.0,61.935001373291016,0.004099764820047565,62.188920313050836,-0.01236450731897495,61.169205595510235,0.004951304701009893,62.241660436747644
holdout,2020-03-30,2020-03-31,63.70249938964844,63.5724983215332,-0.002040753021636643,0.0,63.70249938964844,-0.005923657918000057,63.32514757474255,0.0012419658259790695,63.78161571691983,-0.0015171388106372508,63.60585385548981
holdout,2020-03-31,2020-04-01,63.5724983215332,60.227500915527344,-0.05261705130869221,0.0,63.5724983215332,-3.538664052283864e-05,63.570248704387964,0.0012419658259790695,63.65145319192066,-0.00016775986893144429,63.561833407547134
holdout,2020-04-01,2020-04-02,60.227500915527344,61.23249816894531,0.016686683626928822,0.0,60.227500915527344,-0.004415203623438875,59.96158423525444,-0.0013722367253427073,60.14485452689544,-0.008990004981054628,59.68605538230028
holdout,2020-04-02,2020-04-03,61.23249816894531,60.352500915527344,-0.014371408643005013,0.0,61.23249816894531,0.0008964065600035793,61.28738738198937,0.0012419658259790695,61.30854683911046,0.00033103764129112606,61.252768430709516
holdout,2020-04-03,2020-04-06,60.352500915527344,65.61750030517578,0.08723746836966395,0.0,60.352500915527344,-0.005447122211278518,60.023753467284166,0.0012419658259790695,60.4274566591768,-0.016877476518267317,59.33390299850682
holdout,2020-04-06,2020-04-07,65.61750030517578,64.85749816894531,-0.011582308571582711,0.0,65.61750030517578,-0.006973687449754119,65.15990436681334,-0.0013722367253427073,65.52745756143183,-0.00978401042461961,64.97549799815246
holdout,2020-04-07,2020-04-08,64.85749816894531,66.51750183105469,0.02559462990362782,0.0,64.85749816894531,-0.00205410748940249,64.72427389621258,0.0012419658259790695,64.93804896522964,-0.002898310054392953,64.66952102989949
holdout,2020-04-08,2020-04-09,66.51750183105469,66.99749755859375,0.0072160816976889475,0.0,66.51750183105469,-0.0017499211600893161,66.40110144708424,0.0012419658259790695,66.60011429515835,3.5774472007398085e-05,66.51988145956194
holdout,2020-04-09,2020-04-13,66.99749755859375,68.3125,0.01962763520019828,0.0,66.99749755859375,0.006028369018687616,67.40138319720558,0.0012419658259790695,67.08070616098763,0.0037414732544793225,67.24816690382627
holdout,2020-04-13,2020-04-14,68.3125,71.76249694824219,0.050503157522300945,0.0,68.3125,0.0005651643494726933,68.35110778962334,0.0012419658259790695,68.39734179048719,6.537653950839296e-05,68.31696603485517
holdout,2020-04-14,2020-04-15,71.76249694824219,71.10749816894531,-0.009127313111321755,0.0,71.76249694824219,0.0041528540954109475,72.06051612759062,0.0012419658259790695,71.85162351703883,0.006174136232197463,72.20556838076328
holdout,2020-04-15,2020-04-16,71.10749816894531,71.67250061035156,0.007945750532016405,0.0,71.10749816894531,0.0008002988149831869,71.16440541546633,0.0012419658259790695,71.19581125164201,0.0018655389911103437,71.2401519793398
holdout,2020-04-16,2020-04-17,71.67250061035156,70.69999694824219,-0.01356871399529369,0.0,71.67250061035156,0.0016320691030794984,71.78947508413818,0.0012419658259790695,71.76151540677208,-0.0009659967332447416,71.60326520889848
holdout,2020-04-17,2020-04-20,70.69999694824219,69.23249816894531,-0.02075670215900005,0.0,70.69999694824219,0.0018296373843453106,70.8293523057318,0.0012419658259790695,70.78780392834872,0.001415987147541589,70.80010723525213
holdout,2020-04-20,2020-04-21,69.23249816894531,67.09249877929688,-0.03091033035419699,0.0,69.23249816894531,-0.0007986802534184017,69.17720353976294,0.0012419658259790695,69.3184825657183,0.0005739168658118179,69.27223186730676
holdout,2020-04-21,2020-04-22,67.09249877929688,69.0250015258789,0.028803558993071077,0.0,67.09249877929688,0.0004912512865916214,67.12545805564285,0.0012419658259790695,67.17582536996031,0.0015407324148377258,67.1958703669586
holdout,2020-04-22,2020-04-23,69.0250015258789,68.75749969482422,-0.0038754339028068685,0.0,69.0250015258789,-0.0013099362829932038,68.9345831719465,0.0012419658259790695,69.1107282189122,0.0007202380840634499,69.07471596073037
holdout,2020-04-23,2020-04-24,68.75749969482422,70.74250030517578,0.028869586869241237,0.0,68.75749969482422,-0.0014799272515600643,68.65574359727671,0.0012419658259790695,68.84289415972495,9.906412044662245e-06,68.75818083494735
holdout,2020-04-24,2020-04-27,70.74250030517578,70.7925033569336,0.0007068318414262809,0.0,70.74250030517578,-0.0023670128511010967,70.57505189783441,0.0012419658259790695,70.83036007299911,0.0008254720210785144,70.80089625987884
holdout,2020-04-27,2020-04-28,70.7925033569336,69.6449966430664,-0.016209438280229915,0.0,70.7925033569336,0.0011256703754469843,70.87219238076622,0.0012419658259790695,70.88042522683841,0.001458100184034861,70.89572591910662
holdout,2020-04-28,2020-04-29,69.6449966430664,71.93250274658203,0.0328452324470514,0.0,69.6449966430664,0.0016178740820470376,69.75767347807947,0.0012419658259790695,69.73149334884752,0.0010273469313983998,69.7165462166549
holdout,2020-04-29,2020-04-30,71.93250274658203,73.44999694824219,0.021096085131450115,0.0,71.93250274658203,0.003040507654343679,72.15121407177911,0.0012419658259790695,72.02184045677043,0.0017491442206320391,72.05832306803681
holdout,2020-04-30,2020-05-01,73.44999694824219,72.26750183105469,-0.01609932152918625,0.0,73.44999694824219,0.0003319510732615687,73.47437875356022,0.0012419658259790695,73.54121933437017,0.0014629227448543698,73.55744861938726
holdout,2020-05-01,2020-05-04,72.26750183105469,73.29000091552734,0.014148809057535017,0.0,72.26750183105469,0.000280376138349379,72.28776391414624,0.0012419658259790695,72.35725559865773,0.0008204925514589065,72.32679677801961
holdout,2020-05-04,2020-05-05,73.29000091552734,74.38999938964844,0.015008847869833364,0.0,73.29000091552734,0.0011127187275198156,73.37155207208599,0.0012419658259790695,73.3810245920504,0.0017914882558653425,73.42129909143988
holdout,2020-05-05,2020-05-06,74.38999938964844,75.15750122070312,0.010317271640702286,0.0,74.38999938964844,-0.00010755009962543386,74.38199873780295,0.0012419658259790695,74.48238922668499,0.001339523273535055,74.48964652514914
holdout,2020-05-06,2020-05-07,75.15750122070312,75.93499755859375,0.010344893394040211,0.0,75.15750122070312,-0.0019122309148485103,75.01378272338613,0.0012419658259790695,75.25084426878522,0.001408589689274564,75.26336730199425
holdout,2020-05-07,2020-05-08,75.93499755859375,77.53250122070312,0.02103777854047717,0.0,75.93499755859375,-0.0005902075904169013,75.89018014665638,0.0012419658259790695,76.02930623055732,0.0015809507744456272,76.05504705179153
holdout,2020-05-08,2020-05-11,77.53250122070312,78.75250244140625,0.015735352290909388,0.0,77.53250122070312,-0.0006463932344960015,77.4823847364605,0.0012419658259790695,77.62879393762192,0.0020125508768101194,77.68853932401613
holdout,2020-05-11,2020-05-12,78.75250244140625,77.85250091552734,-0.011428227649636025,0.0,78.75250244140625,-0.001586463312850677,78.62756448548777,0.0012419658259790695,78.8503103581488,0.0015178147339349672,78.87203414994606
holdout,2020-05-12,2020-05-13,77.85250091552734,76.9124984741211,-0.012074145728808161,0.0,77.85250091552734,-0.0014529328024966283,77.73938646319078,0.0012419658259790695,77.94919106113143,0.0017152030047639143,77.98603375902604
holdout,2020-05-13,2020-05-14,76.9124984741211,77.38500213623047,0.006143392445746132,0.0,76.9124984741211,0.0012411814314161685,77.007960839071,0.0012419658259790695,77.00802116881661,0.0013279010857854738,77.01463066435535
holdout,2020-05-14,2020-05-15,77.38500213623047,76.92749786376953,-0.005912053496561764,0.0,77.38500213623047,0.0018845804218457687,77.5308403962009,0.0012419658259790695,77.48111166432697,0.0012393844620756413,77.4809119054758
holdout,2020-05-15,2020-05-18,76.92749786376953,78.73999786376953,0.023561145888427948,0.0,76.92749786376953,-0.0007018517977398588,76.87350616109822,0.0012419658259790695,77.02303918719441,0.001174291174326032,77.01783314557393
holdout,2020-05-18,2020-05-19,78.73999786376953,78.28500366210938,-0.005778438074729886,0.0,78.73999786376953,-0.000967049147561609,78.66385241595637,0.0012419658259790695,78.83779025025399,0.0015324982511848472,78.86066677279406
holdout,2020-05-19,2020-05-20,78.28500366210938,79.80750274658203,0.01944815754296969,0.0,78.28500366210938,-0.0006923306220697313,78.23080455682525,0.0012419658259790695,78.38223096134436,0.0010402879263391753,78.36644260623248
holdout,2020-05-20,2020-05-21,79.80750274658203,79.2125015258789,-0.007455454690675767,0.0,79.80750274658203,-0.001078201282580469,79.72145419476112,0.0012419658259790695,79.90662093765002,0.0016850789701890183,79.9419846911236
holdout,2020-05-21,2020-05-22,79.2125015258789,79.72250366210938,0.006438404625611405,0.0,79.2125015258789,0.0002849431786003751,79.23507258784856,0.0012419658259790695,79.31088074576436,0.001270723956490159,79.31315874922136
holdout,2020-05-22,2020-05-26,79.72250366210938,79.18250274658203,-0.006773506735514134,0.0,79.72250366210938,5.4560570031429115e-05,79.72685336735351,0.0012419658259790695,79.8215162872192,0.0015922519338272126,79.84944197273491
holdout,2020-05-26,2020-05-27,79.18250274658203,79.52749633789062,0.0043569422453433315,0.0,79.18250274658203,0.00233338625238248,79.36726610992014,0.0012419658259790695,79.28084470900878,0.001431143437486035,79.29582426575152
holdout,2020-05-27,2020-05-28,79.52749633789062,79.5625,0.0004401454053155618,0.0,79.52749633789062,-0.0003181616980513281,79.502193734614,0.0012419658259790695,79.62626677056795,0.0012443814295268682,79.62645887747026
holdout,2020-05-28,2020-05-29,79.5625,79.48500061035156,-0.0009740693121563782,0.0,79.5625,-8.814939528780296e-06,79.56179866137374,0.0012419658259790695,79.66131390602945,0.0011110318990134023,79.65089647546525
holdout,2020-05-29,2020-06-01,79.48500061035156,80.4625015258789,0.012297929269941221,0.0,79.48500061035156,-0.0010669936802597479,79.40019061702488,0.0012419658259790695,79.58371826478754,0.001305123374955225,79.58873834260646
holdout,2020-06-01,2020-06-02,80.4625015258789,80.83499908447266,0.004629455355348977,0.0,80.4625015258789,-0.00026462399496985896,80.44120921727986,0.0012419658259790695,80.56243320304684,0.0012977412525957469,80.5669210333961
holdout,2020-06-02,2020-06-03,80.83499908447266,81.27999877929688,0.005505037420229231,0.0,80.83499908447266,-0.0006016007421254126,80.78636868903372,0.0012419658259790695,80.93539339087862,0.0015834785016287827,80.96299956770211
holdout,2020-06-03,2020-06-04,81.27999877929688,80.58000183105469,-0.008612167307518348,0.0,81.27999877929688,-0.0006273724409751121,81.22900594806025,0.0012419658259790695,81.38094576011638,0.0016735397900164302,81.41602409138652
holdout,2020-06-04,2020-06-05,80.58000183105469,82.875,0.02848098928760323,0.0,80.58000183105469,0.0004960842345762052,80.6199762995852,0.0012419658259790695,80.68007943958618,0.0014052447508567782,80.69323645565181
holdout,2020-06-05,2020-06-08,82.875,83.36499786376953,0.005912493077158798,0.0,82.875,0.0013542171472529303,82.98723074607858,0.0012419658259790695,82.97792791782801,0.0018331175650835026,83.02691961820629
holdout,2020-06-08,2020-06-09,83.36499786376953,85.99749755859375,0.03157799750833212,0.0,83.36499786376953,0.0011945453079303006,83.46458113081331,0.0012419658259790695,83.46853434219915,0.0016728500032161594,83.50445500071405
holdout,2020-06-09,2020-06-10,85.99749755859375,88.20999908447266,0.025727510551937005,0.0,85.99749755859375,0.0005536594054478057,86.04511088196205,0.0012419658259790695,86.10430351168124,0.0017154914691523222,86.14502553202396
holdout,2020-06-10,2020-06-11,88.20999908447266,83.9749984741211,-0.0480104370741008,0.0,88.20999908447266,0.001833712289794585,88.37175084387663,0.0012419658259790695,88.31955288884521,0.0012189305748335128,88.31752094936276
holdout,2020-06-11,2020-06-12,83.9749984741211,84.69999694824219,0.008633503867755632,0.0,83.9749984741211,-0.0005614392189636159,83.92785161656532,0.0012419658259790695,84.07929255246259,0.002016256763747542,84.14431363278024
holdout,2020-06-12,2020-06-15,84.69999694824219,85.74749755859375,0.012367185927901092,0.0,84.69999694824219,0.0022446007703368566,84.89011462663974,0.0012419658259790695,84.80519144991243,0.0014655077616619915,84.8241254511826
holdout,2020-06-15,2020-06-16,85.74749755859375,88.0199966430664,0.026502220463282766,0.0,85.74749755859375,0.0016522743654871627,85.88917595071449,0.0012419658259790695,85.85399302022475,0.00202975209724071,85.92154372159645
holdout,2020-06-16,2020-06-17,88.0199966430664,87.89749908447266,-0.0013917014685934648,0.0,88.0199966430664,-0.00162824390211895,87.87667862026781,-0.0013722367253427073,87.89921237110825,-0.0006276580591892491,87.96475018280357
holdout,2020-06-17,2020-06-18,87.89749908447266,87.93250274658203,0.0003982327423870391,0.0,87.89749908447266,0.0003570129562546825,87.9288796304682,0.0012419658259790695,88.0066647745246,0.0019503673847359486,88.06893149988686
holdout,2020-06-18,2020-06-19,87.93250274658203,87.43000030517578,-0.005714638224894375,0.0,87.93250274658203,-0.0015414866426849035,87.79695596814032,0.0012419658259790695,88.04171190998609,0.0013694177408791338,88.0529190758431
holdout,2020-06-19,2020-06-22,87.43000030517578,89.71749877929688,0.0261637706294926,0.0,87.43000030517578,0.0005208114198619277,87.47553484777323,0.0012419658259790695,87.53858537772014,0.0013529289542412544,87.54828688405799
holdout,2020-06-22,2020-06-23,89.71749877929688,91.63249969482422,0.021344787155047618,0.0,89.71749877929688,-0.0011607893914541046,89.61335565848607,0.0012419658259790695,89.82892484677308,0.0019901602110602616,89.89605097560329
holdout,2020-06-23,2020-06-24,91.63249969482422,90.01499938964844,-0.017652037329143666,0.0,91.63249969482422,0.00044347966120369736,91.67313684474412,0.0012419658259790695,91.74630412799422,0.0017032378869840904,91.7885716399835
holdout,2020-06-24,2020-06-25,90.01499938964844,91.20999908447266,0.013275561883319131,0.0,90.01499938964844,0.0007791138210721028,90.08513131977672,0.0012419658259790695,90.1267949427159,0.0012968339648442152,90.13173389820237
holdout,2020-06-25,2020-06-26,91.20999908447266,88.40750122070312,-0.030725774497311842,0.0,91.20999908447266,0.0007341456972035044,91.27696051284245,0.0012419658259790695,91.32327878632314,0.0014068683386972835,91.3383195443572
holdout,2020-06-26,2020-06-29,88.40750122070312,90.44499969482422,0.02304666963762081,0.0,88.40750122070312,0.0005407322516705064,88.45530600790276,0.0012419658259790695,88.51730031597944,0.0011552400456803565,88.50963310645183
holdout,2020-06-29,2020-06-30,90.44499969482422,91.19999694824219,0.008347584233129979,0.0,90.44499969482422,-0.0008087394994343191,90.3718532510447,0.0012419658259790695,90.55732929357588,0.0013555520284421318,90.56760259762298
holdout,2020-06-30,2020-07-01,91.19999694824219,91.02749633789062,-0.0018914541241646932,0.0,91.19999694824219,0.0010715143857404409,91.29771905695172,0.0012419658259790695,91.31326422778129,0.0014204439051626334,91.32954142805816
holdout,2020-07-01,2020-07-02,91.02749633789062,91.02749633789062,0.0,0.0,91.02749633789062,-0.00190641554024978,90.85396010428205,0.0012419658259790695,91.14054937756671,0.0005945842544684257,91.08161985393681
holdout,2020-07-02,2020-07-06,91.02749633789062,93.4625015258789,0.026750215989129744,0.0,91.02749633789062,0.0005848478160161695,91.08073357032126,0.0012419658259790695,91.14054937756671,0.0010740525595347705,91.12526465332037
holdout,2020-07-06,2020-07-07,93.4625015258789,93.17250061035156,-0.003102858481131565,0.0,93.4625015258789,-0.0016531815137413542,93.3079910461283,0.0012419658259790695,93.57857875878456,0.001789488403563804,93.62975158852754
holdout,2020-07-07,2020-07-08,93.17250061035156,95.34249877929688,0.023290114086561564,0.0,93.17250061035156,-0.0007504571280797117,93.10257864312752,0.0012419658259790695,93.28821767203063,0.0016631884495212376,93.32746403717971
holdout,2020-07-08,2020-07-09,95.34249877929688,95.75250244140625,0.004300324276778955,0.0,95.34249877929688,0.0005055654314789567,95.39070065083051,0.0012419658259790695,95.4609109045442,0.0016677610086025523,95.50150728122371
holdout,2020-07-09,2020-07-10,95.75250244140625,95.91999816894531,0.0017492569203771957,0.0,95.75250244140625,0.0015368243611249151,95.89965721979688,0.0012419658259790695,95.87142377719044,0.0014091338932639135,95.88743053796127
holdout,2020-07-10,2020-07-13,95.91999816894531,95.47750091552734,-0.004613190803429701,0.0,95.91999816894531,-0.00024819908971733095,95.89619091271409,0.0012419658259790695,96.03912752869911,0.0018122374156542553,96.09382797853655
holdout,2020-07-13,2020-07-14,95.47750091552734,97.05750274658203,0.016548420475024583,0.0,95.47750091552734,-0.00016452838316098574,95.46179215667347,0.0012419658259790695,95.59608070881431,0.001713776845548558,95.64112804586722
holdout,2020-07-14,2020-07-15,97.05750274658203,97.7249984741211,0.006877322295030686,0.0,97.05750274658203,-0.0005583289933576269,97.00331272877573,0.0012419658259790695,97.17804484814815,0.0015652822872440873,97.2094251364754
holdout,2020-07-15,2020-07-16,97.7249984741211,96.52249908447266,-0.012304931270650021,0.0,97.7249984741211,-0.0007353641742251708,97.65313501131702,0.0012419658259790695,97.8463695825698,0.0013480581646237396,97.85673745620197
holdout,2020-07-16,2020-07-17,96.52249908447266,96.32749938964844,-0.0020202512022980956,0.0,96.52249908447266,-0.0016619248547392667,96.36208594420262,0.0012419658259790695,96.64237672977366,0.001395668581144966,96.65721250381844
holdout,2020-07-17,2020-07-20,96.32749938964844,98.35749816894531,0.0210739279246257,0.0,96.32749938964844,-0.0005914576952668121,96.27052574886862,0.0012419658259790695,96.4471348519924,0.0011042268184439728,96.43386679782813
holdout,2020-07-20,2020-07-21,98.35749816894531,97.0,-0.013801674444927303,0.0,98.35749816894531,-0.0007693547686093405,98.28182635870056,0.0012419658259790695,98.47965482039994,0.0017948369457631442,98.53403384055177
holdout,2020-07-21,2020-07-22,97.0,97.27249908447266,0.0028092689120893244,0.0,97.0,-0.0018269127252704153,96.82278946564877,0.0012419658259790695,97.12047068511997,0.0010491050498210104,97.10176318983262
holdout,2020-07-22,2020-07-23,97.27249908447266,92.84500122070312,-0.04551643995416055,0.0,97.27249908447266,-0.00012628517608501144,97.26021500979755,0.0012419658259790695,97.39330820414315,0.001390389594701875,97.40774575505036
holdout,2020-07-23,2020-07-24,92.84500122070312,92.61499786376953,-0.0024772831483609314,0.0,92.84500122070312,0.0017926087598340624,93.01143598319817,0.0012419658259790695,92.96031153933222,0.0022586447843589747,93.05470509846405
holdout,2020-07-24,2020-07-27,92.61499786376953,94.80999755859375,0.023700261787544585,0.0,92.61499786376953,0.0003085126405275524,92.64357076131294,0.0012419658259790695,92.73002252608946,0.0007573692354043168,92.68514161388859
holdout,2020-07-27,2020-07-28,94.80999755859375,93.25250244140625,-0.0164275409481468,0.0,94.80999755859375,-0.0007940165505715582,94.73471685137258,0.0012419658259790695,94.92774833552268,0.0010828871060723274,94.9126660824767
holdout,2020-07-28,2020-07-29,93.25250244140625,95.04000091552734,0.01916837004180394,0.0,93.25250244140625,-0.003198987070479629,92.95418889180633,-0.0013722367253427073,93.12453793282604,-0.0011224718750590132,93.1478291301369
holdout,2020-07-29,2020-07-30,95.04000091552734,96.19000244140625,0.01210018428872961,0.0,95.04000091552734,0.0002312834978944417,95.06198209937897,0.0012419658259790695,95.15803734876545,0.0005408474574703044,95.0914030583805
holdout,2020-07-30,2020-07-31,96.19000244140625,106.26000213623047,0.10468863124271488,0.0,96.19000244140625,-0.000996965397113283,96.09410433742393,0.0012419658259790695,96.30946713723931,0.0011534048264873105,96.300948454482
holdout,2020-07-31,2020-08-03,106.26000213623047,108.9375,0.02519760784812375,0.0,106.26000213623047,-0.002078694312044184,106.03912007419208,0.0012419658259790695,106.39197342755213,-0.00042020850034877303,106.21535078008574
holdout,2020-08-03,2020-08-04,108.9375,109.66500091552734,0.006678149540124689,0.0,108.9375,-0.001300000639380261,108.79588118034751,0.0012419658259790695,109.07279665216758,-0.0017032531467619076,108.75195186032462
holdout,2020-08-04,2020-08-05,109.66500091552734,110.0625,0.0036246667683779155,0.0,109.66500091552734,-0.0029771283341889433,109.33851413403288,0.0012419658259790695,109.80120109897038,0.0013871439476835599,109.81712205782003
holdout,2020-08-05,2020-08-06,110.0625,113.90249633789062,0.03488923418867129,0.0,110.0625,0.0036272871691580473,110.46172829405546,0.0012419658259790695,110.19919386372182,0.010755219422386206,111.24624633767637
holdout,2020-08-06,2020-08-07,113.90249633789062,111.11250305175781,-0.02449457541173039,0.0,113.90249633789062,-0.0012593631015264,113.75905173683094,0.0012419658259790695,114.04395934583599,-0.005620308003474626,113.26232922610704
holdout,2020-08-07,2020-08-10,111.11250305175781,112.72750091552734,0.014534798689731954,0.0,111.11250305175781,-0.0032333088290129627,110.75324201462684,0.0012419658259790695,111.25050098338708,-0.0002814879596434693,111.0812262199829
holdout,2020-08-10,2020-08-11,112.72750091552734,109.375,-0.029739867275506704,0.0,112.72750091552734,-0.0031230500290683207,112.3754472905163,0.0012419658259790695,112.86750461931244,0.001595368930536245,112.90734286810499
holdout,2020-08-11,2020-08-12,109.375,113.01000213623047,0.03323430524553572,0.0,109.375,-0.001144959956801727,109.24977000472481,0.0012419658259790695,109.51084001221645,5.731283254611722e-05,109.38126859105972
holdout,2020-08-12,2020-08-13,113.01000213623047,115.01000213623047,0.017697548554941767,0.0,113.01000213623047,-0.005050720136349805,112.43922024283208,0.0012419658259790695,113.15035669687748,-0.0016720887936812305,112.82103937808459
holdout,2020-08-13,2020-08-14,115.01000213623047,114.90750122070312,-0.0008912347937002352,0.0,115.01000213623047,-0.003180352575644144,114.64422977971167,0.0012419658259790695,115.15284062852945,-0.0004974158449641185,114.95279433883856
holdout,2020-08-14,2020-08-17,114.90750122070312,114.60749816894531,-0.002610822170622251,0.0,114.90750122070312,-0.003802867342678756,114.47052323688209,0.0012419658259790695,115.05021241036788,0.0014031526650678046,115.06873398727723
holdout,2020-08-17,2020-08-18,114.60749816894531,115.5625,0.008332804103680092,0.0,114.60749816894531,0.001715376668670057,114.80409319735898,0.0012419658259790695,114.74983676507209,0.0012592715627437997,114.75182013226667
holdout,2020-08-18,2020-08-19,115.5625,115.7074966430664,0.0012547032390819446,0.0,115.5625,-0.0008522431083167149,115.46401265579516,0.0012419658259790695,115.7060246757647,0.0016263201672409298,115.75044162432677
holdout,2020-08-19,2020-08-20,115.7074966430664,118.2750015258789,0.02218961568871136,0.0,115.7074966430664,-0.0010271242856179767,115.58865066323625,0.0012419658259790695,115.85120139970668,0.0014922852766514902,115.88016523670505
holdout,2020-08-20,2020-08-21,118.2750015258789,124.37000274658203,0.05153245522782357,0.0,118.2750015258789,-0.0016941714058097542,118.07462340027166,0.0012419658259790695,118.42189503584166,0.0012870635566518134,118.4272289700058
holdout,2020-08-21,2020-08-24,124.37000274658203,125.85749816894531,0.011960242739515126,0.0,124.37000274658203,-0.0029371033522492666,124.00471519459579,0.0012419658259790695,124.5244660397702,0.001938930141557611,124.61114749361298
holdout,2020-08-24,2020-08-25,125.85749816894531,124.82499694824219,-0.00820373228234006,0.0,125.85749816894531,-0.004409476051585454,125.30253254485689,0.0012419658259790695,126.01380888061436,-0.0010278320533748909,125.7281377981697
holdout,2020-08-25,2020-08-26,124.82499694824219,126.52249908447266,0.01359905610039247,0.0,124.82499694824219,-0.004841053119620119,124.22071250735932,0.0012419658259790695,124.98002532867984,0.0007194546037484559,124.9148028669595
holdout,2020-08-26,2020-08-27,126.52249908447266,125.01000213623047,-0.011954371429482857,0.0,126.52249908447266,-0.002083749079810839,126.25885794343003,0.0012419658259790695,126.67963570455304,0.0010015125741458628,126.64921295821811
holdout,2020-08-27,2020-08-28,125.01000213623047,124.80750274658203,-0.0016198655002642726,0.0,125.01000213623047,-0.0034117506750841156,124.58349917704992,0.0012419658259790695,125.16526028678923,0.0010083881358312807,125.1360607392449
holdout,2020-08-28,2020-08-31,124.80750274658203,129.0399932861328,0.03391214827961697,0.0,124.80750274658203,-0.0032071873857568186,124.40722169812538,0.0012419658259790695,124.96250939981907,0.0015664087439973982,125.00300231020077
holdout,2020-08-31,2020-09-01,129.0399932861328,134.17999267578125,0.039832607385921204,0.0,129.0399932861328,-0.002423313520538453,128.72728892571234,0.0012419658259790695,129.20025654797874,0.0012046294929147687,129.1954386678108
holdout,2020-09-01,2020-09-02,134.17999267578125,131.39999389648438,-0.02071842995262474,0.0,134.17999267578125,-0.004503371214687066,133.5757303591782,0.0012419658259790695,134.3466396412147,3.568582141881724e-05,134.18478099903786
holdout,2020-09-02,2020-09-03,131.39999389648438,120.87999725341797,-0.08006086097198728,0.0,131.39999389648438,-0.004796807215712221,130.7696934576172,0.0012419658259790695,131.56318819843767,0.0010680970286898934,131.54034183953507
holdout,2020-09-03,2020-09-04,120.87999725341797,120.95999908447266,0.0006618285313737537,0.0,120.87999725341797,0.0007823747852536791,120.97457071531059,0.0012419658259790695,121.03012607905116,0.006049118093365533,121.61121463192958
holdout,2020-09-04,2020-09-08,120.95999908447266,112.81999969482422,-0.0672949690084228,0.0,120.95999908447266,0.004440626642269732,121.49713727905608,0.0012419658259790695,121.11022726964603,-0.005836597742731933,120.25400422685537
holdout,2020-09-08,2020-09-09,112.81999969482422,117.31999969482422,0.039886545046732946,0.0,112.81999969482422,0.0037920560675173505,113.24781945920428,0.0012419658259790695,112.96011827893216,0.008602537288826212,113.79053794912431
holdout,2020-09-09,2020-09-10,117.31999969482422,113.48999786376953,-0.03264577089172682,0.0,117.31999969482422,-0.0056602291492136945,116.65594161276583,-0.0013722367253427073,117.15900888262578,-0.004881698739179961,116.7472788002334
holdout,2020-09-10,2020-09-11,113.48999786376953,112.0,-0.01312889146018037,0.0,113.48999786376953,0.00021518490738051555,113.51441919844846,0.0012419658259790695,113.63094856270676,-0.005999316475408971,112.80913544979128
holdout,2020-09-11,2020-09-14,112.0,115.36000061035156,0.03000000544956749,0.0,112.0,-0.0034862663170542253,111.60953817248993,-0.0013722367253427073,111.84630948676161,0.0007483353327722478,112.08381355727049
holdout,2020-09-14,2020-09-15,115.36000061035156,115.54000091552734,0.0015603355081781345,0.0,115.36000061035156,-0.00019071024243899875,115.3380002766674,0.0012419658259790695,115.50327378879454,-0.0005319638902364205,115.2986332556492
holdout,2020-09-15,2020-09-16,115.54000091552734,112.12999725341797,-0.029513619829399818,0.0,115.54000091552734,-0.0044146315329605754,115.02993438416736,0.0012419658259790695,115.68349764819801,-0.0011363570736860418,115.40870621819329
holdout,2020-09-16,2020-09-17,112.12999725341797,110.33999633789062,-0.01596362221861003,0.0,112.12999725341797,0.002891443995492809,112.45421486069098,0.0012419658259790695,112.26925887807384,0.0027443653151826984,112.43772292867177
holdout,2020-09-17,2020-09-18,110.33999633789062,106.83999633789062,-0.03172013880879665,0.0,110.33999633789062,0.004848504104118519,110.8749802629833,0.0012419658259790695,110.47703484258093,0.005368977998543453,110.93240935058813
holdout,2020-09-18,2020-09-21,106.83999633789062,110.08000183105469,0.030325773158183855,0.0,106.83999633789062,0.0021651957790861224,107.07132584699899,0.0012419658259790695,106.97268796219001,-0.0002884641708327042,106.80917682693524
holdout,2020-09-21,2020-09-22,110.08000183105469,111.80999755859375,0.015715803949514662,0.0,110.08000183105469,-0.0030358448268058467,109.7458160269611,0.0012419658259790695,110.21671743145257,-2.4908390352102604e-05,110.07725991539913
holdout,2020-09-22,2020-09-23,111.80999755859375,107.12000274658203,-0.0419461131778841,0.0,111.80999755859375,-0.006112208421768038,111.12659154987824,0.0012419658259790695,111.94886175456432,-0.0006539796287119338,111.7368760979041
holdout,2020-09-23,2020-09-24,107.12000274658203,108.22000122070312,0.010268842848365045,0.0,107.12000274658203,-0.0036493136560393695,106.72908825772396,0.0012419658259790695,107.25304212927206,-0.005200762198431964,106.56289708560168
holdout,2020-09-24,2020-09-25,108.22000122070312,112.27999877929688,0.03751614778042578,0.0,108.22000122070312,-0.0023128521002461376,107.96970436359119,0.0012419658259790695,108.35440676390665,-0.0011190645104624606,108.09889605801483
holdout,2020-09-25,2020-09-28,112.27999877929688,114.95999908447266,0.023868902158110217,0.0,112.27999877929688,-0.005734093202313379,111.63617480154076,0.0012419658259790695,112.41944670072172,0.0010463287105209802,112.39748056563691
holdout,2020-09-28,2020-09-29,114.95999908447266,114.08999633789062,-0.007567873638749334,0.0,114.95999908447266,-0.006925587845997557,114.16383351203734,-0.0013722367253427073,114.80224675178358,-0.003048628801227382,114.60952872027467
holdout,2020-09-29,2020-09-30,114.08999633789062,115.80999755859375,0.01507582852057543,0.0,114.08999633789062,-0.0028715264317245247,113.76238389781102,0.0012419658259790695,114.23169221442835,0.0008523715405082661,114.18724340382573
holdout,2020-09-30,2020-10-01,115.80999755859375,116.79000091552734,0.008462165422616241,0.0,115.80999755859375,-0.0027908863345946114,115.48678501899803,0.0012419658259790695,115.95382961786824,-3.490494343230652e-05,115.80595521718007
holdout,2020-10-01,2020-10-02,116.79000091552734,113.0199966430664,-0.032280197302059555,0.0,116.79000091552734,-0.0023015766608582375,116.52119977519855,0.0012419658259790695,116.93505010548049,0.0008964217746825937,116.89469401541321
holdout,2020-10-02,2020-10-05,113.0199966430664,116.5,0.03079104105730912,0.0,113.0199966430664,-0.004213121175093978,112.54382970200045,0.0012419658259790695,113.16036361654936,0.0012438210594076606,113.16057329502524
holdout,2020-10-05,2020-10-06,116.5,113.16000366210938,-0.028669496462580435,0.0,116.5,0.0006212208996593358,116.57237223481033,0.0012419658259790695,116.64468901872655,0.00122054247250705,116.64219319804708
holdout,2020-10-06,2020-10-07,113.16000366210938,115.08000183105469,0.016967109462795227,0.0,113.16000366210938,-0.0005576848727102,113.09689603987118,0.0012419658259790695,113.30054451952537,0.0004927894944906322,113.21576772311059
holdout,2020-10-07,2020-10-08,115.08000183105469,114.97000122070312,-0.0009558620837792908,0.0,115.08000183105469,-0.003520765008456031,114.67483218743486,0.0012419658259790695,115.22292726058247,-0.0007016537855404831,114.99925551212993
holdout,2020-10-08,2020-10-09,114.97000122070312,116.97000122070312,0.017395842208966172,0.0,114.97000122070312,-0.0005307796167091786,114.90897748752214,0.0012419658259790695,115.112790033232,0.001025733576920021,115.08792981129372
holdout,2020-10-09,2020-10-12,116.97000122070312,124.4000015258789,0.0635205627736688,0.0,116.97000122070312,-0.002365281352691743,116.69333425799147,0.0012419658259790695,117.11527396488397,0.001057471408504813,117.09369365264679
holdout,2020-10-12,2020-10-13,124.4000015258789,121.0999984741211,-0.026527355396143704,0.0,124.4000015258789,0.0022787468407105536,124.6834776363404,0.0012419658259790695,124.55450207652578,0.006022245115663437,125.14916882745666
holdout,2020-10-13,2020-10-14,121.0999984741211,121.19000244140625,0.000743220218160312,0.0,121.0999984741211,-0.002371593587217488,120.81279849432782,0.0012419658259790695,121.25040053375206,0.0008940629957791069,121.20826950154573
holdout,2020-10-14,2020-10-15,121.19000244140625,120.70999908447266,-0.00396075045188371,0.0,121.19000244140625,0.0017726869177359561,121.40483437329452,0.0012419658259790695,121.34051628288879,0.0018217740770671764,121.41078324625371
holdout,2020-10-15,2020-10-16,120.70999908447266,119.0199966430664,-0.014000517390639566,0.0,120.70999908447266,0.004221341021983633,121.21955715537155,0.0012419658259790695,120.85991677818953,0.0022565403941118708,120.98238607337998
holdout,2020-10-16,2020-10-19,119.0199966430664,115.9800033569336,-0.025541870037600223,0.0,119.0199966430664,-0.0005456123304544544,118.9550578653273,0.0012419658259790695,119.16781541150523,0.0005453498608888718,119.08490418167871
holdout,2020-10-19,2020-10-20,115.9800033569336,117.51000213623047,0.013191918736096486,0.0,115.9800033569336,-0.00013031516035764013,115.96488940419785,0.0012419658259790695,116.12404655759984,0.001104897295305897,116.10814934895222
holdout,2020-10-20,2020-10-21,117.51000213623047,116.87000274658203,-0.005446339698866431,0.0,117.51000213623047,-0.0019855349104928805,117.27668192465688,0.0012419658259790695,117.65594554309439,0.0004920455082882529,117.56782240496054
holdout,2020-10-21,2020-10-22,116.87000274658203,115.75,-0.009583320957137431,0.0,116.87000274658203,-0.0027292625056036116,116.551033830056,0.0012419658259790695,117.01515129607536,-1.3701723405026104e-05,116.86840142613006
holdout,2020-10-22,2020-10-23,115.75,115.04000091552734,-0.006133901377733508,0.0,115.75,-0.005375342059594848,115.1278041566019,0.0012419658259790695,115.89375754435707,-0.00013909719527084948,115.7338994996474
holdout,2020-10-23,2020-10-26,115.04000091552734,115.05000305175781,8.694485527538376e-05,0.0,115.04000091552734,-0.0019982173275955076,114.81012599233134,0.0012419658259790695,115.18287666528502,0.0009378832765389735,115.14789500851904
holdout,2020-10-26,2020-10-27,115.05000305175781,116.5999984741211,0.01347236315731326,0.0,115.05000305175781,-0.0011842445327917687,114.91375571464609,0.0012419658259790695,115.19289122382688,0.0011650064965927358,115.18403705274612
holdout,2020-10-27,2020-10-28,116.5999984741211,111.19999694824219,-0.046312192080151804,0.0,116.5999984741211,-0.0025804238620899607,116.29912105573881,0.0012419658259790695,116.74481168753516,0.0008908986627702895,116.7038772568407
holdout,2020-10-28,2020-10-29,111.19999694824219,115.31999969482422,0.03705038542851469,0.0,111.19999694824219,-0.0019039923056728071,110.9882730096619,0.0012419658259790695,111.33810354430088,0.0030612187334230073,111.54040446205671
holdout,2020-10-29,2020-10-30,115.31999969482422,108.86000061035156,-0.05601802897648289,0.0,115.31999969482422,-0.0006411071120929741,115.24606722285331,0.0012419658259790695,115.4632231934971,0.0007192666240027658,115.40294552168471
holdout,2020-10-30,2020-11-02,108.86000061035156,108.7699966430664,-0.0008267863933540953,0.0,108.86000061035156,-0.0006340571025924067,108.79097715377635,0.0012419658259790695,108.99520101092567,-0.0003632677785649831,108.82045527975525
holdout,2020-11-02,2020-11-03,108.7699966430664,110.44000244140625,0.01535355198934174,0.0,108.7699966430664,-0.003913911539247136,108.34428049808123,-0.0013722367253427073,108.62073845905739,0.0022836183518390313,109.01838580353
holdout,2020-11-03,2020-11-04,110.44000244140625,114.94999694824219,0.04083660274481349,0.0,110.44000244140625,0.0005068761055861694,110.49598183974469,0.0012419658259790695,110.57716515025952,-0.0008342064688246988,110.34787267695262
holdout,2020-11-04,2020-11-05,114.94999694824219,119.02999877929688,0.03549370978140831,0.0,114.94999694824219,-0.006365490305176949,114.21828385708803,-0.0013722367253427073,114.79225834085177,-0.0030482583093500515,114.59959966488495
holdout,2020-11-05,2020-11-06,119.02999877929688,118.69000244140625,-0.002856392013588449,0.0,119.02999877929688,-0.002970997113622743,118.67636099648907,0.0012419658259790695,119.17782997004709,0.001802945625156801,119.24460339485842
holdout,2020-11-06,2020-11-09,118.69000244140625,116.31999969482422,-0.019968006553475526,0.0,118.69000244140625,-0.005912693209433759,117.98822486994327,0.0012419658259790695,118.83741136832384,0.0013445762466107337,118.84959019939913
holdout,2020-11-09,2020-11-10,116.31999969482422,115.97000122070312,-0.003008927742772949,0.0,116.31999969482422,-0.0014486544446156093,116.15149221026863,0.0012419658259790695,116.46446515932308,0.00019957356287292046,116.34321409159668
holdout,2020-11-10,2020-11-11,115.97000122070312,119.48999786376953,0.03035264815051164,0.0,115.97000122070312,0.00011735180145518056,115.98361050926114,0.0012419658259790695,116.11403199905799,0.0007407607223520592,116.05590724257853
holdout,2020-11-11,2020-11-12,119.48999786376953,119.20999908447266,-0.0023432821516667923,0.0,119.48999786376953,-0.0016298570346077595,119.29524625018601,0.0012419658259790695,119.63840035766263,0.0014811289048551725,119.66697795344663
holdout,2020-11-12,2020-11-13,119.20999908447266,119.26000213623047,0.00041945350341277,0.0,119.20999908447266,-0.0015609877343745744,119.023913738087,0.0012419658259790695,119.35805382945055,0.001449452580396864,119.38278832525477
holdout,2020-11-13,2020-11-16,119.26000213623047,120.30000305175781,0.008720450250699674,0.0,119.26000213623047,-0.0025821795404276054,118.95205139872294,0.0012419658259790695,119.40811898328985,0.00075432227086926,119.34996261186573
holdout,2020-11-16,2020-11-17,120.30000305175781,119.38999938964844,-0.0075644525272193786,0.0,120.30000305175781,-0.0015477805710973238,120.11380504433136,0.0012419658259790695,120.44941154441327,0.0011446166448561919,120.4377004376271
holdout,2020-11-17,2020-11-18,119.38999938964844,118.02999877929688,-0.011391243967704412,0.0,119.38999938964844,-0.003386354444069159,118.98570253463788,0.0012419658259790695,119.53827768885404,0.00112273594861975,119.52404283386888
holdout,2020-11-18,2020-11-19,118.02999877929688,118.63999938964844,0.005168182806577715,0.0,118.02999877929688,-0.0017616353562002127,117.822072960355,0.0012419658259790695,118.1765880042211,0.0010459125642128995,118.15344783797417
holdout,2020-11-19,2020-11-20,118.63999938964844,117.33999633789062,-0.010957544322705348,0.0,118.63999938964844,-8.860109256952626e-05,118.62948775608007,0.0012419658259790695,118.78734621448456,0.0010467423785733918,118.7641849048035
holdout,2020-11-20,2020-11-23,117.33999633789062,113.8499984741211,-0.02974261098253128,0.0,117.33999633789062,-0.0009206267122599762,117.23197000284547,0.0012419658259790695,117.48572860336279,0.0006893548500852573,117.42088523347513
holdout,2020-11-23,2020-11-24,113.8499984741211,115.16999816894531,0.011594200373434838,0.0,113.8499984741211,-0.002161486167518098,113.60391327724733,0.0012419658259790695,113.99139628151372,0.00145666857018469,114.01584018861392
holdout,2020-11-24,2020-11-25,115.16999816894531,116.02999877929688,0.007467227785225905,0.0,115.16999816894531,-0.001027766646519347,115.05163028614757,0.0012419658259790695,115.3130353708492,0.0009260312699436588,115.27664918860911
holdout,2020-11-25,2020-11-27,116.02999877929688,116.58999633789062,0.0048263170256421795,0.0,116.02999877929688,-0.0011045794219881081,115.90183443031195,0.0012419658259790695,116.17410407256915,0.0007353147595690206,116.11531734995206
holdout,2020-11-27,2020-11-30,116.58999633789062,119.05000305175781,0.021099637971836005,0.0,116.58999633789062,-0.0023242074234766756,116.31901700289897,0.0012419658259790695,116.7347971289933,0.0007957895763059244,116.68277744167787
holdout,2020-11-30,2020-12-01,119.05000305175781,122.72000122070312,0.030827367281542672,0.0,119.05000305175781,-0.0003540437254112346,119.00785414516714,0.0012419658259790695,119.1978590871308,0.0013481854318712816,119.21050453153643
holdout,2020-12-01,2020-12-02,122.72000122070312,123.08000183105469,0.0029335121151452537,0.0,122.72000122070312,-0.0009505943834846584,122.6033442768015,0.0012419658259790695,122.87241526838334,0.0017010398326713105,122.92875283104502
holdout,2020-12-02,2020-12-03,123.08000183105469,122.94000244140625,-0.0011374665873064016,0.0,123.08000183105469,-0.0010305982807752886,122.95315579276978,0.0012419658259790695,123.23286298719029,0.0017781807582065664,123.29886032203069
holdout,2020-12-03,2020-12-04,122.94000244140625,122.25,-0.005612513646525374,0.0,122.94000244140625,-0.00011497691578309273,122.92586717909917,0.0012419658259790695,123.09268972308425,0.0017257657459079367,123.15216808642147
holdout,2020-12-04,2020-12-07,122.25,123.75,0.012269938650306678,0.0,122.25,0.0016200326009357534,122.44804898546438,0.0012419658259790695,122.40183032222593,0.001289708480948306,122.40766686179592
holdout,2020-12-07,2020-12-08,123.75,124.37999725341797,0.005090886896306879,0.0,123.75,0.00018510860790269283,123.77290719022797,0.0012419658259790695,123.90369327096491,0.0013793211398150345,123.9206909910521
holdout,2020-12-08,2020-12-09,124.37999725341797,121.77999877929688,-0.020903670457748325,0.0,124.37999725341797,-0.0023724255820271804,124.08491496604148,0.0012419658259790695,124.53447295944208,0.001652077998576965,124.5854827103434
holdout,2020-12-09,2020-12-10,121.77999877929688,123.23999786376953,0.011988824922872787,0.0,121.77999877929688,-0.0030028083980189802,121.41431677625165,0.0012419658259790695,121.93124537606853,0.0005711279792897112,121.8495507439176
holdout,2020-12-10,2020-12-11,123.23999786376953,122.41000366210938,-0.00673477942264844,0.0,123.23999786376953,-0.0011714352801748752,123.09563018234324,0.0012419658259790695,123.39305772951006,0.0010223851241750505,123.36599660428881
holdout,2020-12-11,2020-12-14,122.41000366210938,121.77999877929688,-0.005146678081568545,0.0,122.41000366210938,-0.0023556052229442913,122.12165401814228,0.0012419658259790695,122.56203270341568,0.0010730896545437744,122.54136057065183
holdout,2020-12-14,2020-12-15,121.77999877929688,127.87999725341797,0.050090314791152,0.0,121.77999877929688,-0.0031680670062032407,121.39419158314873,0.0012419658259790695,121.93124537606853,0.0008438388454238858,121.88276147286253
holdout,2020-12-15,2020-12-16,127.87999725341797,127.80999755859375,-0.0005473858017489563,0.0,127.87999725341797,0.0010315905437653003,128.0119170493213,0.0012419658259790695,128.038819839833,0.0018022951401206334,128.11047475098644
holdout,2020-12-16,2020-12-17,127.80999755859375,128.6999969482422,0.006963456745552543,0.0,127.80999755859375,-0.00122357118688146,127.65361292818567,0.0012419658259790695,127.96873320777999,0.0015380235556694693,128.00657234548893
holdout,2020-12-17,2020-12-18,128.6999969482422,126.66000366210938,-0.015850764059871847,0.0,128.6999969482422,-0.0006091058963459376,128.62160502124132,0.0012419658259790695,128.8598379462555,0.0022659274866898196,128.9916218088641
holdout,2020-12-18,2020-12-21,126.66000366210938,128.22999572753906,0.012395326227985448,0.0,126.66000366210938,0.002061487275890935,126.9211116480231,0.0012419658259790695,126.81731105817609,0.0025081696560244567,126.97768843992664
holdout,2020-12-21,2020-12-22,128.22999572753906,131.8800048828125,0.028464550236973585,0.0,128.22999572753906,0.0007518089858320463,128.32640019058024,0.0012419658259790695,128.3892530000981,0.0016182815771904975,128.43750796726817
holdout,2020-12-22,2020-12-23,131.8800048828125,130.9600067138672,-0.006976024680639181,0.0,131.8800048828125,0.00012243089400269585,131.89615106971138,0.0012419658259790695,132.0437953420069,0.0016940812300859232,132.1034203237081
holdout,2020-12-23,2020-12-24,130.9600067138672,131.97000122070312,0.007712236217600754,0.0,130.9600067138672,-0.0027219422866439596,130.60354113373353,0.0012419658259790695,131.1226545667758,0.0014013428682226586,131.14352658529805
holdout,2020-12-24,2020-12-28,131.97000122070312,136.69000244140625,0.035765713245766495,0.0,131.97000122070312,-0.0002379314771141683,131.93860140337793,0.0012419658259790695,132.13390345227364,0.0013536825025096504,132.14864670221175
holdout,2020-12-28,2020-12-29,136.69000244140625,134.8699951171875,-0.013314853257091142,0.0,136.69000244140625,-0.001300738314853275,136.51220451797334,0.0012419658259790695,136.85976675319148,0.0017710066803748152,136.93208134887044
holdout,2020-12-29,2020-12-30,134.8699951171875,133.72000122070312,-0.008526684497060733,0.0,134.8699951171875,-0.003469011397167688,134.40212956699003,0.0012419658259790695,135.037499042073,0.0016735121822235325,135.09570169703255
holdout,2020-12-30,2020-12-31,133.72000122070312,132.69000244140625,-0.007702653080273847,0.0,133.72000122070312,-0.0006711357855904696,133.63025694263473,0.0012419658259790695,133.8860768924691,0.0015343549199709598,133.92517516247463
holdout,2020-12-31,2021-01-04,132.69000244140625,129.41000366210938,-0.024719260825586842,0.0,132.69000244140625,0.0012677006269586875,132.85821364069236,0.0012419658259790695,132.85479888988755,0.0011246344833108154,132.83923019374245
holdout,2021-01-04,2021-01-05,129.41000366210938,131.00999450683594,0.01236373386484213,0.0,129.41000366210938,-0.0005561073138616872,129.338037812586,0.0012419658259790695,129.57072646419755,0.00012452445570614037,129.42611837237834
holdout,2021-01-05,2021-01-06,131.00999450683594,126.5999984741211,-0.0336615236823381,0.0,131.00999450683594,-0.002718611934106769,130.6538291722824,0.0012419658259790695,131.17270444287513,0.0010215828883922075,131.14383207543247
holdout,2021-01-06,2021-01-07,126.5999984741211,130.9199981689453,0.03412322074954277,0.0,126.5999984741211,-0.00209343050267628,126.3349701756766,0.0012419658259790695,126.75723134579495,0.0014020855610343103,126.77750250400864
holdout,2021-01-07,2021-01-08,130.9199981689453,132.0500030517578,0.008631262592551314,0.0,130.9199981689453,-0.0018799698075772512,130.67387252517963,0.0012419658259790695,131.08259633260838,8.840208704748135e-05,130.9315717700197
holdout,2021-01-08,2021-01-11,132.0500030517578,128.97999572753906,-0.023248824333729434,0.0,132.0500030517578,-0.001560913819827326,131.84388437708608,0.0012419658259790695,132.21400464286853,0.0009469682795596425,132.17505021596358
holdout,2021-01-11,2021-01-12,128.97999572753906,128.8000030517578,-0.0013955084644402538,0.0,128.97999572753906,-0.003679796467495586,128.50537559488328,0.0012419658259790695,129.1401844744676,-0.0006268187993220064,128.89914864148056
holdout,2021-01-12,2021-01-13,128.8000030517578,130.88999938964844,0.016226679257536736,0.0,128.8000030517578,0.002068841635853985,129.06646986076942,0.0012419658259790695,128.95996825393408,0.0010656915659834777,128.9372641287087
holdout,2021-01-13,2021-01-14,130.88999938964844,128.91000366210938,-0.015127173479807188,0.0,130.88999938964844,-0.0012466814378821658,130.72682125700496,0.0012419658259790695,131.0525602958528,0.0010182240970653387,131.02327474109185
holdout,2021-01-14,2021-01-15,128.91000366210938,127.13999938964844,-0.013730542410815172,0.0,128.91000366210938,-0.0032993285678815164,128.48468720434127,0.0012419658259790695,129.07010548128454,0.00037302261303916916,128.9580900085223
holdout,2021-01-15,2021-01-19,127.13999938964844,127.83000183105469,0.005427107477730786,0.0,127.13999938964844,-0.0032530192743047376,126.72641052109881,0.0012419658259790695,127.29790292400537,0.0007267998764949328,127.23240472550242
holdout,2021-01-19,2021-01-20,127.83000183105469,132.02999877929688,0.0328561127128284,0.0,127.83000183105469,-0.0026947196450903006,127.48553581388862,0.0012419658259790695,127.9887623248637,2.3441451230646423e-05,127.83299835180841
holdout,2021-01-20,2021-01-21,132.02999877929688,136.8699951171875,0.03665830782882318,0.0,132.02999877929688,-0.0034820591042791856,131.57026252000944,0.0012419658259790695,132.19397552578482,0.000772379108972183,132.13197599211162
holdout,2021-01-21,2021-01-22,136.8699951171875,139.07000732421875,0.016073736286376095,0.0,136.8699951171875,-0.003599307912281606,136.37735786080827,0.0012419658259790695,137.03998297372496,0.0016911126791321258,137.10145770132294
holdout,2021-01-22,2021-01-25,139.07000732421875,142.9199981689453,0.027683832904034755,0.0,139.07000732421875,-0.001670501020314815,138.83769073508844,0.0012419658259790695,139.2427275207341,0.0015569112577374586,139.28652698423545
holdout,2021-01-25,2021-01-26,142.9199981689453,143.16000366210938,0.0016792995818566414,0.0,142.9199981689453,-0.0006716115329764038,142.82401144988208,0.0012419658259790695,143.09749992252011,0.000625317079815331,143.00936848484753
holdout,2021-01-26,2021-01-27,143.16000366210938,142.05999755859375,-0.007683752971338942,0.0,143.16000366210938,-0.001999932650432993,142.87369329654942,0.0012419658259790695,143.33780349430475,0.0011577455602509914,143.32574652075468
holdout,2021-01-27,2021-01-28,142.05999755859375,137.08999633789062,-0.03498522670784365,0.0,142.05999755859375,-0.001662969789296977,141.8237560743862,0.0012419658259790695,142.2364312208002,0.0016840907574898326,142.2992394874912
holdout,2021-01-28,2021-01-29,137.08999633789062,131.9600067138672,-0.037420597863168426,0.0,137.08999633789062,0.0005271565844884064,137.16226423212763,0.0012419658259790695,137.2602574284259,0.0011439645475776088,137.24682243352873
holdout,2021-01-29,2021-02-01,131.9600067138672,134.13999938964844,0.01652010127968695,0.0,131.9600067138672,-0.0005126486419911433,131.89235759562817,0.0012419658259790695,132.12389653260178,0.0007914134914782222,132.0644416435161
holdout,2021-02-01,2021-02-02,134.13999938964844,134.99000549316406,0.0063367087176327,0.0,134.13999938964844,-0.003170541317431068,133.71470297926336,0.0012419658259790695,134.30659668478722,0.00041776320395954644,134.19603814557257
holdout,2021-02-02,2021-02-03,134.99000549316406,133.94000244140625,-0.007778376242906226,0.0,134.99000549316406,-0.005739927481388929,134.215172650921,0.0012419658259790695,135.1576584668353,-0.0001679393198806514,134.96733536345084
holdout,2021-02-03,2021-02-04,133.94000244140625,137.38999938964844,0.025757778746879012,0.0,133.94000244140625,-0.004461676907976723,133.34240542545908,-0.015839908553019835,131.81840505114312,-0.0022075859728616083,133.64431837081156
holdout,2021-02-04,2021-02-05,137.38999938964844,136.75999450683594,-0.004585522131241526,0.0,137.38999938964844,-0.0014590642555034352,137.18953855247537,0.0012419658259790695,137.56063307372165,0.0012238330659676505,137.55814181383477
holdout,2021-02-05,2021-02-08,136.75999450683594,136.91000366210938,0.0010968789214593766,0.0,136.75999450683594,-0.0024574061605976863,136.42391965381154,0.0012419658259790695,136.9298457463745,0.0012030195828966089,136.9245194583845
holdout,2021-02-08,2021-02-09,136.91000366210938,136.00999450683594,-0.006573728224378961,0.0,136.91000366210938,-0.0009294912751896273,136.78274700821927,0.0012419658259790695,137.08004120789238,0.0011950492403339766,137.07361785797988
holdout,2021-02-09,2021-02-10,136.00999450683594,135.38999938964844,-0.004558452630158305,0.0,136.00999450683594,0.001850857087343849,136.26172956911853,0.0012419658259790695,136.17891427200502,0.0012101180843654526,136.17458266084313
holdout,2021-02-10,2021-02-11,135.38999938964844,135.1300048828125,-0.0019203376025409558,0.0,135.38999938964844,0.0008834996026901853,135.50961640031744,0.0012419658259790695,135.5581491420697,0.0011214283575026313,135.54182957428625
holdout,2021-02-11,2021-02-12,135.1300048828125,135.3699951171875,0.0017759951580194056,0.0,135.1300048828125,-0.0015418609309425279,134.9216532076856,0.0012419658259790695,135.29783173094134,0.0008429401074331387,135.24391138364587
holdout,2021-02-12,2021-02-16,135.3699951171875,133.19000244140625,-0.016103957704172722,0.0,135.3699951171875,-0.004320053715281333,134.7851894668439,0.0012419658259790695,135.538120024986,9.192268122131263e-05,135.38243869009557
holdout,2021-02-16,2021-02-17,133.19000244140625,130.83999633789062,-0.017644012767020212,0.0,133.19000244140625,-0.003979809298262586,132.65993163125432,0.0012419658259790695,133.35541987280052,-0.00047884857899223727,133.12622459800122
holdout,2021-02-17,2021-02-18,130.83999633789062,129.7100067138672,-0.008636423537534132,0.0,130.83999633789062,-0.004831745027648342,130.20781083616748,0.0012419658259790695,131.00249514201352,1.4036616217659858e-05,130.84183288870514
holdout,2021-02-18,2021-02-19,129.7100067138672,129.8699951171875,0.0012334314627955312,0.0,129.7100067138672,-0.00514314815655002,129.04288893195067,0.0012419658259790695,129.8711021094933,0.0005921973655306979,129.7868206381261
holdout,2021-02-19,2021-02-22,129.8699951171875,126.0,-0.029798993321709433,0.0,129.8699951171875,-0.005512215539715775,129.15412371195973,0.0012419658259790695,130.0312892129431,0.0008159742880091918,129.975965693987
holdout,2021-02-22,2021-02-23,126.0,125.86000061035156,-0.0011111062670511318,0.0,126.0,-0.004509222405988462,125.43183797684544,0.0012419658259790695,126.15648769407336,0.0011030990968772982,126.13899048620652
holdout,2021-02-23,2021-02-24,125.86000061035156,125.3499984741211,-0.004052138358153767,0.0,125.86000061035156,-0.0034642701974022506,125.42398756119209,0.0012419658259790695,126.01631442996732,0.0013329874684509374,126.02777041394438
holdout,2021-02-24,2021-02-25,125.3499984741211,120.98999786376953,-0.0347826139882379,0.0,125.3499984741211,-0.0032602171862514896,124.94133025479917,0.0012419658259790695,125.50567888851248,0.001046398596516584,125.48116453659777
holdout,2021-02-25,2021-02-26,120.98999786376953,121.26000213623047,0.002231624739467808,0.0,120.98999786376953,-0.003014186474200527,120.62531144869502,0.0012419658259790695,121.14026330640161,0.003609255307806893,121.42668165575088
holdout,2021-02-26,2021-03-01,121.26000213623047,127.79000091552734,0.05385121774911972,0.0,121.26000213623047,-0.0005424415904263838,121.19422566781658,0.0012419658259790695,121.4106029149418,0.0028055799011641644,121.600206761039
holdout,2021-03-01,2021-03-02,127.79000091552734,125.12000274658203,-0.02089363917220921,0.0,127.79000091552734,-0.0024555240244259306,127.47620949819785,0.0012419658259790695,127.94871172956626,-0.00012736884303790963,127.77372445095892
holdout,2021-03-02,2021-03-03,125.12000274658203,122.05999755859375,-0.024456562666370862,0.0,125.12000274658203,-0.00467065057700757,124.53561093355852,0.0012419658259790695,125.27539751413968,-0.002649039563708757,124.78855490909498
holdout,2021-03-03,2021-03-04,122.05999755859375,120.12999725341797,-0.015811898605432195,0.0,122.05999755859375,-0.0020148510484825325,121.81406484453504,0.0012419658259790695,122.21159190428061,0.00013305210992390395,122.07623789880623
holdout,2021-03-04,2021-03-05,120.12999725341797,121.41999816894531,0.01073837463598748,0.0,120.12999725341797,0.0017774206555365379,120.34351879188574,0.0012419658259790695,120.27919460468166,5.0611067206473026e-05,120.13607716078248
holdout,2021-03-05,2021-03-08,121.41999816894531,116.36000061035156,-0.04167351041756073,0.0,121.41999816894531,-0.002152526933300842,121.15863835264533,0.0012419658259790695,121.57079765726158,0.0005123636352466481,121.4822093605988
holdout,2021-03-08,2021-03-09,116.36000061035156,121.08999633789062,0.04064967087253768,0.0,116.36000061035156,-0.0043232805260000114,115.85694368570748,0.0012419658259790695,116.50451575462051,-0.0013585439339750696,116.20192043736503
holdout,2021-03-09,2021-03-10,121.08999633789062,119.9800033569336,-0.009166677797724065,0.0,121.08999633789062,-0.004239134060519243,120.57667961002652,0.0012419658259790695,121.24038597521022,-0.0009782518489296994,120.97153982508618
holdout,2021-03-10,2021-03-11,119.9800033569336,121.95999908447266,0.016502714386902317,0.0,119.9800033569336,-0.003034754471178096,119.61589350529418,0.0012419658259790695,120.12901442090376,-0.0011987394445408023,119.8361785943535
holdout,2021-03-11,2021-03-12,121.95999908447266,121.02999877929688,-0.007625453527034254,0.0,121.95999908447266,-0.00773884708977139,121.01616930048927,-0.0013722367253427073,121.79264109470618,-0.0028237845590505075,121.61561032223611
holdout,2021-03-12,2021-03-15,121.02999877929688,123.98999786376953,0.0244567389434609,0.0,121.02999877929688,-0.002301464682866716,120.75145251153891,0.0012419658259790695,121.18031390169904,0.0009769064376062239,121.14823376424783
holdout,2021-03-15,2021-03-16,123.98999786376953,125.56999969482422,0.012742978129499427,0.0,123.98999786376953,-0.002961237823293284,123.62283399238528,0.0012419658259790695,124.14398920387954,-0.00013192247521012215,123.97364079635005
holdout,2021-03-16,2021-03-17,125.56999969482422,124.76000213623047,-0.006450565903976302,0.0,125.56999969482422,-0.0010802179813889801,125.43435672323086,0.0012419658259790695,125.72595334321339,0.001001836954984238,125.69580036095586
holdout,2021-03-17,2021-03-18,124.76000213623047,120.52999877929688,-0.033905124114334995,0.0,124.76000213623047,-0.0037990326155960814,124.28603481899309,0.0012419658259790695,124.91494979533273,0.001064895598081857,124.89285851332203
holdout,2021-03-18,2021-03-19,120.52999877929688,119.98999786376953,-0.004480220036475302,0.0,120.52999877929688,-0.0013665119940517259,120.36529309032193,0.0012419658259790695,120.67969291878606,0.0004629300321574111,120.58579573550772
holdout,2021-03-19,2021-03-22,119.98999786376953,123.38999938964844,0.028335707862409354,0.0,119.98999786376953,-0.0015259916274587369,119.80689413165064,0.0012419658259790695,120.13902134057562,0.0013454015433906068,120.15143259208689
holdout,2021-03-22,2021-03-23,123.38999938964844,122.54000091552734,-0.006888714468965329,0.0,123.38999938964844,-0.0031967622590821023,122.99555089645145,0.0012419658259790695,123.54324555215796,0.0007629175885900898,123.48413579043893
holdout,2021-03-23,2021-03-24,122.54000091552734,120.08999633789062,-0.019993508726392273,0.0,122.54000091552734,-0.004361086276199397,122.00559339924918,0.0012419658259790695,122.69219140897987,-0.0003168408369426229,122.50117523907832
holdout,2021-03-24,2021-03-25,120.08999633789062,120.58999633789062,0.0041635441356262515,0.0,120.08999633789062,-0.00330825038920314,119.69270856076639,0.0012419658259790695,120.23914400938423,0.0005479360925880203,120.15579798124291
holdout,2021-03-25,2021-03-26,120.58999633789062,121.20999908447266,0.005141411107143501,0.0,120.58999633789062,-0.0013316590142668167,120.42941158223687,0.0012419658259790695,120.73976499229722,0.0008328227747844166,120.690426433252
holdout,2021-03-26,2021-03-29,121.20999908447266,121.38999938964844,0.0014850285169158983,0.0,121.20999908447266,-0.003846240034185266,120.7437963334504,0.0012419658259790695,121.36053776110252,0.0007761091955565542,121.30407127935551
holdout,2021-03-29,2021-03-30,121.38999938964844,119.9000015258789,-0.012274469653688724,0.0,121.38999938964844,-0.003325588055754535,120.98630625759017,0.0012419658259790695,121.54076162050599,0.0007829733522862959,121.4850445244046
holdout,2021-03-30,2021-03-31,119.9000015258789,122.1500015258789,0.018765637792876655,0.0,119.9000015258789,-0.0012795615653736362,119.74658209223814,0.0012419658259790695,120.04891323030888,0.0008320456798409262,119.99976380416143
holdout,2021-03-31,2021-04-01,122.1500015258789,123.0,0.006958644809685222,0.0,122.1500015258789,2.391806699196964e-05,122.15292311779847,0.0012419658259790695,122.30170765341734,0.0007559898791618154,122.24234569077207
holdout,2021-04-01,2021-04-05,123.0,125.9000015258789,0.02357724817787732,0.0,123.0,-0.0021678733024135303,122.73335158380314,0.0012419658259790695,123.15276179659541,0.0010514921930783211,123.12933353974864
holdout,2021-04-05,2021-04-06,125.9000015258789,126.20999908447266,0.002462252222689809,0.0,125.9000015258789,-0.0013942126817626413,125.72447014711759,0.0012419658259790695,126.05636502526475,0.0016098561376321188,126.10268241606323
holdout,2021-04-06,2021-04-07,126.20999908447266,127.9000015258789,0.013390400551981152,0.0,126.20999908447266,0.0012280133164935814,126.36498664402302,0.0012419658259790695,126.36674759023242,0.0015988713819865346,126.41179264012936
holdout,2021-04-07,2021-04-08,127.9000015258789,130.36000061035156,0.019233769000189582,0.0,127.9000015258789,0.00016316356150626555,127.92087014564453,0.0012419658259790695,128.0588489569167,0.0016523448314496056,128.1113364323426
holdout,2021-04-08,2021-04-09,130.36000061035156,133.0,0.020251606146730827,0.0,130.36000061035156,-7.838497678448178e-05,130.3497823447301,0.0012419658259790695,130.52190327618422,0.001731160789946482,130.5856747319856
holdout,2021-04-09,2021-04-12,133.0,131.24000549316406,-0.013233041404781432,0.0,133.0,-0.0017056388764807545,132.77315002942805,0.0012419658259790695,133.1651814548552,0.001603488539905603,133.21326397580745
holdout,2021-04-12,2021-04-13,131.24000549316406,134.42999267578125,0.024306515156183428,0.0,131.24000549316406,-0.000973870419735809,131.1121947339283,0.0012419658259790695,131.40300109498787,0.0014414035088059817,131.42917529757761
holdout,2021-04-13,2021-04-14,134.42999267578125,132.02999877929688,-0.017853113347054084,0.0,134.42999267578125,-0.0004928394572511706,134.36374027115264,0.0012419658259790695,134.59695013267117,0.001727000469757928,134.66215333628188
holdout,2021-04-14,2021-04-15,132.02999877929688,134.5,0.018707878842231906,0.0,132.02999877929688,-0.0011228856296477373,131.8817441909852,0.0012419658259790695,132.19397552578482,0.001061659448955597,132.1701696750465
holdout,2021-04-15,2021-04-16,134.5,134.16000366210938,-0.002527853813313219,0.0,134.5,-0.0021173999672570664,134.21520970440392,0.0012419658259790695,134.6670444035942,0.0016617927126710125,134.72351111985424
holdout,2021-04-16,2021-04-19,134.16000366210938,134.83999633789062,0.005068520104500429,0.0,134.16000366210938,-0.0004996588273660165,134.09296943200013,0.0012419658259790695,134.32662580187093,0.0015488680681362418,134.36779980780264
holdout,2021-04-19,2021-04-20,134.83999633789062,133.11000061035156,-0.012829989428388311,0.0,134.83999633789062,-0.0025723878175953527,134.49313557398642,0.0012419658259790695,135.00746300531742,0.0010799810991546977,134.98562098534563
holdout,2021-04-20,2021-04-21,133.11000061035156,133.5,0.002929902996470446,0.0,133.11000061035156,-0.0004795607396334432,133.04616628000625,0.0012419658259790695,133.27531868220566,0.0009343767819119135,133.23437550436216
holdout,2021-04-21,2021-04-22,133.5,131.94000244140625,-0.011685374970739737,0.0,133.5,-0.0018615960144142767,133.2514769320757,0.0012419658259790695,133.6658024377682,0.001246927824870999,133.66646486462028
holdout,2021-04-22,2021-04-23,131.94000244140625,134.32000732421875,0.01803853902359487,0.0,131.94000244140625,-0.0004969858739207044,131.87443012398782,0.0012419658259790695,132.10386741551807,0.0007425252075387912,132.03797121910173
holdout,2021-04-23,2021-04-26,134.32000732421875,134.72000122070312,0.002977917470767144,0.0,134.32000732421875,-0.0013895034073956847,134.13336921636034,0.0012419658259790695,134.48682818306068,0.0012487607905837964,134.48774088275616
holdout,2021-04-26,2021-04-27,134.72000122070312,134.38999938964844,-0.002449538509980198,0.0,134.72000122070312,-0.0011133609654430335,134.57000923007956,0.0012419658259790695,134.8873188582951,0.001098550423012511,134.86799793503238
holdout,2021-04-27,2021-04-28,134.38999938964844,133.5800018310547,-0.0060272160300057775,0.0,134.38999938964844,-0.0016220119046938433,134.17201721076663,0.0012419658259790695,134.55690717624373,0.0013492127460303497,134.57132008976396
holdout,2021-04-28,2021-04-29,133.5800018310547,133.47999572753906,-0.0007486607437100501,0.0,133.5800018310547,-0.0007952706192346859,133.47376958028113,0.0012419658259790695,133.74590362836307,0.0012607066537815702,133.74840702817525
holdout,2021-04-29,2021-04-30,133.47999572753906,131.4600067138672,-0.015133271488823707,0.0,133.47999572753906,-0.0012384216313923745,133.31469121347192,0.0012419658259790695,133.6457733206845,0.0012713864317648277,133.64970038301908
holdout,2021-04-30,2021-05-03,131.4600067138672,132.5399932861328,0.008215324183090233,0.0,131.4600067138672,-0.002407979834745379,131.14345366862472,0.0012419658259790695,131.62327554968877,0.0010693213926015815,131.6005797113179
holdout,2021-05-03,2021-05-04,132.5399932861328,127.8499984741211,-0.035385506636376296,0.0,132.5399932861328,-0.0022914385129602457,132.2362860410095,0.0012419658259790695,132.70460342836967,0.0008324131071134167,132.6503213137609
holdout,2021-05-04,2021-05-05,127.8499984741211,128.10000610351562,0.0019554762016296134,0.0,127.8499984741211,-0.004968961425978557,127.21471676339176,0.0012419658259790695,128.00878380307742,0.0014343129482741787,128.03337538236934
holdout,2021-05-05,2021-05-06,128.10000610351562,129.74000549316406,0.01280249267375666,0.0,128.10000610351562,-0.005639364145168803,127.37760352209955,0.0012419658259790695,128.25910193340388,-0.00020097145497935653,128.07426165890615
holdout,2021-05-06,2021-05-07,129.74000549316406,130.2100067138672,0.003622639130594907,0.0,129.74000549316406,-0.004697315451603812,129.13057576066987,0.0012419658259790695,129.9011381462489,0.00039119168048505707,129.79075870393908
holdout,2021-05-07,2021-05-10,130.2100067138672,126.8499984741211,-0.025804531652698692,0.0,130.2100067138672,-0.006042526441503984,129.42320930535024,0.0012419658259790695,130.3717230924063,-0.0006907308857077507,130.12006664060172
holdout,2021-05-10,2021-05-11,126.8499984741211,125.91000366210938,-0.007410286348592199,0.0,126.8499984741211,-0.004205082517662157,126.31658376317209,0.0012419658259790695,127.00754183725144,-2.3993605454759463e-06,126.84969411523956
holdout,2021-05-11,2021-05-12,125.91000366210938,122.7699966430664,-0.02493850311901713,0.0,125.91000366210938,-0.0034818410609063683,125.47160504137977,0.0012419658259790695,126.06637958380661,0.00037448299233966333,125.95715481704624
holdout,2021-05-12,2021-05-13,122.7699966430664,124.97000122070312,0.017919724996269926,0.0,122.7699966430664,-0.0024625698715760743,122.46766694819969,0.0012419658259790695,122.92247278335266,0.0014934345929651126,122.95334560303138
holdout,2021-05-13,2021-05-14,124.97000122070312,127.44999694824219,0.019844728361323005,0.0,124.97000122070312,-0.004289557052076452,124.43393527066885,0.0012419658259790695,125.12520969149179,0.00017108267312259952,124.99138142257209
holdout,2021-05-14,2021-05-17,127.44999694824219,126.2699966430664,-0.009258535374112142,0.0,127.44999694824219,-0.0034829021718870454,127.00610107706416,0.0012419658259790695,127.60828548897304,-0.00031597053305927445,127.40972650476805
holdout,2021-05-17,2021-05-18,126.2699966430664,124.8499984741211,-0.011245729046459818,0.0,126.2699966430664,-0.004420320064368042,125.71184284337738,0.0012419658259790695,126.42681966374359,-0.0002910067546363849,126.23325122113536
holdout,2021-05-18,2021-05-19,124.8499984741211,124.69000244140625,-0.0012815060846637083,0.0,124.8499984741211,-0.003330140746954592,124.4342304069452,0.0012419658259790695,125.00505790559949,-0.00032916879711531626,124.80890175030352
holdout,2021-05-19,2021-05-20,124.69000244140625,127.30999755859375,0.021012070461853494,0.0,124.69000244140625,-0.0034083881438916968,124.26501051542314,0.0012419658259790695,124.84486316327971,4.2273150241301455e-05,124.69527348061305
holdout,2021-05-20,2021-05-21,127.30999755859375,125.43000030517578,-0.014767082628783457,0.0,127.30999755859375,-0.0036021412922421134,126.85140895947269,0.0012419658259790695,127.468112224867,0.0008039153878527874,127.4123440246586
holdout,2021-05-21,2021-05-24,125.43000030517578,127.0999984741211,0.01331418452429367,0.0,125.43000030517578,-0.0037422182670501223,124.96061386679764,0.0012419658259790695,125.58578007910735,7.170750054119584e-05,125.43899457699055
holdout,2021-05-24,2021-05-25,127.0999984741211,126.9000015258789,-0.0015735401309459052,0.0,127.0999984741211,-0.0034122580945417902,126.66630047551152,0.0012419658259790695,127.25785232870794,0.0006049597126664892,127.1768888526779
holdout,2021-05-25,2021-05-26,126.9000015258789,126.8499984741211,-0.0003940350760958111,0.0,126.9000015258789,-0.0028267475459887686,126.54128725797966,0.0012419658259790695,127.05760699109074,0.0007284488308918331,126.9924416836306
holdout,2021-05-26,2021-05-27,126.8499984741211,125.27999877929688,-0.012376820762394547,0.0,126.8499984741211,-0.005461584788500139,126.15719645203357,0.0012419658259790695,127.00754183725144,0.0007142589293520219,126.94060221821952
holdout,2021-05-27,2021-05-28,125.27999877929688,124.61000061035156,-0.005348005870638883,0.0,125.27999877929688,-0.0034309896736655038,124.85016439716829,0.0012419658259790695,125.43559225645946,0.001156703971115761,125.42491065138627
holdout,2021-05-28,2021-06-01,124.61000061035156,124.27999877929688,-0.002648277260559384,0.0,124.61000061035156,-0.0035343842973251196,124.16958098090467,0.0012419658259790695,124.76476197268484,0.0009399035753397322,124.72712199544831
holdout,2021-06-01,2021-06-02,124.27999877929688,125.05999755859375,0.006276140867059743,0.0,124.27999877929688,-0.004311514930703017,123.74416370897218,0.0012419658259790695,124.43435029063347,0.0007815399623103362,124.37712856485878
holdout,2021-06-02,2021-06-03,125.05999755859375,123.54000091552734,-0.012154139395007202,0.0,125.05999755859375,-0.005315308370322775,124.39526510677801,0.0012419658259790695,125.21531780175854,0.0007895236159716487,125.15873538007962
holdout,2021-06-03,2021-06-04,123.54000091552734,125.88999938964844,0.019022166559055975,0.0,123.54000091552734,-0.0052425862458435335,122.8923318059161,0.0012419658259790695,123.69343337480585,0.000880302914908519,123.64875353844108
holdout,2021-06-04,2021-06-07,125.88999938964844,125.9000015258789,7.945139629006448e-05,0.0,125.88999938964844,-0.002346901026460445,125.59454802085978,0.0012419658259790695,126.0463504667229,0.0009829247877097044,126.0137397905733
holdout,2021-06-07,2021-06-08,125.9000015258789,126.73999786376953,0.006671932706195927,0.0,125.9000015258789,-0.0023950864253285153,125.59846014127544,0.0012419658259790695,126.05636502526475,0.0009930627733844496,126.02502813056331
holdout,2021-06-08,2021-06-09,126.73999786376953,127.12999725341797,0.003077161087438496,0.0,126.73999786376953,-0.0016038434972882615,126.5367267423494,0.0012419658259790695,126.89740460990099,0.0011129373135647669,126.88105153651324
holdout,2021-06-09,2021-06-10,127.12999725341797,126.11000061035156,-0.008023257021182562,0.0,127.12999725341797,0.0006375772227561619,127.21105244399581,0.0012419658259790695,127.28788836546352,0.001214392742777136,127.28438299947182
holdout,2021-06-10,2021-06-11,126.11000061035156,127.3499984741211,0.009832668763525065,0.0,126.11000061035156,-0.0015795021763222337,125.91080958993152,0.0012419658259790695,126.26662492142381,0.0011327312055563967,126.25284934337566
holdout,2021-06-11,2021-06-14,127.3499984741211,130.47999572753906,0.024577913552578545,0.0,127.3499984741211,-0.0003849124953174952,127.30097986842975,0.0012419658259790695,127.50816282016443,0.0012278556369306728,127.50636588761067
holdout,2021-06-14,2021-06-15,130.47999572753906,129.63999938964844,-0.006437740384699686,0.0,130.47999572753906,0.0015996277381784886,130.68871514798224,0.0012419658259790695,130.64204742320655,0.0017408174653430267,130.70713758297944
holdout,2021-06-15,2021-06-16,129.63999938964844,130.14999389648438,0.003933928642679829,0.0,129.63999938964844,-0.0003816113731249845,129.59052729146944,0.0012419658259790695,129.8010078385703,0.0010798921282211492,129.7799966044919
holdout,2021-06-16,2021-06-17,130.14999389648438,131.7899932861328,0.012600841079968284,0.0,130.14999389648438,0.0005525372044918597,130.22190661027656,0.0012419658259790695,130.3116357411552,0.0014436843361561665,130.33788940402357
holdout,2021-06-17,2021-06-18,131.7899932861328,130.4600067138672,-0.010091711359132227,0.0,131.7899932861328,0.0005507915812993087,131.8625821049343,0.0012419658259790695,131.95367195400019,0.0016445587082522474,132.00672966725205
holdout,2021-06-18,2021-06-21,130.4600067138672,132.3000030517578,0.014103911108376721,0.0,130.4600067138672,-0.0010535359118876032,130.32256241172902,0.0012419658259790695,130.62203358386282,0.0012434207402378203,130.62222339198678
holdout,2021-06-21,2021-06-22,132.3000030517578,133.97999572753906,0.012698357044814257,0.0,132.3000030517578,-0.00018662237734464295,132.27531291066558,0.0012419658259790695,132.464315134325,0.0016956674075762881,132.52433985495492
holdout,2021-06-22,2021-06-23,133.97999572753906,133.6999969482422,-0.002089855114387973,0.0,133.97999572753906,0.00029096261597897884,134.01897889758482,0.0012419658259790695,134.14639430359748,0.0014581573282404913,134.17535964014678
holdout,2021-06-23,2021-06-24,133.6999969482422,133.41000366210938,-0.0021689849869261923,0.0,133.6999969482422,-0.0014092632158867395,133.51157846057885,0.0012419658259790695,133.8660477753854,0.0011563623298064512,133.8546025882084
holdout,2021-06-24,2021-06-25,133.41000366210938,133.11000061035156,-0.00224872980678148,0.0,133.41000366210938,-0.0008180867460404018,133.30086270632418,0.0012419658259790695,133.57569432750145,0.0015884282275934409,133.62191587776962
holdout,2021-06-25,2021-06-28,133.11000061035156,134.77999877929688,0.012546000760933262,0.0,133.11000061035156,-0.0008244482512570579,133.00025830312353,0.0012419658259790695,133.27531868220566,0.0014248978279086744,133.29966876109418
holdout,2021-06-28,2021-06-29,134.77999877929688,136.3300018310547,0.011500245331623304,0.0,134.77999877929688,-0.0006701270659356232,134.6896790541681,0.0012419658259790695,134.94739093180627,0.0015986817834936454,134.99546910812464
holdout,2021-06-29,2021-06-30,136.3300018310547,136.9600067138672,0.0046211756352296796,0.0,136.3300018310547,-0.0015134620999221857,136.12367154020106,0.0012419658259790695,136.4993190343845,0.0016657332262535213,136.55709124483988
holdout,2021-06-30,2021-07-01,136.9600067138672,137.27000427246094,0.002263416642797056,0.0,136.9600067138672,-0.0016779012638094499,136.73020134551064,0.0012419658259790695,137.13010636173166,0.0016376454187493341,137.18429864141405
holdout,2021-07-01,2021-07-02,137.27000427246094,139.9600067138672,0.01959643299833358,0.0,137.27000427246094,-0.0010227113940865797,137.12961667502518,0.0012419658259790695,137.44048892669932,0.0017751871954190227,137.51368422636054
holdout,2021-07-02,2021-07-06,139.9600067138672,142.02000427246094,0.01471847284778427,0.0,139.9600067138672,-0.0015020837733355752,139.74977505886633,0.0012419658259790695,140.1338322592096,0.0017776886419025018,140.20881202812302
holdout,2021-07-06,2021-07-07,142.02000427246094,144.57000732421875,0.01795523852305836,0.0,142.02000427246094,-0.0017770968786919692,141.76762096615653,0.0012419658259790695,142.19638826437273,0.0016885701433791392,142.25981501143798
holdout,2021-07-07,2021-07-08,144.57000732421875,143.24000549316406,-0.009199707848613237,0.0,144.57000732421875,-0.0016301740999990258,144.33433304264216,0.0012419658259790695,144.74955833277696,0.0016302882637359497,144.80569811044765
holdout,2021-07-08,2021-07-09,143.24000549316406,145.11000061035156,0.013054977977341231,0.0,143.24000549316406,-0.0008716456169021291,143.11515097021092,0.0012419658259790695,143.4179046848996,0.001709163962250622,143.48482614850556
holdout,2021-07-09,2021-07-12,145.11000061035156,144.5,-0.004203711720665804,0.0,145.11000061035156,-0.0016480132802352567,144.87085740225075,0.0012419658259790695,145.2902222721174,0.0017607875919785436,145.36550849889827
holdout,2021-07-12,2021-07-13,144.5,145.63999938964844,0.007889269132515198,0.0,144.5,-0.0018616714283367485,144.23098847860535,0.0012419658259790695,144.67946406185396,0.0016994905601383596,144.74557638594
holdout,2021-07-13,2021-07-14,145.63999938964844,149.14999389648438,0.024100484218248397,0.0,145.63999938964844,-0.0027077466236936237,145.24564317302637,0.0012419658259790695,145.82087929178599,0.0016527654435377899,145.88070814783651
holdout,2021-07-14,2021-07-15,149.14999389648438,148.47999572753906,-0.004492109932034749,0.0,149.14999389648438,-0.0014315925458856372,148.93647187700327,0.0012419658259790695,149.33523309184878,0.0015073614928801432,149.37481685394727
holdout,2021-07-15,2021-07-16,148.47999572753906,146.38999938964844,-0.014075945568625792,0.0,148.47999572753906,-0.0034167601767387634,147.97267519109488,0.0012419658259790695,148.6644028080742,0.0015412910577339018,148.7088466172063
holdout,2021-07-16,2021-07-19,146.38999938964844,142.4499969482422,-0.026914423511397723,0.0,146.38999938964844,-0.002001465826459602,146.09700480853462,0.0012419658259790695,146.57181076615547,0.000979460231082535,146.5333825722788
holdout,2021-07-19,2021-07-20,142.4499969482422,146.14999389648438,0.025974005107115117,0.0,142.4499969482422,1.8281710066991733e-05,142.45260117778543,0.0012419658259790695,142.6269149763627,0.0010373432426790004,142.59776648999608
holdout,2021-07-20,2021-07-21,146.14999389648438,145.39999389648438,-0.005131714206784155,0.0,146.14999389648438,-0.0010493005693338808,145.99663862468066,0.0012419658259790695,146.33150719437086,0.0012065187932220691,146.32632661074976
holdout,2021-07-21,2021-07-22,145.39999389648438,146.8000030517578,0.009628674099327439,0.0,145.39999389648438,-0.0018176270552242454,145.13571093374867,0.0012419658259790695,145.58057572000138,0.0010587130991740854,145.55393077464242
holdout,2021-07-22,2021-07-23,146.8000030517578,148.55999755859375,0.011989063148829748,0.0,146.8000030517578,-0.002792350229239978,146.3900860295838,0.0012419658259790695,146.98232363880172,0.0010340635437597516,146.95180358313746
holdout,2021-07-23,2021-07-26,148.55999755859375,148.99000549316406,0.002894506876931713,0.0,148.55999755859375,0.00016853492436000794,148.58503510654523,0.0012419658259790695,148.74450399866905,0.0012121154446427574,148.7400694260906
holdout,2021-07-26,2021-07-27,148.99000549316406,146.77000427246094,-0.014900336524955593,0.0,148.99000549316406,-0.0031993531340494814,148.51333385214747,0.0012419658259790695,149.175045988399,0.0014428060919490582,149.20496918072914
holdout,2021-07-27,2021-07-28,146.77000427246094,144.97999572753906,-0.012196010716187922,0.0,146.77000427246094,-0.0015719762988492332,146.53928530436264,0.0012419658259790695,146.95228760204614,0.0011917592818966897,146.94491878735664
holdout,2021-07-28,2021-07-29,144.97999572753906,145.63999938964844,0.0045523774421245555,0.0,144.97999572753906,-0.00044261285626623803,144.91582571752863,0.0012419658259790695,145.16005592768326,0.0010188622931115914,145.12771037844132
holdout,2021-07-29,2021-07-30,145.63999938964844,145.86000061035156,0.001510582406104799,0.0,145.63999938964844,-0.0006455812291999588,145.54597693982177,0.0012419658259790695,145.82087929178599,0.0006968636868319142,145.7414906165733
holdout,2021-07-30,2021-08-02,145.86000061035156,145.52000427246094,-0.002330977214232255,0.0,145.86000061035156,-0.0036783293284322455,145.32347949226136,0.0012419658259790695,146.04115374648688,0.0008232451668451845,145.98007915089008
holdout,2021-08-02,2021-08-03,145.52000427246094,147.36000061035156,0.012644284523559701,0.0,145.52000427246094,-0.005307745948588301,144.74762105934522,0.0012419658259790695,145.70073514476366,0.0007650248892686697,145.63133069761588
holdout,2021-08-03,2021-08-04,147.36000061035156,146.9499969482422,-0.00278232668574363,0.0,147.36000061035156,-0.002556508287508642,146.98327354754392,0.0012419658259790695,147.54301669522587,0.0011593748505154145,147.53084608903114
holdout,2021-08-04,2021-08-05,146.9499969482422,147.05999755859375,0.0007485580989179397,0.0,146.9499969482422,-0.0038837963820779627,146.37927308174824,0.0012419658259790695,147.13250382257962,0.0010095571351334905,147.0983513661691
holdout,2021-08-05,2021-08-06,147.05999755859375,146.13999938964844,-0.006255937605185613,0.0,147.05999755859375,-0.0036712021188631968,146.52011058395664,0.0012419658259790695,147.24264104993009,0.0011446594589176568,147.2283311758276
holdout,2021-08-06,2021-08-09,146.13999938964844,146.08999633789062,-0.0003421585600564825,0.0,146.13999938964844,-0.003139961467586178,145.68112542269188,0.0012419658259790695,146.32150027469896,0.0009993014535397532,146.28603730345878
holdout,2021-08-09,2021-08-10,146.08999633789062,145.60000610351562,-0.00335403002709167,0.0,146.08999633789062,-0.0033229612535756194,145.6045449405248,0.0012419658259790695,146.27143512085968,0.0009527694273260347,146.22918642003955
holdout,2021-08-10,2021-08-11,145.60000610351562,145.86000061035156,0.00178567648308392,0.0,145.60000610351562,-0.00476622900343932,144.9060431315241,0.0012419658259790695,145.78083633535852,0.0008951813129364769,145.73034450814293
holdout,2021-08-11,2021-08-12,145.86000061035156,148.88999938964844,0.020773335846824503,0.0,145.86000061035156,-0.005169708056458522,145.10594699008118,0.0012419658259790695,146.04115374648688,0.0009151850290240002,145.9934894992436
holdout,2021-08-12,2021-08-13,148.88999938964844,149.10000610351562,0.0014104823341263284,0.0,148.88999938964844,-0.0007490593450295963,148.77847194422418,0.0012419658259790695,149.0749156807204,0.0013706076830770151,149.09406916674524
holdout,2021-08-13,2021-08-16,149.10000610351562,151.1199951171875,0.013547880154139325,0.0,149.10000610351562,-0.0015729929298352579,148.8654728480764,0.0012419658259790695,149.28518321574944,0.0013330524272870939,149.29876422856043
holdout,2021-08-16,2021-08-17,151.1199951171875,150.19000244140625,-0.006154001494375949,0.0,151.1199951171875,-0.00015394871704522322,151.09673038781932,0.0012419658259790695,151.30768098674517,0.0016520120908784177,151.3696471762946
holdout,2021-08-17,2021-08-18,150.19000244140625,146.36000061035156,-0.025501043803157875,0.0,150.19000244140625,-0.00017254644928038415,150.16408768976757,0.0012419658259790695,150.37653329184218,0.0014216228976354627,150.40351598787285
holdout,2021-08-18,2021-08-19,146.36000061035156,146.6999969482422,0.002323014050784167,0.0,146.36000061035156,-0.0030719164754689113,145.910394913127,0.0012419658259790695,146.5417747293999,0.0008677729692319577,146.487007862658
holdout,2021-08-19,2021-08-20,146.6999969482422,148.19000244140625,0.010156820205591055,0.0,146.6999969482422,-0.002012656212429614,146.4047402880209,0.0012419658259790695,146.88219333112312,0.0008896645773458788,146.8305107390238
holdout,2021-08-20,2021-08-23,148.19000244140625,149.7100067138672,0.010257131030562805,0.0,148.19000244140625,-0.002362137635604326,147.8399572594191,0.0012419658259790695,148.3740493601902,0.0007833326310505759,148.30608450591407
holdout,2021-08-23,2021-08-24,149.7100067138672,149.6199951171875,-0.0006012396810035625,0.0,149.7100067138672,-0.002092663728192798,149.39671401306958,0.0012419658259790695,149.8959414260129,0.0007072714222551769,149.81589232324154
holdout,2021-08-24,2021-08-25,149.6199951171875,148.36000061035156,-0.008421297606974743,0.0,149.6199951171875,-0.0015687506008351649,149.38527865995044,0.0012419658259790695,149.8058180380062,0.0009627256955288564,149.76403813105173
holdout,2021-08-25,2021-08-26,148.36000061035156,147.5399932861328,-0.005527145597501004,0.0,148.36000061035156,-0.0026769043822936836,147.96285507456062,0.0012419658259790695,148.54425866105186,0.001004751285167106,148.50906551163223
holdout,2021-08-26,2021-08-27,147.5399932861328,148.60000610351562,0.007184579541948732,0.0,147.5399932861328,-0.002447727574581298,147.1788555762128,0.0012419658259790695,147.72323291575935,0.0009708504893940612,147.68323256081987
holdout,2021-08-27,2021-08-30,148.60000610351562,153.1199951171875,0.03041715227469921,0.0,148.60000610351562,-0.002239059956498875,148.26728178031377,0.0012419658259790695,148.78456223283646,0.0010415010435877439,148.7547731649496
holdout,2021-08-30,2021-08-31,153.1199951171875,151.8300018310547,-0.008424721311841354,0.0,153.1199951171875,0.0011519571866197308,153.2963827959779,0.0012419658259790695,153.31016491839713,0.001504334262364735,153.3503387720954
holdout,2021-08-31,2021-09-01,151.8300018310547,152.50999450683594,0.004478644981759983,0.0,151.8300018310547,-0.0005501713592723795,151.74646931256896,0.0012419658259790695,152.01856950468718,0.0011976048922702313,152.01183418404094
holdout,2021-09-01,2021-09-02,152.50999450683594,153.64999389648438,0.007474915944589711,0.0,152.50999450683594,-0.000763509961246803,152.39355160684028,0.0012419658259790695,152.69940670813367,0.001484034306783657,152.73632457081146
holdout,2021-09-02,2021-09-03,153.64999389648438,154.3000030517578,0.0042304535053308,0.0,153.64999389648438,0.000361558295686164,153.70554732640977,0.0012419658259790695,153.8408219380657,0.0016070440388632938,153.89691620324712
holdout,2021-09-03,2021-09-07,154.3000030517578,156.69000244140625,0.01548930228372547,0.0,154.3000030517578,-0.0012234059834642518,154.11123150477573,0.0012419658259790695,154.49163838249655,0.001627546843581358,154.55113353468928
holdout,2021-09-07,2021-09-08,156.69000244140625,155.11000061035156,-0.010083616098260806,0.0,156.69000244140625,-0.0001363530314526149,156.66863728457503,0.0012419658259790695,156.88460606971105,0.0017486246608431858,156.96399444378287
holdout,2021-09-08,2021-09-09,155.11000061035156,154.07000732421875,-0.006704875778740793,0.0,155.11000061035156,-0.0015169300533934443,154.87470958884384,0.0012419658259790695,155.3026419303772,0.001357250970772873,155.32052380925654
holdout,2021-09-09,2021-09-10,154.07000732421875,148.97000122070312,-0.03310187486902216,0.0,154.07000732421875,-0.001956547371516584,153.768562056359,0.0012419658259790695,154.26135700812378,0.0007635404564912026,154.18764600794267
holdout,2021-09-10,2021-09-13,148.97000122070312,149.5500030517578,0.003893413615506436,0.0,148.97000122070312,-0.0028120804750733207,148.55108558889873,0.0012419658259790695,149.1550168713153,0.001249785558036911,149.1561817768095
holdout,2021-09-13,2021-09-14,149.5500030517578,148.1199951171875,-0.009562072252685905,0.0,149.5500030517578,-0.003367598615687082,149.04637866850473,0.0012419658259790695,149.73573904482316,0.0008369621059367296,149.67517073725486
holdout,2021-09-14,2021-09-15,148.1199951171875,149.02999877929688,0.006143692223250508,0.0,148.1199951171875,-0.003128766740702053,147.65656220283188,0.0012419658259790695,148.30395508926722,0.0008676785364719249,148.248515657773
holdout,2021-09-15,2021-09-16,149.02999877929688,148.7899932861328,-0.0016104508832446296,0.0,149.02999877929688,-0.00490494154738976,148.29901534647686,0.0012419658259790695,149.21508894482645,0.0006391865288410941,149.1252567469098
holdout,2021-09-16,2021-09-17,148.7899932861328,146.05999755859375,-0.018347979371765355,0.0,148.7899932861328,-0.0031619521751214377,148.31952644322544,0.0012419658259790695,148.97478537304184,0.0007451999591077943,148.90087158304527
holdout,2021-09-17,2021-09-20,146.05999755859375,142.94000244140625,-0.02136105141269684,0.0,146.05999755859375,-0.005093723952579652,145.3160082505158,0.0012419658259790695,146.2413990841041,0.0008778789379429541,146.18822055412642
holdout,2021-09-20,2021-09-21,142.94000244140625,143.42999267578125,0.003427943374884501,0.0,142.94000244140625,-0.0028143779563646145,142.53771524945245,0.0012419658259790695,143.11752903960382,0.0005183095469774601,143.0140896093166
holdout,2021-09-21,2021-09-22,143.42999267578125,145.85000610351562,0.016872436389261614,0.0,143.42999267578125,-0.002368848937674213,143.0902286900006,0.0012419658259790695,143.608127825105,0.0012106166159567778,143.6036314081411
holdout,2021-09-22,2021-09-23,145.85000610351562,146.8300018310547,0.0067192025130498045,0.0,145.85000610351562,-0.003214689050535228,145.38114368587415,0.0012419658259790695,146.03114682681502,0.0003567031323715281,145.90203125754914
holdout,2021-09-23,2021-09-24,146.8300018310547,146.9199981689453,0.0006129288072487249,0.0,146.8300018310547,-0.0038330171781288864,146.26719991177157,0.0012419658259790695,147.0123596755573,-0.00021159870896853098,146.79893279222938
holdout,2021-09-24,2021-09-27,146.9199981689453,145.3699951171875,-0.010549980064493591,0.0,146.9199981689453,-0.00432068726681498,146.28520280361627,0.0012419658259790695,147.10246778582405,2.721220414295696e-05,146.92399618592816
holdout,2021-09-27,2021-09-28,145.3699951171875,141.91000366210938,-0.0238012765446467,0.0,145.3699951171875,-0.0038070437156475004,144.8165651908329,0.0012419658259790695,145.55053968324577,0.0003250453446248884,145.41724695734848
holdout,2021-09-28,2021-09-29,141.91000366210938,142.8300018310547,0.006482969101571312,0.0,141.91000366210938,-0.0037402171227052168,141.3792294365292,0.0012419658259790695,142.08625103702227,0.00011034581922200682,141.92566283771927
holdout,2021-09-29,2021-09-30,142.8300018310547,141.5,-0.009311781936598096,0.0,142.8300018310547,-0.003466916000552873,142.3348222123476,0.0012419658259790695,143.0073918122534,0.00045034567679155417,142.8943247048954
holdout,2021-09-30,2021-10-01,141.5,142.64999389648438,0.00812716534617941,0.0,141.5,-0.004199896420412845,140.90571465651158,0.0012419658259790695,141.67573816437604,5.6660626875566176e-05,141.50801747870287
holdout,2021-10-01,2021-10-04,142.64999389648438,139.13999938964844,-0.02460564077824645,0.0,142.64999389648438,-0.005596741424617472,141.8516187664225,0.0012419658259790695,142.82716031397993,-0.00034506408985921037,142.60077050617207
holdout,2021-10-04,2021-10-05,139.13999938964844,141.11000061035156,0.014158410445197056,0.0,139.13999938964844,-0.0051094000182043044,138.42907747423402,0.0012419658259790695,139.3128065139171,-0.00013056036763203316,139.1218332201758
holdout,2021-10-05,2021-10-06,141.11000061035156,142.0,0.00630713192402288,0.0,141.11000061035156,-0.005855484749272291,140.28373315380784,0.0012419658259790695,141.2852544088135,-0.00014438729874731668,141.0896261185372
holdout,2021-10-06,2021-10-07,142.0,143.2899932861328,0.009084459761498742,0.0,142.0,-0.004069114679871654,141.42218571545823,0.0012419658259790695,142.17635914728902,0.00011611059270467935,142.0164877041641
holdout,2021-10-07,2021-10-08,143.2899932861328,142.89999389648438,-0.00272174895611621,0.0,143.2899932861328,-0.005114001017769135,142.5572081146314,0.0012419658259790695,143.46795456099895,0.0006473726563470047,143.38275530971438
holdout,2021-10-08,2021-10-11,142.89999389648438,142.80999755859375,-0.0006297854565047167,0.0,142.89999389648438,-0.0020737192412833027,142.60365942956196,0.0012419658259790695,143.0774708054364,0.0007694434050696629,143.0099473543725
holdout,2021-10-11,2021-10-12,142.80999755859375,141.50999450683594,-0.009103025516294383,0.0,142.80999755859375,-0.0036389128854495286,142.29032441830677,0.0012419658259790695,142.98736269516968,0.0010379554206922644,142.95822796968875
holdout,2021-10-12,2021-10-13,141.50999450683594,140.91000366210938,-0.004239918507647045,0.0,141.50999450683594,-0.00397789613501426,140.9470824466213,0.0012419658259790695,141.6857450840479,0.0011726850004711029,141.67594115481086
holdout,2021-10-13,2021-10-14,140.91000366210938,143.75999450683594,0.02022561046524851,0.0,140.91000366210938,-0.004534534698405094,140.27104236115113,0.0012419658259790695,141.08500907119628,0.00014139663279783357,140.92992786215473
holdout,2021-10-14,2021-10-15,143.75999450683594,144.83999633789062,0.007512533892058082,0.0,143.75999450683594,-0.002574457247961277,143.38989054701094,0.0012419658259790695,143.93853950715635,0.0005568999090967481,143.84005443470855
holdout,2021-10-15,2021-10-18,144.83999633789062,146.5500030517578,0.01180617755525204,0.0,144.83999633789062,-0.0024270825221778063,144.48845771426664,0.0012419658259790695,145.01988266357722,0.001025584622506003,144.9885420108586
holdout,2021-10-18,2021-10-19,146.5500030517578,148.75999450683594,0.01508011879261173,0.0,146.5500030517578,-0.002683866487877129,146.1566824097689,0.0012419658259790695,146.7320131473452,0.001364114621030501,146.74991405363278
holdout,2021-10-19,2021-10-20,148.75999450683594,149.25999450683594,0.003361118704377386,0.0,148.75999450683594,-0.0008077815104350519,148.6398289337809,0.0012419658259790695,148.94474933628626,0.0015740844754195172,148.99415530475264
holdout,2021-10-20,2021-10-21,149.25999450683594,149.47999572753906,0.0014739463272126496,0.0,149.25999450683594,-0.0016128483070056584,149.0192607773919,0.0012419658259790695,149.44537031919924,0.001549051098093044,149.49120586522812
holdout,2021-10-21,2021-10-22,149.47999572753906,148.69000244140625,-0.005284943194491021,0.0,149.47999572753906,-0.0005919813861976586,149.39150635245946,0.0012419658259790695,149.66564477390017,0.0015826528894786768,149.7165706746965
holdout,2021-10-22,2021-10-25,148.69000244140625,148.63999938964844,-0.0003362906109138919,0.0,148.69000244140625,-0.0006582966610758582,148.59212030926372,0.0012419658259790695,148.87467034310322,0.001399241945559812,148.89805572970764
holdout,2021-10-25,2021-10-26,148.63999938964844,149.32000732421875,0.004574865025313457,0.0,148.63999938964844,-0.0009668502460427439,148.49628676966677,0.0012419658259790695,148.82460518926393,0.0011396727715592121,148.80940034971738
holdout,2021-10-26,2021-10-27,149.32000732421875,148.85000610351562,-0.0031476104851951847,0.0,149.32000732421875,-0.0021623656794445435,148.99712286512647,0.0012419658259790695,149.50545767045037,0.0014706612580720926,149.53960647404554
holdout,2021-10-27,2021-10-28,148.85000610351562,152.57000732421875,0.02499160946030532,0.0,148.85000610351562,-0.0031016698839798876,148.38832252235414,0.0012419658259790695,149.03487272429297,0.001127189045548706,149.01778819982536
holdout,2021-10-28,2021-10-29,152.57000732421875,149.8000030517578,-0.0181556278395828,0.0,152.57000732421875,-0.0015421363064480106,152.33472357664903,0.0012419658259790695,152.7594940593848,0.0016956103782652839,152.8287066120497
holdout,2021-10-29,2021-11-01,149.8000030517578,148.9600067138672,-0.005607452074619768,0.0,149.8000030517578,-0.0018905898694998422,149.51679268353712,0.0012419658259790695,149.98604953627964,0.0008333786289182397,149.92484317291306
holdout,2021-11-01,2021-11-02,148.9600067138672,150.02000427246094,0.007115987586049588,0.0,148.9600067138672,-0.0017128188492398157,148.7048652065848,0.0012419658259790695,149.1450099516434,0.0010293169383707467,149.1133337719176
holdout,2021-11-02,2021-11-03,150.02000427246094,151.49000549316406,0.009798701365408391,0.0,150.02000427246094,0.00033528958487411193,150.07030441741625,0.0012419658259790695,150.20632399098056,0.0010864922551149295,150.18299984521528
holdout,2021-11-03,2021-11-04,151.49000549316406,150.9600067138672,-0.003498572579567205,0.0,151.49000549316406,-0.001689598650348068,151.2340481843416,0.0012419658259790695,151.67815090296395,0.0011260316244202796,151.66058803013297
holdout,2021-11-04,2021-11-05,150.9600067138672,151.27999877929688,0.0021197141706292832,0.0,150.9600067138672,-0.0013633465349371402,150.75419591179974,0.0012419658259790695,151.14749388329537,0.0012114911138406473,151.14289342054636
holdout,2021-11-05,2021-11-08,151.27999877929688,150.44000244140625,-0.005552593499925207,0.0,151.27999877929688,-0.0015876833667468108,151.0398140415135,0.0012419658259790695,151.46788336793492,0.0011642514941921475,151.45612674391705
holdout,2021-11-08,2021-11-09,150.44000244140625,150.80999755859375,0.0024594197765426262,0.0,150.44000244140625,-0.0013477220867898734,150.23725112737924,0.0012419658259790695,150.62684378329868,0.0008812203724386082,150.57257323638734
holdout,2021-11-09,2021-11-10,150.80999755859375,147.9199981689453,-0.01916318172822462,0.0,150.80999755859375,-0.0023618071873596947,150.45381342243417,0.0012419658259790695,150.99729842177751,0.001249798317260232,150.99847963976848
holdout,2021-11-10,2021-11-11,147.9199981689453,147.8699951171875,-0.0003380411869712274,0.0,147.9199981689453,-0.0033859903822252026,147.4191424778065,0.0012419658259790695,148.10370975165003,0.0009863395955790118,148.06589752011732
holdout,2021-11-11,2021-11-12,147.8699951171875,149.99000549316406,0.014336988205730705,0.0,147.8699951171875,-0.0033494612260410637,147.3747103020476,0.0012419658259790695,148.05364459781075,0.0009277960394596605,148.00718831301214
holdout,2021-11-12,2021-11-15,149.99000549316406,150.0,6.663448543164918e-05,0.0,149.99000549316406,-0.0027697404424616412,149.5745721089846,0.0012419658259790695,150.176287954225,0.0009699159779811957,150.13548319602938
holdout,2021-11-15,2021-11-16,150.0,151.0,0.006666666666666599,0.0,150.0,-0.004847513691798573,149.27287294623022,0.0012419658259790695,150.18629487389686,0.0006575052883014558,150.09862579324522
holdout,2021-11-16,2021-11-17,151.0,153.49000549316406,0.016490102603735624,0.0,151.0,-0.0021095472024989822,150.68145837242264,0.0012419658259790695,151.18753683972284,0.0011406507192634413,151.1722382586088
holdout,2021-11-17,2021-11-18,153.49000549316406,157.8699951171875,0.02853599235957094,0.0,153.49000549316406,0.0007219733717101005,153.60082118995376,0.0012419658259790695,153.68063483461592,0.0015342673945593656,153.72550020398296
holdout,2021-11-18,2021-11-19,157.8699951171875,160.5500030517578,0.016976043690765552,0.0,157.8699951171875,0.0004442089620148534,157.94012238385181,0.0012419658259790695,158.06606425607052,0.0017034450483438127,158.13891797865193
holdout,2021-11-19,2021-11-22,160.5500030517578,161.02000427246094,0.002927444483147079,0.0,160.5500030517578,-0.000382914681349759,160.48852609849854,0.0012419658259790695,160.74940066890892,0.0016500852474858575,160.81492424327735
holdout,2021-11-22,2021-11-23,161.02000427246094,161.41000366210938,0.0024220555167078217,0.0,161.02000427246094,-0.0009408872799243008,160.86850259862763,0.0012419658259790695,161.21998561506632,0.0016445276859181983,161.28480612747367
holdout,2021-11-23,2021-11-24,161.41000366210938,161.94000244140625,0.003283555958565998,0.0,161.41000366210938,-0.0002557649953824153,161.36872063326805,0.0012419658259790695,161.61046937062886,0.0015988816977252926,161.6680791627945
holdout,2021-11-24,2021-11-26,161.94000244140625,156.80999755859375,-0.031678429081589354,0.0,161.94000244140625,-0.0019946534259256436,161.6169882607421,0.0012419658259790695,162.14112639029744,0.0017437422278412038,162.22238406204005
holdout,2021-11-26,2021-11-29,156.80999755859375,160.24000549316406,0.02187365594013646,0.0,156.80999755859375,-0.00238462201072367,156.436064986914,0.0012419658259790695,157.00475021673338,0.000924584236185975,156.9549816104128
holdout,2021-11-29,2021-11-30,160.24000549316406,165.3000030517578,0.031577617231232535,0.0,160.24000549316406,-0.0017927879008346964,159.95272915008624,0.0012419658259790695,160.43901810394127,0.0015709868363808055,160.49174043245543
holdout,2021-11-30,2021-12-01,165.3000030517578,164.77000427246094,-0.003206284147078464,0.0,165.3000030517578,-0.0023034067285894167,164.91924991249255,0.0012419658259790695,165.50530000658233,0.0014489917529773432,165.53952139294694
holdout,2021-12-01,2021-12-02,164.77000427246094,163.75999450683594,-0.006129815739731703,0.0,164.77000427246094,-0.0050516325068258785,163.93764676272835,0.0012419658259790695,164.97464298691375,-0.00017821072916784846,164.74064048985457
holdout,2021-12-02,2021-12-03,163.75999450683594,161.83999633789062,-0.011724464053185835,0.0,163.75999450683594,-0.001383607576974203,163.53341493763102,0.0012419658259790695,163.96337882367595,0.001522970390336614,164.00939612959152
holdout,2021-12-03,2021-12-06,161.83999633789062,165.32000732421875,0.021502787105003085,0.0,161.83999633789062,-0.0002537443021207188,161.79893036096465,0.0012419658259790695,162.04099608261885,0.0011868949178098264,162.03208340704242
holdout,2021-12-06,2021-12-07,165.32000732421875,171.17999267578125,0.035446316791349686,0.0,165.32000732421875,-0.0012235368648057226,165.11773220076762,0.0012419658259790695,165.52532912366604,0.0016591568938621466,165.5942991540641
holdout,2021-12-07,2021-12-08,171.17999267578125,175.0800018310547,0.02278308985945654,0.0,171.17999267578125,-0.00202829589859943,170.83278899871468,0.0012419658259790695,171.39259237677592,0.0017371372388782554,171.4773558156093
holdout,2021-12-08,2021-12-09,175.0800018310547,174.55999755859375,-0.0029700951966102895,0.0,175.0800018310547,-0.002383158119086705,174.66275850320127,0.0012419658259790695,175.2974452101412,0.00110034287672367,175.27264986392623
holdout,2021-12-09,2021-12-10,174.55999755859375,179.4499969482422,0.028013287454401015,0.0,174.55999755859375,-0.00157045396138366,174.28585911892873,0.0012419658259790695,174.7767951101445,0.0014383347539145153,174.81107326972548
holdout,2021-12-10,2021-12-13,179.4499969482422,175.74000549316406,-0.020674235264256824,0.0,179.4499969482422,-0.0034037547242776914,178.83919317335798,0.0012419658259790695,179.67286771192394,-9.765179874869872e-05,179.43247333325476
holdout,2021-12-13,2021-12-14,175.74000549316406,174.3300018310547,-0.008023236702153325,0.0,175.74000549316406,-0.002500205190823867,175.30061941919465,0.0012419658259790695,175.95826857424393,0.0014877464201250796,176.00146205720927
holdout,2021-12-14,2021-12-15,174.3300018310547,179.3000030517578,0.02850915601733095,0.0,174.3300018310547,-0.0020944665333262674,173.96487347646485,0.0012419658259790695,174.54651373577173,0.0013380164654007527,174.56325824391797
holdout,2021-12-15,2021-12-16,179.3000030517578,172.25999450683594,-0.039263850669816525,0.0,179.3000030517578,-0.0010019063508071467,179.12036124000053,0.0012419658259790695,179.52268752814604,0.0013771432296842687,179.54692483704292
holdout,2021-12-16,2021-12-17,172.25999450683594,171.13999938964844,-0.006501771466984829,0.0,172.25999450683594,-0.004429280033727844,171.49700675255673,0.0012419658259790695,172.47393553319677,8.059361619450915e-05,172.2738775627189
holdout,2021-12-17,2021-12-20,171.13999938964844,169.75,-0.00812200183829448,0.0,171.13999938964844,-0.003854392764690008,170.4803586142519,0.0012419658259790695,171.35254942034845,0.0007214457281167269,171.26346761111802
holdout,2021-12-20,2021-12-21,169.75,172.99000549316406,0.01908692484927288,0.0,169.75,-0.0015720972576024495,169.48313649052199,0.0012419658259790695,169.96082369895993,0.0010931043892277899,169.9355544700714
holdout,2021-12-21,2021-12-22,172.99000549316406,175.63999938964844,0.01531876878626437,0.0,172.99000549316406,-0.003991711591545825,172.29947928301542,-0.0013722367253427073,172.7526222545091,-0.0018108298177541093,172.6767500330436
holdout,2021-12-22,2021-12-23,175.63999938964844,176.27999877929688,0.0036438134358485197,0.0,175.63999938964844,-0.0024950778105970847,175.20176392451805,0.0012419658259790695,175.85813826656536,0.0012416722169470561,175.85808669707515
holdout,2021-12-23,2021-12-27,176.27999877929688,180.3300018310547,0.022974830268908786,0.0,176.27999877929688,-0.0038990413261189992,175.5926757790882,0.0012419658259790695,176.49893251358438,0.0010779752894158519,176.4700242619992
holdout,2021-12-27,2021-12-28,180.3300018310547,179.2899932861328,-0.00576725189575622,0.0,180.3300018310547,-0.0012345300966684538,180.10737901646198,0.0012419658259790695,180.5539655307276,0.0014583037766712913,180.59297775377206
holdout,2021-12-28,2021-12-29,179.2899932861328,179.3800048828125,0.0005020447322792165,0.0,179.2899932861328,-0.0030573346351288303,178.7418437799271,0.0012419658259790695,179.5126653307342,0.0013840613451898125,179.5381416354195
holdout,2021-12-29,2021-12-30,179.3800048828125,178.1999969482422,-0.006578257901939555,0.0,179.3800048828125,-0.002206415769550478,178.98421801129703,0.0012419658259790695,179.6027887187409,0.0016473149206091588,179.6755002413149
holdout,2021-12-30,2021-12-31,178.1999969482422,177.57000732421875,-0.0035352953693170708,0.0,178.1999969482422,3.4165191592186624e-05,178.20608518527968,0.0012419658259790695,178.42131525464146,0.0015065885700389758,178.46847102682537
holdout,2021-12-31,2022-01-03,177.57000732421875,182.00999450683594,0.025004150472947684,0.0,177.57000732421875,-0.0031171519092053758,177.01649463687045,0.0012419658259790695,177.79054320503428,0.000965195022751418,177.741397011478
holdout,2022-01-03,2022-01-04,182.00999450683594,179.6999969482422,-0.012691597320536152,0.0,182.00999450683594,-0.0034765252039824306,181.37723217355622,0.0012419658259790695,182.23604470000006,0.0016940591537814827,182.31833020410997
holdout,2022-01-04,2022-01-05,179.6999969482422,174.9199981689453,-0.02659988236212174,0.0,179.6999969482422,-0.005579949236572915,178.6972800874587,0.0012419658259790695,179.92317820338044,0.0010361245716427054,179.88618853060441
holdout,2022-01-05,2022-01-06,174.9199981689453,172.0,-0.016693335236175,0.0,174.9199981689453,-0.00491232787668423,174.06073378575044,0.0012419658259790695,175.13724282895146,0.0006026157378685936,175.0254077127099
holdout,2022-01-06,2022-01-07,172.0,172.1699981689453,0.0009883614473564784,0.0,172.0,-0.003543316106054605,171.3905496297586,0.0012419658259790695,172.2136181220684,0.001062951628064307,172.18282768002706
holdout,2022-01-07,2022-01-10,172.1699981689453,172.19000244140625,0.00011618907285648739,0.0,172.1699981689453,-0.00527739717613966,171.26138870679256,0.0012419658259790695,172.38382742293,0.0007271151451585192,172.29518558215585
holdout,2022-01-10,2022-01-11,172.19000244140625,175.0800018310547,0.016783781570778755,0.0,172.19000244140625,-0.005936637300660026,171.16777285011185,0.0012419658259790695,172.40385654001372,0.0008444395114133398,172.33540648293814
holdout,2022-01-11,2022-01-12,175.0800018310547,175.52999877929688,0.0025702361408266317,0.0,175.0800018310547,-0.00466270424308907,174.26365556363697,0.0012419658259790695,175.2974452101412,0.0005070257043346217,175.168771892298
holdout,2022-01-12,2022-01-13,175.52999877929688,172.19000244140625,-0.019028065636177538,0.0,175.52999877929688,-0.003978925159671711,174.8315780508768,0.0012419658259790695,175.7480010392149,0.0007026917780933368,175.6533422662478
holdout,2022-01-13,2022-01-14,172.19000244140625,173.07000732421875,0.005110661887074208,0.0,172.19000244140625,-0.004919772038508194,171.34286688208437,0.0012419658259790695,172.40385654001372,0.0009284097854313929,172.3498653246263
holdout,2022-01-14,2022-01-18,173.07000732421875,169.8000030517578,-0.018894112983626976,0.0,173.07000732421875,-0.003033539333462481,172.54499264955808,0.0012419658259790695,173.28495435881737,0.00034387968423061217,173.1295225836872
holdout,2022-01-18,2022-01-19,169.8000030517578,166.22999572753906,-0.021024777738847034,0.0,169.8000030517578,-0.002822197043559699,169.32079398514873,0.0012419658259790695,170.01088885279924,1.615898070778194e-06,169.80027743125515
holdout,2022-01-19,2022-01-20,166.22999572753906,164.50999450683594,-0.010347117036099251,0.0,166.22999572753906,-0.004409561717565864,165.49699430206778,0.0012419658259790695,166.4364477014853,0.0006761181413141617,166.34238684328102
holdout,2022-01-20,2022-01-21,164.50999450683594,162.41000366210938,-0.01276512622240289,0.0,164.50999450683594,-0.004495264400999673,163.7704785849207,0.0012419658259790695,164.71431029804543,0.000740663726555609,164.63184109242303
holdout,2022-01-21,2022-01-24,162.41000366210938,161.6199951171875,-0.00486428500159064,0.0,162.41000366210938,-0.006228870827102478,161.39837272826887,0.0012419658259790695,162.61171133645485,0.0005770281355708347,162.50371880372057
holdout,2022-01-24,2022-01-25,161.6199951171875,159.77999877929688,-0.011384707297859231,0.0,161.6199951171875,-0.006270415338095534,160.60657062086176,0.0012419658259790695,161.82072162791795,0.0021338966996731577,161.96487549136924
holdout,2022-01-25,2022-01-26,159.77999877929688,159.69000244140625,-0.0005632515870458432,0.0,159.77999877929688,-0.005647441031911123,158.87765065811195,0.0012419658259790695,159.97844007745573,0.002273118176435581,160.14319759875295
holdout,2022-01-26,2022-01-27,159.69000244140625,159.22000122070312,-0.0029432100539642514,0.0,159.69000244140625,-0.0045161480834122955,158.96881874294039,0.0012419658259790695,159.88833196718898,0.001636176069674908,159.9512834019672
holdout,2022-01-27,2022-01-28,159.22000122070312,170.3300018310547,0.06977766942076213,0.0,159.22000122070312,-0.003939294204641185,158.59278679263144,0.0012419658259790695,159.41774702103157,0.0012255828318743184,159.41513852069022
holdout,2022-01-28,2022-01-31,170.3300018310547,174.77999877929688,0.026125737688043937,0.0,170.3300018310547,-0.005660935761681217,169.36577463240204,0.0012419658259790695,170.5415458724678,0.0025871890420206666,170.77067774531935
holdout,2022-01-31,2022-02-01,174.77999877929688,174.61000061035156,-0.0009726408635577499,0.0,174.77999877929688,-0.004623624106951255,173.97188176352802,0.0012419658259790695,174.99706956484542,0.0006446241952060677,174.89266619534808
holdout,2022-02-01,2022-02-02,174.61000061035156,175.83999633789062,0.007044245594408194,0.0,174.61000061035156,-0.004709079017823059,173.7877483201753,0.0012419658259790695,174.8268602639838,0.0008536269146343928,174.7590524064369
holdout,2022-02-02,2022-02-03,175.83999633789062,172.89999389648438,-0.016719759455390393,0.0,175.83999633789062,7.135016598307058e-05,175.8525425508158,0.0012419658259790695,176.05838360418255,0.0026608744019611893,176.30788448298708
holdout,2022-02-03,2022-02-04,172.89999389648438,172.38999938964844,-0.0029496502304173777,0.0,172.89999389648438,-0.001815570822306083,172.58608171238902,0.0012419658259790695,173.11472978021578,-0.0002721394589021047,172.8529409857012
holdout,2022-02-04,2022-02-07,172.38999938964844,171.66000366210938,-0.004234559603942367,0.0,172.38999938964844,-0.0035237232510670906,171.78254474054768,0.0012419658259790695,172.60410187763094,0.0010424222329863864,172.5697025577567
holdout,2022-02-07,2022-02-08,171.66000366210938,174.8300018310547,0.018466725511581794,0.0,171.66000366210938,-0.004339594782250249,170.91506880589623,0.0012419658259790695,171.87319952034514,0.0007181456840410554,171.78328055286178
holdout,2022-02-08,2022-02-09,174.8300018310547,176.27999877929688,0.008293753549481586,0.0,174.8300018310547,-0.005391084888419268,173.88747845014097,0.0012419658259790695,175.0471347186847,0.0005504490160829094,174.92623683354435
holdout,2022-02-09,2022-02-10,176.27999877929688,172.1199951171875,-0.02359884099680365,0.0,176.27999877929688,-0.005581604259366588,175.2960735872692,0.0012419658259790695,176.49893251358438,0.00083076840995272,176.42644663358922
holdout,2022-02-10,2022-02-11,172.1199951171875,168.63999938964844,-0.020218427993619836,0.0,172.1199951171875,-0.005966868856545201,171.09297767873406,0.0012419658259790695,172.33376226909073,0.0008034569808672048,172.25828612881125
holdout,2022-02-11,2022-02-14,168.63999938964844,168.8800048828125,0.0014231824835904128,0.0,168.63999938964844,-0.0011978841484653626,168.43798820758238,0.0012419658259790695,168.8494445057835,0.0009326263599386044,168.79727749841925
holdout,2022-02-14,2022-02-15,168.8800048828125,172.7899932861328,0.023152465006342826,0.0,168.8800048828125,-0.0006705870125006794,168.76675614486703,0.0012419658259790695,169.08974807756812,0.0009078635567148169,169.03332488470343
holdout,2022-02-15,2022-02-16,172.7899932861328,172.5500030517578,-0.0013889128057177347,0.0,172.7899932861328,-0.002382928020596544,172.37824716945258,0.0012419658259790695,173.00459255286535,0.0007379367117192886,172.91750136559637
holdout,2022-02-16,2022-02-17,172.5500030517578,168.8800048828125,-0.021269186346200564,0.0,172.5500030517578,-0.0022750808247096106,172.15743784851117,0.0012419658259790695,172.76430425882066,0.0006326984065287727,172.6591751637352
holdout,2022-02-17,2022-02-18,168.8800048828125,167.3000030517578,-0.009355766137921773,0.0,168.8800048828125,-0.001488324451839885,168.62865664211859,0.0012419658259790695,169.08974807756812,0.0006679102848170129,168.9928015749737
holdout,2022-02-18,2022-02-22,167.3000030517578,164.32000732421875,-0.017812287347162448,0.0,167.3000030517578,-0.0004981211200028347,167.2166673868612,0.0012419658259790695,167.50778393823427,-0.0002778802099234942,167.25351369178958
holdout,2022-02-22,2022-02-23,164.32000732421875,160.07000732421875,-0.02586416632525068,0.0,164.32000732421875,-0.002173049540078182,163.96293180787723,0.0012419658259790695,164.52408715784006,0.0003222846276383859,164.37296513659277
holdout,2022-02-23,2022-02-24,160.07000732421875,162.74000549316406,0.01668019020913314,0.0,160.07000732421875,-0.00286380101224841,159.61159867521306,0.0012419658259790695,160.26880880307965,0.0017774599616314302,160.3545253532956
holdout,2022-02-24,2022-02-25,162.74000549316406,164.85000610351562,0.012965469700934706,0.0,162.74000549316406,-0.002873809536604661,162.2723217133907,0.0012419658259790695,162.9421230185062,0.00029919374488871934,162.78869628485074
holdout,2022-02-25,2022-02-28,164.85000610351562,165.1199951171875,0.0016377858882354879,0.0,164.85000610351562,-0.006037564910638874,163.85471349114644,0.0012419658259790695,165.0547441775086,0.00063806373240979,164.9551909136978
holdout,2022-02-28,2022-03-01,165.1199951171875,163.1999969482422,-0.011627896231359958,0.0,165.1199951171875,-0.0075498652586710145,163.87336140254033,0.0012419658259790695,165.32506850830887,0.00032173862624710855,165.17312059758243
holdout,2022-03-01,2022-03-02,163.1999969482422,166.55999755859375,0.02058823941900667,0.0,163.1999969482422,-0.004913030430617126,162.39819039695885,0.0012419658259790695,163.4026857672518,-0.0001207944833630784,163.18028328892598
holdout,2022-03-02,2022-03-03,166.55999755859375,166.22999572753906,-0.001981279033932526,0.0,166.55999755859375,-0.0037820766993625983,165.9300548727815,0.0012419658259790695,166.76685938353668,0.00031139890272838955,166.61186415907193
holdout,2022-03-03,2022-03-04,166.22999572753906,163.1699981689453,-0.01840821534766368,0.0,166.22999572753906,-0.003931116676964294,165.57652621912283,0.0012419658259790695,166.4364477014853,0.0008142345459498304,166.36534593263352
holdout,2022-03-04,2022-03-07,163.1699981689453,159.3000030517578,-0.02371756548762427,0.0,163.1699981689453,-0.005043289333664585,162.3470846576058,0.0012419658259790695,163.3726497304962,0.0006916242627153719,163.28285049862617
holdout,2022-03-07,2022-03-08,159.3000030517578,157.44000244140625,-0.011676086470301161,0.0,159.3000030517578,-0.0025917390249924565,158.88713901716716,0.0012419658259790695,159.49784821162646,2.256798540773416e-05,159.30359813190213
holdout,2022-03-08,2022-03-09,157.44000244140625,162.9499969482422,0.034997423916368176,0.0,157.44000244140625,-0.004106507062929142,156.79347395939303,0.0012419658259790695,157.63553754408053,0.0005767104521745744,157.5307997364046
holdout,2022-03-09,2022-03-10,162.9499969482422,158.52000427246094,-0.027186209013482565,0.0,162.9499969482422,-0.006869050054675195,161.83068526279555,0.0012419658259790695,163.1523752757953,7.812114517986113e-06,162.95126993227905
holdout,2022-03-10,2022-03-11,158.52000427246094,154.72999572753906,-0.02390870831928371,0.0,158.52000427246094,-0.007541838513744488,157.32447199903996,0.0012419658259790695,158.71688070050138,-0.0006908659685762348,158.41048819617052
holdout,2022-03-11,2022-03-14,154.72999572753906,150.6199951171875,-0.026562403695717718,0.0,154.72999572753906,-0.004551786062256348,154.02569788957345,0.0012419658259790695,154.92216509448656,0.00013057822481760692,154.75020009570719
holdout,2022-03-14,2022-03-15,150.6199951171875,155.08999633789062,0.029677342754030223,0.0,150.6199951171875,-0.0006207432646923197,150.5264987696905,0.0012419658259790695,150.80706000383216,0.001326887912985003,150.81985096816237
holdout,2022-03-15,2022-03-16,155.08999633789062,159.58999633789062,0.02901541109199557,0.0,155.08999633789062,-0.0054999635672144925,154.2370070083928,0.0012419658259790695,155.2826128132935,0.0005721260900585139,155.17872737110258
holdout,2022-03-16,2022-03-17,159.58999633789062,160.6199951171875,0.006454030972694147,0.0,159.58999633789062,-0.004777557395279342,158.82754597067395,0.0012419658259790695,159.7882016595104,0.0005235735955657758,159.67355344608958
holdout,2022-03-17,2022-03-18,160.6199951171875,163.97999572753906,0.020918943546848645,0.0,160.6199951171875,-0.0045517965828660335,159.88888557227313,0.0012419658259790695,160.81947966209196,0.00022863063222255606,160.65671776821873
holdout,2022-03-18,2022-03-21,163.97999572753906,165.3800048828125,0.008537682593916074,0.0,163.97999572753906,-0.0010771058584867171,163.8033719134663,0.0012419658259790695,164.18365327837685,0.000512857047046932,164.06409402392265
holdout,2022-03-21,2022-03-22,165.3800048828125,168.82000732421875,0.0208005946295855,0.0,165.3800048828125,-0.003606790201243774,164.78351390171952,0.0012419658259790695,165.5854011971772,0.0009549422256171671,165.5379332327479
holdout,2022-03-22,2022-03-23,168.82000732421875,170.2100067138672,0.008233617636201895,0.0,168.82000732421875,-0.003109224096755231,168.2951080894319,0.0012419658259790695,169.02967600405697,0.0015993751427890945,169.0900138475386
holdout,2022-03-23,2022-03-24,170.2100067138672,174.07000732421875,0.02267787120671727,0.0,170.2100067138672,-0.0008206757164581323,170.07031949465895,0.0012419658259790695,170.42140172544546,0.0015217681155412566,170.4690268750304
holdout,2022-03-24,2022-03-25,174.07000732421875,174.72000122070312,0.003734094727035453,0.0,174.07000732421875,-0.001765919252261609,173.7626137470436,0.0012419658259790695,174.28619632464336,0.0012132692565696517,174.28120111259608
holdout,2022-03-25,2022-03-28,174.72000122070312,175.60000610351562,0.005036657947940837,0.0,174.72000122070312,-0.002669891309185751,174.25351780790305,0.0012419658259790695,174.93699749133424,0.0014182632025030264,174.96780016917575
holdout,2022-03-28,2022-03-29,175.60000610351562,178.9600067138672,0.019134399166084615,0.0,175.60000610351562,-0.004702947917596482,174.77416842048117,0.0012419658259790695,175.8180953101379,0.0011433543731620458,175.80077913842135
holdout,2022-03-29,2022-03-30,178.9600067138672,177.77000427246094,-0.006649544014093012,0.0,178.9600067138672,-0.0029977681264455763,178.42352610983187,0.0012419658259790695,179.18226892642278,0.0011619426450265012,179.16794797742224
holdout,2022-03-30,2022-03-31,177.77000427246094,174.61000061035156,-0.017775797863323284,0.0,177.77000427246094,-0.0036952617622790242,177.11309757319273,0.0012419658259790695,177.99078854265147,0.0015888242657186723,178.05244956896595
holdout,2022-03-31,2022-04-01,174.61000061035156,174.30999755859375,-0.0017181321270783867,0.0,174.61000061035156,-0.0027226542602427823,174.1345979483088,0.0012419658259790695,174.8268602639838,0.0009527553942059791,174.77636123031536
holdout,2022-04-01,2022-04-04,174.30999755859375,178.44000244140625,0.023693448113463633,0.0,174.30999755859375,-0.001637492209830832,174.02456629549593,0.0012419658259790695,174.52648461868802,0.0012789061787570125,174.53292369149057
holdout,2022-04-04,2022-04-05,178.44000244140625,175.05999755859375,-0.018941968373500706,0.0,178.44000244140625,-0.0032148309194375726,177.86634800429312,0.0012419658259790695,178.6616188264261,0.0012924250662661896,178.67062277338613
holdout,2022-04-05,2022-04-06,175.05999755859375,171.8300018310547,-0.018450792714411857,0.0,175.05999755859375,-0.0035115229727256197,174.44527035556146,0.0012419658259790695,175.2774160930575,0.0006848339698964945,175.1798845916919
holdout,2022-04-06,2022-04-07,171.8300018310547,172.13999938964844,0.0018040944846089424,0.0,171.8300018310547,-0.0011017517532958144,171.6406878252685,0.0012419658259790695,172.04340882120678,0.0009879377162481482,171.99975917064657
holdout,2022-04-07,2022-04-08,172.13999938964844,170.08999633789062,-0.01190892912179875,0.0,172.13999938964844,0.0008563365375367223,172.28740916069734,0.0012419658259790695,172.35379138617444,0.0006908486993005883,172.2589220843244
holdout,2022-04-08,2022-04-11,170.08999633789062,165.75,-0.025515882364234077,0.0,170.08999633789062,-0.0016493031936988807,169.8094663637143,0.0012419658259790695,170.30124230068319,0.0007157692986906452,170.21174153528366
holdout,2022-04-11,2022-04-12,165.75,167.66000366210938,0.01152340067637625,0.0,165.75,-0.0021385982245360285,165.39552734428315,0.0012419658259790695,165.95585583565602,0.001382703853979033,165.97918316379705
holdout,2022-04-12,2022-04-13,167.66000366210938,170.39999389648438,0.016342539511671417,0.0,167.66000366210938,-0.0011566449407681922,167.46608056710443,0.0012419658259790695,167.86823165704124,0.0010054211056037756,167.8285725683569
holdout,2022-04-13,2022-04-14,170.39999389648438,165.2899932861328,-0.02998826756681583,0.0,170.39999389648438,-0.0029978122650768956,169.88916670481245,0.0012419658259790695,170.61162486565084,0.0004952760949506669,170.48438894004104
holdout,2022-04-14,2022-04-18,165.2899932861328,165.07000732421875,-0.0013309091345490298,0.0,165.2899932861328,-0.005631159153277958,164.35921902749436,0.0012419658259790695,165.4952778091705,-0.00032390454872029714,165.2364551054495
holdout,2022-04-18,2022-04-19,165.07000732421875,167.39999389648438,0.014115141872437453,0.0,165.07000732421875,-0.003360635795569229,164.5152671488301,0.0012419658259790695,165.27501863220954,0.00020203571186348668,165.10335736065582
holdout,2022-04-19,2022-04-20,167.39999389648438,167.22999572753906,-0.0010155207595194948,0.0,167.39999389648438,-0.002438889924479308,166.99172373801235,0.0012419658259790695,167.60789896817292,0.000305776791307851,167.451180929483
holdout,2022-04-20,2022-04-21,167.22999572753906,166.4199981689453,-0.004843614060203949,0.0,167.22999572753906,-0.005879930144559906,166.24669503458608,0.0012419658259790695,167.43768966731128,0.00012172202951097633,167.2503513020141
holdout,2022-04-21,2022-04-22,166.4199981689453,161.7899932861328,-0.02782120498590701,0.0,166.4199981689453,-0.005250490682442953,165.5462115191871,0.0012419658259790695,166.62668611943064,0.00033853290568166677,166.476336814489
holdout,2022-04-22,2022-04-25,161.7899932861328,162.8800048828125,0.006737200333224225,0.0,161.7899932861328,-0.0038066244457956454,161.1741195426047,0.0012419658259790695,161.99093092877956,0.0001319705494159403,161.8113448004368
holdout,2022-04-25,2022-04-26,162.8800048828125,156.8000030517578,-0.03732810442527357,0.0,162.8800048828125,-0.0044566801740694995,162.15410079429893,0.0012419658259790695,163.08229628261225,-0.00028426765031114136,162.8337033665418
holdout,2022-04-26,2022-04-27,156.8000030517578,156.57000732421875,-0.001466809458308127,0.0,156.8000030517578,-0.005600984187787969,155.9217687140198,0.0012419658259790695,156.9947432970615,0.00023405327702071086,156.83670260630893
holdout,2022-04-27,2022-04-28,156.57000732421875,163.63999938964844,0.04515546870218534,0.0,156.57000732421875,-0.005513191062467121,155.70680695918844,0.0012419658259790695,156.76446192268872,0.0008733767223754428,156.70675192403786
holdout,2022-04-28,2022-04-29,163.63999938964844,157.64999389648438,-0.036604775821961866,0.0,163.63999938964844,-0.003520174305676902,163.063958068416,0.0012419658259790695,163.8432346766536,0.0005022688979590381,163.7221906718039
holdout,2022-04-29,2022-05-02,157.64999389648438,157.9600067138672,0.0019664626031408172,0.0,157.64999389648438,-0.00787179150543482,156.4090060136982,-0.0013722367253427073,157.43366078510957,-0.001339069475387848,157.4388896018625
holdout,2022-05-02,2022-05-03,157.9600067138672,159.47999572753906,0.009622619328101267,0.0,157.9600067138672,-0.004559993964121762,157.23971003667933,0.0012419658259790695,158.15618764407722,0.0013952778901387894,158.18040481876122
holdout,2022-05-03,2022-05-04,159.47999572753906,166.02000427246094,0.0410083315784322,0.0,159.47999572753906,-0.0022096774067739827,159.1275963841475,0.0012419658259790695,159.67806443215994,0.001518726724242079,159.72220225903249
holdout,2022-05-04,2022-05-05,166.02000427246094,156.77000427246094,-0.05571617733980727,0.0,166.02000427246094,-0.00501325393793596,165.18770383226587,0.0012419658259790695,166.22619544419624,-0.0020011482338121085,165.6877736341336
holdout,2022-05-05,2022-05-06,156.77000427246094,157.27999877929688,0.0032531383104996703,0.0,156.77000427246094,-0.00465883422436859,156.03963881120197,0.0012419658259790695,156.96470726030591,0.0032884201403701086,157.2855299119164
holdout,2022-05-06,2022-05-09,157.27999877929688,152.05999755859375,-0.03318922470255159,0.0,157.27999877929688,-0.0039398913886879924,156.66033266649347,0.0012419658259790695,157.4753351628908,-0.001112182392449002,157.10507473397013
holdout,2022-05-09,2022-05-10,152.05999755859375,154.50999450683594,0.01611204121779708,0.0,152.05999755859375,-0.0003991048792034856,151.99930967163644,0.0012419658259790695,152.24885087905997,0.000837895623469222,152.1874079650528
holdout,2022-05-10,2022-05-11,154.50999450683594,146.5,-0.05184127106082803,0.0,154.50999450683594,-0.00777329507266287,153.30894272785878,-0.0013722367253427073,154.29797021794116,0.0011157226160692652,154.68238480211593
holdout,2022-05-11,2022-05-12,146.5,142.55999755859375,-0.026894214617107504,0.0,146.5,-0.004363530625812786,145.86074276331843,0.0012419658259790695,146.68194799350593,0.0028527474472304624,146.91792750101925
holdout,2022-05-12,2022-05-13,142.55999755859375,147.11000061035156,0.03191640803646689,0.0,142.55999755859375,-0.002473191329113994,142.20741940875334,0.0012419658259790695,142.73705220371318,0.0017609821888804626,142.81104317514126
holdout,2022-05-13,2022-05-16,147.11000061035156,145.5399932861328,-0.010672335787539122,0.0,147.11000061035156,-0.0030037412809303383,146.66812022868058,0.0012419658259790695,147.29270620376937,-0.0006665812649682718,147.01193984005522
holdout,2022-05-16,2022-05-17,145.5399932861328,149.24000549316406,0.02542264929033622,0.0,145.5399932861328,-0.007666000351076818,144.42428364650561,-0.0013722367253427073,145.34027796233946,0.0012450749872540265,145.7212014914185
holdout,2022-05-17,2022-05-18,149.24000549316406,140.82000732421875,-0.056419176219683176,0.0,149.24000549316406,-0.004671741755392074,148.5427947279267,0.0012419658259790695,149.42535647985548,0.0004547680579030708,149.30787508062363
holdout,2022-05-18,2022-05-19,140.82000732421875,137.35000610351562,-0.024641393553644142,0.0,140.82000732421875,0.0016484082701265592,141.05213618889127,0.0012419658259790695,140.99490096092956,0.002774076282768644,141.21065276667616
holdout,2022-05-19,2022-05-20,137.35000610351562,137.58999633789062,0.0017472895792529641,0.0,137.35000610351562,2.2193641977499585e-05,137.3530544003767,0.0012419658259790695,137.5205901172942,0.0025605885222432295,137.70170295267434
holdout,2022-05-20,2022-05-23,137.58999633789062,143.11000061035156,0.04011922682885327,0.0,137.58999633789062,0.0012869613862999652,137.76706935031865,0.0012419658259790695,137.76087841133887,0.0020576787826303154,137.87311235405727
holdout,2022-05-23,2022-05-24,143.11000061035156,140.36000061035156,-0.019215987619813357,0.0,143.11000061035156,-0.0062269809465849545,142.21885736328514,-0.0013722367253427073,142.9136198117502,-0.0038620988579424,142.55729564043418
holdout,2022-05-24,2022-05-25,140.36000061035156,140.52000427246094,0.0011399519906925004,0.0,140.36000061035156,-0.002142986373283064,140.0592110416896,0.0012419658259790695,140.53432293444402,6.218501450334426e-05,140.3687288990252
holdout,2022-05-25,2022-05-26,140.52000427246094,143.77999877929688,0.02319950475175747,0.0,140.52000427246094,-0.004806104106690086,139.84465050285496,0.0012419658259790695,140.69452531563377,-0.0005800652371024392,140.438493502865
holdout,2022-05-26,2022-05-27,143.77999877929688,149.63999938964844,0.04075671623385313,0.0,143.77999877929688,-0.004625722793608076,143.11491236167853,0.0012419658259790695,143.95856862424006,-0.0006420464872241026,143.68768533614755
holdout,2022-05-27,2022-05-31,149.63999938964844,148.83999633789062,-0.005346184543042365,0.0,149.63999938964844,-0.007104299348891719,148.5769120394164,0.0012419658259790695,149.8258471550899,-0.0003455280366888837,149.5882945744492
holdout,2022-05-31,2022-06-01,148.83999633789062,148.7100067138672,-0.0008733514325567349,0.0,148.83999633789062,-0.00479204581118081,148.12674825690348,0.0012419658259790695,149.02485052688112,0.0010134886641535981,148.99084398695172
holdout,2022-06-01,2022-06-02,148.7100067138672,151.2100067138672,0.016811242600575316,0.0,148.7100067138672,-0.0018599274640813419,148.43341688819635,0.0012419658259790695,148.89469946018693,0.0015495497487019287,148.94044026740013
holdout,2022-06-02,2022-06-03,151.2100067138672,145.3800048828125,-0.03855566147871903,0.0,151.2100067138672,-0.0021406140277572816,150.8863244523582,0.0012419658259790695,151.39780437475187,0.00014557053509753614,151.2320184354566
holdout,2022-06-03,2022-06-06,145.3800048828125,146.13999938964844,0.005227641225136415,0.0,145.3800048828125,-0.0050242996456348644,144.64957217579737,0.0012419658259790695,145.56056188065762,-4.8536733594131836e-05,145.37294861224558
holdout,2022-06-06,2022-06-07,146.13999938964844,148.7100067138672,0.017585926747997416,0.0,146.13999938964844,-0.0037971926753070533,145.58507765439668,0.0012419658259790695,146.32150027469896,0.0009014541010138359,146.2717378914204
holdout,2022-06-07,2022-06-08,148.7100067138672,147.9600067138672,-0.005043372780172639,0.0,148.7100067138672,-0.0009436266737342012,148.5696799848808,0.0012419658259790695,148.89469946018693,0.0007229253366012653,148.81751294552677
holdout,2022-06-08,2022-06-09,147.9600067138672,142.63999938964844,-0.0359557115626985,0.0,147.9600067138672,-0.00480933069218136,147.24841811236283,-0.0013722367253427073,147.75697055877248,-0.004397143484510862,147.30940533437712
holdout,2022-06-09,2022-06-10,142.63999938964844,137.1300048828125,-0.038628677302390724,0.0,142.63999938964844,-0.003325780407019642,142.16561007442104,0.0012419658259790695,142.81715339430804,0.0015297750622962458,142.85820650360068
holdout,2022-06-10,2022-06-13,137.1300048828125,131.8800048828125,-0.03828483784046022,0.0,137.1300048828125,-0.0008954596633156489,137.00721049480967,0.0012419658259790695,137.30031566259328,0.0021860677095091384,137.42978035849166
holdout,2022-06-13,2022-06-14,131.8800048828125,132.75999450683594,0.006672653862921818,0.0,131.8800048828125,0.002023333918303129,132.14684216983787,0.0012419658259790695,132.0437953420069,0.004131487022187129,132.4248654114718
holdout,2022-06-14,2022-06-15,132.75999450683594,135.42999267578125,0.020111466401181888,0.0,132.75999450683594,-0.00225411528966247,132.46073817336259,0.0012419658259790695,132.9248778830706,0.003634091534718154,133.24245647902245
holdout,2022-06-15,2022-06-16,135.42999267578125,130.05999755859375,-0.039651446559871295,0.0,135.42999267578125,-0.0031406977925981824,135.00464799673284,-0.015839908553019835,133.28479397646072,-0.00012736548553537124,135.41274356900806
holdout,2022-06-16,2022-06-17,130.05999755859375,131.55999755859375,0.011533138767930717,0.0,130.05999755859375,-0.00039157216276490157,130.00906968406053,-0.012083961135818392,128.48835760277106,-0.004769433669679167,129.4396850271594
holdout,2022-06-17,2022-06-21,131.55999755859375,135.8699951171875,0.032760699593918474,0.0,131.55999755859375,-0.0004933166089770885,131.4950968267211,0.0012419658259790695,131.72339057962742,0.0001443626013316536,131.5789899020725
holdout,2022-06-21,2022-06-22,135.8699951171875,135.35000610351562,-0.003827107031419197,0.0,135.8699951171875,-0.002385685242088781,135.54585207499375,0.0012419658259790695,136.03874100789898,0.0009441054135262809,135.99827071511342
holdout,2022-06-22,2022-06-23,135.35000610351562,138.27000427246094,0.021573683319320303,0.0,135.35000610351562,-0.0035496381056408246,134.86956256425188,-0.0013722367253427073,135.16427385436504,-0.0021919336078699446,135.05332787631193
holdout,2022-06-23,2022-06-24,138.27000427246094,141.66000366210938,0.024517243689154977,0.0,138.27000427246094,0.000127917876310103,138.28769147776487,0.0012419658259790695,138.4417308925253,-0.0006062547490046349,138.18617742572587
holdout,2022-06-24,2022-06-27,141.66000366210938,141.66000366210938,0.0,0.0,141.66000366210938,-0.0023185078981743964,141.33156382476335,0.0012419658259790695,141.8359405455658,0.00036302998289761124,141.7114304908161
holdout,2022-06-27,2022-06-28,141.66000366210938,137.44000244140625,-0.029789645006425114,0.0,141.66000366210938,-0.005228126761732701,140.91938720589636,0.0012419658259790695,141.8359405455658,0.0005676739016626176,141.7404203490978
holdout,2022-06-28,2022-06-29,137.44000244140625,139.22999572753906,0.013023815878466127,0.0,137.44000244140625,-0.004860076825809882,136.7720334706015,0.0012419658259790695,137.61069822756096,-0.00019936074595994154,137.4126022999948
holdout,2022-06-29,2022-06-30,139.22999572753906,136.72000122070312,-0.01802768500939822,0.0,139.22999572753906,-0.0030112216091392,138.81074335576392,0.0012419658259790695,139.40291462418386,0.0014810094648379912,139.4361966690009
holdout,2022-06-30,2022-07-01,136.72000122070312,138.92999267578125,0.016164360995803317,0.0,136.72000122070312,-0.0034235499300854983,136.2519334700827,0.0012419658259790695,136.88980278994705,0.0008682888594217644,136.8387136746232
holdout,2022-07-01,2022-07-05,138.92999267578125,141.55999755859375,0.018930432746441683,0.0,138.92999267578125,-0.007129608710445734,137.93947618985783,0.0012419658259790695,139.10253897888808,0.0007692030825889385,139.03685805441154
holdout,2022-07-05,2022-07-06,141.55999755859375,142.9199981689453,0.009607238159132114,0.0,141.55999755859375,-0.003861512231380667,141.01336189654702,0.0012419658259790695,141.7358102378872,0.000746681830289044,141.6656978366665
holdout,2022-07-06,2022-07-07,142.9199981689453,146.35000610351562,0.02399949607133145,0.0,142.9199981689453,-0.0050993200768141515,142.19120335290418,0.0012419658259790695,143.09749992252011,0.0005257989470704029,142.99514535349783
holdout,2022-07-07,2022-07-08,146.35000610351562,147.0399932861328,0.004714637197412497,0.0,146.35000610351562,-0.0019423151753758337,146.06574826574442,0.0012419658259790695,146.53176780972802,0.0015862914137071194,146.5821598615936
holdout,2022-07-08,2022-07-11,147.0399932861328,144.8699951171875,-0.014757877230874183,0.0,147.0399932861328,-0.001843311034296509,146.7689528440256,0.0012419658259790695,147.22261193284638,0.0017541792784701562,147.29792779546173
holdout,2022-07-11,2022-07-12,144.8699951171875,145.86000061035156,0.006833751132270249,0.0,144.8699951171875,0.000707330974576223,144.9724661520206,0.0012419658259790695,145.0499187003328,0.0012174421848563433,145.0463659605631
holdout,2022-07-12,2022-07-13,145.86000061035156,145.49000549316406,-0.0025366455206311533,0.0,145.86000061035156,0.001722827753859644,146.11129226758106,0.0012419658259790695,146.04115374648688,0.0017067374201083507,146.10894533149028
holdout,2022-07-13,2022-07-14,145.49000549316406,148.47000122070312,0.0204824772494705,0.0,145.49000549316406,-0.0007137936786077736,145.38615564694243,0.0012419658259790695,145.67069910800808,0.00140597279935202,145.69456048346504
holdout,2022-07-14,2022-07-15,148.47000122070312,150.1699981689453,0.011450103955445545,0.0,148.47000122070312,-0.0017272241419819295,148.21356025023465,0.0012419658259790695,148.6543958884023,0.0011442474825019186,148.63988764582697
holdout,2022-07-15,2022-07-18,150.1699981689453,147.07000732421875,-0.020643210245224752,0.0,150.1699981689453,-0.0019485455072673504,149.87738509368688,0.0012419658259790695,150.35650417475847,0.0014794957820814885,150.39217404783145
holdout,2022-07-18,2022-07-19,147.07000732421875,151.0,0.026721917998667744,0.0,147.07000732421875,-0.0027017271975226125,146.67266428549107,0.0012419658259790695,147.2526632473419,0.0007067355502423484,147.1739469267692
holdout,2022-07-19,2022-07-20,151.0,153.0399932861328,0.013509889312137924,0.0,151.0,-0.0011667532260888585,150.82382026286058,0.0012419658259790695,151.18753683972284,0.0018018486694242576,151.27207914908305
holdout,2022-07-20,2022-07-21,153.0399932861328,155.35000610351562,0.015094177461599134,0.0,153.0399932861328,-0.0017539561908830065,152.7715678424559,0.0012419658259790695,153.23006372780225,0.001535973350672177,153.27505863740734
holdout,2022-07-21,2022-07-22,155.35000610351562,154.08999633789062,-0.008110780277571505,0.0,155.35000610351562,-0.0025315446952048648,154.95673061966423,0.0012419658259790695,155.5429455021618,0.001640657102156985,155.6048821943495
holdout,2022-07-22,2022-07-25,154.08999633789062,152.9499969482422,-0.0073982699509488326,0.0,154.08999633789062,7.808644622479995e-05,154.10202867810347,0.0012419658259790695,154.2813708474675,0.0016782937542337618,154.3486046163344
holdout,2022-07-25,2022-07-26,152.9499969482422,151.60000610351562,-0.0088263541788981,0.0,152.9499969482422,-0.0010963427521561778,152.78231132764566,0.0012419658259790695,153.1399556175355,0.0010379674872766542,153.10875407225353
holdout,2022-07-26,2022-07-27,151.60000610351562,156.7899932861328,0.034234742570348864,0.0,151.60000610351562,-0.0006685418898337782,151.49865514893636,0.0012419658259790695,151.7882881303144,0.0012397008270948985,151.78794475646973
holdout,2022-07-27,2022-07-28,156.7899932861328,157.35000610351562,0.0035717382573059453,0.0,156.7899932861328,-0.0025560688028612674,156.3892272756933,0.0012419658259790695,156.98472109964968,0.0016404994348446506,157.047207181508
holdout,2022-07-28,2022-07-29,157.35000610351562,162.50999450683594,0.03279306134837845,0.0,157.35000610351562,-0.0019300937947770605,157.0463058331271,0.0012419658259790695,157.54542943381378,0.001179676092795364,157.53562814391714
holdout,2022-07-29,2022-08-01,162.50999450683594,161.50999450683594,-0.00615346768692393,0.0,162.50999450683594,-0.002588134213700868,162.08939682998445,0.0012419658259790695,162.71182636639347,0.0018056700228098659,162.80343393232394
holdout,2022-08-01,2022-08-02,161.50999450683594,160.00999450683594,-0.009287350944318873,0.0,161.50999450683594,-0.002011003548282698,161.18519733479957,0.0012419658259790695,161.71058440056748,0.0015311697254741863,161.75729372078632
holdout,2022-08-02,2022-08-03,160.00999450683594,166.1300048828125,0.038247675683253046,0.0,160.00999450683594,-0.0025536457135609315,159.60138567023665,0.0012419658259790695,160.20872145182852,0.001596716874409536,160.26548516513918
holdout,2022-08-03,2022-08-04,166.1300048828125,165.80999755859375,-0.0019262464022948844,0.0,166.1300048828125,-0.0002044499889925608,166.09603960514286,0.0012419658259790695,166.33633267154667,0.0019980660520508803,166.4619436057959
holdout,2022-08-04,2022-08-05,165.80999755859375,165.35000610351562,-0.0027742082012610636,0.0,165.80999755859375,-0.002243339579811542,165.4380294283421,0.0012419658259790695,166.01592790916717,0.0014617886397702278,166.05237672938526
holdout,2022-08-05,2022-08-08,165.35000610351562,164.8699951171875,-0.0029029995077690662,0.0,165.35000610351562,-0.002244558886946134,164.9788682778594,0.0012419658259790695,165.55536516042162,0.001370006187123412,165.5765366349183
holdout,2022-08-08,2022-08-09,164.8699951171875,164.9199981689453,0.0003032877615012364,0.0,164.8699951171875,-0.0009212839003214274,164.71810304503995,0.0012419658259790695,165.07475801685237,0.0015614137998067748,165.12742540273754
holdout,2022-08-09,2022-08-10,164.9199981689453,169.24000549316406,0.026194563256017656,0.0,164.9199981689453,-0.0032030958470511592,164.3917436077147,0.0012419658259790695,165.12482317069166,0.0013532383922777406,165.1431742421219
holdout,2022-08-10,2022-08-11,169.24000549316406,168.49000549316406,-0.0044315763156265175,0.0,169.24000549316406,-0.0035384879417447094,168.6411517744657,0.0012419658259790695,169.45019579637508,0.002005379456275247,169.57939592335998
holdout,2022-08-11,2022-08-12,168.49000549316406,172.10000610351562,0.021425606817361276,0.0,168.49000549316406,-0.003896577442922079,167.8334711384016,0.0012419658259790695,168.69926432200558,0.0014223082312082587,168.72965021485334
holdout,2022-08-12,2022-08-15,172.10000610351562,173.19000244140625,0.006333505515595528,0.0,172.10000610351562,-0.002199762061246302,171.72142703934887,0.0012419658259790695,172.31374842974697,0.001340593481498535,172.33072224986384
holdout,2022-08-15,2022-08-16,173.19000244140625,173.02999877929688,-0.0009238620004263787,0.0,173.19000244140625,-0.0028244662032936877,172.70083313276214,0.0012419658259790695,173.4050985058397,0.0016646626583769423,173.47830537127467
holdout,2022-08-16,2022-08-17,173.02999877929688,174.5500030517578,0.00878462857992468,0.0,173.02999877929688,-0.004241826540039111,172.2960355382519,0.0012419658259790695,173.24489612464996,0.0017536538589346426,173.33343350436766
holdout,2022-08-17,2022-08-18,174.5500030517578,174.14999389648438,-0.0022916594000563784,0.0,174.5500030517578,-0.0015421562157861496,174.28081967958605,0.0012419658259790695,174.76678819047262,0.0018005646393431925,174.86429161505004
holdout,2022-08-18,2022-08-19,174.14999389648438,171.52000427246094,-0.015101864577650947,0.0,174.14999389648438,-0.002492959318384563,173.71584504640353,0.0012419658259790695,174.36628223749827,0.001461477397287972,174.40451017630195
holdout,2022-08-19,2022-08-22,171.52000427246094,167.57000732421875,-0.023029365962279114,0.0,171.52000427246094,-0.002556092514593509,171.08158327343705,0.0012419658259790695,171.7330262562391,0.0008731362650489311,171.66976460837256
holdout,2022-08-22,2022-08-23,167.57000732421875,167.22999572753906,-0.0020290719210975805,0.0,167.57000732421875,-0.0022801233606257383,167.18792703597856,0.0012419658259790695,167.77812354677448,0.0010946563352457292,167.75343889433336
holdout,2022-08-23,2022-08-24,167.22999572753906,167.52999877929688,0.001793954789346408,0.0,167.22999572753906,-0.0031175407052955613,166.70864940871206,0.0012419658259790695,167.43768966731128,0.000834133437414147,167.36948785871405
holdout,2022-08-24,2022-08-25,167.52999877929688,170.02999877929688,0.014922700520600518,0.0,167.52999877929688,-0.003918271031740611,166.87357083813242,0.0012419658259790695,167.73806531260706,0.0008289238382580798,167.6688683889084
holdout,2022-08-25,2022-08-26,170.02999877929688,163.6199951171875,-0.03769925135640162,0.0,170.02999877929688,-0.005033539811864348,169.17414601123002,0.0012419658259790695,170.241170227172,0.0008297386657528322,170.17107924362196
holdout,2022-08-26,2022-08-29,163.6199951171875,161.3800048828125,-0.013690198638440787,0.0,163.6199951171875,-0.0033910979371321276,163.06514368927205,0.0012419658259790695,163.8232055595699,0.000869305930633887,163.76223094931316
holdout,2022-08-29,2022-08-30,161.3800048828125,158.91000366210938,-0.015305497248539135,0.0,161.3800048828125,-0.0027243836102848772,160.94034384248206,0.0012419658259790695,161.5804333338733,0.0010841518613787812,161.55496531549554
holdout,2022-08-30,2022-08-31,158.91000366210938,157.22000122070312,-0.010634965719336975,0.0,158.91000366210938,-0.0019847513436371043,158.59460681882362,0.0012419658259790695,159.10736445606392,0.0011724585949557205,159.09631906172746
holdout,2022-08-31,2022-09-01,157.22000122070312,157.9600067138672,0.004706815210650195,0.0,157.22000122070312,-0.0038253116831066486,156.61858571321554,-0.0013722367253427073,157.00425816106966,0.00015258821599824357,157.24399114020864
holdout,2022-09-01,2022-09-02,157.9600067138672,155.80999755859375,-0.013611098150736467,0.0,157.9600067138672,-0.002606350775413511,157.5483075278842,0.0012419658259790695,158.15618764407722,0.00012093367669569845,157.97910939824996
holdout,2022-09-02,2022-09-06,155.80999755859375,154.52999877929688,-0.008215126110989845,0.0,155.80999755859375,-0.003861081524931916,155.2084024556206,0.0012419658259790695,156.0035082509074,0.0007659508945095117,155.92934036559728
holdout,2022-09-06,2022-09-07,154.52999877929688,155.9600067138672,0.00925391798269981,0.0,154.52999877929688,-0.004174973979845387,153.88484005528778,0.0012419658259790695,154.72191975686934,0.002794290963300915,154.96180055844476
holdout,2022-09-07,2022-09-08,155.9600067138672,154.4600067138672,-0.009617850316921195,0.0,155.9600067138672,-0.0041878142850586084,155.30687516985301,0.0012419658259790695,156.15370371242525,0.004414502144402301,156.64849249794653
holdout,2022-09-08,2022-09-09,154.4600067138672,157.3699951171875,0.01883975318420772,0.0,154.4600067138672,-0.004250226678527869,153.80351667256633,0.0012419658259790695,154.6518407636863,0.0013562792834187994,154.66949762108993
holdout,2022-09-09,2022-09-12,157.3699951171875,163.42999267578125,0.038507960517385253,0.0,157.3699951171875,-0.003091139797935415,156.88354246227985,0.0012419658259790695,157.56544327315754,0.00010741779754754551,157.38689945546307
holdout,2022-09-12,2022-09-13,163.42999267578125,153.83999633789062,-0.05867953721882391,0.0,163.42999267578125,-0.004751309278780789,162.65348623514973,0.0012419658259790695,163.63296714162456,0.0007997664782570358,163.56069850546513
holdout,2022-09-13,2022-09-14,153.83999633789062,155.30999755859375,0.009555390377639084,0.0,153.83999633789062,-0.005717515549969189,152.9604137666215,0.0012419658259790695,154.031060356011,-0.0021311676741450417,153.51213751070472
holdout,2022-09-14,2022-09-15,155.30999755859375,152.3699951171875,-0.018929898188280392,0.0,155.30999755859375,-0.003430257131138302,154.7772443319313,0.0012419658259790695,155.5028872679944,-0.0011210183884053856,155.13589219542737
holdout,2022-09-15,2022-09-16,152.3699951171875,150.6999969482422,-0.010960151095764759,0.0,152.3699951171875,-0.0020814244502796514,152.0528484838616,0.0012419658259790695,152.55923344402763,-0.0027641300045745066,151.9488246418872
holdout,2022-09-16,2022-09-19,150.6999969482422,154.47999572753906,0.025082938658552933,0.0,150.6999969482422,-0.00602117207052672,149.79260633558897,-0.0013722367253427073,150.49320087792077,0.00013306648502619246,150.72005006712953
holdout,2022-09-19,2022-09-20,154.47999572753906,156.89999389648438,0.01566544689199456,0.0,154.47999572753906,-0.004007482342156929,153.86091987244447,0.0012419658259790695,154.67185460303006,0.0009455694444634516,154.6260672912799
holdout,2022-09-20,2022-09-21,156.89999389648438,153.72000122070312,-0.02026764053209118,0.0,156.89999389648438,-0.007391056865845878,155.7403371193446,0.0012419658259790695,157.09485832700014,0.0005662019716774535,156.98883098238474
holdout,2022-09-21,2022-09-22,153.72000122070312,152.74000549316406,-0.006375199842290069,0.0,153.72000122070312,-0.0058912368068567405,152.81440029156164,0.0012419658259790695,153.91091620898868,0.00011267375211469868,153.73732143001573
holdout,2022-09-22,2022-09-23,152.74000549316406,150.42999267578125,-0.015123823060790742,0.0,152.74000549316406,-0.004643554676615244,152.03074892635004,0.0012419658259790695,152.9297033602464,0.0013050345358609446,152.93933647534024
holdout,2022-09-23,2022-09-26,150.42999267578125,150.77000427246094,0.0022602646628622214,0.0,150.42999267578125,-0.0030737334381569412,149.96761097719198,0.0012419658259790695,150.61682158588684,0.0007100079852041862,150.53679917179528
holdout,2022-09-26,2022-09-27,150.77000427246094,151.75999450683594,0.0065662280713738586,0.0,150.77000427246094,-0.002870309739178355,150.33724766082173,0.0012419658259790695,150.95725546535004,0.0013008300987452908,150.96613043200654
holdout,2022-09-27,2022-09-28,151.75999450683594,149.83999633789062,-0.012651543479456517,0.0,151.75999450683594,-0.005028913792308357,150.99680657733987,0.0012419658259790695,151.94847523376419,0.0007603819575327765,151.87539006853422
holdout,2022-09-28,2022-09-29,149.83999633789062,142.47999572753906,-0.049119065604851575,0.0,149.83999633789062,-0.005466671185135439,149.02087034752947,0.0012419658259790695,150.0260924927071,0.00020674310448198072,149.8709747239091
holdout,2022-09-29,2022-09-30,142.47999572753906,138.1999969482422,-0.030039296095161427,0.0,142.47999572753906,-0.004036369390771009,141.90489383398724,0.0012419658259790695,142.65695101311832,0.00017182710301843424,142.504477652443
holdout,2022-09-30,2022-10-03,138.1999969482422,142.4499969482422,0.030752533240588242,0.0,138.1999969482422,-0.0018744172946965052,137.9409524838354,0.0012419658259790695,138.3716366216023,-0.0030370315543072255,137.7802791967052
holdout,2022-10-03,2022-10-04,142.4499969482422,146.10000610351562,0.02562309044204225,0.0,142.4499969482422,-0.0031342512812218026,142.00352286279713,0.0012419658259790695,142.6269149763627,0.0004883229906001797,142.51955855676292
holdout,2022-10-04,2022-10-05,146.10000610351562,146.39999389648438,0.0020533044519943644,0.0,146.10000610351562,-0.00519754675672804,145.34064449063436,-0.0013722367253427073,145.8995223095676,-0.0015088043283720094,145.87956978193148
holdout,2022-10-05,2022-10-06,146.39999389648438,145.42999267578125,-0.0066256916744750205,0.0,146.39999389648438,-0.004674086909632761,145.7157076014425,0.0012419658259790695,146.58181768582733,0.0012557217834960055,146.58383155792387
holdout,2022-10-06,2022-10-07,145.42999267578125,140.08999633789062,-0.03671867294799025,0.0,145.42999267578125,-0.002341007362938514,145.08953999213514,0.0012419658259790695,145.61061175675695,0.0008011559920639715,145.54650478583926
holdout,2022-10-07,2022-10-10,140.08999633789062,140.4199981689453,0.0023556416566585803,0.0,140.08999633789062,-0.001869436505996813,139.82810698461162,0.0012419658259790695,140.2639833259038,0.000878435172086748,140.21305631793132
holdout,2022-10-10,2022-10-11,140.4199981689453,138.97999572753906,-0.01025496695758199,0.0,140.4199981689453,-0.002663839080062618,140.04594189020057,0.0012419658259790695,140.59439500795517,0.0008621050330255871,140.5410549561042
holdout,2022-10-11,2022-10-12,138.97999572753906,138.33999633789062,-0.004604974883602009,0.0,138.97999572753906,-0.0017982647000152007,138.73007290721395,0.0012419658259790695,139.1526041327274,0.00020821969701443772,139.0089341001405
holdout,2022-10-12,2022-10-13,138.33999633789062,142.99000549316406,0.0336129050048255,0.0,138.33999633789062,-0.0033933840335603894,137.87055560311484,0.0012419658259790695,138.51180988570835,-0.0015485555417188862,138.12576916992023
holdout,2022-10-13,2022-10-14,142.99000549316406,138.3800048828125,-0.03224001981433555,0.0,142.99000549316406,-0.004309287328381643,142.37382047440715,0.0012419658259790695,143.16759419344314,0.0006540307664026909,143.08352535604467
holdout,2022-10-14,2022-10-17,138.3800048828125,142.41000366210938,0.02912269574429982,0.0,138.3800048828125,-0.007499465243158879,137.34222884584568,0.0012419658259790695,138.55186811987576,-0.0007011301092487681,138.28298249487116
holdout,2022-10-17,2022-10-18,142.41000366210938,143.75,0.009409425626236034,0.0,142.41000366210938,-0.005353924221330941,141.64755129414297,0.0012419658259790695,142.58687201993527,0.0011598816721805731,142.5751824152922
holdout,2022-10-18,2022-10-19,143.75,143.86000061035156,0.0007652216372282528,0.0,143.75,-0.002466135886263536,143.39549296634962,0.0012419658259790695,143.92853258748448,0.0009477677481817339,143.88624161380113
holdout,2022-10-19,2022-10-20,143.86000061035156,143.38999938964844,-0.003267073673773546,0.0,143.86000061035156,-0.004273825656255056,143.2451680488342,0.0012419658259790695,144.03866981483495,0.0002532431115155033,143.89643216452873
holdout,2022-10-20,2022-10-21,143.38999938964844,147.27000427246094,0.027059103837980825,0.0,143.38999938964844,-0.0007283006892052789,143.2855683542678,0.0012419658259790695,143.56808486867754,0.001102183787231457,143.5480415222268
holdout,2022-10-21,2022-10-24,147.27000427246094,149.4499969482422,0.014802693097965003,0.0,147.27000427246094,-0.003274084796378683,146.78782979050985,0.0012419658259790695,147.45290858495912,0.0009746592456884796,147.41354234373767
holdout,2022-10-24,2022-10-25,149.4499969482422,152.33999633789062,0.019337567404898115,0.0,149.4499969482422,-0.0022810530636513658,149.10909357484073,0.0012419658259790695,149.63560873714457,0.0015320881741887362,149.67896752119913
holdout,2022-10-25,2022-10-26,152.33999633789062,149.35000610351562,-0.019627086164182295,0.0,152.33999633789062,-0.0024230646350173065,151.97086668026563,0.0012419658259790695,152.52919740727205,0.0013727540111330872,152.54912167891945
holdout,2022-10-26,2022-10-27,149.35000610351562,144.8000030517578,-0.03046536903791064,0.0,149.35000610351562,-0.0005227198370937867,149.27193789265525,0.0012419658259790695,149.53549370720594,0.0008915447628579196,149.48315831929
holdout,2022-10-27,2022-10-28,144.8000030517578,155.74000549316406,0.07555250145606562,0.0,144.8000030517578,-0.00024223291814200274,144.76492772447162,0.0012419658259790695,144.97983970714975,0.0013904681215761952,145.0013428400054
holdout,2022-10-28,2022-10-31,155.74000549316406,153.33999633789062,-0.015410357458724877,0.0,155.74000549316406,-0.001024690681207315,155.58042016084403,0.0012419658259790695,155.93342925772436,0.005918223714253982,156.66170968693174
holdout,2022-10-31,2022-11-01,153.33999633789062,150.64999389648438,-0.0175427318745901,0.0,153.33999633789062,-0.0038103899472882222,152.7557111573275,0.0012419658259790695,153.53043937309803,0.001251314716633935,153.53187293195683
holdout,2022-11-01,2022-11-02,150.64999389648438,145.02999877929688,-0.03730498071609045,0.0,150.64999389648438,-0.0026473243310649627,150.25117450216743,0.0012419658259790695,150.83709604058777,0.0015707186126698884,150.88662264589618
holdout,2022-11-02,2022-11-03,145.02999877929688,138.8800048828125,-0.04240497792352105,0.0,145.02999877929688,0.003334362028655042,145.51358130024244,0.0012419658259790695,145.21012108152254,0.005724458727633381,145.86021702157765
holdout,2022-11-03,2022-11-04,138.8800048828125,138.3800048828125,-0.003600230288167805,0.0,138.8800048828125,0.00021022876753091927,138.9092014550737,0.0012419658259790695,139.05248910278874,0.004921557475932089,139.563510809101
holdout,2022-11-04,2022-11-07,138.3800048828125,138.9199981689453,0.003902249364639898,0.0,138.3800048828125,-0.002594277547027319,138.02100874318748,0.0012419658259790695,138.55186811987576,0.0025988510959194496,138.73963391015553
holdout,2022-11-07,2022-11-08,138.9199981689453,139.5,0.004175078021159573,0.0,138.9199981689453,-0.0039200080605610865,138.37543065634992,-0.0013722367253427073,138.72936704557335,0.0006522306017680675,139.01060604294867
holdout,2022-11-08,2022-11-09,139.5,134.8699951171875,-0.03318999915994625,0.0,139.5,-0.0025641400948133316,139.14230245677354,-0.015839908553019835,137.29033275685373,-0.0012563803819518908,139.3247349367177
holdout,2022-11-09,2022-11-10,134.8699951171875,146.8699951171875,0.08897457132383879,0.0,134.8699951171875,-0.002151784278868024,134.57978398200333,0.0012419658259790695,135.037499042073,-0.0006093191505771488,134.78781624632435
holdout,2022-11-10,2022-11-11,146.8699951171875,149.6999969482422,0.019268754171310798,0.0,146.8699951171875,-0.006525521110608409,145.91159186353534,0.0012419658259790695,147.05240263198476,-0.0006927077420637713,146.76825713449296
holdout,2022-11-11,2022-11-14,149.6999969482422,148.27999877929688,-0.009485625904429806,0.0,149.6999969482422,-0.0035450803329301647,149.16929843322126,0.0012419658259790695,149.88591922860107,0.0002982191852065828,149.7446403593575
holdout,2022-11-14,2022-11-15,148.27999877929688,150.0399932861328,0.011869399253607638,0.0,148.27999877929688,-0.00393417695975762,147.69663902450648,0.0012419658259790695,148.46415747045697,0.00018030234798215383,148.30673401123556
holdout,2022-11-15,2022-11-16,150.0399932861328,148.7899932861328,-0.00833111207633952,0.0,150.0399932861328,0.004170103682760179,150.66567561469662,0.0012419658259790695,150.2263378303243,0.008882388799349007,151.37270684195195
holdout,2022-11-16,2022-11-17,148.7899932861328,150.72000122070312,0.01297135574741759,0.0,148.7899932861328,-0.0015340573950637045,148.56174089662073,0.0012419658259790695,148.97478537304184,0.001961579591096018,149.08185670032222
holdout,2022-11-17,2022-11-18,150.72000122070312,151.2899932861328,0.003781794458686649,0.0,150.72000122070312,-0.0050558330134370215,149.95798606274622,0.0012419658259790695,150.90719031151076,0.0013407994831987765,150.92208652044758
holdout,2022-11-18,2022-11-21,151.2899932861328,148.00999450683594,-0.02168020969565021,0.0,151.2899932861328,-0.004941868741081205,150.5423379974737,0.0012419658259790695,151.47789028760678,0.0009692572487751181,151.43663220879253
holdout,2022-11-21,2022-11-22,148.00999450683594,150.17999267578125,0.014661159715434469,0.0,148.00999450683594,-0.00488707815648216,147.28665809574053,0.0012419658259790695,148.19381786191676,0.0002631465516967025,148.04894282650704
holdout,2022-11-22,2022-11-23,150.17999267578125,151.07000732421875,0.0059263196953200925,0.0,150.17999267578125,-0.004270186103220356,149.5386961580754,0.0012419658259790695,150.36651109443034,-0.0001337524241974048,150.1599057376949
holdout,2022-11-23,2022-11-25,151.07000732421875,148.11000061035156,-0.01959360938875554,0.0,151.07000732421875,-0.006182009032793605,150.13609117435624,0.0012419658259790695,151.25763111064583,0.0010974716396089951,151.23580237285262
holdout,2022-11-25,2022-11-28,148.11000061035156,144.22000122070312,-0.02626425881856731,0.0,148.11000061035156,-0.004342587091033899,147.46682003364802,0.0012419658259790695,148.29394816959535,0.000649888043663551,148.20625552889524
holdout,2022-11-28,2022-11-29,144.22000122070312,141.1699981689453,-0.021148266717113118,0.0,144.22000122070312,-0.0007552606313871726,144.1110775315225,0.0012419658259790695,144.39911753364188,0.0008820523431831874,144.34721081071373
holdout,2022-11-29,2022-11-30,141.1699981689453,148.02999877929688,0.04859389884061516,0.0,141.1699981689453,-0.0005269005380022633,141.0956156209603,0.0012419658259790695,141.34532648232465,0.001760883631869571,141.41858210803207
holdout,2022-11-30,2022-12-01,148.02999877929688,148.30999755859375,0.0018915002472865705,0.0,148.02999877929688,-0.002156877357276551,147.71071622673213,0.0012419658259790695,148.21384697900046,0.0008677322622723336,148.1584491850218
holdout,2022-12-01,2022-12-02,148.30999755859375,147.80999755859375,-0.0033713168918532155,0.0,148.30999755859375,-0.0031132718192042334,147.84826822268832,0.0012419658259790695,148.49419350721254,0.000689710962449783,148.4122885897508
holdout,2022-12-02,2022-12-05,147.80999755859375,146.6300048828125,-0.00798317228381984,0.0,147.80999755859375,-0.0016484474523231576,147.5663405446904,0.0012419658259790695,147.99357252429957,0.0010445255773925694,147.96438888163803
holdout,2022-12-05,2022-12-06,146.6300048828125,142.91000366210938,-0.025369986338581674,0.0,146.6300048828125,0.001653059154024549,146.87239295463868,0.0012419658259790695,146.8121143379401,0.0017511937333023213,146.88678242847737
holdout,2022-12-06,2022-12-07,142.91000366210938,140.94000244140625,-0.013784907775671984,0.0,142.91000366210938,-0.0016973601379026912,142.66743391858577,0.0012419658259790695,143.08749300284825,0.0010993163647921055,143.06710696782764
holdout,2022-12-07,2022-12-08,140.94000244140625,142.64999389648438,0.012132761639400691,0.0,140.94000244140625,-0.0024095802549593814,140.6003961943895,0.0012419658259790695,141.1150451079519,0.0013272231788896305,141.12706127947925
holdout,2022-12-08,2022-12-09,142.64999389648438,142.16000366210938,-0.0034349124103753015,0.0,142.64999389648438,-0.004176909014784017,142.05415785101926,0.0012419658259790695,142.82716031397993,0.0005614678215616791,142.73008727780322
holdout,2022-12-09,2022-12-12,142.16000366210938,144.49000549316406,0.01638999557563814,0.0,142.16000366210938,-0.005384668104050586,141.3945192247183,0.0012419658259790695,142.33656152847877,-0.0008404032214784137,142.04053193706636
holdout,2022-12-12,2022-12-13,144.49000549316406,145.47000122070312,0.006782446468835079,0.0,144.49000549316406,-0.0062102557655823645,143.59268560348113,0.0012419658259790695,144.6694571421821,0.000419110320789467,144.5505627457172
holdout,2022-12-13,2022-12-14,145.47000122070312,143.2100067138672,-0.015535811424151502,0.0,145.47000122070312,-0.006047117243290745,144.59032706793988,0.0012419658259790695,145.65066999092437,0.0009830994980216219,145.61301270588038
holdout,2022-12-14,2022-12-15,143.2100067138672,136.5,-0.04685431463789913,0.0,143.2100067138672,-0.005027216434313713,142.49005901455706,0.0012419658259790695,143.38786864814404,0.00045258381717035623,143.27482124536274
holdout,2022-12-15,2022-12-16,136.5,134.50999450683594,-0.014578794821714758,0.0,136.5,-0.0021448809631971623,136.20722374852357,0.0012419658259790695,136.66952833524613,0.00037736703830483265,136.55151060072862
holdout,2022-12-16,2022-12-19,134.50999450683594,132.3699951171875,-0.01590959391154889,0.0,134.50999450683594,-0.0012328941149913173,134.34415792620095,0.0012419658259790695,134.67705132326606,0.0020236228222834975,134.78219200154518
holdout,2022-12-19,2022-12-20,132.3699951171875,132.3000030517578,-0.0005287608069164396,0.0,132.3699951171875,-0.0026133566538643327,132.024065109676,0.0012419658259790695,132.53439412750805,0.001951133188986857,132.62826660788667
holdout,2022-12-20,2022-12-21,132.3000030517578,135.4499969482422,0.023809477126406797,0.0,132.3000030517578,-0.005605601603000462,131.5583819425739,-0.0013722367253427073,132.11845612880725,0.00040490537669008597,132.3535720343296
holdout,2022-12-21,2022-12-22,135.4499969482422,132.22999572753906,-0.02377261936693542,0.0,135.4499969482422,-0.004937736470807433,134.7811805583401,0.0012419658259790695,135.61822121558086,-0.0006097716559337199,135.36740337930684
holdout,2022-12-22,2022-12-23,132.22999572753906,131.86000061035156,-0.0027981178941416385,0.0,132.22999572753906,-0.005277763308440013,131.5321171078131,0.0012419658259790695,132.394220863402,-0.00044653814597061294,132.17094999040518
holdout,2022-12-23,2022-12-27,131.86000061035156,130.02999877929688,-0.01387836965405731,0.0,131.86000061035156,-0.0035042233468746777,131.39793371769386,0.0012419658259790695,132.02376622492318,0.0007348286759545657,131.95689512001144
holdout,2022-12-27,2022-12-28,130.02999877929688,126.04000091552734,-0.03068521034551308,0.0,130.02999877929688,-0.00036515057641332534,129.9825182502916,0.0012419658259790695,130.19149159413286,0.0020674121225926403,130.29882437507388
holdout,2022-12-28,2022-12-29,126.04000091552734,129.61000061035156,0.02832433885189234,0.0,126.04000091552734,0.000671547962337028,126.1246428213151,0.0012419658259790695,126.19653828937079,0.0024618041397672943,126.35028671155746
holdout,2022-12-29,2022-12-30,129.61000061035156,129.92999267578125,0.00246888406699175,0.0,129.61000061035156,-0.0006864200546713721,129.52103370664665,0.0012419658259790695,129.77097180181474,0.0007943436631651928,129.71295549301922
holdout,2022-12-30,2023-01-03,129.92999267578125,125.06999969482422,-0.03740470449409117,0.0,129.92999267578125,-0.004368950963422562,129.3623349091029,0.0012419658259790695,130.0913612864543,-0.00034616850123263146,129.88501500495153
holdout,2023-01-03,2023-01-04,125.06999969482422,126.36000061035156,0.010314231379827232,0.0,125.06999969482422,-0.004185035442315452,124.546577313331,0.0012419658259790695,125.2253323603004,-0.0037132958321992697,124.60557778622426
holdout,2023-01-04,2023-01-05,126.36000061035156,125.0199966430664,-0.010604653061194957,0.0,126.36000061035156,-0.001954590969859749,126.1130184942071,0.0012419658259790695,126.5169354128803,-0.0014949690951614157,126.1710963145745
holdout,2023-01-05,2023-01-06,125.0199966430664,129.6199951171875,0.036794101724815675,0.0,125.0199966430664,-0.0027995536504011108,124.66999645509118,0.0012419658259790695,125.1752672064611,0.0002542038160490248,125.05177720329553
holdout,2023-01-06,2023-01-09,129.6199951171875,130.14999389648438,0.004088865910060413,0.0,129.6199951171875,-0.004671003802775192,129.01453962707942,-0.0013722367253427073,129.44212579954896,-0.0030875556018841507,129.21978617514725
holdout,2023-01-09,2023-01-10,130.14999389648438,130.72999572753906,0.004456410743407302,0.0,130.14999389648438,-0.003460240210463252,129.69964365421222,0.0012419658259790695,130.3116357411552,0.0006754358260042527,130.23790186511627
holdout,2023-01-10,2023-01-11,130.72999572753906,133.49000549316406,0.02111229140844828,0.0,130.72999572753906,-0.004637898516508114,130.1236832742912,0.0012419658259790695,130.89235791466305,0.0006101679263061995,130.80976297793816
holdout,2023-01-11,2023-01-12,133.49000549316406,133.41000366210938,-0.0005993095195339082,0.0,133.49000549316406,-0.002079721509341717,133.21238345745778,0.0012419658259790695,133.6557955180963,0.0011477432315574916,133.6432177434494
holdout,2023-01-12,2023-01-13,133.41000366210938,134.75999450683594,0.010119112567793076,0.0,133.41000366210938,-0.004763421478378509,132.77451558523472,0.0012419658259790695,133.57569432750145,0.0007141165737806138,133.5052739568326
holdout,2023-01-13,2023-01-17,134.75999450683594,135.94000244140625,0.008756366745847899,0.0,134.75999450683594,-0.0014363321745843234,134.56643439087898,0.0012419658259790695,134.92736181472256,0.0012516532191518236,134.9286672877733
holdout,2023-01-17,2023-01-18,135.94000244140625,135.2100067138672,-0.005369984658148752,0.0,135.94000244140625,8.601841686441819e-05,135.9516957852048,0.0012419658259790695,136.10883527882197,0.0013868080722187906,136.12852513412943
holdout,2023-01-18,2023-01-19,135.2100067138672,135.27000427246094,0.00044373608175840573,0.0,135.2100067138672,-0.00223433781378872,134.90790188306377,0.0012419658259790695,135.3779329215362,0.0008332849478655541,135.32267517726265
holdout,2023-01-19,2023-01-20,135.27000427246094,137.8699951171875,0.01922074933545259,0.0,135.27000427246094,-0.0022431433037232423,134.96657426818257,0.0012419658259790695,135.43800499504738,0.0012817687177035947,135.44338913238101
holdout,2023-01-20,2023-01-23,137.8699951171875,141.11000061035156,0.02350043960188808,0.0,137.8699951171875,-0.0021826085408356436,137.56907888831975,0.0012419658259790695,138.04122493955094,0.0016233348107317527,138.09380427961665
holdout,2023-01-23,2023-01-24,141.11000061035156,142.52999877929688,0.010063058343160014,0.0,141.11000061035156,-0.0013101759789353276,140.92512167716433,0.0012419658259790695,141.2852544088135,0.001468538320578588,141.31722605366474
holdout,2023-01-24,2023-01-25,142.52999877929688,141.86000061035156,-0.00470075194473818,0.0,142.52999877929688,-0.0021456581873389086,142.22417812047468,0.0012419658259790695,142.7070161669576,0.0016411237637198929,142.76390814733656
holdout,2023-01-25,2023-01-26,141.86000061035156,143.9600067138672,0.014803370185255682,0.0,141.86000061035156,-0.0012766987948425496,141.67888811853595,0.0012419658259790695,142.03618588318298,0.0017256121195325805,142.1047959466817
holdout,2023-01-26,2023-01-27,143.9600067138672,145.92999267578125,0.013684258613779976,0.0,143.9600067138672,-0.0006874899357439735,143.86103565810177,0.0012419658259790695,144.13880012251352,0.0017669050133398434,144.21437037145034
holdout,2023-01-27,2023-01-30,145.92999267578125,143.0,-0.020078070464177533,0.0,145.92999267578125,-0.002033857456632615,145.63319187203126,0.0012419658259790695,146.11123273966993,0.001692098139190705,146.17692054484007
holdout,2023-01-30,2023-01-31,143.0,144.2899932861328,0.009020932070858745,0.0,143.0,-0.0016005394409195233,142.77112285994852,0.0012419658259790695,143.177601113115,0.001087980502075375,143.15558121179677
holdout,2023-01-31,2023-02-01,144.2899932861328,145.42999267578125,0.007900751560697472,0.0,144.2899932861328,-3.0451650651989234e-05,144.28559941766468,0.0012419658259790695,144.46919652682493,0.001079681367178492,144.44578050335417
holdout,2023-02-01,2023-02-02,145.42999267578125,150.82000732421875,0.03706260688917107,0.0,145.42999267578125,-0.0014220512750921037,145.22318376926003,0.0012419658259790695,145.61061175675695,0.001527128226612664,145.6520829225925
holdout,2023-02-02,2023-02-03,150.82000732421875,154.5,0.024399897209064214,0.0,150.82000732421875,-0.00370790625532458,150.26078087563317,0.0012419658259790695,151.00732061918933,0.0016313195418813957,151.06604294947343
holdout,2023-02-03,2023-02-06,154.5,151.72999572753906,-0.01792883024246561,0.0,154.5,-0.0029316764620770258,154.0470559866091,0.0012419658259790695,154.69188372011376,0.0013356263955738472,154.70635427811618
holdout,2023-02-06,2023-02-07,151.72999572753906,154.64999389648438,0.019244699473851767,0.0,151.72999572753906,-0.002524456727524643,151.34695991905738,0.0012419658259790695,151.9184391970086,0.0014923029866377104,151.9564228533258
holdout,2023-02-07,2023-02-08,154.64999389648438,151.9199981689453,-0.017652737376545935,0.0,154.64999389648438,-0.00030995111214440546,154.60205995888305,0.0012419658259790695,154.84206390389167,0.0017999955586226171,154.92836319863906
holdout,2023-02-08,2023-02-09,151.9199981689453,150.8699951171875,-0.006911552556695955,0.0,151.9199981689453,-0.0011538518171807597,151.744705002992,0.0012419658259790695,152.10867761495393,0.001292274187040469,152.11632046107428
holdout,2023-02-09,2023-02-10,150.8699951171875,151.00999450683594,0.0009279472007650558,0.0,150.8699951171875,-0.0017195415854159143,150.610567886592,0.0012419658259790695,151.05737049528867,0.001190066550021454,151.04954045177837
holdout,2023-02-10,2023-02-13,151.00999450683594,153.85000610351562,0.01880677902118011,0.0,151.00999450683594,-0.00012225279719517554,150.99153311260307,0.0012419658259790695,151.1975437593947,0.0010176619531459758,151.1636716327903
holdout,2023-02-13,2023-02-14,153.85000610351562,153.1999969482422,-0.004224953717818392,0.0,153.85000610351562,-0.0036291438670043095,153.29166229742648,0.0012419658259790695,154.04108255342285,0.0006918099362414351,153.95644106642885
holdout,2023-02-14,2023-02-15,153.1999969482422,155.3300018310547,0.013903426404976438,0.0,153.1999969482422,-0.00356931635849292,152.65317769301376,0.0012419658259790695,153.390266108992,0.0009734758371527447,153.34913344352316
holdout,2023-02-15,2023-02-16,155.3300018310547,153.7100067138672,-0.010429376798369527,0.0,155.3300018310547,-0.0038700893949970357,154.72886083824346,0.0012419658259790695,155.5229163850781,0.0016171014723579164,155.58118620571702
holdout,2023-02-16,2023-02-17,153.7100067138672,152.5500030517578,-0.007546702305912589,0.0,153.7100067138672,-0.0012952878259536557,153.51090801344347,0.0012419658259790695,153.90090928931681,0.0009099635933140439,153.84987722390488
holdout,2023-02-17,2023-02-21,152.5500030517578,148.47999572753906,-0.026679824600448265,0.0,152.5500030517578,-0.0016296565382916978,152.3013989418681,0.0012419658259790695,152.73946494230108,0.0012101956835677988,152.73461840697928
holdout,2023-02-21,2023-02-22,148.47999572753906,148.91000366210938,0.0028960664530148783,0.0,148.47999572753906,-0.0007951898490948452,148.36192594214288,0.0012419658259790695,148.6644028080742,0.0009537557473321676,148.62160937682808
holdout,2023-02-22,2023-02-23,148.91000366210938,149.39999389648438,0.0032905125399556034,0.0,148.91000366210938,-0.0014362896212971404,148.69612576934216,0.0012419658259790695,149.09494479780412,0.0008495312510186071,149.03650736380962
holdout,2023-02-23,2023-02-24,149.39999389648438,146.7100067138672,-0.018005269695533066,0.0,149.39999389648438,-0.0029163888295982384,148.96428542314263,0.0012419658259790695,149.58554358330528,0.0007029864783849526,149.5050200720644
holdout,2023-02-24,2023-02-27,146.7100067138672,147.9199981689453,0.008247504598905886,0.0,146.7100067138672,-0.00509808304642873,145.96206691589776,0.0012419658259790695,146.89221552853496,-0.00019127748112808201,146.68194439332666
holdout,2023-02-27,2023-02-28,147.9199981689453,147.41000366210938,-0.003447772533457294,0.0,147.9199981689453,-0.0033480592043132105,147.42475325757377,0.0012419658259790695,148.10370975165003,0.0008431289850942068,148.04471380687664
holdout,2023-02-28,2023-03-01,147.41000366210938,145.30999755859375,-0.014246021649447993,0.0,147.41000366210938,-0.00409498395598773,146.80636206216096,0.0012419658259790695,147.59308184906516,0.00040211928482272133,147.4692800673577
holdout,2023-03-01,2023-03-02,145.30999755859375,145.91000366210938,0.0041291453691869595,0.0,145.30999755859375,-0.005734452922912872,144.4767242183654,0.0012419658259790695,145.49046760973462,-5.675347800169016e-05,145.3017507108439
holdout,2023-03-02,2023-03-03,145.91000366210938,151.02999877929688,0.035090089703815774,0.0,145.91000366210938,-0.003912938795204025,145.33906674817155,0.0012419658259790695,146.0912189003262,0.0014565044977252045,146.12252223870635
holdout,2023-03-03,2023-03-06,151.02999877929688,153.8300018310547,0.01853938339660255,0.0,151.02999877929688,-0.00354949676778701,150.4939182867909,0.0012419658259790695,151.2175728764784,0.0009354634531437305,151.17128182348327
holdout,2023-03-06,2023-03-07,153.8300018310547,151.60000610351562,-0.014496494188358522,0.0,153.8300018310547,-0.0031258204505068585,153.34915686542965,0.0012419658259790695,154.02105343633914,0.001212787697854954,154.0165649648364
holdout,2023-03-07,2023-03-08,151.60000610351562,152.8699951171875,0.00837723590066819,0.0,151.60000610351562,-0.004066927069708345,150.9834599349253,0.0012419658259790695,151.7882881303144,0.000946923105325156,151.7435596520625
holdout,2023-03-08,2023-03-09,152.8699951171875,150.58999633789062,-0.014914625839747453,0.0,152.8699951171875,-0.0008303552464760092,152.7430587147132,0.0012419658259790695,153.05985442694063,0.001180272950508922,153.05042343736872
holdout,2023-03-09,2023-03-10,150.58999633789062,148.5,-0.0138787196275717,0.0,150.58999633789062,-0.0018360951690630078,150.3134987731054,0.0012419658259790695,150.7770239670766,0.0009110925803697315,150.72719776623197
holdout,2023-03-10,2023-03-13,148.5,150.47000122070312,0.013266001486216261,0.0,148.5,-0.004876431088165451,147.77584998340743,0.0012419658259790695,148.6844319251579,0.0006607445872301523,148.59812057120368
holdout,2023-03-13,2023-03-14,150.47000122070312,152.58999633789062,0.01408915464869298,0.0,150.47000122070312,-0.0030725044626509217,150.0076814704574,0.0012419658259790695,150.65687982005426,0.0008793507204679261,150.60231712468536
holdout,2023-03-14,2023-03-15,152.58999633789062,152.99000549316406,0.0026214638237991306,0.0,152.58999633789062,-0.003911225499820401,151.99318245319637,0.0012419658259790695,152.77950789872855,0.00011923561110157926,152.60819049935196
holdout,2023-03-15,2023-03-16,152.99000549316406,155.85000610351562,0.018694035607962345,0.0,152.99000549316406,-0.004491028365798507,152.3029230388106,0.0012419658259790695,153.1800138517029,0.0007300920138172193,153.10170227436845
holdout,2023-03-16,2023-03-17,155.85000610351562,155.0,-0.00545400109224925,0.0,155.85000610351562,-0.0021862880803275382,155.50927309285254,0.0012419658259790695,156.04356648507482,0.0016198604507055474,156.10246136464494
holdout,2023-03-17,2023-03-20,155.0,157.39999389648438,0.015483831590221708,0.0,155.0,-0.001170461723937134,154.81857843278976,0.0012419658259790695,155.19250470302674,0.0014646167323668414,155.22701559351685
holdout,2023-03-20,2023-03-21,157.39999389648438,159.27999877929688,0.011944122971497162,0.0,157.39999389648438,-0.00011179694354130536,157.38239705825333,0.0012419658259790695,157.59547930991312,0.0014602185404416033,157.6298322858374
holdout,2023-03-21,2023-03-22,159.27999877929688,157.8300018310547,-0.009103446505241086,0.0,159.27999877929688,2.0512709074980897e-05,159.2832660435733,0.0012419658259790695,159.47781909454275,0.001739784755428973,159.55711169301784
holdout,2023-03-22,2023-03-23,157.8300018310547,158.92999267578125,0.006969466083539766,0.0,157.8300018310547,-0.0010239617754859934,157.6683899421548,0.0012419658259790695,158.02602129964308,0.0015064302865731409,158.06776172594286
holdout,2023-03-23,2023-03-24,158.92999267578125,160.25,0.008305589788276002,0.0,158.92999267578125,-0.0003846296566019985,158.8688634872746,0.0012419658259790695,159.12737829540765,0.0016231429549843257,159.18795877372864
holdout,2023-03-24,2023-03-27,160.25,158.27999877929688,-0.012293299349161457,0.0,160.25,-0.001940282072700902,159.93906979784967,0.0012419658259790695,160.44902502361313,0.0017332783352305367,160.52775785322072
holdout,2023-03-27,2023-03-28,158.27999877929688,157.64999389648438,-0.003980318976947728,0.0,158.27999877929688,-0.0028022546092113577,157.83645792317162,0.0012419658259790695,158.47657712871677,0.0009798853259803569,158.43509502749689
holdout,2023-03-28,2023-03-29,157.64999389648438,160.77000427246094,0.019790742129842442,0.0,157.64999389648438,-0.0018981565467340333,157.35074952847717,0.0012419658259790695,157.84578980136962,0.0011448682279641587,157.83048236563522
holdout,2023-03-29,2023-03-30,160.77000427246094,162.36000061035156,0.009889881791605992,0.0,160.77000427246094,-0.0018780678945302335,160.46806728903334,0.0012419658259790695,160.96967512360985,0.001586256533392086,161.0250267421116
holdout,2023-03-30,2023-03-31,162.36000061035156,164.89999389648438,0.015644205941022005,0.0,162.36000061035156,-0.002967735302112766,161.87815910488916,0.0012419658259790695,162.56164618261556,0.0015270890458610451,162.60793878876962
holdout,2023-03-31,2023-04-03,164.89999389648438,166.1699981689453,0.00770166355044366,0.0,164.89999389648438,-0.002484746929627265,164.49025914295453,0.0012419658259790695,165.10479405360795,0.001737376007261053,165.18648718947762
holdout,2023-04-03,2023-04-04,166.1699981689453,165.6300048828125,-0.003249643690696802,0.0,166.1699981689453,-0.0011947848792987635,165.97146076773996,0.0012419658259790695,166.37637562797414,0.0016855962903470324,166.45009370142586
holdout,2023-04-04,2023-04-05,165.6300048828125,163.75999450683594,-0.011290287513422759,0.0,165.6300048828125,-0.0015369548828754694,165.37543903805718,0.0012419658259790695,165.8357116886337,0.0017439161975396262,165.91884973112622
holdout,2023-04-05,2023-04-06,163.75999450683594,164.66000366210938,0.005495903672834368,0.0,163.75999450683594,-0.0011045779933097771,163.57910882071917,0.0012419658259790695,163.96337882367595,0.0014214819763165203,163.9927763874691
holdout,2023-04-06,2023-04-10,164.66000366210938,162.02999877929688,-0.01597233586979263,0.0,164.66000366210938,-0.001219205975003333,164.45924920180045,0.0012419658259790695,164.8645057595633,0.0014342305994287801,164.89616407786363
holdout,2023-04-10,2023-04-11,162.02999877929688,160.8000030517578,-0.007591160506113748,0.0,162.02999877929688,-0.0017768309251594383,161.74209886666227,0.0012419658259790695,162.23123450056417,0.0006694057881049378,162.13846259832638
holdout,2023-04-11,2023-04-12,160.8000030517578,160.10000610351562,-0.004353214769634461,0.0,160.8000030517578,-0.0034375283252630674,160.247248486565,0.0012419658259790695,160.99971116036542,0.0010274653941453708,160.96521949027195
holdout,2023-04-12,2023-04-13,160.10000610351562,165.55999755859375,0.03410363052421039,0.0,160.10000610351562,-0.003449975553323785,159.5476649963715,0.0012419658259790695,160.29884483983523,0.0009490567852267584,160.25195010062302
holdout,2023-04-13,2023-04-14,165.55999755859375,165.2100067138672,-0.0021139819394035975,0.0,165.55999755859375,-0.0032487591184538213,165.02213300687407,0.0012419658259790695,165.7656174177107,0.0013122865148751954,165.77725971079266
holdout,2023-04-14,2023-04-17,165.2100067138672,165.22999572753906,0.0001209915432451858,0.0,165.2100067138672,-0.002893529622703415,164.73196666547358,0.0012419658259790695,165.41519189631558,0.0012161548875257156,165.41092767100042
holdout,2023-04-17,2023-04-18,165.22999572753906,166.47000122070312,0.0075047238711354325,0.0,165.22999572753906,-0.002381214063360621,164.83654773802363,0.0012419658259790695,165.43520573565934,0.0012756599287180078,165.44077301211092
holdout,2023-04-18,2023-04-19,166.47000122070312,167.6300048828125,0.006968244450070493,0.0,166.47000122070312,0.0005740755446541641,166.56556757732247,0.0012419658259790695,166.67675127326993,0.0014594310621019564,166.71295271139275
holdout,2023-04-19,2023-04-20,167.6300048828125,166.64999389648438,-0.0058462742813449875,0.0,167.6300048828125,-0.0013259847705692014,167.40773004924745,0.0012419658259790695,167.83819562028566,0.0015145847752658418,167.88389473608575
holdout,2023-04-20,2023-04-21,166.64999389648438,165.02000427246094,-0.00978091619394783,0.0,166.64999389648438,-0.0020889391079420365,166.3018722068957,0.0012419658259790695,166.8569674938034,0.0014581780243574417,166.89299925534354
holdout,2023-04-21,2023-04-24,165.02000427246094,165.3300018310547,0.001878545331279513,0.0,165.02000427246094,-0.0017145560236803202,164.73706823010784,0.0012419658259790695,165.22495347837025,0.001008770241517708,165.18647154202614
holdout,2023-04-24,2023-04-25,165.3300018310547,163.77000427246094,-0.0094356592349637,0.0,165.3300018310547,-0.0020679875654068037,164.9881014430794,0.0012419658259790695,165.5353360433379,0.0006894464714803616,165.44398801744694
holdout,2023-04-25,2023-04-26,163.77000427246094,163.75999450683594,-6.112087295517821e-05,0.0,163.77000427246094,-0.004683371585522733,163.00300848789036,0.0012419658259790695,163.97340102108777,0.0008874166430254549,163.91533649988068
holdout,2023-04-26,2023-04-27,163.75999450683594,168.41000366210938,0.02839526936524983,0.0,163.75999450683594,-0.005876497603857252,162.79765929150884,0.0012419658259790695,163.96337882367595,0.0009436178225972747,163.914521356281
holdout,2023-04-27,2023-04-28,168.41000366210938,169.67999267578125,0.007541054486406518,0.0,168.41000366210938,-0.0011799407725947794,168.2112898322756,0.0012419658259790695,168.61916313141072,0.0014137674416544272,168.64809624213575
holdout,2023-04-28,2023-05-01,169.67999267578125,169.58999633789062,-0.0005303886243240852,0.0,169.67999267578125,-0.002462125129245508,169.26221930188402,0.0012419658259790695,169.89072942803693,0.0014226108655271419,169.92138127702438
holdout,2023-05-01,2023-05-02,169.58999633789062,168.5399932861328,-0.006191420923589042,0.0,169.58999633789062,-0.002233166511869922,169.21127363732072,0.0012419658259790695,169.80062131777018,0.0014987126429906038,169.84416300952697
holdout,2023-05-02,2023-05-03,168.5399932861328,167.4499969482422,-0.006467285993302041,0.0,168.5399932861328,-0.0007448085393312455,168.41446325991447,0.0012419658259790695,168.7493141981049,0.0012698243032003554,168.75400946566876
holdout,2023-05-03,2023-05-04,167.4499969482422,165.7899932861328,-0.009913429037699317,0.0,167.4499969482422,-0.0009113729378568453,167.29738755257935,0.0012419658259790695,167.6579641220122,0.0010219139817149753,167.62111644136172
holdout,2023-05-04,2023-05-05,165.7899932861328,173.57000732421875,0.04692692172716728,0.0,165.7899932861328,-0.0026824657712412785,165.34526730392844,0.0012419658259790695,165.9958987920835,0.0009455531044982324,165.94675652897925
holdout,2023-05-05,2023-05-08,173.57000732421875,173.5,-0.0004033376808469935,0.0,173.57000732421875,-0.0005144065839925095,173.48072176966755,0.0012419658259790695,173.78557534173035,0.0019018288150081356,173.90010776556912
holdout,2023-05-08,2023-05-09,173.5,171.77000427246094,-0.009971156931060876,0.0,173.5,-0.001710512207723227,173.20322613196,0.0012419658259790695,173.71548107080736,0.0013218204136887695,173.729335841775
holdout,2023-05-09,2023-05-10,171.77000427246094,173.55999755859375,0.010420872338650744,0.0,171.77000427246094,-0.0029783580188440443,171.25841170283917,0.0012419658259790695,171.9833367476956,0.0016429811463902536,172.05221915099597
holdout,2023-05-10,2023-05-11,173.55999755859375,173.75,0.0010947363682816125,0.0,173.55999755859375,0.00029137946421257596,173.6105693776911,0.0012419658259790695,173.77555314431854,0.0019588081278966553,173.89996829248926
holdout,2023-05-11,2023-05-12,173.75,172.57000732421875,-0.006791324752697836,0.0,173.75,-0.0014961484028180611,173.49004421501036,0.0012419658259790695,173.96579156226386,0.0014137480979235742,173.9956387320142
holdout,2023-05-12,2023-05-15,172.57000732421875,172.07000732421875,-0.002897374855299284,0.0,172.57000732421875,-0.002582316652964964,172.12437692050315,0.0012419658259790695,172.78433337590437,0.0012902304915318758,172.79266240959234
holdout,2023-05-15,2023-05-16,172.07000732421875,172.07000732421875,0.0,0.0,172.07000732421875,-0.0019497643184584524,171.73451136366108,0.0012419658259790695,172.2837123929914,0.001059426688912489,172.25230288233942
holdout,2023-05-16,2023-05-17,172.07000732421875,172.69000244140625,0.0036031562201266354,0.0,172.07000732421875,-0.002584361481909598,171.62531622509815,0.0012419658259790695,172.2837123929914,0.000761049532745924,172.20096112289244
holdout,2023-05-17,2023-05-18,172.69000244140625,175.0500030517578,0.013666110237923634,0.0,172.69000244140625,-0.003931259253236317,172.01111327136707,0.0012419658259790695,172.9044775229267,0.0009518420894344141,172.8543760541545
holdout,2023-05-18,2023-05-19,175.0500030517578,175.16000366210938,0.0006283953638037687,0.0,175.0500030517578,-0.003557027794397282,174.42734532549338,0.0012419658259790695,175.26740917338563,0.0014324058306004188,175.30074569677575
holdout,2023-05-19,2023-05-22,175.16000366210938,174.1999969482422,-0.005480741572254533,0.0,175.16000366210938,-0.002296480932704452,174.7577520535269,0.0012419658259790695,175.37754640073607,0.0013766916458687638,175.40114497584136
holdout,2023-05-22,2023-05-23,174.1999969482422,171.55999755859375,-0.015154991021227304,0.0,174.1999969482422,-0.0024545401734744543,173.7724160575136,0.0012419658259790695,174.41634739133755,0.001301821054687627,174.42677417199593
holdout,2023-05-23,2023-05-24,171.55999755859375,171.83999633789062,0.00163207497832496,0.0,171.55999755859375,-0.002739388307191245,171.0900281073,0.0012419658259790695,171.77306921266657,0.0010093892727528844,171.73316837976293
holdout,2023-05-24,2023-05-25,171.83999633789062,172.99000549316406,0.0066923253013353445,0.0,171.83999633789062,-0.0033011874936427596,171.27272029107237,0.0012419658259790695,172.05341574087865,0.0010053546722684674,172.01275648109151
holdout,2023-05-25,2023-05-26,172.99000549316406,175.42999267578125,0.014104787011603337,0.0,172.99000549316406,-0.0029288077996736067,172.4833510158101,0.0012419658259790695,173.20485316822248,0.0010304726128815308,173.168266956127
holdout,2023-05-26,2023-05-30,175.42999267578125,177.3000030517578,0.010659581907596527,0.0,175.42999267578125,-0.002912503601642791,174.9190521902769,0.0012419658259790695,175.64787073153633,0.0011076018172572434,175.62429925447037
holdout,2023-05-30,2023-05-31,177.3000030517578,177.25,-0.0002820251037627397,0.0,177.3000030517578,-0.0020626009460166348,176.9343038977345,0.0012419658259790695,177.52020359649407,0.0014585277263837366,177.5586000220967
holdout,2023-05-31,2023-06-01,177.25,180.08999633789062,0.016022546335066945,0.0,177.25,-0.002845557858749247,176.7456248695367,0.0012419658259790695,177.4701384426548,0.0015526000941487883,177.52519836668787
holdout,2023-06-01,2023-06-02,180.08999633789062,180.9499969482422,0.004775393568990927,0.0,180.08999633789062,-0.0014061921056154158,179.83675520673998,0.0012419658259790695,180.31366195894296,0.0017728240158946106,180.40926420842078
holdout,2023-06-02,2023-06-05,180.9499969482422,179.5800018310547,-0.0075711253953729685,0.0,180.9499969482422,-0.0012919413994673334,180.71622015595128,0.0012419658259790695,181.1747306606629,0.0016572674597513622,181.2498794900266
holdout,2023-06-05,2023-06-06,179.5800018310547,179.2100067138672,-0.002060335858196427,0.0,179.5800018310547,-0.0016142110702041046,179.29012180411172,0.0012419658259790695,179.80303405635811,0.0014299121513181759,179.83678545780666
holdout,2023-06-06,2023-06-07,179.2100067138672,177.82000732421875,-0.007756259904993845,0.0,179.2100067138672,-0.0011092311593896326,179.01122139034572,0.0012419658259790695,179.43257941787928,0.001369725033803842,179.45547514637133
holdout,2023-06-07,2023-06-08,177.82000732421875,180.57000732421875,0.01546507640721173,0.0,177.82000732421875,-0.0029186349084280284,177.30101564342536,0.0012419658259790695,178.04085369649076,0.0009806670929785632,177.99438955387484
holdout,2023-06-08,2023-06-09,180.57000732421875,180.9600067138672,0.002159823746078704,0.0,180.57000732421875,-0.002950674213802427,180.03720405982105,0.0012419658259790695,180.7942691025122,0.0014427703830073232,180.83052838284556
holdout,2023-06-09,2023-06-12,180.9600067138672,183.7899932861328,0.015638740424785524,0.0,180.9600067138672,-0.0031061676703212425,180.39791459139147,0.0012419658259790695,181.18475285807475,0.0014093397720220044,181.21504084847442
holdout,2023-06-12,2023-06-13,183.7899932861328,183.30999755859375,-0.002611653218746124,0.0,183.7899932861328,-0.0026167136218365953,183.30906750714374,0.0012419658259790695,184.0182541769511,0.0016350308557874131,184.09049559614058
holdout,2023-06-13,2023-06-14,183.30999755859375,183.9499969482422,0.003491350161869189,0.0,183.30999755859375,-0.002055804952488772,182.9331479577721,0.0012419658259790695,183.5376623111218,0.0015708175725734535,183.5979441239872
holdout,2023-06-14,2023-06-15,183.9499969482422,186.00999450683594,0.011198682211304156,0.0,183.9499969482422,-0.0030087231072688735,183.39654234184198,0.0012419658259790695,184.17845655814085,0.0015876161893469398,184.24203894142752
holdout,2023-06-15,2023-06-16,186.00999450683594,184.9199981689453,-0.005859880490725833,0.0,186.00999450683594,-0.0013361679583587514,185.76145391224142,0.0012419658259790695,186.24101256330397,0.0017385704391696267,186.33338598467563
holdout,2023-06-16,2023-06-20,184.9199981689453,185.00999450683594,0.0004866771511018442,0.0,184.9199981689453,-0.0022836317328449314,184.49770899308908,0.0012419658259790695,185.14966248721126,0.0014881704272477812,185.19519064162705
holdout,2023-06-20,2023-06-21,185.00999450683594,183.9600067138672,-0.0056753030870986265,0.0,185.00999450683594,-0.0020563479771385403,184.6295495788814,0.0012419658259790695,185.23977059747799,0.0014044295810945397,185.26982801591944
holdout,2023-06-21,2023-06-22,183.9600067138672,187.0,0.016525294494369236,0.0,183.9600067138672,-0.0023622964184906196,183.5254386488615,0.0012419658259790695,184.1884787555527,0.001240131041596687,184.18814122860536
holdout,2023-06-22,2023-06-23,187.0,186.67999267578125,-0.0017112691134693048,0.0,187.0,-0.0030601988726186176,186.42774281082032,0.0012419658259790695,187.23224760945808,0.0015171441642271293,187.2837059587105
holdout,2023-06-23,2023-06-26,186.67999267578125,185.27000427246094,-0.007552970101992296,0.0,186.67999267578125,-0.002961935675597179,186.12705854555463,0.0012419658259790695,186.9118428470786,0.0014900208170479687,186.95814975099455
holdout,2023-06-26,2023-06-27,185.27000427246094,188.05999755859375,0.015059066345298966,0.0,185.27000427246094,-0.0035966628142549586,184.60365053749732,0.0012419658259790695,185.50010328634633,0.0012022152409941129,185.49273869529634
holdout,2023-06-27,2023-06-28,188.05999755859375,189.25,0.006327780797909854,0.0,188.05999755859375,-0.0011567606088026938,187.84245716132645,0.0012419658259790695,188.29356164879522,0.001611074918656089,188.36297630386295
holdout,2023-06-28,2023-06-29,189.25,189.58999633789062,0.0017965460390521049,0.0,189.25,-0.0028798664156129794,188.70498528084525,0.0012419658259790695,189.48504203256653,0.0016067859032601582,189.554084232192
holdout,2023-06-29,2023-06-30,189.58999633789062,193.97000122070312,0.023102510509079632,0.0,189.58999633789062,-0.002918008321267446,189.0367711509476,0.0012419658259790695,189.82546063428978,0.001546496921986772,189.88319668366665
holdout,2023-06-30,2023-07-03,193.97000122070312,192.4600067138672,-0.007784680606965799,0.0,193.97000122070312,-0.0007108369751853221,193.8321201717587,0.0012419658259790695,194.21090533348433,0.0017894647825769314,194.317103706764
holdout,2023-07-03,2023-07-05,192.4600067138672,191.3300018310547,-0.005871375056598072,0.0,192.4600067138672,-0.002142961795350406,192.04757227234649,0.0012419658259790695,192.6990354650735,0.001435812628509959,192.73634322199007
holdout,2023-07-05,2023-07-06,191.3300018310547,191.80999755859375,0.002508732153585047,0.0,191.3300018310547,-0.0024256432366252445,190.8659035061497,0.0012419658259790695,191.56762715481335,0.0015541437867156518,191.62735616461273
holdout,2023-07-06,2023-07-07,191.80999755859375,190.67999267578125,-0.0058912720775532446,0.0,191.80999755859375,-0.001544776412587014,191.51369399866687,0.0012419658259790695,192.04821902064265,0.0014976321270563741,192.0972583732281
holdout,2023-07-07,2023-07-10,190.67999267578125,188.61000061035156,-0.010855843008916843,0.0,190.67999267578125,-0.002697369658001354,190.1656582491497,0.0012419658259790695,190.9168107103825,0.0010185502011316875,190.87420982067297
holdout,2023-07-10,2023-07-11,188.61000061035156,188.0800018310547,-0.002810024800285138,0.0,188.61000061035156,-0.003998718780583391,187.8558022587051,0.0012419658259790695,188.8442477855475,0.0009387295806333074,188.78705439712778
holdout,2023-07-11,2023-07-12,188.0800018310547,189.77000427246094,0.008985550962107736,0.0,188.0800018310547,-0.004593974936895949,187.21596701651148,0.0012419658259790695,188.31359076587893,0.0009751384280724343,188.26340586839208
holdout,2023-07-12,2023-07-13,189.77000427246094,190.5399932861328,0.004057485357729984,0.0,189.77000427246094,-0.004058183289113691,188.9998828123474,0.0012419658259790695,190.00569213256324,0.0006857016773819704,189.90012988270735
holdout,2023-07-13,2023-07-14,190.5399932861328,190.69000244140625,0.0007872843526774975,0.0,190.5399932861328,-0.004392139828952639,189.70311499261243,0.0012419658259790695,190.77663744627645,0.0009106560483597549,190.71350968347326
holdout,2023-07-14,2023-07-17,190.69000244140625,193.99000549316406,0.017305590274832694,0.0,190.69000244140625,-0.0039162895738816695,189.9432051730015,0.0012419658259790695,190.92683290779433,0.0010112491215070998,190.8828375388553
holdout,2023-07-17,2023-07-18,193.99000549316406,193.72999572753906,-0.0013403255748356546,0.0,193.99000549316406,-0.0014858296484896133,193.70176939149164,0.0012419658259790695,194.23093445056804,0.0014875639387947194,194.27857802982228
holdout,2023-07-18,2023-07-19,193.72999572753906,195.10000610351562,0.007071751438550322,0.0,193.72999572753906,-0.0024652461282988736,193.25240360563637,0.0012419658259790695,193.97060176169973,0.0013982326571713752,194.00087533423897
holdout,2023-07-19,2023-07-20,195.10000610351562,193.1300048828125,-0.010097391896840224,0.0,195.10000610351562,-0.002216113054188714,194.66764243311732,0.0012419658259790695,195.3423136437445,0.001641213235960168,195.42020681586862
holdout,2023-07-20,2023-07-21,193.1300048828125,191.94000244140625,-0.006161665258219817,0.0,193.1300048828125,-0.0016897506941148874,192.80366332300736,0.0012419658259790695,193.36986574884813,0.001192169875207507,193.36024865663248
holdout,2023-07-21,2023-07-24,191.94000244140625,192.75,0.004220055998181094,0.0,191.94000244140625,-0.0027967454134214314,191.40319511992615,0.0012419658259790695,192.1783853650768,0.0009814969738012398,192.12839097295392
holdout,2023-07-24,2023-07-25,192.75,193.6199951171875,0.004513593344682265,0.0,192.75,-0.0032024815538756212,192.13272168049048,0.0012419658259790695,192.98938891295745,0.0010907228787678076,192.9602368348825
holdout,2023-07-25,2023-07-26,193.6199951171875,194.5,0.00454501035536059,0.0,193.6199951171875,-0.004445520497663219,192.7592534601366,0.0012419658259790695,193.86046453434926,0.0010910264289857611,193.83123964904047
holdout,2023-07-26,2023-07-27,194.5,193.22000122070312,-0.006580970587644619,0.0,194.5,-0.003466960677807818,193.82567614816637,0.0012419658259790695,194.74156235315291,0.00147475497859098,194.78683984333594
holdout,2023-07-27,2023-07-28,193.22000122070312,195.8300018310547,0.013507921508448373,0.0,193.22000122070312,-0.004372318068159025,192.37518191823614,0.0012419658259790695,193.45997385911485,0.0011134408822490005,193.43514026933047
holdout,2023-07-28,2023-07-31,195.8300018310547,196.4499969482422,0.003165986372825502,0.0,195.8300018310547,-0.0028005335363926877,195.28157334349498,0.0012419658259790695,196.07321600103026,0.0013852008944412854,196.1012657247495
holdout,2023-07-31,2023-08-01,196.4499969482422,195.61000061035156,-0.004275878599845129,0.0,196.4499969482422,-0.002158958433002628,196.02586957066745,0.0012419658259790695,196.6939811309656,0.001353238901460292,196.71584072630432
holdout,2023-08-01,2023-08-02,195.61000061035156,192.5800018310547,-0.015489999334607263,0.0,195.61000061035156,-0.002911612188222942,195.04046014843618,0.0012419658259790695,195.85294154632936,0.0011702390603509883,195.83891107366108
holdout,2023-08-02,2023-08-03,192.5800018310547,191.1699981689453,-0.007321651514710981,0.0,192.5800018310547,-0.0025517623928276692,192.08858342477154,0.0012419658259790695,192.81917961209584,0.0009984895396991016,192.7722909484382
holdout,2023-08-03,2023-08-04,191.1699981689453,181.99000549316406,-0.04802004898105661,0.0,191.1699981689453,-0.004168791003117732,190.37305040051257,0.0012419658259790695,191.4074247736236,0.0009822405550382962,191.35777309405347
holdout,2023-08-04,2023-08-07,181.99000549316406,178.85000610351562,-0.017253691383433578,0.0,181.99000549316406,-0.005849590612087934,180.92543846553744,0.0012419658259790695,182.2160308606563,-0.0009776427548265135,181.81208428284285
holdout,2023-08-07,2023-08-08,178.85000610351562,179.8000030517578,0.005311696482092065,0.0,178.85000610351562,-0.005115827002310766,177.93504041292783,0.0012419658259790695,179.07213169907234,0.0009171231517530695,179.01403358480434
holdout,2023-08-08,2023-08-09,179.8000030517578,178.19000244140625,-0.00895439701348677,0.0,179.8000030517578,-0.0045028325613430484,178.99039374348678,0.0012419658259790695,180.023308511059,0.000919475958666607,179.9653248319321
holdout,2023-08-09,2023-08-10,178.19000244140625,177.97000122070312,-0.0012346440186814522,0.0,178.19000244140625,-0.006578480646412664,177.01778295896125,-0.0013722367253427073,177.94548357596724,0.0002432975181312795,178.23335562675604
holdout,2023-08-10,2023-08-11,177.97000122070312,177.7899932861328,-0.0010114509936260951,0.0,177.97000122070312,-0.004903384125490641,177.097345941904,0.0012419658259790695,178.1910338802687,0.0003131463860247533,178.0257318834062
holdout,2023-08-11,2023-08-14,177.7899932861328,179.4600067138672,0.009393180104611876,0.0,177.7899932861328,-0.004054615476870135,177.06912322772223,0.0012419658259790695,178.01080238199523,0.0012710686571213287,178.01597657414862
holdout,2023-08-14,2023-08-15,179.4600067138672,177.4499969482422,-0.01120032146677552,0.0,179.4600067138672,-0.0045490659958275035,178.64363129971417,0.0012419658259790695,179.68288990933578,0.0008638162961976036,179.61502719218237
holdout,2023-08-15,2023-08-16,177.4499969482422,176.57000732421875,-0.004959085033290345,0.0,177.4499969482422,-0.0035427422896835517,176.82133733974945,0.0012419658259790695,177.67038378027198,0.0009615958054451933,177.62063212098388
holdout,2023-08-16,2023-08-17,176.57000732421875,174.0,-0.014555174817995509,0.0,176.57000732421875,-0.0029937090947801405,176.04140808742684,0.0012419658259790695,176.7893012392083,8.707788473281305e-05,176.5853826669638
holdout,2023-08-17,2023-08-18,174.0,174.49000549316406,0.0028161235239314575,0.0,174.0,-0.0012277781900069747,173.78636659493878,0.0012419658259790695,174.21610205372036,0.00203436620704983,174.35397972002667
holdout,2023-08-18,2023-08-21,174.49000549316406,175.83999633789062,0.007736780344014926,0.0,174.49000549316406,-0.005113149031267625,173.5978120906108,0.0012419658259790695,174.70671611696147,0.0017390235136525945,174.79344771561404
holdout,2023-08-21,2023-08-22,175.83999633789062,177.22999572753906,0.007904910251348207,0.0,175.83999633789062,-0.006040354990429387,174.77786033849395,0.0012419658259790695,176.05838360418255,0.003017328410767588,176.3705633545902
holdout,2023-08-22,2023-08-23,177.22999572753906,181.1199951171875,0.021948877071738204,0.0,177.22999572753906,-0.00676909526395046,176.03030900282982,0.0012419658259790695,177.45010932557108,-0.0002491491309321992,177.1858390281284
holdout,2023-08-23,2023-08-24,181.1199951171875,176.3800048828125,-0.02617044148719283,0.0,181.1199951171875,-0.006157006750935574,180.00483808452157,0.0012419658259790695,181.34493996152455,-0.00011021846246403229,181.1000323498042
holdout,2023-08-24,2023-08-25,176.3800048828125,178.61000061035156,0.01264313224744873,0.0,176.3800048828125,-0.006115716378132225,175.30131479817564,0.0012419658259790695,176.59906282126298,0.0009284586985648461,176.5437664325989
holdout,2023-08-25,2023-08-28,178.61000061035156,180.19000244140625,0.008846099466185864,0.0,178.61000061035156,-0.005176134480078068,177.68549122770557,0.0012419658259790695,178.8318281272877,0.0009268636146664168,178.77554772113285
holdout,2023-08-28,2023-08-29,180.19000244140625,184.1199951171875,0.02181027039532446,0.0,180.19000244140625,-0.0035189604593645007,179.55592094764214,0.0012419658259790695,180.41379226662156,0.0008051504893998717,180.3350825100569
holdout,2023-08-29,2023-08-30,184.1199951171875,187.64999389648438,0.019172272827023162,0.0,184.1199951171875,-0.004910434796623668,183.2158858864099,0.0012419658259790695,184.34866585900247,0.0009607266762165388,184.29688410812145
holdout,2023-08-30,2023-08-31,187.64999389648438,187.8699951171875,0.001172401960345848,0.0,187.64999389648438,-0.0011352811184562436,187.43695840153526,0.0012419658259790695,187.88304877614897,0.0012924939159219895,187.89253037191838
holdout,2023-08-31,2023-09-01,187.8699951171875,189.4600067138672,0.008463361036912254,0.0,187.8699951171875,-0.002562950199399312,187.38849367574076,0.0012419658259790695,188.1033232308499,0.001482360183983679,188.14848611771444
holdout,2023-09-01,2023-09-05,189.4600067138672,189.6999969482422,0.0012667065653462206,0.0,189.4600067138672,-0.001064044663460008,189.2584128047842,0.0012419658259790695,189.69530956759556,0.0014291489301898879,189.7307732797761
holdout,2023-09-05,2023-09-06,189.6999969482422,182.91000366210938,-0.03579332311737149,0.0,189.6999969482422,-0.0019208930587822411,189.3356035408533,0.0012419658259790695,189.93559786164022,0.0017094745420059606,190.0242842636438
holdout,2023-09-06,2023-09-07,182.91000366210938,177.55999755859375,-0.029249390390909014,0.0,182.91000366210938,-0.001990458826760723,182.5459288308173,0.0012419658259790695,183.1371716358874,0.0010066383214904604,183.09412788117962
holdout,2023-09-07,2023-09-08,177.55999755859375,178.17999267578125,0.0034917499758519988,0.0,177.55999755859375,-0.0010850096916881768,177.36734324038656,0.0012419658259790695,177.78052100762244,0.0011204185063625675,177.75893906584807
holdout,2023-09-08,2023-09-11,178.17999267578125,179.36000061035156,0.006622561359722834,0.0,178.17999267578125,-0.003162182783783655,177.6165549705272,0.0012419658259790695,178.40128613755778,0.0006453274704456886,178.29497711973875
holdout,2023-09-11,2023-09-12,179.36000061035156,176.3000030517578,-0.017060646455066664,0.0,179.36000061035156,-0.00561913875134985,178.3521518804798,0.0012419658259790695,179.5827596016572,0.00041495759212051297,179.43442740432758
holdout,2023-09-12,2023-09-13,176.3000030517578,174.2100067138672,-0.011854771989295187,0.0,176.3000030517578,-0.005550408272970675,175.32146605629458,0.0012419658259790695,176.5189616306681,0.0004953064238267967,176.38732557579004
holdout,2023-09-13,2023-09-14,174.2100067138672,175.74000549316406,0.008782496529087691,0.0,174.2100067138672,-0.002870953654865569,173.70985785837786,0.0012419658259790695,174.4263695887494,0.0009907897304660285,174.3826121994637
holdout,2023-09-14,2023-09-15,175.74000549316406,175.00999450683594,-0.004153926047057777,0.0,175.74000549316406,-0.0027888074017454307,175.24990046506193,0.0012419658259790695,175.95826857424393,0.001050412909638576,175.92460506367402
holdout,2023-09-15,2023-09-18,175.00999450683594,177.97000122070312,0.016913358132535583,0.0,175.00999450683594,-0.004276109516229311,174.26163260389,0.0012419658259790695,175.2273509392182,0.0010359129960576183,175.19128963458553
holdout,2023-09-18,2023-09-19,177.97000122070312,179.07000732421875,0.006180851244426799,0.0,177.97000122070312,-0.0030709266893523828,177.4234683940504,0.0012419658259790695,178.1910338802687,0.0008749454836611061,178.12571526949836
holdout,2023-09-19,2023-09-20,179.07000732421875,175.49000549316406,-0.01999219123598317,0.0,179.07000732421875,-0.0017775617034222293,178.75169933696768,0.0012419658259790695,179.29240615377324,0.0008402879112495265,179.22047768664063
holdout,2023-09-20,2023-09-21,175.49000549316406,173.92999267578125,-0.008889468166570769,0.0,175.49000549316406,-0.004129551824304354,174.7653104208326,0.0012419658259790695,175.70795808278746,-2.3193087909358642e-05,175.48593533803944
holdout,2023-09-21,2023-09-22,173.92999267578125,174.7899932861328,0.0049445216268977354,0.0,173.92999267578125,-0.004086186627365016,173.21928226561178,0.0012419658259790695,174.14600778279734,0.00014695135937218607,173.95555192464053
holdout,2023-09-22,2023-09-25,174.7899932861328,176.0800018310547,0.00738033408360006,0.0,174.7899932861328,-0.004355102052171742,174.0287650276733,0.0012419658259790695,175.00707648451728,0.00026330436803008266,174.83601625485298
holdout,2023-09-25,2023-09-26,176.0800018310547,171.9600067138672,-0.023398427273646605,0.0,176.0800018310547,-0.005626559775396613,175.0892771755003,0.0012419658259790695,176.2986871759672,6.359258550782965e-05,176.09119921362736
holdout,2023-09-26,2023-09-27,171.9600067138672,170.42999267578125,-0.008897499292564004,0.0,171.9600067138672,-0.006320753392611008,170.8730899180371,0.0012419658259790695,172.17357516564093,-3.75903651037903e-05,171.95354267443156
holdout,2023-09-27,2023-09-28,170.42999267578125,170.69000244140625,0.0015256103784480057,0.0,170.42999267578125,-0.005815877010140158,169.4387927995398,0.0012419658259790695,170.64166090240641,0.00036014543133319,170.49137225900557
holdout,2023-09-28,2023-09-29,170.69000244140625,171.2100067138672,0.003046483478957418,0.0,170.69000244140625,-0.005486370430752806,169.75353385918658,0.0012419658259790695,170.90199359127476,0.0003386378552942358,170.74780453775318
holdout,2023-09-29,2023-10-02,171.2100067138672,173.75,0.014835542237771948,0.0,171.2100067138672,-0.007315805809440445,169.95746755211553,0.0012419658259790695,171.42264369127145,-0.0002308454581656442,171.17048366142478
holdout,2023-10-02,2023-10-03,173.75,172.39999389648438,-0.007769819300809333,0.0,173.75,-0.0052729576099828784,172.83382361526546,0.0012419658259790695,173.96579156226386,0.0008682921150974238,173.90086575499816
holdout,2023-10-03,2023-10-04,172.39999389648438,173.66000366210938,0.00730864159068112,0.0,172.39999389648438,-0.005215259522250071,171.50088318667989,0.0012419658259790695,172.6141087973028,0.000844366342270094,172.54556264873816
holdout,2023-10-04,2023-10-05,173.66000366210938,174.91000366210938,0.007197972898999483,0.0,173.66000366210938,-0.004838182571132577,172.81980485908855,0.0012419658259790695,173.8756834519971,0.0009830442270788177,173.8307191261839
holdout,2023-10-05,2023-10-06,174.91000366210938,177.49000549316406,0.014750453244736894,0.0,174.91000366210938,-0.003976120826381607,174.21454035380597,0.0012419658259790695,175.1272359092796,0.0010281057784860465,175.0898296475894
holdout,2023-10-06,2023-10-09,177.49000549316406,178.99000549316406,0.008451180086631815,0.0,177.49000549316406,-0.0029394631282753845,176.96828016637951,0.0012419658259790695,177.7104420144394,0.0012249239667674516,177.70741725475432
holdout,2023-10-09,2023-10-10,178.99000549316406,178.38999938964844,-0.00335217657467779,0.0,178.99000549316406,-0.0005758224713755221,178.88693902584947,0.0012419658259790695,179.21230496317838,0.0012682813133814538,179.2170151724131
holdout,2023-10-10,2023-10-11,178.38999938964844,179.8000030517578,0.007904051050695804,0.0,178.38999938964844,-0.0026114473581762203,177.92414329701728,0.0012419658259790695,178.6115536725868,0.0012930368509957648,178.62066423270838
holdout,2023-10-11,2023-10-12,179.8000030517578,180.7100067138672,0.005061199369654101,0.0,179.8000030517578,-0.0021526127183640227,179.41296327842673,0.0012419658259790695,180.023308511059,0.0014096875330594318,180.0534648745039
holdout,2023-10-12,2023-10-13,180.7100067138672,178.85000610351562,-0.01029273721015711,0.0,180.7100067138672,-0.0027155652862646045,180.21927689275438,0.0012419658259790695,180.93444236661824,0.001524971357437868,180.98558429810825
holdout,2023-10-13,2023-10-16,178.85000610351562,178.72000122070312,-0.0007268933652552212,0.0,178.85000610351562,-0.0034720785724699096,178.2290248296375,0.0012419658259790695,179.07213169907234,0.001134586154774137,179.05292684422196
holdout,2023-10-16,2023-10-17,178.72000122070312,177.14999389648438,-0.0087847320585005,0.0,178.72000122070312,-0.0026292215623167675,178.25010673987637,0.0012419658259790695,178.94196535463817,0.0011345282501555064,178.92276411095585
holdout,2023-10-17,2023-10-18,177.14999389648438,175.83999633789062,-0.007394849583563845,0.0,177.14999389648438,-0.003505703665626004,176.52895851351585,0.0012419658259790695,177.3700081349762,0.0009259571382473245,177.31402719787332
holdout,2023-10-18,2023-10-19,175.83999633789062,175.4600067138672,-0.002160996541954341,0.0,175.83999633789062,-0.004442175072023458,175.05888428949373,0.0012419658259790695,176.05838360418255,0.0009029586647821941,175.99877258619918
holdout,2023-10-19,2023-10-20,175.4600067138672,172.8800048828125,-0.014704215959948308,0.0,175.4600067138672,-0.004207554126906323,174.72174923851125,0.0012419658259790695,175.67792204603185,0.0009688301611848663,175.62999766045326
holdout,2023-10-20,2023-10-23,172.8800048828125,173.0,0.0006940948276166203,0.0,172.8800048828125,-0.004438975909722613,172.11259470586495,0.0012419658259790695,173.09471594087205,0.0009120919742187333,173.037687347769
holdout,2023-10-23,2023-10-24,173.0,173.44000244140625,0.0025433667133309967,0.0,173.0,-0.004072667376626978,172.29542854384354,0.0012419658259790695,173.21486008789438,0.0009144739584325891,173.15820399480884
holdout,2023-10-24,2023-10-25,173.44000244140625,171.10000610351562,-0.013491676112499795,0.0,173.44000244140625,-0.004164314956911289,172.71774364511276,0.0012419658259790695,173.6554089972962,0.0009583378010238894,173.60621655195553
holdout,2023-10-25,2023-10-26,171.10000610351562,166.88999938964844,-0.02460553222493822,0.0,171.10000610351562,-0.004957460945769919,170.25178450543646,0.0012419658259790695,171.31250646392098,0.0008320749206145513,171.24237412751137
holdout,2023-10-26,2023-10-27,166.88999938964844,168.22000122070312,0.007969332110484562,0.0,166.88999938964844,-0.0035970780557811103,166.2896830351146,0.0012419658259790695,167.09727106558805,0.000625656604130085,166.99441521992983
holdout,2023-10-27,2023-10-30,168.22000122070312,170.2899932861328,0.012305267212035398,0.0,168.22000122070312,-0.003657886626589451,167.60467152791304,0.0012419658259790695,168.4289247134654,0.0008605074539367251,168.36475578565478
holdout,2023-10-30,2023-10-31,170.2899932861328,170.77000427246094,0.0028187856318813154,0.0,170.2899932861328,-0.004570326683900379,169.511712385816,0.0012419658259790695,170.50148763830038,-7.590871694784287e-06,170.2887006366429
holdout,2023-10-31,2023-11-01,170.77000427246094,173.97000122070312,0.018738635990994235,0.0,170.77000427246094,-0.00557565488298113,169.81784966427247,0.0012419658259790695,170.98209478186962,-0.0002458216706869444,170.72802530470744
holdout,2023-11-01,2023-11-02,173.97000122070312,177.57000732421875,0.020693257908003027,0.0,173.97000122070312,-0.003579398840684813,173.3472932000198,0.0012419658259790695,174.18606601696476,-0.0002783997572609451,173.9215680145926
holdout,2023-11-02,2023-11-03,177.57000732421875,176.64999389648438,-0.005181130764130404,0.0,177.57000732421875,-0.004219201355725207,176.82080370858029,0.0012419658259790695,177.79054320503428,0.0010294277331398432,177.75280281433214
holdout,2023-11-03,2023-11-06,176.64999389648438,179.22999572753906,0.014605162299448304,0.0,176.64999389648438,-0.0049434798374167685,175.7767282133773,0.0012419658259790695,176.8693871520632,0.001077773992694932,176.84038266571574
holdout,2023-11-06,2023-11-07,179.22999572753906,181.82000732421875,0.014450770844278482,0.0,179.22999572753906,-0.0027108271548272693,178.74413418816127,0.0012419658259790695,179.45259325722304,0.001480202803680924,179.4952924697187
holdout,2023-11-07,2023-11-08,181.82000732421875,182.88999938964844,0.005884897273828127,0.0,181.82000732421875,-0.001637873771440705,181.52220910309924,0.0012419658259790695,182.0458215597947,0.0013014778139578285,182.05664202988484
holdout,2023-11-08,2023-11-09,182.88999938964844,182.41000366210938,-0.0026245050529877245,0.0,182.88999938964844,-0.003164989216887936,182.31115451370357,0.0012419658259790695,183.11714251880372,0.001513504019259789,183.1668041388071
holdout,2023-11-09,2023-11-10,182.41000366210938,186.39999389648438,0.02187374680264753,0.0,182.41000366210938,-0.003374953494288723,181.7943783828567,0.0012419658259790695,182.63655065297442,0.0015097663865616467,182.68540015421104
holdout,2023-11-10,2023-11-13,186.39999389648438,184.8000030517578,-0.008583642151914983,0.0,186.39999389648438,-0.0026849871459264604,185.89951230887155,0.0012419658259790695,186.6314963188665,0.0015037388084420272,186.68029080119987
holdout,2023-11-13,2023-11-14,184.8000030517578,187.44000244140625,0.01428571074703422,0.0,184.8000030517578,-0.0030949404253145948,184.22805805171467,0.0012419658259790695,185.0295183401889,0.001287878112115217,185.038002930807
holdout,2023-11-14,2023-11-15,187.44000244140625,188.00999450683594,0.003040930740533243,0.0,187.44000244140625,-0.0035112313166501745,186.781857234841,0.0012419658259790695,187.6727965188599,0.001797110241112598,187.77685278938785
holdout,2023-11-15,2023-11-16,188.00999450683594,189.7100067138672,0.009042137421952035,0.0,188.00999450683594,-0.0021323343670160417,187.60909433420653,0.0012419658259790695,188.24349649495593,0.0016602761816845743,188.3221430226343
holdout,2023-11-16,2023-11-17,189.7100067138672,189.69000244140625,-0.0001054465855937492,0.0,189.7100067138672,-0.003379551566576141,189.06887196348217,0.0012419658259790695,189.94562005905206,0.001677050786129336,190.02816002976326
holdout,2023-11-17,2023-11-20,189.69000244140625,191.4499969482422,0.009278267089376957,0.0,189.69000244140625,-0.002832547863242518,189.15269643031237,0.0012419658259790695,189.92559094196835,0.0016694518192909532,190.00668076108337
holdout,2023-11-20,2023-11-21,191.4499969482422,190.63999938964844,-0.004230856994020926,0.0,191.4499969482422,-0.0036060396247628037,190.75962067308612,0.0012419658259790695,191.68777130183568,0.0016761904383431887,191.77090360254763
holdout,2023-11-21,2023-11-22,190.63999938964844,191.30999755859375,0.0035144679557825853,0.0,190.63999938964844,-0.0024818780078098932,190.1668541677544,0.0012419658259790695,190.87676775395505,0.001291739704588286,190.88625664614273
holdout,2023-11-22,2023-11-24,191.30999755859375,189.97000122070312,-0.0070043194552873445,0.0,191.30999755859375,-0.0033032850294102546,190.67804610768195,0.0012419658259790695,191.54759803772964,0.0015552820119451893,191.60753855650188
holdout,2023-11-24,2023-11-27,189.97000122070312,189.7899932861328,-0.0009475597905649336,0.0,189.97000122070312,-0.002945063728515164,189.41052746060205,0.0012419658259790695,190.20593747018043,0.0014139027883216875,190.23860033512656
holdout,2023-11-27,2023-11-28,189.7899932861328,190.39999389648438,0.003214082048213829,0.0,189.7899932861328,-0.003335435139460331,189.1569610734083,0.0012419658259790695,190.02570597190697,0.0013606733277739514,190.04823546787566
holdout,2023-11-28,2023-11-29,190.39999389648438,189.3699951171875,-0.0054096576277038455,0.0,190.39999389648438,-0.003608235255016501,189.71298592595215,0.0012419658259790695,190.6364641821704,0.0015057875728955459,190.6866958411731
holdout,2023-11-29,2023-11-30,189.3699951171875,189.9499969482422,0.0030627968844576525,0.0,189.3699951171875,-0.004221660708822458,188.57053924937136,0.0012419658259790695,189.60518617958886,0.0011572746916162127,189.5891482198881
holdout,2023-11-30,2023-12-01,189.9499969482422,191.24000549316406,0.006791305952341675,0.0,189.9499969482422,-0.0038832384183757475,189.2123758225224,0.0012419658259790695,190.18590835309672,0.0013513369073359397,190.2066833896667
holdout,2023-12-01,2023-12-04,191.24000549316406,189.42999267578125,-0.00946461391650355,0.0,191.24000549316406,-0.003417042087095774,190.58653034565748,0.0012419658259790695,191.47751904454663,0.0013856631417269321,191.50499971999957
holdout,2023-12-04,2023-12-05,189.42999267578125,193.4199981689453,0.02106321938149014,0.0,189.42999267578125,-0.0042385595339622245,188.62708237430692,0.0012419658259790695,189.66525825310003,0.0011901576287761085,189.65544422668333
holdout,2023-12-05,2023-12-06,193.4199981689453,192.32000732421875,-0.0056870585003612195,0.0,193.4199981689453,-0.0020929637639620128,193.0151771215521,0.0012419658259790695,193.66021919673207,0.0016418115414560937,193.7375573542875
holdout,2023-12-06,2023-12-07,192.32000732421875,194.27000427246094,0.010139334827264257,0.0,192.32000732421875,-0.0025884661809990766,191.82219348933052,0.0012419658259790695,192.55886220096747,0.0012734259099678792,192.5649126045506
holdout,2023-12-07,2023-12-08,194.27000427246094,195.7100067138672,0.00741237663940475,0.0,194.27000427246094,-0.002200700552571034,193.84247416671056,0.0012419658259790695,194.51128097878012,0.0015522363082019638,194.5715572266872
holdout,2023-12-08,2023-12-11,195.7100067138672,193.17999267578125,-0.012927361664163084,0.0,195.7100067138672,-0.0005437704925074379,195.60358538712777,0.0012419658259790695,195.95307185400793,0.0016554521172807454,196.03399525885467
holdout,2023-12-11,2023-12-12,193.17999267578125,194.7100067138672,0.007920147510585007,0.0,193.17999267578125,-0.0030208684265096764,192.5964213352736,0.0012419658259790695,193.41991562494744,0.001084962100051974,193.3895856463228
holdout,2023-12-12,2023-12-13,194.7100067138672,197.9600067138672,0.016691489332522957,0.0,194.7100067138672,-0.0012850529006558772,194.45979405495282,0.0012419658259790695,194.95182988818195,0.0014734767489093838,194.99690738154004
holdout,2023-12-13,2023-12-14,197.9600067138672,198.11000061035156,0.000757697976345284,0.0,197.9600067138672,-0.0011273406594288246,197.73683834935784,0.0012419658259790695,198.2058662771164,0.0016213613215505635,198.28097141196693
holdout,2023-12-14,2023-12-15,198.11000061035156,197.57000732421875,-0.002725724519050843,0.0,198.11000061035156,-0.002639953821726135,197.58699935711812,0.0012419658259790695,198.3560464608943,0.0011071916654222989,198.32934635186416
holdout,2023-12-15,2023-12-18,197.57000732421875,195.88999938964844,-0.008503355126233125,0.0,197.57000732421875,-0.0021287246848721852,197.14943517263728,0.0012419658259790695,197.81538252155386,0.0014193261914714312,197.85042361026322
holdout,2023-12-18,2023-12-19,195.88999938964844,196.94000244140625,0.005360166700849378,0.0,195.88999938964844,-0.002749462498928108,195.35140718241155,0.0012419658259790695,196.13328807454144,0.001145599564690049,196.11441088767634
holdout,2023-12-19,2023-12-20,196.94000244140625,194.8300018310547,-0.010713925988598105,0.0,196.94000244140625,-0.0025635578946091504,196.43513534338322,0.0012419658259790695,197.1845951942067,0.0011905511907112218,197.17446959581156
holdout,2023-12-20,2023-12-21,194.8300018310547,194.67999267578125,-0.0007699489496669765,0.0,194.8300018310547,-0.004218418729843991,194.00812730219502,0.0012419658259790695,195.07197403520428,0.000953546096386463,195.01578121875968
holdout,2023-12-21,2023-12-22,194.67999267578125,193.60000610351562,-0.005547496470601487,0.0,194.67999267578125,-0.003903413593115445,193.920076146063,0.0012419658259790695,194.92177857368642,0.0009376094310366882,194.86252647294822
holdout,2023-12-22,2023-12-26,193.60000610351562,193.0500030517578,-0.0028409247645567737,0.0,193.60000610351562,-0.003692402328963376,192.88515699009167,0.0012419658259790695,193.84045069500553,0.000784278547216664,193.75184243504364
holdout,2023-12-26,2023-12-27,193.0500030517578,193.14999389648438,0.0005179530854488856,0.0,193.0500030517578,-0.005662578883024008,191.9568421811092,0.0012419658259790695,193.28976455825324,0.0008747266233523327,193.21886902906544
holdout,2023-12-27,2023-12-28,193.14999389648438,193.5800018310547,0.002226290179438317,0.0,193.14999389648438,-0.005196635141510305,192.14626385061942,0.0012419658259790695,193.38987958819186,0.0009736561235231845,193.33805557080015
holdout,2023-12-28,2023-12-29,193.5800018310547,192.52999877929688,-0.005424129774904141,0.0,193.5800018310547,-0.0051126156003606805,192.5903016937754,0.0012419658259790695,193.82042157792182,0.0009198344472591989,193.75806338503938
holdout,2023-12-29,2024-01-02,192.52999877929688,185.63999938964844,-0.03578662771169838,0.0,192.52999877929688,-0.005376275438291694,191.4949044757254,0.0012419658259790695,192.76911445825655,0.0010245964341384331,192.72726432951083
holdout,2024-01-02,2024-01-03,185.63999938964844,184.25,-0.007487607165581278,0.0,185.63999938964844,-0.006406933673599584,184.4506162263919,0.0012419658259790695,185.87055792482514,0.0008056908363283078,185.78956783601268
holdout,2024-01-03,2024-01-04,184.25,181.91000366210938,-0.012700115809447077,0.0,184.25,-0.005414289010001029,183.2524172499073,0.0012419658259790695,184.47883220343664,0.0008134482156951387,184.39987783374184
holdout,2024-01-04,2024-01-05,181.91000366210938,181.17999267578125,-0.004013033761925966,0.0,181.91000366210938,-0.004642629433359318,181.06546292488517,0.0012419658259790695,182.13592967006144,0.0021015820982123613,182.29230246929143
holdout,2024-01-05,2024-01-08,181.17999267578125,185.55999755859375,0.024174881663950876,0.0,181.17999267578125,-0.006337077370559045,180.0318410441975,0.0012419658259790695,181.4050120350357,0.0028490723544902894,181.69618758410056
holdout,2024-01-08,2024-01-09,185.55999755859375,185.13999938964844,-0.002263409002323802,0.0,185.55999755859375,-0.004972272190066381,184.6373427431444,0.0012419658259790695,185.79045673423028,4.7415328534851294e-05,185.5687959468409
holdout,2024-01-09,2024-01-10,185.13999938964844,186.19000244140625,0.005671400319862574,0.0,185.13999938964844,-0.006520819724942948,183.9327348297525,0.0012419658259790695,185.36993694191216,-9.765598843559181e-05,185.1219193600091
holdout,2024-01-10,2024-01-11,186.19000244140625,185.58999633789062,-0.0032225473744458277,0.0,186.19000244140625,-0.00555806682257467,185.1551459661416,0.0012419658259790695,186.42124406157743,0.00017945027949057405,186.2234142893827
holdout,2024-01-11,2024-01-12,185.58999633789062,185.9199981689453,0.0017781229460982484,0.0,185.58999633789062,-0.004111518685772867,184.82693960005486,0.0012419658259790695,185.82049277098585,0.0004747055252868035,185.67809693459017
holdout,2024-01-12,2024-01-16,185.9199981689453,183.6300048828125,-0.012317089655153213,0.0,185.9199981689453,-0.004249749587622066,185.12988473339615,0.0012419658259790695,186.1509044530372,0.0002596167374442884,185.96826611229557
holdout,2024-01-16,2024-01-17,183.6300048828125,182.67999267578125,-0.005173512943255187,0.0,183.6300048828125,-0.0039061353953800284,182.91272122108595,0.0012419658259790695,183.8580670735013,0.0004166300202205568,183.70651065545994
holdout,2024-01-17,2024-01-18,182.67999267578125,188.6300048828125,0.032570683411353496,0.0,182.67999267578125,-0.005830534218993481,181.61487072735963,0.0012419658259790695,182.90687498377466,4.7535205869083884e-05,182.68867640684127
holdout,2024-01-18,2024-01-19,188.6300048828125,191.55999755859375,0.015533014896551123,0.0,188.6300048828125,-0.004787019814140939,187.72702931189696,0.0012419658259790695,188.86427690263122,0.00075787513568891,188.77296287335807
holdout,2024-01-19,2024-01-22,191.55999755859375,193.88999938964844,0.01216330058858972,0.0,191.55999755859375,-0.006226870893535184,190.36717818543048,0.0012419658259790695,191.79790852918615,0.0007366416238197501,191.7011086262542
holdout,2024-01-22,2024-01-23,193.88999938964844,195.17999267578125,0.006653222395139657,0.0,193.88999938964844,-0.005031786924339482,192.91438622595942,0.0012419658259790695,194.13080414288947,0.001334963885034422,194.14883553650296
holdout,2024-01-23,2024-01-24,195.17999267578125,194.5,-0.0034839261261312426,0.0,195.17999267578125,-0.002612892076716059,194.6700084193852,0.0012419658259790695,195.4223995565994,0.0016701357278653562,195.5059697549136
holdout,2024-01-24,2024-01-25,194.5,194.1699981689453,-0.0016966675118492702,0.0,194.5,-0.0032519961967607393,193.86748673973003,0.0012419658259790695,194.74156235315291,0.0016734499313205723,194.82548601164189
holdout,2024-01-25,2024-01-26,194.1699981689453,192.4199981689453,-0.009012720896651283,0.0,194.1699981689453,-0.0029494399227608732,193.5973054245434,0.0012419658259790695,194.41115067110155,0.001409435614311041,194.44366827959533
holdout,2024-01-26,2024-01-29,192.4199981689453,191.72999572753906,-0.003585918553020817,0.0,192.4199981689453,-0.003130233274766731,191.81767868794634,0.0012419658259790695,192.6589772309061,0.0010826320589982987,192.62831822775541
holdout,2024-01-29,2024-01-30,191.72999572753906,188.0399932861328,-0.01924582758897042,0.0,191.72999572753906,-0.0031339228497355358,191.1291287129488,0.0012419658259790695,191.96811783004776,0.0005827052280468247,191.8417177984229
holdout,2024-01-30,2024-01-31,188.0399932861328,184.39999389648438,-0.01935758093816564,0.0,188.0399932861328,-0.004292904213475076,187.23275560665294,0.0012419658259790695,188.2735325317115,0.000871295260860229,188.20383164113522
holdout,2024-01-31,2024-02-01,184.39999389648438,186.86000061035156,0.013340600842146166,0.0,184.39999389648438,-0.005022699162529752,183.47380820157002,0.0012419658259790695,184.62901238721454,0.0011423682129974167,184.61064658798864
holdout,2024-02-01,2024-02-02,186.86000061035156,185.85000610351562,-0.0054050867148502935,0.0,186.86000061035156,-0.0037918285071784556,186.15145953318586,0.0012419658259790695,187.09207434535205,0.000960580401228123,187.03949466471133
holdout,2024-02-02,2024-02-05,185.85000610351562,187.67999267578125,0.009846577950857638,0.0,185.85000610351562,-0.004916846199800439,184.93621020727267,0.0012419658259790695,186.0808254598542,0.0006233165917856277,185.96584949590343
holdout,2024-02-05,2024-02-06,187.67999267578125,189.3000030517578,0.0086317691773099,0.0,187.67999267578125,-0.004474808995166078,186.84016055634297,0.0012419658259790695,187.91308481290457,0.0006785624619248925,187.8073452736654
holdout,2024-02-06,2024-02-07,189.3000030517578,189.41000366210938,0.0005810914346444651,0.0,189.3000030517578,-0.0026794762319091846,188.7927781928803,0.0012419658259790695,189.5351071864058,0.0011771488090028316,189.52283732489443
holdout,2024-02-07,2024-02-08,189.41000366210938,188.32000732421875,-0.005754692554861496,0.0,189.41000366210938,-0.003992504902452818,188.65378329391478,0.0012419658259790695,189.64524441375627,0.0009668349823086246,189.59313187964912
holdout,2024-02-08,2024-02-09,188.32000732421875,188.85000610351562,0.0028143519471321987,0.0,188.32000732421875,-0.002898793314550682,187.77410654599117,0.0012419658259790695,188.55389433766354,0.0009739470898528672,188.50342104731325
holdout,2024-02-09,2024-02-12,188.85000610351562,187.14999389648438,-0.009001917670574011,0.0,188.85000610351562,-0.0030272430227853303,188.2783112401858,0.0012419658259790695,189.08455135733212,0.0006845633447491782,188.97928589534976
holdout,2024-02-12,2024-02-13,187.14999389648438,185.0399932861328,-0.011274382469489308,0.0,187.14999389648438,-0.003466699382175195,186.50120112826934,0.0012419658259790695,187.382427793236,0.00010415617846948272,187.1694867246492
holdout,2024-02-13,2024-02-14,185.0399932861328,184.14999389648438,-0.004809767736384418,0.0,185.0399932861328,-0.005825374762153286,183.96206597925476,0.0012419658259790695,185.2698066342336,2.9711252936648982e-05,185.04549105617673
holdout,2024-02-14,2024-02-15,184.14999389648438,183.86000061035156,-0.0015747667431138535,0.0,184.14999389648438,-0.007042939487317417,182.85303663288158,0.0012419658259790695,184.37870189575804,0.0002725422525123978,184.2001825506211
holdout,2024-02-15,2024-02-16,183.86000061035156,182.30999755859375,-0.008430343993322875,0.0,183.86000061035156,-0.007386516894251644,182.5019156096661,0.0012419658259790695,184.0883484478741,7.084002006539035e-05,183.873025256484
holdout,2024-02-16,2024-02-20,182.30999755859375,181.55999755859375,-0.004113872031395016,0.0,182.30999755859375,-0.008017809740772017,180.84827068432833,0.0012419658259790695,182.53642034529585,-1.527334663394815e-05,182.30721307480619
holdout,2024-02-20,2024-02-21,181.55999755859375,182.32000732421875,0.004185997884141424,0.0,181.55999755859375,-0.007271192891059066,180.23983979504501,0.0012419658259790695,181.78548887092634,0.00015170756924528308,181.58754158449554
holdout,2024-02-21,2024-02-22,182.32000732421875,184.3699951171875,0.011243899246467626,0.0,182.32000732421875,-0.0066170517546024765,181.11358639985488,0.0012419658259790695,182.54644254270767,0.0008677314399265965,182.4782121267016
holdout,2024-02-22,2024-02-23,184.3699951171875,182.52000427246094,-0.010034121026855192,0.0,184.3699951171875,-0.006106742481042579,183.24409503577576,0.0012419658259790695,184.59897635045897,0.0009241927682600907,184.54038853335896
holdout,2024-02-23,2024-02-26,182.52000427246094,181.16000366210938,-0.007451241390074692,0.0,182.52000427246094,-0.006252663218190816,181.37876815516248,0.0012419658259790695,182.74668788032488,0.0008634532544400172,182.6776017641504
holdout,2024-02-26,2024-02-27,181.16000366210938,182.6300048828125,0.008114380608232441,0.0,181.16000366210938,-0.005131000129782924,180.23047165980762,0.0012419658259790695,181.38499819569194,0.0002961328317444454,181.21365108699266
holdout,2024-02-27,2024-02-28,182.6300048828125,181.4199981689453,-0.006625454095802064,0.0,182.6300048828125,-0.004265762797817322,181.8509486022182,0.0012419658259790695,182.85682510767535,0.00041354476090145026,182.70553056451521
holdout,2024-02-28,2024-02-29,181.4199981689453,180.75,-0.003693077806788292,0.0,181.4199981689453,-0.006077847533540874,180.3173550805392,0.0012419658259790695,181.64531560682033,0.00021944523226547242,181.4598099225811
holdout,2024-02-29,2024-03-01,180.75,179.66000366210938,-0.00603040850838521,0.0,180.75,-0.006132948637197195,179.6414695338266,0.0012419658259790695,180.9744853230457,0.0002781722989713996,180.80027964303906
holdout,2024-03-01,2024-03-04,179.66000366210938,175.10000610351562,-0.025381261636673647,0.0,179.66000366210938,-0.005466561945465152,178.67788112296796,0.0012419658259790695,179.88313524695297,0.0002539231555565674,179.70562349716656
holdout,2024-03-04,2024-03-05,175.10000610351562,170.1199951171875,-0.028440952671264008,0.0,175.10000610351562,-0.006301994209838929,173.99652687890853,0.0012419658259790695,175.31747432722491,0.0004171049213289213,175.1730411777861
holdout,2024-03-05,2024-03-06,170.1199951171875,169.1199951171875,-0.005878203789690617,0.0,170.1199951171875,-0.005351682532744328,169.2095669108483,0.0012419658259790695,170.33127833743876,0.002888151471743147,170.61132743145814
holdout,2024-03-06,2024-03-07,169.1199951171875,169.0,-0.0007095264939214196,0.0,169.1199951171875,-0.004617622014905509,168.33906290457367,0.0012419658259790695,169.33003637161278,0.00274129638420888,169.58360314829966
holdout,2024-03-07,2024-03-08,169.0,170.72999572753906,0.010236661109698675,0.0,169.0,-0.004998306921535356,168.15528613026052,0.0012419658259790695,169.20989222459045,0.0015585521693251196,169.26339531661594
holdout,2024-03-08,2024-03-11,170.72999572753906,172.75,0.01183157220764297,0.0,170.72999572753906,-0.00586875842769588,169.7280226262526,0.0012419658259790695,170.9420365477022,-0.00016888275157123212,170.70116237608485
holdout,2024-03-11,2024-03-12,172.75,173.22999572753906,0.002778557033511264,0.0,172.75,-0.005312728748477255,171.83222610870055,0.0012419658259790695,172.96454959643788,-0.00019394896845368952,172.71649531569963
holdout,2024-03-12,2024-03-13,173.22999572753906,171.1300048828125,-0.012122559005482425,0.0,173.22999572753906,-0.005139199413400035,172.33973223511282,0.0012419658259790695,173.44514146226715,0.00019583368725258678,173.26391999634512
holdout,2024-03-13,2024-03-14,171.1300048828125,173.0,0.010927336316434166,0.0,171.1300048828125,-0.0037751842431222016,170.4839575848535,0.0012419658259790695,171.3425425006766,0.0001726924897048612,171.1595577494189
holdout,2024-03-14,2024-03-15,173.0,172.6199951171875,-0.002196560016257232,0.0,173.0,-0.003089130561758306,172.46558041281583,0.0012419658259790695,173.21486008789438,0.0002604959784035169,173.04506580426383
holdout,2024-03-15,2024-03-18,172.6199951171875,173.72000122070312,0.006372414173507979,0.0,172.6199951171875,-0.0031519512839084363,172.0759053019496,0.0012419658259790695,172.8343832520037,0.0001418611298966642,172.6444831847376
holdout,2024-03-18,2024-03-19,173.72000122070312,176.0800018310547,0.013585082856137465,0.0,173.72000122070312,-0.0047252853029155235,172.89912465211248,0.0012419658259790695,173.93575552550828,0.0002428696060325456,173.7621925289596
holdout,2024-03-19,2024-03-20,176.0800018310547,178.6699981689453,0.014709202129471022,0.0,176.0800018310547,-0.0047162310220923865,175.24956786404897,0.0012419658259790695,176.2986871759672,0.0016582455617107454,176.37198571259705
holdout,2024-03-20,2024-03-21,178.6699981689453,171.3699951171875,-0.04085746418856029,0.0,178.6699981689453,-0.0060303381926823975,177.59255765510062,0.0012419658259790695,178.8919002007989,0.0012012713791369665,178.8846293240561
holdout,2024-03-21,2024-03-22,171.3699951171875,172.27999877929688,0.005310169154682409,0.0,171.3699951171875,-0.005572495843177027,170.41503653175172,0.0012419658259790695,171.58283079472125,-0.00034591478743949475,171.31071570175303
holdout,2024-03-22,2024-03-25,172.27999877929688,170.85000610351562,-0.0083003986876804,0.0,172.27999877929688,-0.003912945920722112,171.60587646085142,0.0012419658259790695,172.49396465028047,0.0009090035641538065,172.4366019122197
holdout,2024-03-25,2024-03-26,170.85000610351562,169.7100067138672,-0.006672515943357493,0.0,170.85000610351562,-0.003336104023837896,170.28003271068096,0.0012419658259790695,171.0621959724645,0.0009629137773253382,171.0145199282488
holdout,2024-03-26,2024-03-27,169.7100067138672,173.30999755859375,0.021212602099510702,0.0,169.7100067138672,-0.0064175597136903705,168.62088261177016,-0.0013722367253427073,169.47712440999626,0.00016550290969904948,169.73809421378337
holdout,2024-03-27,2024-03-28,173.30999755859375,171.47999572753906,-0.010559124440792766,0.0,173.30999755859375,-0.003441084619419467,172.71362319160323,0.0012419658259790695,173.52524265286203,0.0009002059921172938,173.46601225688983
holdout,2024-03-28,2024-04-01,171.47999572753906,170.02999877929688,-0.008455779008450959,0.0,171.47999572753906,-0.0054037742516413224,170.55335654195503,0.0012419658259790695,171.69296802207168,0.0007186509626175877,171.6032299915383
holdout,2024-04-01,2024-04-02,170.02999877929688,168.83999633789062,-0.006998779332762939,0.0,170.02999877929688,-0.005070032701124001,169.16794112531375,0.0012419658259790695,170.241170227172,0.0009998741355589761,170.20000737734543
holdout,2024-04-02,2024-04-03,168.83999633789062,169.64999389648438,0.004797427008780275,0.0,168.83999633789062,-0.003743032735625746,168.20802270451497,0.0012419658259790695,169.0496898434007,0.0012691366005319368,169.05427735687672
holdout,2024-04-03,2024-04-04,169.64999389648438,168.82000732421875,-0.00489234660846527,0.0,169.64999389648438,-0.003663519978902579,169.0284777544239,0.0012419658259790695,169.86069339128136,0.0008691140620368598,169.79743909180428
holdout,2024-04-04,2024-04-05,168.82000732421875,169.5800018310547,0.004501803541427263,0.0,168.82000732421875,-0.003955470490044346,168.15224476711873,0.0012419658259790695,169.02967600405697,0.0011105347318353337,169.007487805781
holdout,2024-04-05,2024-04-08,169.5800018310547,168.4499969482422,-0.0066635503633162285,0.0,169.5800018310547,-0.005981459506637662,168.5656659169667,0.0012419658259790695,169.7906143980983,0.0009125190485113126,169.7347468129721
holdout,2024-04-08,2024-04-09,168.4499969482422,169.6699981689453,0.007242512572309456,0.0,168.4499969482422,-0.005470150907641372,167.52855004454358,0.0012419658259790695,168.6592060878382,0.000801171342629788,168.58495425846317
holdout,2024-04-09,2024-04-10,169.6699981689453,167.77999877929688,-0.01113926687125033,0.0,169.6699981689453,-0.005984705756667513,168.65457315416987,0.0012419658259790695,169.88072250836507,0.0004483692594317254,169.7460729803721
holdout,2024-04-10,2024-04-11,167.77999877929688,175.0399932861328,0.04327091762818491,0.0,167.77999877929688,-0.005900921903870489,166.78994210946877,0.0012419658259790695,167.98837580406357,0.0001991386715650288,167.81341026536896
holdout,2024-04-11,2024-04-12,175.0399932861328,176.5500030517578,0.00862665575607413,0.0,175.0399932861328,-0.002550395525129285,174.5935720705372,0.0012419658259790695,175.2573869759738,0.0010334276984343826,175.22088446352845
holdout,2024-04-12,2024-04-15,176.5500030517578,172.69000244140625,-0.021863497839872292,0.0,176.5500030517578,-0.0020245562381883677,176.1925676417272,0.0012419658259790695,176.7692721221246,0.0014575897226869082,176.8073405217464
holdout,2024-04-15,2024-04-16,172.69000244140625,169.3800048828125,-0.019167279586534414,0.0,172.69000244140625,-0.00461449417337704,171.8931254313399,0.0012419658259790695,172.9044775229267,0.0011054106903359115,172.8808958162191
holdout,2024-04-16,2024-04-17,169.3800048828125,168.0,-0.008147389556206863,0.0,169.3800048828125,-0.0018982914131671844,169.05847227398124,0.0012419658259790695,169.59036906048112,0.0010732119589007643,169.56178552965142
holdout,2024-04-17,2024-04-18,168.0,167.0399932861328,-0.0057143256777808515,0.0,168.0,-0.0033788280528827433,167.4323568871157,0.0012419658259790695,168.20865025876446,0.0008756146013812166,168.14710325303207
holdout,2024-04-18,2024-04-19,167.0399932861328,165.0,-0.012212603975853775,0.0,167.0399932861328,-0.006690492966054205,165.9224133860022,0.0012419658259790695,167.24745124936595,0.0007589118281114959,167.16676191280533
holdout,2024-04-19,2024-04-22,165.0,165.83999633789062,0.005090886896306879,0.0,165.0,-0.007369838156201751,163.78397670422672,0.0012419658259790695,165.20492436128654,0.000615751930742786,165.10159906857257
holdout,2024-04-22,2024-04-23,165.83999633789062,166.89999389648438,0.006391688265803275,0.0,165.83999633789062,-0.006218857851551747,164.80866097456342,0.0012419658259790695,166.04596394592278,0.0005038592139168336,165.9235563480814
holdout,2024-04-23,2024-04-24,166.89999389648438,169.02000427246094,0.012702279529689164,0.0,166.89999389648438,-0.006254080451046362,165.8561879073766,0.0012419658259790695,167.1072779852599,0.0007930762097337586,167.03235831104837
holdout,2024-04-24,2024-04-25,169.02000427246094,169.88999938964844,0.005147290824730311,0.0,169.02000427246094,-0.006508405858728434,167.91995348641174,0.0012419658259790695,169.22992134167416,0.0007721440608216104,169.15051206491998
holdout,2024-04-25,2024-04-26,169.88999938964844,169.3000030517578,-0.003472813820767917,0.0,169.88999938964844,-0.0030671270606078727,169.3689251751938,0.0012419658259790695,170.10099696306597,0.0009084367410788624,170.04433370703583
holdout,2024-04-26,2024-04-29,169.3000030517578,173.5,0.024808014604454476,0.0,169.3000030517578,-0.0024372006946539394,168.88738496671516,0.0012419658259790695,169.51026786988623,0.0010445280262427485,169.47684164978835
holdout,2024-04-29,2024-04-30,173.5,170.3300018310547,-0.01827088281812861,0.0,173.5,-0.0007727909095853001,173.36592077718694,0.0012419658259790695,173.71548107080736,0.0012793990834625484,173.72197574098075
holdout,2024-04-30,2024-05-01,170.3300018310547,169.3000030517578,-0.006047077838456816,0.0,170.3300018310547,-0.003232246317674762,169.77945330984673,0.0012419658259790695,170.5415458724678,0.0007794472944369594,170.46276509014334
holdout,2024-05-01,2024-05-02,169.3000030517578,173.02999877929688,0.02203187040935095,0.0,169.3000030517578,-0.0032352563361583374,168.752274144173,0.0012419658259790695,169.51026786988623,0.00110443247843712,169.48698347372766
holdout,2024-05-02,2024-05-03,173.02999877929688,183.3800048828125,0.05981625253732603,0.0,173.02999877929688,-0.0007805761679548222,172.8949356859085,0.0012419658259790695,173.24489612464996,0.001021788568665703,173.2067988540858
holdout,2024-05-03,2024-05-06,183.3800048828125,181.7100067138672,-0.009106762593950823,0.0,183.3800048828125,-0.0024676525532029117,182.92748674555708,0.0012419658259790695,183.60775658204483,0.003842662745461291,184.0846723958382
holdout,2024-05-06,2024-05-07,181.7100067138672,182.39999389648438,0.0037971886914498487,0.0,181.7100067138672,-0.003851039834786093,181.01023423963284,0.0012419658259790695,181.93568433244423,0.0021396067569620304,182.09879467203982
holdout,2024-05-07,2024-05-08,182.39999389648438,182.74000549316406,0.0018640987283840005,0.0,182.39999389648438,-0.0025696864774934444,181.9312830986737,0.0012419658259790695,182.62652845556258,0.0021372681871634595,182.78983160077814
holdout,2024-05-08,2024-05-09,182.74000549316406,184.57000732421875,0.01001423758369735,0.0,182.74000549316406,-2.1048656459455445e-05,182.73615906156704,0.0012419658259790695,182.96696233502578,0.002416247667390899,183.18155060517591
holdout,2024-05-09,2024-05-10,184.57000732421875,183.0500030517578,-0.008235380680192916,0.0,184.57000732421875,-0.00290653397835801,184.03354832654512,0.0012419658259790695,184.79923696581614,0.001541665511381301,184.8545525389459
holdout,2024-05-10,2024-05-13,183.0500030517578,186.27999877929688,0.017645428427694565,0.0,183.0500030517578,-0.0030819978831315774,182.48584332984507,0.0012419658259790695,183.27734489999344,0.001476755962000037,183.32032323510865
holdout,2024-05-13,2024-05-14,186.27999877929688,187.42999267578125,0.006173469529849429,0.0,186.27999877929688,-0.0023321194138392867,185.84557157773372,0.0012419658259790695,186.51135217184418,0.0011108697563321159,186.48693159615036
holdout,2024-05-14,2024-05-15,187.42999267578125,189.72000122070312,0.012217940748059153,0.0,187.42999267578125,-0.003046178282735915,186.85904750255892,0.0012419658259790695,187.66277432144807,0.0013843852385375202,187.6894679909008
holdout,2024-05-15,2024-05-16,189.72000122070312,189.83999633789062,0.000632485327932919,0.0,189.72000122070312,-0.005437473335774072,188.68840377280253,0.0012419658259790695,189.95562697872393,0.001875702411148245,190.07585948443582
holdout,2024-05-16,2024-05-17,189.83999633789062,189.8699951171875,0.00015802138577525326,0.0,189.83999633789062,-0.00332424725980078,189.2089212502638,0.0012419658259790695,190.07577112574626,0.001761149388361802,190.1743329313277
holdout,2024-05-17,2024-05-20,189.8699951171875,191.0399932861328,0.006162101432736655,0.0,189.8699951171875,-0.002824435868009159,189.33371949271978,0.0012419658259790695,190.10580716250186,0.001626428566370574,190.17880510114273
holdout,2024-05-20,2024-05-21,191.0399932861328,192.35000610351562,0.006857270013722827,0.0,191.0399932861328,-0.003280028246020916,190.41337671203465,0.0012419658259790695,191.27725842918946,0.0016744500011972518,191.35988020311947
holdout,2024-05-21,2024-05-22,192.35000610351562,190.89999389648438,-0.0075384047882530725,0.0,192.35000610351562,-0.004479981675518338,191.48828160088604,0.0012419658259790695,192.58889823772304,0.0016243578815381971,192.66245135194382
holdout,2024-05-22,2024-05-23,190.89999389648438,186.8800048828125,-0.021058088749084547,0.0,190.89999389648438,-0.003946487198961941,190.14660951429,0.0012419658259790695,191.13708516508342,0.0013107800204687412,191.1502217943915
holdout,2024-05-23,2024-05-24,186.8800048828125,189.97999572753906,0.016588135507972,0.0,186.8800048828125,-0.0022477629542139227,186.4599429309536,0.0012419658259790695,187.11210346243575,0.0009258378029014378,187.0530254559394
holdout,2024-05-24,2024-05-28,189.97999572753906,189.99000549316406,5.268852431883353e-05,0.0,189.97999572753906,-0.0031473963499038505,189.38205338243148,0.0012419658259790695,190.2159443898523,0.0012885857326425626,190.22480123952107
holdout,2024-05-28,2024-05-29,189.99000549316406,190.2899932861328,0.0015789661787211084,0.0,189.99000549316406,-0.003817862647019201,189.26464974788473,0.0012419658259790695,190.22596658726414,0.0011695964104360607,190.2122171216076
holdout,2024-05-29,2024-05-30,190.2899932861328,191.2899932861328,0.005255137081729533,0.0,190.2899932861328,-0.004579475028022218,189.41856501379644,0.0012419658259790695,190.52632695481998,0.0011917238986175005,190.51676641879965
holdout,2024-05-30,2024-05-31,191.2899932861328,192.25,0.005018593484036549,0.0,191.2899932861328,-0.002471383697813793,190.81724231517057,0.0012419658259790695,191.52756892064593,0.0013868591334052624,191.5552855604507
holdout,2024-05-31,2024-06-03,192.25,194.02999877929688,0.009258771283728873,0.0,192.25,-0.0042953091127467605,191.42422682307443,0.0012419658259790695,192.48876793004447,0.0014019551620430603,192.51952587990277
holdout,2024-06-03,2024-06-04,194.02999877929688,194.35000610351562,0.0016492672588364066,0.0,194.02999877929688,-0.003238416592438819,193.40164881181911,0.0012419658259790695,194.2709774069955,0.0016118551916490603,194.34274704016494
holdout,2024-06-04,2024-06-05,194.35000610351562,195.8699951171875,0.007820884826019947,0.0,194.35000610351562,-0.002948076728802419,193.77704737327926,0.0012419658259790695,194.591382169375,0.00157764026503812,194.65662049865492
holdout,2024-06-05,2024-06-06,195.8699951171875,194.47999572753906,-0.007096540686677422,0.0,195.8699951171875,-0.0018348417833290403,195.51060466604602,0.0012419658259790695,196.11325895745773,0.0014877577940765202,196.16140222904883
holdout,2024-06-06,2024-06-07,194.47999572753906,196.88999938964844,0.012392038847459208,0.0,194.47999572753906,-0.0023700265001915144,194.01907298390768,0.0012419658259790695,194.7215332360692,0.001467731046024982,194.76544005509916
holdout,2024-06-07,2024-06-10,196.88999938964844,193.1199951171875,-0.019147769232301326,0.0,196.88999938964844,-0.003051318434758071,196.28922530489132,0.0012419658259790695,197.13453004036742,0.001640454149868862,197.21298840621486
holdout,2024-06-10,2024-06-11,193.1199951171875,207.14999389648438,0.07264912559045644,0.0,193.1199951171875,-0.003229377891270389,192.4963376745938,0.0012419658259790695,193.35984355143628,0.0009590268494942465,193.3052023776791
holdout,2024-06-11,2024-06-12,207.14999389648438,213.07000732421875,0.02857839054869915,0.0,207.14999389648438,-0.0014260079124729917,206.85459636611927,0.0012419658259790695,207.40726710975557,0.00408071724925015,207.9953144497598
holdout,2024-06-12,2024-06-13,213.07000732421875,214.24000549316406,0.005491144359726752,0.0,213.07000732421875,-0.002553594487276475,212.52591292811167,0.0012419658259790695,213.33463299185652,0.001052350839432748,213.2942317252843
holdout,2024-06-13,2024-06-14,214.24000549316406,212.49000549316406,-0.008168409051202308,0.0,214.24000549316406,-0.005684995270106038,213.02205207526794,0.0012419658259790695,214.50608425854412,0.001619880837551973,214.5870487726995
holdout,2024-06-14,2024-06-17,212.49000549316406,216.6699981689453,0.019671478976528656,0.0,212.49000549316406,-0.00016058831590250395,212.4558820810358,0.0012419658259790695,212.75391081834866,0.0023122153694534434,212.9813281497206
holdout,2024-06-17,2024-06-18,216.6699981689453,214.2899932861328,-0.010984469021671939,0.0,216.6699981689453,-0.002793325144105093,216.06476841508677,0.0012419658259790695,216.93909490218607,-3.478609200720896e-05,216.6624610664538
holdout,2024-06-18,2024-06-20,214.2899932861328,209.67999267578125,-0.021512906597537684,0.0,214.2899932861328,-0.003919326018596453,213.45012093992162,0.0012419658259790695,214.55613413464346,0.001370939388185456,214.5837718784228
holdout,2024-06-20,2024-06-21,209.67999267578125,207.49000549316406,-0.010444426073609514,0.0,209.67999267578125,-0.0044933085401497215,208.73783577399263,0.0012419658259790695,209.9404080610761,0.0010808694650041941,209.9066293772868
holdout,2024-06-21,2024-06-24,207.49000549316406,208.13999938964844,0.00313265159417897,0.0,207.49000549316406,-0.0023031904975869713,207.01211648416793,0.0012419658259790695,207.74770098921877,0.0004478896856091022,207.58293812649143
holdout,2024-06-24,2024-06-25,208.13999938964844,209.07000732421875,0.004468184574312861,0.0,208.13999938964844,-0.005179785021127065,207.06187893851254,0.0012419658259790695,208.39850215590968,-0.00022486926699565577,208.09319510055323
holdout,2024-06-25,2024-06-26,209.07000732421875,213.25,0.01999326794540668,0.0,209.07000732421875,-0.007193727621790012,207.56601463764267,0.0012419658259790695,209.32966512855262,0.0009976178596900072,209.2785792974509
holdout,2024-06-26,2024-06-27,213.25,214.10000610351562,0.003985960626099017,0.0,213.25,-0.0049816020609562885,212.18767336050107,0.0012419658259790695,213.51484921239003,0.001581038495879449,213.5871564592463
holdout,2024-06-27,2024-06-28,214.10000610351562,210.6199951171875,-0.016254137725925877,0.0,214.10000610351562,-0.0039361807324837916,213.2572697846663,0.0012419658259790695,214.36591099443808,0.0011309830288146231,214.3421495768878
holdout,2024-06-28,2024-07-01,210.6199951171875,216.75,0.029104572333703782,0.0,210.6199951171875,-0.00328154674966488,209.92883575679627,0.0012419658259790695,210.88157795339092,0.0011768515874331729,210.8678635927863
holdout,2024-07-01,2024-07-02,216.75,220.27000427246094,0.016239927439266166,0.0,216.75,-0.0029362594760690137,216.11356575856203,0.0012419658259790695,217.01919609278096,0.001661444907183403,217.110118183632
holdout,2024-07-02,2024-07-03,220.27000427246094,221.5500030517578,0.0058110444203451905,0.0,220.27000427246094,-0.002863747083438468,219.6392066901567,0.0012419658259790695,220.5435720902556,0.0014739447125247816,220.59467008058613
holdout,2024-07-03,2024-07-05,221.5500030517578,226.33999633789062,0.021620371113304726,0.0,221.5500030517578,-0.003968580335362827,220.67076406634703,0.0012419658259790695,221.82516058429366,0.00149602328512401,221.88144701514253
holdout,2024-07-05,2024-07-08,226.33999633789062,227.82000732421875,0.006538884025246272,0.0,226.33999633789062,-0.0025954741005947773,225.7525367394669,0.0012419658259790695,226.6211028783945,0.0016757743448722626,226.71929109697214
holdout,2024-07-08,2024-07-09,227.82000732421875,228.67999267578125,0.00377484559702701,0.0,227.82000732421875,-0.005343054705112239,226.6027525621664,0.0012419658259790695,228.1029519877897,0.0014164732256667645,228.1427082648647
holdout,2024-07-09,2024-07-10,228.67999267578125,232.97999572753906,0.018803582252402418,0.0,228.67999267578125,-0.005692349154292018,227.37826631286975,0.0012419658259790695,228.9640054117697,0.0017815603173168858,229.08739987609673
holdout,2024-07-10,2024-07-11,232.97999572753906,227.57000732421875,-0.023220827978926883,0.0,232.97999572753906,-0.00570693040227192,231.6503951068004,0.0012419658259790695,233.2693489203694,0.0016791388901078778,233.37120149898234
holdout,2024-07-11,2024-07-12,227.57000732421875,230.5399932861328,0.013050867277438316,0.0,227.57000732421875,-0.004525061527580256,226.54023903924477,0.0012419658259790695,227.85264149633323,0.0009996342778534862,227.7974941041514
holdout,2024-07-12,2024-07-15,230.5399932861328,234.39999389648438,0.01674330147811176,0.0,230.5399932861328,-0.004359537428308335,229.53494555667996,0.0012419658259790695,230.82631607931563,0.0014616207564353283,230.87695532550828
holdout,2024-07-15,2024-07-16,234.39999389648438,234.82000732421875,0.0017918662059346335,0.0,234.39999389648438,-0.00464435389147202,233.31135737267022,0.0012419658259790695,234.6911106785135,0.0016443886558569671,234.78543858738072
holdout,2024-07-16,2024-07-17,234.82000732421875,228.8800048828125,-0.025295980990260425,0.0,234.82000732421875,-0.006265641832461649,233.34870926322915,0.0012419658259790695,235.11164574857156,0.001206733713280928,235.10337254360974
holdout,2024-07-17,2024-07-18,228.8800048828125,224.17999267578125,-0.020534830945314275,0.0,228.8800048828125,-0.0032149765441894045,228.1441610356803,0.0012419658259790695,229.16426602712687,0.0011273286947651397,229.13802787997486
holdout,2024-07-18,2024-07-19,224.17999267578125,224.30999755859375,0.0005799129586043783,0.0,224.17999267578125,-0.0021871791621626553,223.68967086722702,0.0012419658259790695,224.4584165655528,0.0009135548510667759,224.38479339560234
holdout,2024-07-19,2024-07-22,224.30999755859375,223.9600067138672,-0.0015602998017738567,0.0,224.30999755859375,-0.0024719326603476715,223.75551834958617,0.0012419658259790695,224.58858290998697,0.0006855821674940155,224.46378049291056
holdout,2024-07-22,2024-07-23,223.9600067138672,225.00999450683594,0.004688282557118395,0.0,223.9600067138672,-0.005053168161105254,222.82829913857975,0.0012419658259790695,224.23815738859184,0.0008716413576922681,224.15521951818806
holdout,2024-07-23,2024-07-24,225.00999450683594,218.5399932861328,-0.02875428371474653,0.0,225.00999450683594,-0.004689991793227535,223.95469947920472,0.0012419658259790695,225.28944923051716,0.0008827086331461997,225.2086127715313
holdout,2024-07-24,2024-07-25,218.5399932861328,217.49000549316406,-0.004804556718339459,0.0,218.5399932861328,-0.0032279001590384345,217.83456800704826,0.0012419658259790695,218.81141248940386,0.0008958633855692662,218.73577526440042
holdout,2024-07-25,2024-07-26,217.49000549316406,217.9600067138672,0.002161024455525684,0.0,217.49000549316406,-0.004659360380331861,216.47664117845105,0.0012419658259790695,217.76012064747857,0.0012718713728669527,217.7666248050355
holdout,2024-07-26,2024-07-29,217.9600067138672,218.24000549316406,0.0012846337432190769,0.0,217.9600067138672,-0.004483045971322479,216.9828819838592,0.0012419658259790695,218.23070559363597,0.0005766560519933831,218.08569467083123
holdout,2024-07-29,2024-07-30,218.24000549316406,218.8000030517578,0.0025659711533103646,0.0,218.24000549316406,-0.006202704610909946,216.8863272048066,0.0012419658259790695,218.51105212184805,0.0002853734110689331,218.30228538796334
holdout,2024-07-30,2024-07-31,218.8000030517578,222.0800018310547,0.014990853444005525,0.0,218.8000030517578,-0.004496933591471684,217.81607396822028,0.0012419658259790695,219.0717451782722,0.0002087115741538147,218.8456691448196
holdout,2024-07-31,2024-08-01,222.0800018310547,218.36000061035156,-0.016750725819666967,0.0,222.0800018310547,-0.0065423439005382455,220.62707808564377,0.0012419658259790695,222.3558176039622,0.0010400984313362674,222.31098689259034
holdout,2024-08-01,2024-08-02,218.36000061035156,219.86000061035156,0.006869389978967133,0.0,218.36000061035156,-0.007344442823482282,216.7562680709333,0.0012419658259790695,218.63119626887038,3.645027782295919e-05,218.36795989303923
holdout,2024-08-02,2024-08-05,219.86000061035156,209.27000427246094,-0.0481669985831521,0.0,219.86000061035156,-0.006621787217070017,218.40413446876494,0.0012419658259790695,220.13305921760934,0.00042801581830089,219.95410416842446
holdout,2024-08-05,2024-08-06,209.27000427246094,207.22999572753906,-0.009748212850733573,0.0,209.27000427246094,-0.004358647435712442,208.35787010496725,0.0012419658259790695,209.5299104661698,0.0002988841381452929,209.33255175732756
holdout,2024-08-06,2024-08-07,207.22999572753906,209.82000732421875,0.01249824663455068,0.0,207.22999572753906,-0.00454909274451693,206.28728725752862,0.0012419658259790695,207.48736830035045,0.0010917720648925958,207.45624364788222
holdout,2024-08-07,2024-08-08,209.82000732421875,213.30999755859375,0.016633257613904107,0.0,209.82000732421875,-0.005912659131511422,208.57941314193943,0.0012419658259790695,210.0805966029221,0.0011348873303909928,210.05812939219354
holdout,2024-08-08,2024-08-09,213.30999755859375,216.24000549316406,0.013735914716165532,0.0,213.30999755859375,-0.00934363016514681,211.31690783087788,-0.0013722367253427073,213.01728574606108,-0.0021138675117461647,212.85908848482399
holdout,2024-08-09,2024-08-12,216.24000549316406,217.52999877929688,0.005965562584919537,0.0,216.24000549316406,-0.0068229121138764105,214.76461894018004,0.0012419658259790695,216.5085681901961,0.000719699460402924,216.395633308435
holdout,2024-08-12,2024-08-13,217.52999877929688,221.27000427246094,0.017193056195245138,0.0,217.52999877929688,-0.0074518876837938244,215.90898966053774,0.0012419658259790695,217.80016360390601,0.0008393909808998656,217.7125914983474
holdout,2024-08-13,2024-08-14,221.27000427246094,221.72000122070312,0.002033700635211577,0.0,221.27000427246094,-0.006175644828430228,219.90351931488897,0.0012419658259790695,221.54481405608158,0.0011924584682544924,221.53385956282636
holdout,2024-08-14,2024-08-15,221.72000122070312,224.72000122070312,0.01353057903429189,0.0,221.72000122070312,-0.004651479328427131,220.68867521832618,0.0012419658259790695,221.99536988515527,0.001161322688819684,221.97748968868584
holdout,2024-08-15,2024-08-16,224.72000122070312,226.0500030517578,0.0059184844421056315,0.0,224.72000122070312,-0.0036050622832245,223.9098716200162,0.0012419658259790695,224.9990957826332,0.0014277923894123648,225.04085472819477
holdout,2024-08-16,2024-08-19,226.0500030517578,225.88999938964844,-0.0007078241979617816,0.0,226.0500030517578,-0.0019849759162991715,225.60129923982072,0.0012419658259790695,226.33074943051054,0.0014208178170271857,226.3711789236328
holdout,2024-08-19,2024-08-20,225.88999938964844,226.50999450683594,0.0027446771387078517,0.0,225.88999938964844,-0.004943876915218021,224.77322703628735,0.0012419658259790695,226.1705470493208,0.0012635599341510957,226.1754249424026
holdout,2024-08-20,2024-08-21,226.50999450683594,226.39999389648438,-0.00048563247988708813,0.0,226.50999450683594,-0.004578007535923462,225.47303004502166,0.0012419658259790695,226.79131217925612,0.0015477295090525344,226.86057070942948
holdout,2024-08-21,2024-08-22,226.39999389648438,224.52999877929688,-0.008259695969967673,0.0,226.39999389648438,-0.005140821220699003,225.2361120034952,0.0012419658259790695,226.68117495190566,0.0013434089970545812,226.70414168521802
holdout,2024-08-22,2024-08-23,224.52999877929688,226.83999633789062,0.010288146667049025,0.0,224.52999877929688,-0.005077034301371455,223.3900522738075,0.0012419658259790695,224.80885736468787,0.0009863763866680138,224.75146986819138
holdout,2024-08-23,2024-08-26,226.83999633789062,227.17999267578125,0.0014988376978466444,0.0,226.83999633789062,-0.005194832193010561,225.66160062225217,0.0012419658259790695,227.1217238613075,0.0012955724807387214,227.13388399467684
holdout,2024-08-26,2024-08-27,227.17999267578125,228.02999877929688,0.0037415535298863656,0.0,227.17999267578125,-0.005586840700010651,225.91077424647207,0.0012419658259790695,227.46214246303074,0.0012217092320322767,227.4575405701663
holdout,2024-08-27,2024-08-28,228.02999877929688,226.49000549316406,-0.006753467940081581,0.0,228.02999877929688,-0.005493914583802575,226.7772214434588,0.0012419658259790695,228.3132042450788,0.0012464061492501776,228.31421677198887
holdout,2024-08-28,2024-08-29,226.49000549316406,229.7899932861328,0.014570125448949867,0.0,226.49000549316406,-0.004183514384332704,225.5424812972758,0.0012419658259790695,226.77129833991236,0.0011803808996975833,226.75734996962058
holdout,2024-08-29,2024-08-30,229.7899932861328,229.0,-0.0034378924636161434,0.0,229.7899932861328,-0.003932201132044689,228.88641281440053,0.0012419658259790695,230.07538460494615,0.0014822989657228567,230.1306107555143
holdout,2024-08-30,2024-09-03,229.0,222.77000427246094,-0.027205221517637823,0.0,229.0,-0.0036007804504749118,228.17542127684123,0.0012419658259790695,229.2844101741492,0.001200971016785435,229.27502236284388
holdout,2024-09-03,2024-09-04,222.77000427246094,220.85000610351562,-0.00861874638471094,0.0,222.77000427246094,-0.003263096393474886,222.04308427494507,0.0012419658259790695,223.04667700482054,0.0008778942025538768,222.9655727677146
holdout,2024-09-04,2024-09-05,220.85000610351562,222.3800048828125,0.006927773316790065,0.0,220.85000610351562,-0.0022681788876376253,220.349078782337,0.0012419658259790695,221.12429426376346,0.000988471178498507,221.06830996932015
holdout,2024-09-05,2024-09-06,222.3800048828125,220.82000732421875,-0.007015008203708928,0.0,222.3800048828125,-0.0042700536100845465,221.43043034015201,0.0012419658259790695,222.656193249258,0.0009153338552634597,222.5835568300154
holdout,2024-09-06,2024-09-09,220.82000732421875,220.91000366210938,0.00040755518026269755,0.0,220.82000732421875,-0.007301081590963954,219.20778243382736,0.0012419658259790695,221.09425822700786,0.0008408658988111071,221.00568733815288
holdout,2024-09-09,2024-09-10,220.91000366210938,220.11000061035156,-0.0036213980285901837,0.0,220.91000366210938,-0.0066152820444565635,219.44862168144257,0.0012419658259790695,221.1843663372746,0.0011059960868156035,221.15432926169808
holdout,2024-09-10,2024-09-11,220.11000061035156,222.66000366210938,0.011585130365211915,0.0,220.11000061035156,-0.007091125272785543,218.54917302223066,0.0012419658259790695,220.38336970906585,0.00044543396168332685,220.20804507992955
holdout,2024-09-11,2024-09-12,222.66000366210938,222.77000427246094,0.0004940295003250661,0.0,222.66000366210938,-0.007035556884562857,221.09346654042764,0.0012419658259790695,222.93653977747007,0.0008945197795227627,222.85917743949372
holdout,2024-09-12,2024-09-13,222.77000427246094,222.5,-0.001212031545013148,0.0,222.77000427246094,-0.007187263365582518,221.1688975818028,0.0012419658259790695,223.04667700482054,0.0009287099825073761,222.97689299923195
holdout,2024-09-13,2024-09-16,222.5,216.32000732421875,-0.027775247981039364,0.0,222.5,-0.006164795732750694,221.128332949463,0.0012419658259790695,222.77633739628033,0.0010865267507895375,222.7417522020507
holdout,2024-09-16,2024-09-17,216.32000732421875,216.7899932861328,0.0021726421320320544,0.0,216.32000732421875,-0.005800164372438094,215.06531572469126,0.0012419658259790695,216.58866938079095,2.044879104644202e-05,216.3244308068477
holdout,2024-09-17,2024-09-18,216.7899932861328,220.69000244140625,0.017989802463465043,0.0,216.7899932861328,-0.006933537817117306,215.2868716693108,0.0012419658259790695,217.0592390492084,0.00015950692068993598,216.82457279039826
holdout,2024-09-18,2024-09-19,220.69000244140625,228.8699951171875,0.03706553348719566,0.0,220.69000244140625,-0.006661723975100477,219.21982656107735,0.0012419658259790695,220.9640918825737,0.0009319052785778575,220.89566461961076
holdout,2024-09-19,2024-09-20,228.8699951171875,228.1999969482422,-0.002927418111763669,0.0,228.8699951171875,-0.005428450989637738,227.62758556569523,0.0012419658259790695,229.15424382971503,0.001204775245800106,229.1457320218111
holdout,2024-09-20,2024-09-23,228.1999969482422,226.47000122070312,-0.007581050616453089,0.0,228.1999969482422,-0.004618458354692583,227.14606476579576,0.0012419658259790695,228.4834135459404,0.0011874597566252714,228.47097526108024
holdout,2024-09-23,2024-09-24,226.47000122070312,227.3699951171875,0.0039740093241191765,0.0,226.47000122070312,-0.004906013198429425,225.35893640566601,0.0012419658259790695,226.75126922282865,0.0011544400185128677,226.73144725310496
holdout,2024-09-24,2024-09-25,227.3699951171875,226.3699951171875,-0.004398117700115112,0.0,227.3699951171875,-0.003028591338829286,226.68138431926593,0.0012419658259790695,227.65238088097607,0.0010436278318212012,227.60728477221284
holdout,2024-09-25,2024-09-26,226.3699951171875,227.52000427246094,0.005080219022305155,0.0,226.3699951171875,-0.004272712712610023,225.40278116129684,0.0012419658259790695,226.65113891515009,0.0009931131084517312,226.59480612669853
holdout,2024-09-26,2024-09-27,227.52000427246094,227.7899932861328,0.0011866605511687833,0.0,227.52000427246094,-0.004429797312691363,226.51213676895128,0.0012419658259790695,227.80257634249392,0.001007683343036625,227.7492723909739
holdout,2024-09-27,2024-09-30,227.7899932861328,233.0,0.02287197360475246,0.0,227.7899932861328,-0.0037711400754300967,226.93096531366953,0.0012419658259790695,228.07290067329419,0.0009536373376198148,228.00722232886662
holdout,2024-09-30,2024-10-01,233.0,226.2100067138672,-0.029141602086406926,0.0,233.0,-0.0039941350744016335,232.0693665276644,0.0012419658259790695,233.2893780374531,0.0012718663167195145,233.29634485179565
holdout,2024-10-01,2024-10-02,226.2100067138672,226.77999877929688,0.002519747352073054,0.0,226.2100067138672,-0.005369163950287996,224.99544810062469,0.0012419658259790695,226.49095181170028,0.0007837416921740009,226.38729692731582
holdout,2024-10-02,2024-10-03,226.77999877929688,225.6699981689453,-0.004894614235498862,0.0,226.77999877929688,-0.004170017605288163,225.83432219186,0.0012419658259790695,227.06165178779634,0.0009453743610725997,226.9943907757469
holdout,2024-10-03,2024-10-04,225.6699981689453,226.8000030517578,0.005007333238716605,0.0,225.6699981689453,-0.001796498340869035,225.2645823916509,0.0012419658259790695,225.9502725946199,0.0008662428332596767,225.86548318754092
holdout,2024-10-04,2024-10-07,226.8000030517578,221.69000244140625,-0.022530866585506182,0.0,226.8000030517578,-0.004887096985546685,225.6916094405216,0.0012419658259790695,227.08168090488005,0.0007367134310729777,226.96708966017343
holdout,2024-10-07,2024-10-08,221.69000244140625,225.77000427246094,0.01840408582309916,0.0,221.69000244140625,-0.004890867446505645,220.6057460252498,0.0012419658259790695,221.9653338483997,0.0008488860502344414,221.87819199195522
holdout,2024-10-08,2024-10-09,225.77000427246094,229.5399932861328,0.016698360908574017,0.0,225.77000427246094,-0.004827492366535631,224.6801013002429,0.0012419658259790695,226.05040290229846,0.0008383197288351213,225.9592717212217
holdout,2024-10-09,2024-10-10,229.5399932861328,229.0399932861328,-0.0021782696463562568,0.0,229.5399932861328,-0.00347340991829596,228.74270679680717,0.0012419658259790695,229.82507411348965,0.0007429802601698826,229.71053697006394
holdout,2024-10-10,2024-10-11,229.0399932861328,227.5500030517578,-0.006505371454991304,0.0,229.0399932861328,-0.005578866686577151,227.76220969769494,0.0012419658259790695,229.32445313057664,0.0006196646634498859,229.18192127648905
holdout,2024-10-11,2024-10-14,227.5500030517578,231.3000030517578,0.01647989430765695,0.0,227.5500030517578,-0.002811271099903408,226.91029830439547,0.0012419658259790695,227.83261237924953,0.000845889400516938,227.7424851874269
holdout,2024-10-14,2024-10-15,231.3000030517578,233.85000610351562,0.011024656368842312,0.0,231.3000030517578,-0.0018765322420674167,230.8659611384409,0.0012419658259790695,231.58726975109693,0.0015902422207118155,231.6678260822615
holdout,2024-10-15,2024-10-16,233.85000610351562,231.77999877929688,-0.008851859184055066,0.0,233.85000610351562,-0.003324858319386144,233.07248796523385,0.0012419658259790695,234.14043981950118,0.0016411169610429724,234.23378131487212
holdout,2024-10-16,2024-10-17,231.77999877929688,232.14999389648438,0.001596320300009113,0.0,231.77999877929688,-0.004480652964871474,230.7414730405685,0.0012419658259790695,232.06786161692622,0.0014220824649080403,232.10960905127732
holdout,2024-10-17,2024-10-18,232.14999389648438,235.0,0.01227657195109133,0.0,232.14999389648438,-0.002585262264755418,231.5498252775006,0.0012419658259790695,232.43831625540506,0.0010505745537552793,232.39388477272647
holdout,2024-10-18,2024-10-21,235.0,236.47999572753906,0.006297854159740712,0.0,235.0,-0.0021955560910899632,234.48404431859385,0.0012419658259790695,235.29186196910507,0.0013052160942931765,235.3067257821589
holdout,2024-10-21,2024-10-22,236.47999572753906,235.86000061035156,-0.002621765597043635,0.0,236.47999572753906,-0.004998509214341279,235.29794828988756,0.0012419658259790695,236.77369580076032,0.0015238296251883878,236.84035095079312
holdout,2024-10-22,2024-10-23,235.86000061035156,230.75999450683594,-0.021623022514703605,0.0,235.86000061035156,-0.004339424846536877,234.83650386339878,0.0012419658259790695,236.15293067082501,0.0015565119631181365,236.22711952292264
holdout,2024-10-23,2024-10-24,230.75999450683594,230.57000732421875,-0.0008233107433687215,0.0,230.75999450683594,-0.004004588696794827,229.83589564116141,0.0012419658259790695,231.04659053401653,0.0008138092634855398,230.94778912800746
holdout,2024-10-24,2024-10-25,230.57000732421875,231.41000366210938,0.0036431292501519774,0.0,230.57000732421875,-0.004342021180832019,229.5688674687524,0.0012419658259790695,230.85636739381115,0.0009677828246278841,230.79314901718146
holdout,2024-10-25,2024-10-28,231.41000366210938,233.39999389648438,0.008599413175243154,0.0,231.41000366210938,-0.005764061518837477,230.07614216492658,0.0012419658259790695,231.6974069784474,0.0009632505216736214,231.6329094688574
holdout,2024-10-28,2024-10-29,233.39999389648438,233.6699981689453,0.0011568306749001334,0.0,233.39999389648438,-0.005290177776733804,232.16526643568338,0.0012419658259790695,233.6898687126875,0.0009038390254369165,233.61094991950478
holdout,2024-10-29,2024-10-30,233.6699981689453,230.10000610351562,-0.015277922255336196,0.0,233.6699981689453,-0.0036521999680759437,232.81658860909238,0.0012419658259790695,233.96020832122773,0.0010658082706416507,233.91904558559457
holdout,2024-10-30,2024-10-31,230.10000610351562,225.91000366210938,-0.01820948426885871,0.0,230.10000610351562,-0.005297354528078703,228.88108479427223,0.0012419658259790695,230.38578244765375,0.0009477897768449787,230.31809253695252
holdout,2024-10-31,2024-11-01,225.91000366210938,222.91000366210938,-0.013279624414008095,0.0,225.91000366210938,-0.005582226531038568,224.64892284603974,0.0012419658259790695,226.1905761664045,0.0009556716581389415,226.12589944989932
holdout,2024-11-01,2024-11-04,222.91000366210938,222.00999450683594,-0.004037544930633463,0.0,222.91000366210938,-0.00565326413137833,221.64983453388095,0.0012419658259790695,223.18685026892658,0.0007694952642252021,223.0815318542758
holdout,2024-11-04,2024-11-05,222.00999450683594,223.4499969482422,0.006486205472888695,0.0,222.00999450683594,-0.006695228066746281,220.5235869605156,0.0012419658259790695,222.28572333303921,0.00011532206484835198,222.03559715781947
holdout,2024-11-05,2024-11-06,223.4499969482422,222.72000122070312,-0.0032669310248778505,0.0,223.4499969482422,-0.007114309764629996,221.86030445304675,0.0012419658259790695,223.72751420826702,-7.744602116378233e-06,223.4482664169229
holdout,2024-11-06,2024-11-07,222.72000122070312,227.47999572753906,0.02137210165565251,0.0,222.72000122070312,-0.00814157965020131,220.90670859107183,0.0012419658259790695,222.99661185098125,4.93199515294369e-05,222.73098576036796
holdout,2024-11-07,2024-11-08,227.47999572753906,226.9600067138672,-0.0022858669924307184,0.0,227.47999572753906,-0.0069852937408210174,225.8909811372215,0.0012419658259790695,227.76251810832653,0.0003689731574617546,227.56392973982202
holdout,2024-11-08,2024-11-11,226.9600067138672,224.22999572753906,-0.01202859933719469,0.0,226.9600067138672,-0.006801896315440455,225.41624828044777,0.0012419658259790695,227.2418832860698,0.0001057678725807162,226.9840117909382
holdout,2024-11-11,2024-11-12,224.22999572753906,224.22999572753906,0.0,0.0,224.22999572753906,-0.006414812998708535,222.7916022362457,0.0012419658259790695,224.50848171939208,0.00026062582943371036,224.28843585615948
holdout,2024-11-12,2024-11-13,224.22999572753906,225.1199951171875,0.003969136184303723,0.0,224.22999572753906,-0.004324276290980759,223.26036327328774,0.0012419658259790695,224.50848171939208,0.00047531920948000917,224.33657655184996
holdout,2024-11-13,2024-11-14,225.1199951171875,228.22000122070312,0.013770460957508002,0.0,225.1199951171875,-0.005895325388596785,223.79283949449234,0.0012419658259790695,225.3995864578676,0.0011942302183015996,225.38884021810037
holdout,2024-11-14,2024-11-15,228.22000122070312,225.0,-0.014109198157391867,0.0,228.22000122070312,-0.006785314969397325,226.67145663010442,0.0012419658259790695,228.50344266302412,0.000963707863468084,228.4399386304802
holdout,2024-11-15,2024-11-18,225.0,228.02000427246094,0.013422241210937491,0.0,225.0,-0.0073752008325367775,223.34057981267924,0.0012419658259790695,225.27944231084527,0.00017835607641627452,225.04013011719368
holdout,2024-11-18,2024-11-19,228.02000427246094,228.27999877929688,0.0011402267431117608,0.0,228.02000427246094,-0.006128202840726843,226.6226514345359,0.0012419658259790695,228.30319732540693,0.0008704742636603279,228.2184898177798
holdout,2024-11-19,2024-11-20,228.27999877929688,229.0,0.0031540267415159917,0.0,228.27999877929688,-0.005496568229234515,227.0252421906369,0.0012419658259790695,228.5635147365353,0.0009177823215697452,228.4895101265445
holdout,2024-11-20,2024-11-21,229.0,228.52000427246094,-0.002096051211960992,0.0,229.0,-0.006570156959552908,227.49543405626238,0.0012419658259790695,229.2844101741492,0.0008111593031859553,229.18575548042958
holdout,2024-11-21,2024-11-22,228.52000427246094,229.8699951171875,0.005907539031537068,0.0,228.52000427246094,-0.004251779000339649,227.54838771713776,0.0012419658259790695,228.8038183083199,0.0009963232126107906,228.74768405726354
holdout,2024-11-22,2024-11-25,229.8699951171875,232.8699951171875,0.013050855108212911,0.0,229.8699951171875,-0.004791854009116381,228.76849165950964,0.0012419658259790695,230.155485795541,0.0010118302182991889,230.10258452452734
holdout,2024-11-25,2024-11-26,232.8699951171875,235.05999755859375,0.009404399395912533,0.0,232.8699951171875,-0.003595818827841851,232.03263680430567,0.0012419658259790695,233.15921169301896,0.0014155701550270226,233.19963893227666
holdout,2024-11-26,2024-11-27,235.05999755859375,234.92999267578125,-0.000553071063399857,0.0,235.05999755859375,-0.003493790843525218,234.23874709144448,0.0012419658259790695,235.35193404261622,0.0017291532958252165,235.46645232808888
holdout,2024-11-27,2024-11-29,234.92999267578125,237.3300018310547,0.01021584825308186,0.0,234.92999267578125,-0.0027385629769860714,234.28662209565576,0.0012419658259790695,235.22176769818208,0.0014882703404978774,235.27963201597402
holdout,2024-11-29,2024-12-02,237.3300018310547,239.58999633789062,0.009522582435425697,0.0,237.3300018310547,-0.002237631184133802,236.798944818027,0.0012419658259790695,237.6247575828084,0.001596148372297034,237.70881572717457
holdout,2024-12-02,2024-12-03,239.58999633789062,242.64999389648438,0.01277180852859261,0.0,239.58999633789062,-0.003665777728622435,238.71171266531445,0.0012419658259790695,239.88755892558873,0.0016965377877513118,239.99646982024507
holdout,2024-12-03,2024-12-04,242.64999389648438,243.00999450683594,0.0014836209330593153,0.0,242.64999389648438,-0.0040925120355534955,241.65694587603602,0.0012419658259790695,242.95135689657783,0.0017544048426428587,243.0757002208436
holdout,2024-12-04,2024-12-05,243.00999450683594,243.0399932861328,0.00012344668933361724,0.0,243.00999450683594,-0.003975121557711913,242.04400023893234,0.0012419658259790695,243.31180461538477,0.0017048432774720134,243.42428846232943
holdout,2024-12-05,2024-12-06,243.0399932861328,242.83999633789062,-0.0008228972752098995,0.0,243.0399932861328,-0.004343939870878529,241.98424216907912,0.0012419658259790695,243.34184065214035,0.0017508186844633778,243.46551224745005
holdout,2024-12-06,2024-12-09,242.83999633789062,246.75,0.01610115187396466,0.0,242.83999633789062,-0.004709028324281283,241.69645591686714,0.0012419658259790695,243.14159531452316,0.001542138767278698,243.2144893104891
holdout,2024-12-09,2024-12-10,246.75,247.77000427246094,0.004133755916761572,0.0,246.75,-0.0051396744002459565,245.4817853417393,0.0012419658259790695,247.05645506756034,0.0017179119871522344,247.17389478282982
holdout,2024-12-10,2024-12-11,247.77000427246094,246.49000549316406,-0.005166076430661581,0.0,247.77000427246094,-0.005267366093284029,246.46490895302333,0.0012419658259790695,248.07772615047,0.0016050464150718232,248.1676866295808
holdout,2024-12-11,2024-12-12,246.49000549316406,247.9600067138672,0.005963735599591624,0.0,246.49000549316406,-0.005206878854432962,245.20656189573265,0.0012419658259790695,246.79613765643197,0.001487553455427478,246.85667255256377
holdout,2024-12-12,2024-12-13,247.9600067138672,248.1300048828125,0.0006855870476785153,0.0,247.9600067138672,-0.004536040866677207,246.83524999011152,0.0012419658259790695,248.26796456841535,0.001508660846559992,248.33409426750916
holdout,2024-12-13,2024-12-16,248.1300048828125,251.0399932861328,0.011727676403724852,0.0,248.1300048828125,-0.0051707789268232995,246.8469794824519,0.0012419658259790695,248.43817386927697,0.0014489704745642628,248.48953793374116
holdout,2024-12-16,2024-12-17,251.0399932861328,253.47999572753906,0.009719576588042456,0.0,251.0399932861328,-0.005520775526021935,249.65405783514603,0.0012419658259790695,251.35177637874818,0.0016593023461507217,251.45654453597012
holdout,2024-12-17,2024-12-18,253.47999572753906,248.0500030517578,-0.021421779893107784,0.0,253.47999572753906,-0.004696655253920011,252.28948757384168,0.0012419658259790695,253.79480921980198,0.0015900397591238952,253.88303899888842
holdout,2024-12-18,2024-12-19,248.0500030517578,249.7899932861328,0.007014675319362729,0.0,248.0500030517578,-0.004403983498288744,246.9575949315674,0.0012419658259790695,248.35807267868208,0.001190217045663703,248.34523639356695
holdout,2024-12-19,2024-12-20,249.7899932861328,254.49000549316406,0.018815854651340613,0.0,249.7899932861328,-0.003704678188719453,248.8646017462453,0.0012419658259790695,250.10022392146573,0.0014139850257772351,250.1431925962284
holdout,2024-12-20,2024-12-23,254.49000549316406,255.27000427246094,0.0030649485734630666,0.0,254.49000549316406,-0.004209049603209534,253.41884443652225,0.0012419658259790695,254.80607338303977,0.0016023424418147776,254.89778562998345
holdout,2024-12-23,2024-12-24,255.27000427246094,258.20001220703125,0.011478073747524853,0.0,255.27000427246094,-0.005365531619704076,253.90034499297505,0.0012419658259790695,255.58704089416486,0.0013843439347639764,255.6233857546027
holdout,2024-12-24,2024-12-26,258.20001220703125,259.0199890136719,0.003175742710589624,0.0,258.20001220703125,-0.003601295991141685,257.2701575381573,0.0012419658259790695,258.52068779845973,0.0016491005241894112,258.6258099825076
holdout,2024-12-26,2024-12-27,259.0199890136719,255.58999633789062,-0.013242192962953925,0.0,259.0199890136719,-0.004412538274150359,257.8770533983791,0.0012419658259790695,259.34168298827234,0.0016766173172931699,259.45426641277726
holdout,2024-12-27,2024-12-30,255.58999633789062,252.1999969482422,-0.013263427513676485,0.0,255.58999633789062,-0.0047326170237999305,254.38038677010897,0.0012419658259790695,255.90743037880438,0.0013887357022033247,255.94494329093106
holdout,2024-12-30,2024-12-31,252.1999969482422,250.4199981689453,-0.007057885808230857,0.0,252.1999969482422,-0.00443521624766729,251.0814354241157,0.0012419658259790695,252.51322072576392,0.0010995680517548654,252.47730800753916
holdout,2024-12-31,2025-01-02,250.4199981689453,243.85000610351562,-0.026235892155055618,0.0,250.4199981689453,-0.004420063811876684,249.31312579726853,0.0012419658259790695,250.73101124881288,0.0009758453325423405,250.66436935533375
holdout,2025-01-02,2025-01-03,243.85000610351562,243.36000061035156,-0.0020094545044057055,0.0,243.85000610351562,-0.006119386186498467,242.3577937445882,0.0012419658259790695,244.15285947776096,0.0008037369395855958,244.04599736113923
holdout,2025-01-03,2025-01-06,243.36000061035156,245.0,0.006738984983297502,0.0,243.36000061035156,-0.007978959930173921,241.41824091687445,0.0012419658259790695,243.66224541451984,0.0005439580800053527,243.49237824903366
holdout,2025-01-06,2025-01-07,245.0,242.2100067138672,-0.011387727698501271,0.0,245.0,-0.007724126017473604,243.10758912571896,0.0012419658259790695,245.30428162736487,0.0009143864340692748,245.22402467634697
holdout,2025-01-07,2025-01-08,242.2100067138672,242.6999969482422,0.0020229974847978394,0.0,242.2100067138672,-0.008704903267783023,240.1015920349339,0.0012419658259790695,242.51082326491596,0.0007613813681248137,242.39442090015254
holdout,2025-01-08,2025-01-10,242.6999969482422,236.85000610351562,-0.024103794471716178,0.0,242.6999969482422,-0.006916737092227924,241.02130487706668,0.0012419658259790695,243.00142205041712,0.0003552554339588397,242.7862174409798
holdout,2025-01-10,2025-01-13,236.85000610351562,234.39999389648438,-0.010344150913639716,0.0,236.85000610351562,-0.005849121887585278,235.46464154874084,0.0012419658259790695,237.1441657169791,0.001295286426667695,237.1567947015777
holdout,2025-01-13,2025-01-14,234.39999389648438,233.27999877929688,-0.004778136289893098,0.0,234.39999389648438,-0.005290172912905183,233.15997739798803,0.0012419658259790695,234.6911106785135,0.0014443514285138043,234.7385498625124
holdout,2025-01-14,2025-01-15,233.27999877929688,237.8699951171875,0.019675910330543056,0.0,233.27999877929688,-0.00495379191865832,232.12437820655938,0.0012419658259790695,233.56972456566518,0.002024146040485647,233.7521915651505
holdout,2025-01-15,2025-01-16,237.8699951171875,228.25999450683594,-0.040400222002010655,0.0,237.8699951171875,-0.006846505992768681,236.2414167701178,0.0012419658259790695,238.16542152214885,-0.00010773234908556528,237.84436882383656
holdout,2025-01-16,2025-01-17,228.25999450683594,229.97999572753906,0.007535272330218223,0.0,228.25999450683594,-0.005320214733502205,227.04560232099155,0.0012419658259790695,228.5434856194516,-0.0011256896669322085,228.0030445896456
holdout,2025-01-17,2025-01-21,229.97999572753906,222.63999938964844,-0.031915803436166845,0.0,229.97999572753906,-0.00620074727512932,228.55394789569726,0.0012419658259790695,230.26562302289148,0.0010398745838687221,230.21914607989436
holdout,2025-01-21,2025-01-22,222.63999938964844,223.8300018310547,0.00534496247156202,0.0,222.63999938964844,-0.0032669525081653376,221.9126450852245,0.0012419658259790695,222.91651066038636,0.00317905381871026,223.34778392990575
holdout,2025-01-22,2025-01-23,223.8300018310547,223.66000366210938,-0.0007594967946863429,0.0,223.8300018310547,-0.006208122912225587,222.44043766824382,-0.0013722367253427073,223.52285408230858,-0.0001299176422076081,223.80092236496148
holdout,2025-01-23,2025-01-24,223.66000366210938,222.77999877929688,-0.003934565270516388,0.0,223.66000366210938,-0.004498092111749634,222.65396036392295,0.0012419658259790695,223.93778174329606,-0.00044394240480785836,223.56071150222428
holdout,2025-01-24,2025-01-27,222.77999877929688,229.86000061035156,0.03178024001189028,0.0,222.77999877929688,-0.006938721558377334,221.23419039899167,0.0012419658259790695,223.0566839244924,-0.00039473099558194093,222.69206060858298
holdout,2025-01-27,2025-01-28,229.86000061035156,238.25999450683594,0.036543956643956044,0.0,229.86000061035156,-0.006355151358567335,228.3992055151924,0.0012419658259790695,230.14547887586914,-7.240059297090214e-05,229.8433586100071
holdout,2025-01-28,2025-01-29,238.25999450683594,239.36000061035156,0.004616830894303092,0.0,238.25999450683594,-0.009011582815668695,236.1128948346768,0.0012419658259790695,238.5559052777114,0.00027228914109524177,238.32487011609757
holdout,2025-01-29,2025-01-30,239.36000061035156,237.58999633789062,-0.0073947370820001135,0.0,239.36000061035156,-0.007696319793308776,237.51780949992772,0.0012419658259790695,239.65727755121594,0.0004785609842202226,239.4745489678266
holdout,2025-01-30,2025-01-31,237.58999633789062,236.0,-0.006692185539787565,0.0,237.58999633789062,-0.003985973862236652,236.64296882255888,0.0012419658259790695,237.88507499393677,0.0007813482831668601,237.77563687362687
holdout,2025-01-31,2025-02-03,236.0,228.00999450683594,-0.033855955479508704,0.0,236.0,-0.003950525476827492,235.0676759874687,0.0012419658259790695,236.29310393493105,0.0007741816990498607,236.18270688097576
holdout,2025-02-03,2025-02-04,228.00999450683594,232.8000030517578,0.021007888515072404,0.0,228.00999450683594,-0.004543912246248923,226.97393710052916,0.0012419658259790695,228.29317512799508,0.0010712748535316656,228.25425588030504
holdout,2025-02-04,2025-02-05,232.8000030517578,232.47000122070312,-0.0014175336199687694,0.0,232.8000030517578,-0.006832054959081452,231.20950063643386,0.0012419658259790695,233.08913269983591,0.0007727989365687818,232.9799106465494
holdout,2025-02-05,2025-02-06,232.47000122070312,233.22000122070312,0.00322622272147699,0.0,232.47000122070312,-0.006787585144663237,230.89209129383764,0.0012419658259790695,232.75872101778455,0.0002942245502168101,232.53839960225122
holdout,2025-02-06,2025-02-07,233.22000122070312,227.6300048828125,-0.023968769010513147,0.0,233.22000122070312,-0.008285144755448974,231.28773975072363,0.0012419658259790695,233.50965249215403,-0.0004537605042372376,233.114175195351
holdout,2025-02-07,2025-02-10,227.6300048828125,227.64999389648438,8.781361526644105e-05,0.0,227.6300048828125,-0.006179592631882053,226.2233441818434,0.0012419658259790695,227.91271356984439,0.0007261360772269423,227.79529524161728
holdout,2025-02-10,2025-02-11,227.64999389648438,232.6199951171875,0.021831765227118938,0.0,227.64999389648438,-0.006314701547951794,226.21245212763503,0.0012419658259790695,227.93272740918815,0.0009065702124143167,227.85637459980722
holdout,2025-02-11,2025-02-12,232.6199951171875,236.8699951171875,0.018270140526221557,0.0,232.6199951171875,-0.0039024022008127854,231.7122183362891,0.0012419658259790695,232.90890120156246,0.0008803922654086903,232.82479196166807
holdout,2025-02-12,2025-02-13,236.8699951171875,241.52999877929688,0.01967325435120615,0.0,236.8699951171875,-0.004749805370441413,235.74490874228346,0.0012419658259790695,237.16417955632286,0.0009212003058469203,237.08819982913542
holdout,2025-02-13,2025-02-14,241.52999877929688,244.60000610351562,0.012710666748373622,0.0,241.52999877929688,-0.0019831662081572473,241.05100464746153,0.0012419658259790695,241.82997078372952,0.001285053518157267,241.8403777539687
holdout,2025-02-14,2025-02-18,244.60000610351562,244.47000122070312,-0.0005314999164697243,0.0,244.60000610351562,-0.002757801916974347,243.92544773779142,0.0012419658259790695,244.90379095213046,0.0018122752172914558,245.0432886327264
holdout,2025-02-18,2025-02-19,244.47000122070312,244.8699951171875,0.001636167605379324,0.0,244.47000122070312,-0.004192020306476087,243.4451780112617,0.0012419658259790695,244.7736246076963,0.0016153098268339356,244.86489601604103
holdout,2025-02-19,2025-02-20,244.8699951171875,245.8300018310547,0.003920475080696484,0.0,244.8699951171875,-0.0033018122357896386,244.06148037113184,0.0012419658259790695,245.1741152829307,0.0017270187526221867,245.2928901907094
holdout,2025-02-20,2025-02-21,245.8300018310547,245.5500030517578,-0.001138993520771736,0.0,245.8300018310547,-0.0035041508518634337,244.96857642072482,0.0012419658259790695,246.1353142923292,0.001606396948578541,246.22490239586512
holdout,2025-02-21,2025-02-24,245.5500030517578,247.10000610351562,0.00631237235794746,0.0,245.5500030517578,-0.004607044184444731,244.41874333820783,0.0012419658259790695,245.85496776411713,0.0011834537788955087,245.8406001307772
holdout,2025-02-24,2025-02-25,247.10000610351562,247.0399932861328,-0.0002428685386501872,0.0,247.10000610351562,-0.006875384829152207,245.4010984702681,0.0012419658259790695,247.4068958666954,0.0013097437821756454,247.42364380008527
holdout,2025-02-25,2025-02-26,247.0399932861328,240.36000061035156,-0.027040126527384523,0.0,247.0399932861328,-0.007098830756373934,245.2862981837388,0.0012419658259790695,247.34680851544428,0.0012715102887223358,247.35410717932206
holdout,2025-02-26,2025-02-27,240.36000061035156,237.3000030517578,-0.012730893454915293,0.0,240.36000061035156,-0.005977971328181635,238.92313541826115,0.0012419658259790695,240.65851951704192,0.0008421560853147792,240.5624212475318
holdout,2025-02-27,2025-02-28,237.3000030517578,241.83999633789062,0.019131872009047424,0.0,237.3000030517578,-0.004573436501788208,236.21472655592646,0.0012419658259790695,237.59472154605282,0.000988810489144766,237.53464778384946
holdout,2025-02-28,2025-03-03,241.83999633789062,238.02999877929688,-0.01575420780800274,0.0,241.83999633789062,-0.004413712245089801,240.7725841847016,0.0012419658259790695,242.14035334869718,0.0008868555240409703,242.05447347457692
holdout,2025-03-03,2025-03-04,238.02999877929688,235.92999267578125,-0.00882244302938795,0.0,238.02999877929688,-0.005639764319673715,236.6875656851694,0.0012419658259790695,238.3256239033386,0.0005102501579687549,238.15145362377532
holdout,2025-03-04,2025-03-05,235.92999267578125,235.74000549316406,-0.0008052693108767661,0.0,235.92999267578125,-0.0048175954912200725,234.79337740682283,0.0012419658259790695,236.22300966400806,0.0007115911454641075,236.09787836951872
holdout,2025-03-05,2025-03-06,235.74000549316406,235.3300018310547,-0.0017392197020257294,0.0,235.74000549316406,-0.0034231630637631704,234.93302901370853,0.0012419658259790695,236.03278652380268,0.0009891087156178439,235.97317798721713
holdout,2025-03-06,2025-03-07,235.3300018310547,239.07000732421875,0.015892599600832114,0.0,235.3300018310547,-0.005250032167849968,234.09451175138148,0.0012419658259790695,235.62227365115643,0.0007808862539677571,235.51376779463078
holdout,2025-03-07,2025-03-10,239.07000732421875,227.47999572753906,-0.04847957184759566,0.0,239.07000732421875,-0.005137615548133467,237.84175753749744,0.0012419658259790695,239.366924103332,0.0010780382930693983,239.3277339468386
holdout,2025-03-10,2025-03-11,227.47999572753906,220.83999633789062,-0.029189377151217277,0.0,227.47999572753906,-0.00466790579040406,226.4181405382814,0.0012419658259790695,227.76251810832653,0.0007788950690188615,227.65717877451166
holdout,2025-03-11,2025-03-12,220.83999633789062,216.97999572753906,-0.017478720677234882,0.0,220.83999633789062,-0.0026917332348110564,220.24555398017236,0.0012419658259790695,221.11427206635162,0.0023750565807742724,221.3645038244911
holdout,2025-03-12,2025-03-13,216.97999572753906,209.67999267578125,-0.03364366852013578,0.0,216.97999572753906,-0.0027327989343688586,216.3870330264355,0.0012419658259790695,217.24947746715375,0.0025059095191085523,217.5237279642888
holdout,2025-03-13,2025-03-14,209.67999267578125,213.49000549316406,0.01817060735629683,0.0,209.67999267578125,-0.0048108403410748925,208.6712557083003,-0.0013722367253427073,209.39226208926195,-0.0037563503469514744,208.8923611625448
holdout,2025-03-14,2025-03-17,213.49000549316406,214.0,0.00238884488132296,0.0,213.49000549316406,-0.004738043557889942,212.47848054796327,0.0012419658259790695,213.75515278417464,0.0032153138475716526,214.17644286414438
holdout,2025-03-17,2025-03-18,214.0,212.69000244140625,-0.006121483918662407,0.0,214.0,-0.006052093641565236,212.70485196070504,0.0012419658259790695,214.2657806867595,-0.000579044034845918,213.87608457654298
holdout,2025-03-18,2025-03-19,212.69000244140625,215.24000549316406,0.011989294383784266,0.0,212.69000244140625,-0.006778425766207857,211.2482990486426,0.0012419658259790695,212.95415615596588,-0.0005230774079989387,212.57874910622192
holdout,2025-03-19,2025-03-20,215.24000549316406,214.10000610351562,-0.0052964103352275416,0.0,215.24000549316406,-0.004766215371765527,214.21412527036364,0.0012419658259790695,215.5073262243701,0.0010582540187244578,215.46778409396748
holdout,2025-03-20,2025-03-21,214.10000610351562,218.27000427246094,0.019476870855058115,0.0,214.10000610351562,-0.005241321943116594,212.97783904350388,0.0012419658259790695,214.36591099443808,0.00019573269158280188,214.14191247397818
holdout,2025-03-21,2025-03-24,218.27000427246094,220.72999572753906,0.011270405492856295,0.0,218.27000427246094,-0.004097180455321868,217.3757126769728,0.0012419658259790695,218.54108815860363,9.945047717026899e-05,218.2917113285378
holdout,2025-03-24,2025-03-25,220.72999572753906,223.75,0.013681893403326706,0.0,220.72999572753906,-0.005661409026284861,219.48035293735535,0.0012419658259790695,221.00413483900115,-0.0006279406726772427,220.59139038554187
holdout,2025-03-25,2025-03-26,223.75,221.52999877929688,-0.009921793165153625,0.0,223.75,-0.00725742657611792,222.12615080359362,0.0012419658259790695,224.0278898535628,0.001494014738309145,224.08428579769668
holdout,2025-03-26,2025-03-27,221.52999877929688,223.85000610351562,0.010472655337889991,0.0,221.52999877929688,-0.006074951899889932,220.18421469232996,0.0012419658259790695,221.80513146720995,0.0003790013184161689,221.61395894090296
holdout,2025-03-27,2025-03-28,223.85000610351562,217.89999389648438,-0.026580353115021937,0.0,223.85000610351562,-0.007628708958985346,222.1423195564848,0.0012419658259790695,224.12802016124138,3.449107005954142e-05,223.85772692975897
holdout,2025-03-28,2025-03-31,217.89999389648438,222.1300048828125,0.019412625538381745,0.0,217.89999389648438,-0.006141138408776855,216.56183987469444,0.0012419658259790695,218.17061824238485,0.001089941722043175,218.1374921910651
holdout,2025-03-31,2025-04-01,222.1300048828125,223.19000244140625,0.0047719692760685994,0.0,222.1300048828125,-0.006971348943026853,220.58145910805814,0.0012419658259790695,222.4058827578015,0.0008801314261340169,222.32550848079717
holdout,2025-04-01,2025-04-02,223.19000244140625,223.88999938964844,0.003136327526256366,0.0,223.19000244140625,-0.005987666746029319,221.85361508574164,0.0012419658259790695,223.46719679713866,0.0005906762964981461,223.32183548546377
holdout,2025-04-02,2025-04-03,223.88999938964844,203.19000244140625,-0.09245610346452682,0.0,223.88999938964844,-0.007666899727161272,222.17345721441382,0.0012419658259790695,224.16806311766885,0.0006765230085980526,224.04146612563056
holdout,2025-04-03,2025-04-04,203.19000244140625,188.3800048828125,-0.07288743235713335,0.0,203.19000244140625,-0.004535429777898224,202.2684484537623,0.0012419658259790695,203.44235748061908,0.0033567463832641945,203.8720597472169
holdout,2025-04-04,2025-04-07,188.3800048828125,181.4600067138672,-0.036734249865053914,0.0,188.3800048828125,0.0012089632547011013,188.60774938663624,0.0012419658259790695,188.61396641117472,0.00022640735205189786,188.42265550089755
holdout,2025-04-07,2025-04-08,181.4600067138672,172.4199981689453,-0.049818186985832624,0.0,181.4600067138672,0.004547096220360824,182.28512282454247,0.0676787795563451,193.74099850654792,0.021594675872345412,185.37857674264674
holdout,2025-04-08,2025-04-09,172.4199981689453,198.85000610351562,0.15328852926139658,0.0,172.4199981689453,0.0024216475415237584,172.83753863362065,0.05310312330555804,181.5760385920549,0.0010830068678350402,172.6067302111144
holdout,2025-04-09,2025-04-10,198.85000610351562,190.4199981689453,-0.04239380274487847,0.0,198.85000610351562,-0.015606129480742184,195.7467271610178,-0.015839908553019835,195.7002401910685,-0.009872447653898143,196.88686982728134
holdout,2025-04-10,2025-04-11,190.4199981689453,198.14999389648438,0.0405944533235465,0.0,190.4199981689453,-0.012072937121952608,188.12106950428932,-0.01236450731897495,188.06554870790617,-0.006157762548937485,189.24743703565184
holdout,2025-04-11,2025-04-14,198.14999389648438,202.52000427246094,0.022054052538903912,0.0,198.14999389648438,-0.013515504587454368,195.47189674497238,-0.015839908553019835,195.0113161133826,-0.01406734848547161,195.36254887994846
holdout,2025-04-14,2025-04-15,202.52000427246094,202.13999938964844,-0.0018763819612667154,0.0,202.52000427246094,-0.0011142447113900093,202.29434742874966,0.051568003428113296,212.96355654704473,0.009361657086021654,204.41592710551933
holdout,2025-04-15,2025-04-16,202.13999938964844,194.27000427246094,-0.038933388448355366,0.0,202.13999938964844,-0.007525795444843027,200.61873510302127,-0.0013722367253427073,201.86261545882522,-0.0074722794695970375,200.6295528222248
holdout,2025-04-16,2025-04-17,194.27000427246094,196.97999572753906,0.013949613401343264,0.0,194.27000427246094,0.0008533566591000319,194.43578587427024,-0.01236450731897495,191.8679513827768,-0.0004953978135305883,194.1737633371098
holdout,2025-04-17,2025-04-21,196.97999572753906,193.16000366210938,-0.019392791899099593,0.0,196.97999572753906,-0.005036024863669074,195.98799957140974,-0.01236450731897495,194.54443512867425,0.006613690388793722,198.2827604320669
holdout,2025-04-21,2025-04-22,193.16000366210938,199.74000549316406,0.03406503264808869,0.0,193.16000366210938,-0.007102636582707296,191.78805835378301,-0.01236450731897495,190.77167538309598,-0.0004687825943644751,193.0694536144652
holdout,2025-04-22,2025-04-23,199.74000549316406,204.60000610351562,0.024331633507028716,0.0,199.74000549316406,-0.013203754829638507,197.10268743096168,-0.04409395148162909,190.93267938200816,-0.0136045884686261,197.02262491770844
holdout,2025-04-23,2025-04-24,204.60000610351562,208.3699951171875,0.018426143212158408,0.0,204.60000610351562,-0.009585071471969896,202.63890042184795,0.0012419658259790695,204.85411231909129,-0.0017813472484701277,204.23554244560617
holdout,2025-04-24,2025-04-25,208.3699951171875,209.27999877929688,0.0043672490446504675,0.0,208.3699951171875,-0.008762467705587655,206.5441597641597,0.0012419658259790695,208.62878353028248,0.0006804917182873268,208.51178917320433
holdout,2025-04-25,2025-04-28,209.27999877929688,210.13999938964844,0.0041093301575299,0.0,209.27999877929688,-0.0065457832273849315,207.9100972734602,0.0012419658259790695,209.5399173858417,0.0009749738928901554,209.48404131441077
holdout,2025-04-28,2025-04-29,210.13999938964844,211.2100067138672,0.005091878401668248,0.0,210.13999938964844,-0.005744044225304869,208.93294593964876,0.0012419658259790695,210.40098608756162,0.0017376483565680978,210.5051488142371
holdout,2025-04-29,2025-04-30,211.2100067138672,212.5,0.006107633374967891,0.0,211.2100067138672,-0.0030437229023481996,210.56714197922707,0.0012419658259790695,211.4723223243106,0.0011294508470773377,211.44855803486138
holdout,2025-04-30,2025-05-01,212.5,213.32000732421875,0.0038588579963234615,0.0,212.5,-0.0028043253215868187,211.9040808691628,0.0012419658259790695,212.76391773802055,0.0010750065198788282,212.72843888547425
holdout,2025-05-01,2025-05-02,213.32000732421875,205.35000610351562,-0.0373617145464924,0.0,213.32000732421875,-0.003547311635763399,212.5632947800964,0.0012419658259790695,213.58494348331303,0.0009535291020311944,213.52341415924792
holdout,2025-05-02,2025-05-05,205.35000610351562,198.88999938964844,-0.03145851727226512,0.0,205.35000610351562,-0.0016856161929855755,205.00386480799784,0.0012419658259790695,205.60504379346077,0.00034709327529735737,205.42128170971642
holdout,2025-05-05,2025-05-06,198.88999938964844,198.50999450683594,-0.0019106284075551816,0.0,198.88999938964844,-0.001392506674488668,198.6130437380093,0.0012419658259790695,199.13701397201936,0.0008398510671343991,199.0570373678782
holdout,2025-05-06,2025-05-07,198.50999450683594,196.25,-0.011384789528862349,0.0,198.50999450683594,-0.0018044650035968983,198.15179016888413,0.0012419658259790695,198.7565371361287,0.0010496456680912222,198.71835966264285
holdout,2025-05-07,2025-05-08,196.25,197.49000549316406,0.006318499328224592,0.0,196.25,-0.006343992464138994,195.00499147891273,-0.0013722367253427073,195.98069854265148,-0.001081998443020305,196.03765780555727
holdout,2025-05-08,2025-05-09,197.49000549316406,198.52999877929688,0.0052660552797889615,0.0,197.49000549316406,-0.00485051530303039,196.5320771993239,0.0012419658259790695,197.73528133095897,0.00024705226589543354,197.53879584651287
holdout,2025-05-09,2025-05-12,198.52999877929688,210.7899932861328,0.06175386381009962,0.0,198.52999877929688,-0.00459979514640379,197.6168014544963,0.0012419658259790695,198.77656625321242,0.0009300163173286408,198.71463491764086
holdout,2025-05-12,2025-05-13,210.7899932861328,212.92999267578125,0.010152281691776288,0.0,210.7899932861328,-0.005420580737509135,209.64738910886632,0.0012419658259790695,211.05178725425253,0.002890850750835996,211.39935569649276
holdout,2025-05-13,2025-05-14,212.92999267578125,212.3300018310547,-0.0028177845553216674,0.0,212.92999267578125,-0.00451704025971008,211.96817932636498,0.0012419658259790695,213.19444445001054,0.0013936352448859917,213.22673941826753
holdout,2025-05-14,2025-05-15,212.3300018310547,211.4499969482422,-0.004144515024837148,0.0,212.3300018310547,-0.003165163845473247,211.65794258594977,0.0012419658259790695,212.5937084371589,0.001452045963245333,212.63831475308936
holdout,2025-05-15,2025-05-16,211.4499969482422,211.25999450683594,-0.0008985691376138805,0.0,211.4499969482422,0.001611548306532558,211.79075883274047,0.0012419658259790695,211.71261061835528,0.002776870296695895,212.03716616400422
holdout,2025-05-16,2025-05-19,211.25999450683594,208.77999877929688,-0.011739069355408915,0.0,211.25999450683594,-0.00207799407377266,210.8209974902255,0.0012419658259790695,211.52237220040993,0.0012663728002891776,211.5275284176686
holdout,2025-05-19,2025-05-20,208.77999877929688,206.86000061035156,-0.009196274452396014,0.0,208.77999877929688,-0.005647593531961958,207.60089420858787,0.0012419658259790695,209.0392964029287,0.0009270443274922595,208.97354709285906
holdout,2025-05-20,2025-05-21,206.86000061035156,202.08999633789062,-0.02305909435553888,0.0,206.86000061035156,-0.006656277262764767,205.48308309171338,0.0012419658259790695,207.11691366187162,0.0007349068727941812,207.01202344650633
holdout,2025-05-21,2025-05-22,202.08999633789062,201.36000061035156,-0.003612230891026025,0.0,202.08999633789062,-0.006852598083728047,200.70515481624497,0.0012419658259790695,202.3409852071145,-0.0004689010899414612,201.99523611834152
holdout,2025-05-22,2025-05-23,201.36000061035156,195.27000427246094,-0.03024432021966106,0.0,201.36000061035156,-0.008269083612741054,199.694937929043,0.0012419658259790695,201.61008284982873,0.00037997257822648266,201.43651188893517
holdout,2025-05-23,2025-05-27,195.27000427246094,200.2100067138672,0.025298316860348224,0.0,195.27000427246094,-0.007768217137057177,193.75310447891837,0.0012419658259790695,195.5125229446061,0.001209700106900443,195.50622241750378
holdout,2025-05-27,2025-05-28,200.2100067138672,200.4199981689453,0.0010488559414427723,0.0,200.2100067138672,-0.00603299191246142,199.00214136256858,0.0012419658259790695,200.45866070022484,0.000885135673142034,200.38721973292965
holdout,2025-05-28,2025-05-29,200.4199981689453,199.9499969482422,-0.0023450814539321962,0.0,200.4199981689453,-0.004680040152383533,199.48202453017402,0.0012419658259790695,200.66891295751392,0.001068981356605516,200.63424341047883
holdout,2025-05-29,2025-05-30,199.9499969482422,200.85000610351562,0.0045011711378339925,0.0,199.9499969482422,-0.005855596167377694,198.77917051244486,0.0012419658259790695,200.19832801135652,0.0010815580844881721,200.16625448393492
holdout,2025-05-30,2025-06-02,200.85000610351562,201.6999969482422,0.0042319682295079986,0.0,200.85000610351562,-0.0021656004296105105,200.41504524401057,0.0012419658259790695,201.09945494724386,0.0009401506238057315,201.03883536204523
holdout,2025-06-02,2025-06-03,201.6999969482422,203.27000427246094,0.0077838738124602624,0.0,201.6999969482422,-0.003388631558606077,201.01650997321264,0.0012419658259790695,201.950501451552,0.000512951730435955,201.8034593107057
holdout,2025-06-03,2025-06-04,203.27000427246094,202.82000732421875,-0.00221378923984783,0.0,203.27000427246094,-0.0036859003804750067,202.52077128637393,0.0012419658259790695,203.52245867121394,3.57107768206787e-05,203.27726320221785
holdout,2025-06-04,2025-06-05,202.82000732421875,200.6300048828125,-0.010797763348392997,0.0,202.82000732421875,-0.004155597923580676,201.9771689229216,0.0012419658259790695,203.07190284214025,-0.0001457858754034552,202.79043903190166
holdout,2025-06-05,2025-06-06,200.6300048828125,203.9199981689453,0.0163983113495636,0.0,200.6300048828125,-0.004790498300041784,199.668887185484,0.0012419658259790695,200.87918049254296,-0.0001075066998289913,200.60843581310087
holdout,2025-06-06,2025-06-09,203.9199981689453,201.4499969482422,-0.012112599268742419,0.0,203.9199981689453,-0.005171541169843721,202.86541750306014,0.0012419658259790695,204.17325983790485,0.0018075152503371338,204.28858667548442
holdout,2025-06-09,2025-06-10,201.4499969482422,202.6699981689453,0.0060560994747325125,0.0,201.4499969482422,-0.007873941890067966,199.86379137851736,0.0012419658259790695,201.70019096009548,0.001416559632228494,201.7353628818316
holdout,2025-06-10,2025-06-11,202.6699981689453,198.77999877929688,-0.019193760422328232,0.0,202.6699981689453,-0.006708163505175415,201.31045468363442,0.0012419658259790695,202.92170738062237,0.000897548643781537,202.85190435093705
holdout,2025-06-11,2025-06-12,198.77999877929688,199.1999969482422,0.002112879422097258,0.0,198.77999877929688,-0.005688360669041662,197.6492664524486,0.0012419658259790695,199.02687674466893,0.0007142998793293349,198.921987308438
holdout,2025-06-12,2025-06-13,199.1999969482422,196.4499969482422,-0.013805221095031128,0.0,199.1999969482422,-0.006843682290566257,197.83673545684664,0.0012419658259790695,199.44739653698704,0.0008758488961471503,199.3744660456818
holdout,2025-06-13,2025-06-16,196.4499969482422,198.4199981689453,0.010028003315378786,0.0,196.4499969482422,-0.006682630026579494,195.1371942999144,0.0012419658259790695,196.6939811309656,0.0009494944879764803,196.63652513750753
holdout,2025-06-16,2025-06-17,198.4199981689453,195.63999938964844,-0.014010678383989505,0.0,198.4199981689453,-0.007029566965175467,197.02519150458673,0.0012419658259790695,198.66642902586196,0.0007685286686248152,198.57248962596663
holdout,2025-06-17,2025-06-18,195.63999938964844,196.5800018310547,0.004804755900321256,0.0,195.63999938964844,-0.006162199095591656,194.43442676234798,0.0012419658259790695,195.88297758308494,0.0007657460577403641,195.7898099479174
holdout,2025-06-18,2025-06-20,196.5800018310547,201.0,0.022484475164182616,0.0,196.5800018310547,-0.007056374921464789,195.1928596360725,0.0012419658259790695,196.82414747539974,0.0007970136343402711,196.73667877275267
holdout,2025-06-20,2025-06-23,201.0,201.5,0.0024875621890547706,0.0,201.0,-0.0034037469284569064,200.31584686738017,0.0012419658259790695,201.2496351310218,0.0010514350072474297,201.21133843645674
holdout,2025-06-23,2025-06-24,201.5,200.3000030517578,-0.005955319842392948,0.0,201.5,-0.00438712462176088,200.6159943887152,0.0012419658259790695,201.75025611393477,0.0007894535031555972,201.65907488088587
holdout,2025-06-24,2025-06-25,200.3000030517578,201.55999755859375,0.0062905366332437485,0.0,200.3000030517578,-0.0038383805661698733,199.53117541264018,0.0012419658259790695,200.5487688104916,0.0009662381029881447,200.4935405467351
holdout,2025-06-25,2025-06-26,201.55999755859375,201.0,-0.002778316954637594,0.0,201.55999755859375,-0.0022070960556936966,201.11513528299656,0.0012419658259790695,201.81032818744595,0.0012324826439784526,201.80841675730505
holdout,2025-06-26,2025-06-27,201.0,201.0800018310547,0.00039801905997349785,0.0,201.0,-0.004098616618657179,200.1761780596499,0.0012419658259790695,201.2496351310218,0.001106957136544752,201.2224983844455
holdout,2025-06-27,2025-06-30,201.0800018310547,205.1699981689453,0.020340144721736175,0.0,201.0800018310547,-0.004808612655768348,200.11308598942796,0.0012419658259790695,201.32973632161665,0.0010522216090389652,201.2915825541269
holdout,2025-06-30,2025-07-01,205.1699981689453,207.82000732421875,0.012916163079025322,0.0,205.1699981689453,-0.0023751381073551774,204.68269108780828,0.0012419658259790695,205.4248122951873,0.0013795831824539749,205.4530472479633
holdout,2025-07-01,2025-07-02,207.82000732421875,212.44000244140625,0.022230752354752248,0.0,207.82000732421875,-0.002332971881307147,207.3351690907583,0.0012419658259790695,208.07811267127013,0.0013359362582963234,208.09764160720258
holdout,2025-07-02,2025-07-03,212.44000244140625,213.5500030517578,0.005225007520218483,0.0,212.44000244140625,-0.0028477145457213994,211.83503395636077,0.0012419658259790695,212.70384566450937,0.0016407415883099958,212.78856158843254
holdout,2025-07-03,2025-07-07,213.5500030517578,209.9499969482422,-0.016857907057220234,0.0,213.5500030517578,-0.0028876751466418754,212.93334001537994,0.0012419658259790695,213.81522485768582,0.00165984603670481,213.90446317796156
holdout,2025-07-07,2025-07-08,209.9499969482422,210.00999450683594,0.00028577070476720756,0.0,209.9499969482422,-0.0026943501720794846,209.3843181378366,0.0012419658259790695,210.2107476696163,0.0013236463931568358,210.227896504446
holdout,2025-07-08,2025-07-09,210.00999450683594,211.13999938964844,0.005380719548448543,0.0,210.00999450683594,-0.0014856767984290785,209.69798753055892,0.0012419658259790695,210.27081974312748,0.001234829012137444,210.2693209408918
holdout,2025-07-09,2025-07-10,211.13999938964844,212.41000366210938,0.0060149866256142825,0.0,211.13999938964844,-0.002922547902355278,210.52293262732894,0.0012419658259790695,211.4022280533876,0.0013606309525787414,211.42728300814542
holdout,2025-07-10,2025-07-11,212.41000366210938,211.16000366210938,-0.005884845244805148,0.0,212.41000366210938,-0.004166037434101159,211.52509563547545,0.0012419658259790695,212.6738096277538,0.00109718957988869,212.64305770479154
holdout,2025-07-11,2025-07-14,211.16000366210938,208.6199951171875,-0.012028833590031152,0.0,211.16000366210938,-0.003977680371855233,210.32007666022173,0.0012419658259790695,211.4222571704713,0.0012609921492113204,211.42627476895473
holdout,2025-07-14,2025-07-15,208.6199951171875,209.11000061035156,0.0023487944810314243,0.0,208.6199951171875,-0.004062750667208794,207.77242409283204,0.0012419658259790695,208.87909402173895,0.000791992913966281,208.785220675032
holdout,2025-07-15,2025-07-16,209.11000061035156,210.16000366210938,0.005021295245053015,0.0,209.11000061035156,-0.003735123150828378,208.32894900600212,0.0012419658259790695,209.36970808498006,0.0010905073224298657,209.33803659721048
holdout,2025-07-16,2025-07-17,210.16000366210938,210.02000427246094,-0.0006661562010320532,0.0,210.16000366210938,-0.004215379929334346,209.2740994007233,0.0012419658259790695,210.42101520464533,0.0011955696752165785,210.4112645894312
holdout,2025-07-17,2025-07-18,210.02000427246094,211.17999267578125,0.005523228167424676,0.0,210.02000427246094,-0.0038830196544860263,209.20449246803574,0.0012419658259790695,210.2808419405393,0.001032273564713976,210.2368023709325
holdout,2025-07-18,2025-07-21,211.17999267578125,212.47999572753906,0.006155900638530998,0.0,211.17999267578125,-0.003114775467642612,210.52221441533777,0.0012419658259790695,211.44227100981507,0.0012641609315507264,211.44695817204712
holdout,2025-07-21,2025-07-22,212.47999572753906,214.39999389648438,0.00903613614246912,0.0,212.47999572753906,-0.004078016949143339,211.61349870360826,0.0012419658259790695,212.74388862093684,0.0013037639264619567,212.75701948106342
holdout,2025-07-22,2025-07-23,214.39999389648438,214.14999389648438,-0.0011660448093142595,0.0,214.39999389648438,-0.004147401090138258,213.51079112807247,0.0012419658259790695,214.66627136199392,0.0015239379036379793,214.726726173723
holdout,2025-07-23,2025-07-24,214.14999389648438,213.75999450683594,-0.0018211505989440546,0.0,214.14999389648438,-0.003425774050033648,213.41636440457893,0.0012419658259790695,214.41596087053742,0.0014154348426750234,214.45310925940407
holdout,2025-07-24,2025-07-25,213.75999450683594,213.8800048828125,0.0005614258002459849,0.0,213.75999450683594,-0.0028937688036987084,213.14142250325324,0.0012419658259790695,214.0254771149749,0.0013231616190998248,214.04283352726637
holdout,2025-07-25,2025-07-28,213.8800048828125,214.0500030517578,0.0007948296477664485,0.0,213.8800048828125,-0.003405601617329061,213.15161479226924,0.0012419658259790695,214.14563653973718,0.0013036306527758339,214.15882541319357
holdout,2025-07-28,2025-07-29,214.0500030517578,211.27000427246094,-0.012987613826964783,0.0,214.0500030517578,-0.0046938560306556895,213.04528315407146,0.0012419658259790695,214.3158458405988,0.0012444906312761123,214.31638627518035
holdout,2025-07-29,2025-07-30,211.27000427246094,209.0500030517578,-0.010507886476113892,0.0,211.27000427246094,-0.006093359613492423,209.98266016088473,0.0012419658259790695,211.53239439782178,0.001075476648200905,211.49722022852126
holdout,2025-07-30,2025-07-31,209.0500030517578,207.57000732421875,-0.007079625476841711,0.0,209.0500030517578,-0.007426353632278558,207.49752380226656,0.0012419658259790695,209.3096360114689,0.0011985080464402248,209.3005511625237
holdout,2025-07-31,2025-08-01,207.57000732421875,202.3800048828125,-0.025003624118486445,0.0,207.57000732421875,-0.008028139714651116,205.90360630484878,0.0012419658259790695,207.82780217981363,0.0011985080464402248,207.8187816481965
holdout,2025-08-01,2025-08-04,202.3800048828125,203.35000610351562,0.004792969647692269,0.0,202.3800048828125,-0.00912377206368076,200.53353584801513,0.0012419658259790695,202.63135393273842,-0.0004683132365305062,202.28522764771677
holdout,2025-08-04,2025-08-05,203.35000610351562,202.9199981689453,-0.002114619727876521,0.0,203.35000610351562,-0.007466204771198602,201.83175331772227,0.0012419658259790695,203.60255986180883,0.00026424589997643547,203.40374050888866
holdout,2025-08-05,2025-08-06,202.9199981689453,213.25,0.05090677076812433,0.0,202.9199981689453,-0.006710705673748834,201.55826178591585,0.0012419658259790695,203.17201787207887,0.0001761277255795941,202.95573800669743
holdout,2025-08-06,2025-08-07,213.25,220.02999877929688,0.03179366367782821,0.0,213.25,-0.005253521813143215,212.12968647334722,0.0012419658259790695,213.51484921239003,0.003309112430581517,213.9556682258215
holdout,2025-08-07,2025-08-08,220.02999877929688,229.35000610351562,0.04235789381413979,0.0,220.02999877929688,-0.0027291759731705137,219.4294981932517,0.0012419658259790695,220.30326851847096,0.0015956314844587161,220.38108557287453
holdout,2025-08-08,2025-08-11,229.35000610351562,227.17999267578125,-0.009461579986856261,0.0,229.35000610351562,-0.00385398879713976,228.46609374936875,0.0012419658259790695,229.63485097328427,0.00016350163341733386,229.38750520413782
holdout,2025-08-11,2025-08-12,227.17999267578125,229.64999389648438,0.010872441677679756,0.0,227.17999267578125,-0.0018691594905095254,226.75535703641745,0.0012419658259790695,227.46214246303074,0.0012122611014530244,227.4553941439305
holdout,2025-08-12,2025-08-13,229.64999389648438,233.3300018310547,0.01602441991019199,0.0,229.64999389648438,-0.0028315334638402798,228.99973225379577,0.0012419658259790695,229.9352113408401,0.001382769681804799,229.96754694547107
holdout,2025-08-13,2025-08-14,233.3300018310547,232.77999877929688,-0.0023571895917441354,0.0,233.3300018310547,-0.00156629255414679,232.96453878652767,0.0012419658259790695,233.61978971950447,0.0015767416802017588,233.69790297018326
holdout,2025-08-14,2025-08-15,232.77999877929688,231.58999633789062,-0.005112133549474374,0.0,232.77999877929688,-0.004994881247020565,231.6172903287127,0.0012419658259790695,233.0691035827522,0.0017032227734761643,233.17647497442752
holdout,2025-08-15,2025-08-18,231.58999633789062,230.88999938964844,-0.0030225698834628334,0.0,231.58999633789062,-0.005054724381104023,230.4193727369817,0.0012419658259790695,231.8776231989809,0.0012950246405747754,231.8899110896588
holdout,2025-08-18,2025-08-19,230.88999938964844,230.55999755859375,-0.001429259958971918,0.0,230.88999938964844,-0.0058867736321179705,229.53080222932172,0.0012419658259790695,231.1767568784507,0.0007359379269543181,231.05992009715374
holdout,2025-08-19,2025-08-20,230.55999755859375,226.00999450683594,-0.019734572779050663,0.0,230.55999755859375,-0.006871531544605337,228.97569726244575,0.0012419658259790695,230.84634519639934,0.0009542000971402808,230.77999793066084
holdout,2025-08-20,2025-08-21,226.00999450683594,224.89999389648438,-0.004911289931109564,0.0,226.00999450683594,-0.006047700578695988,224.6431537322659,0.0012419658259790695,226.29069119634315,0.0010398573107436827,226.24501265192504
holdout,2025-08-21,2025-08-22,224.89999389648438,227.75999450683594,0.012716766064777785,0.0,224.89999389648438,-0.004489622256424802,223.89027787841692,0.0012419658259790695,225.1793120031667,0.0010956899287355671,225.14641455476945
holdout,2025-08-22,2025-08-25,227.75999450683594,227.16000366210938,-0.0026343118159346535,0.0,227.75999450683594,-0.0033611170294406043,226.9944665106737,0.0012419658259790695,228.0428646365386,0.001123327298608179,228.0158435261963
holdout,2025-08-25,2025-08-26,227.16000366210938,229.30999755859375,0.009464667467088184,0.0,227.16000366210938,-0.00515966037239257,225.98793519302143,0.0012419658259790695,227.44212862368698,0.0008028088659477559,227.34236972703803
holdout,2025-08-26,2025-08-27,229.30999755859375,230.49000549316406,0.00514590705653295,0.0,229.30999755859375,-0.0038807019925931603,228.42011379414657,0.0012419658259790695,229.59479273911685,0.001229482891873074,229.5919302775275
holdout,2025-08-27,2025-08-28,230.49000549316406,232.55999755859375,0.008980832210059075,0.0,230.49000549316406,-0.003136039496073604,229.76717973248728,0.0012419658259790695,230.7762662032163,0.0013735016397397263,230.80658389365257
holdout,2025-08-28,2025-08-29,232.55999755859375,232.13999938964844,-0.00180597769760249,0.0,232.55999755859375,-0.004165233784600044,231.59133079981618,0.0012419658259790695,232.84882912805128,0.00149437377237415,232.9075291194487
holdout,2025-08-29,2025-09-02,232.13999938964844,229.72000122070312,-0.010424735828844955,0.0,232.13999938964844,-0.004285449700623004,231.14517509876143,0.0012419658259790695,232.42830933573316,0.0014643532909141275,232.47993436170748
holdout,2025-09-02,2025-09-03,229.72000122070312,238.47000122070312,0.038089848308826335,0.0,229.72000122070312,-0.004060525864332374,228.787217214192,0.0012419658259790695,230.0053056117631,0.0012656768636971415,230.01075251137667
holdout,2025-09-03,2025-09-04,238.47000122070312,239.77999877929688,0.005493343195739575,0.0,238.47000122070312,-0.003254548219196608,237.69388910289848,0.0012419658259790695,238.76617281274042,0.0017230357374826966,238.88089355512392
holdout,2025-09-04,2025-09-05,239.77999877929688,239.69000244140625,-0.00037532879451496193,0.0,239.77999877929688,-0.004667531472574819,238.66081808850055,0.0012419658259790695,240.07779734353406,0.0015504048400370783,240.15175484994836
holdout,2025-09-05,2025-09-08,239.69000244140625,237.8800048828125,-0.007551410322323426,0.0,239.69000244140625,-0.005044602215326587,238.4808617240987,0.0012419658259790695,239.9876892332673,0.0016376776754236252,240.0825374074268
holdout,2025-09-08,2025-09-09,237.8800048828125,234.35000610351562,-0.014839409394815983,0.0,237.8800048828125,-0.0022987983192338537,237.33316672740855,0.0012419658259790695,238.17544371956066,0.00138401587747626,238.20923458650444
holdout,2025-09-09,2025-09-10,234.35000610351562,226.7899932861328,-0.03225949486019408,0.0,234.35000610351562,-0.004553472909822984,233.28289969930643,0.0012419658259790695,234.64106080241416,0.000942989752992072,234.57099575788484
holdout,2025-09-10,2025-09-11,226.7899932861328,230.02999877929688,0.014286368839370622,0.0,226.7899932861328,-0.0063003986168112,225.36112592612625,0.0012419658259790695,227.0716587074682,0.001285019686586248,227.08142289222627
holdout,2025-09-11,2025-09-12,230.02999877929688,234.07000732421875,0.017562963814985233,0.0,230.02999877929688,-0.006147500954818556,228.61588914216424,0.0012419658259790695,230.31568817673076,0.0007688246748809778,230.20685151832123
holdout,2025-09-12,2025-09-15,234.07000732421875,236.6999969482422,0.011235910376080627,0.0,234.07000732421875,-0.005249352863112474,232.8412912611026,0.0012419658259790695,234.36071427420208,7.397482268940978e-05,234.0873226115075
holdout,2025-09-15,2025-09-16,236.6999969482422,238.14999389648438,0.0061258849469238985,0.0,236.6999969482422,-0.006407311676443889,235.18338629398147,0.0012419658259790695,236.99397025546125,-0.0001279312722975505,236.66971561647975
holdout,2025-09-16,2025-09-17,238.14999389648438,238.99000549316406,0.0035272375318422533,0.0,238.14999389648438,-0.0041851297622267775,237.1533052691541,0.0012419658259790695,238.44576805036093,0.0012853467693470905,238.45609922175922
holdout,2025-09-17,2025-09-18,238.99000549316406,237.8800048828125,-0.0046445482440198305,0.0,238.99000549316406,-0.003917709351890468,238.05371211363513,0.0012419658259790695,239.2868229127371,0.0013730252845277808,239.31814481345563
holdout,2025-09-18,2025-09-19,237.8800048828125,245.5,0.03203293660995743,0.0,237.8800048828125,-0.0032071573197993224,237.11708628391867,0.0012419658259790695,238.17544371956066,0.0013532992867470036,238.2019277237518
holdout,2025-09-19,2025-09-22,245.5,256.0799865722656,0.04309566831880085,0.0,245.5,-0.0021893666401410334,244.96251048984539,0.0012419658259790695,245.80490261027785,0.0018349300533977875,245.95047532810915
holdout,2025-09-22,2025-09-23,256.0799865722656,254.42999267578125,-0.006443275472520216,0.0,256.0799865722656,-0.002126343292597264,255.5354726104493,0.0012419658259790695,256.39802916430557,0.0010125386635193624,256.3392774596236
holdout,2025-09-23,2025-09-24,254.42999267578125,252.30999755859375,-0.008332331793480807,0.0,254.42999267578125,-0.004766642335591695,253.2172159012486,0.0012419658259790695,254.74598603178868,0.0013985773254441838,254.7858326944505
holdout,2025-09-24,2025-09-25,252.30999755859375,256.8699951171875,0.018072995928489766,0.0,252.30999755859375,-0.004040192438103749,251.29061661439954,0.0012419658259790695,252.62335795311438,0.0021863445022118357,252.8616341346091
holdout,2025-09-25,2025-09-26,256.8699951171875,255.4600067138672,-0.005489112898051984,0.0,256.8699951171875,-0.0032384479430702137,256.03813500986377,0.0012419658259790695,257.18901887284244,0.0018302139132037756,257.3401221561356
holdout,2025-09-26,2025-09-29,255.4600067138672,254.42999267578125,-0.004031997224675621,0.0,255.4600067138672,-0.005338083417435887,254.09633988820983,0.0012419658259790695,255.77727931211018,0.0015477166993010313,255.85538643226178
holdout,2025-09-29,2025-09-30,254.42999267578125,254.6300048828125,0.0007861188255666729,0.0,254.42999267578125,-0.00601777451283614,252.89889035055586,0.0012419658259790695,254.74598603178868,0.0014155143120303873,254.79014197182363
holdout,2025-09-30,2025-10-01,254.6300048828125,255.4499969482422,0.003220327729275496,0.0,254.6300048828125,-0.005054087926362225,253.34308244944472,0.0012419658259790695,254.9462466471458,0.0011273825236585609,254.91707030031648
holdout,2025-10-01,2025-10-02,255.4499969482422,257.1300048828125,0.00657666061710982,0.0,255.4499969482422,-0.006359986310614666,253.8253384646048,0.0012419658259790695,255.76725711469834,0.0010246061902461742,255.71173259641373
holdout,2025-10-02,2025-10-03,257.1300048828125,258.0199890136719,0.0034612223931820285,0.0,257.1300048828125,-0.007280357952674869,255.25800640689258,0.0012419658259790695,257.4493515617108,0.0014608409612726068,257.50563092631756
holdout,2025-10-03,2025-10-06,258.0199890136719,256.69000244140625,-0.005154587353288997,0.0,258.0199890136719,-0.006087028797096616,256.4494139103191,0.0012419658259790695,258.3404410224463,0.0014896725355317613,258.40435430492374
holdout,2025-10-06,2025-10-07,256.69000244140625,256.4800109863281,-0.0008180741481198517,0.0,256.69000244140625,-0.004158305786471906,255.62260691892465,0.0012419658259790695,257.00880265230893,0.0011581940550948813,256.9872992762362
holdout,2025-10-07,2025-10-08,256.4800109863281,258.05999755859375,0.006160271773966164,0.0,256.4800109863281,-0.004553955295920923,255.31201248199906,0.0012419658259790695,256.79855039501984,0.0014326464798861342,256.8474561712288
holdout,2025-10-08,2025-10-09,258.05999755859375,254.0399932861328,-0.015577789314472068,0.0,258.05999755859375,-0.005667586962467044,256.59742008089637,0.0012419658259790695,258.38049925661375,0.001457749678190983,258.43618443698875
holdout,2025-10-09,2025-10-10,254.0399932861328,245.27000427246094,-0.034522080166306646,0.0,254.0399932861328,-0.004974032412722578,252.77639012539976,0.0012419658259790695,254.35550227622613,0.0011700593397249521,254.33723515294093
holdout,2025-10-10,2025-10-13,245.27000427246094,247.66000366210938,0.009744360696440912,0.0,245.27000427246094,-0.0036729074885269203,244.3691502370576,0.0012419658259790695,245.57462123590506,0.0007319428548995974,245.44952789960934
holdout,2025-10-13,2025-10-14,247.66000366210938,247.77000427246094,0.0004441597703503941,0.0,247.66000366210938,-0.00434430785399707,246.58409236307912,0.0012419658259790695,247.96758892311956,0.001098769218629682,247.93212485081904
holdout,2025-10-14,2025-10-15,247.77000427246094,249.33999633789062,0.0063364896410271765,0.0,247.77000427246094,-0.006730598055171391,246.1023639635749,0.0012419658259790695,248.07772615047,0.0005642206365793884,247.90980122199684
holdout,2025-10-15,2025-10-16,249.33999633789062,247.4499969482422,-0.007580008893106838,0.0,249.33999633789062,-0.008021405144336002,247.33993920857714,0.0012419658259790695,249.649668092392,-0.0010838625981275459,249.06974604164273
holdout,2025-10-16,2025-10-17,247.4499969482422,252.2899932861328,0.019559492412937862,0.0,247.4499969482422,-0.006940051560702033,245.73268121072584,0.0012419658259790695,247.7573213880905,0.00012576383799514846,247.4811172095703
holdout,2025-10-17,2025-10-20,252.2899932861328,262.239990234375,0.03943873008454002,0.0,252.2899932861328,-0.007544067858478781,250.38670045676704,0.0012419658259790695,252.60332883603067,0.0010633148044052302,252.55825697099726
holdout,2025-10-20,2025-10-21,262.239990234375,262.7699890136719,0.002021044840732289,0.0,262.239990234375,-0.0045163599874927275,261.05562003536,0.0012419658259790695,262.5656833404512,0.0015436892845070147,262.64480729726904
holdout,2025-10-21,2025-10-22,262.7699890136719,258.45001220703125,-0.016440145325788524,0.0,262.7699890136719,-0.005601252903533494,261.2981478497476,0.0012419658259790695,263.0963403601197,0.001392073815022542,263.1357842347516
holdout,2025-10-22,2025-10-23,258.45001220703125,259.5799865722656,0.004372119604812541,0.0,258.45001220703125,-0.003230995684837886,257.614961332844,0.0012419658259790695,258.77099828991624,0.0009803492752950593,258.7033834891984
holdout,2025-10-23,2025-10-24,259.5799865722656,262.82000732421875,0.012481781799657865,0.0,259.5799865722656,-0.002203832276591653,259.00791581950045,0.0012419658259790695,259.9023760446965,0.0016824601872523174,260.01671956508096
holdout,2025-10-24,2025-10-27,262.82000732421875,268.80999755859375,0.02279122619072771,0.0,262.82000732421875,-0.004933708109433731,261.5233301227618,0.0012419658259790695,263.146420791699,0.0015680837042856917,263.23213109486414
holdout,2025-10-27,2025-10-28,268.80999755859375,269.0,0.0007068280314419528,0.0,268.80999755859375,-0.005697800814711712,267.27837173550176,0.0012419658259790695,269.143850389243,0.0015509470243506346,269.22690762442295
holdout,2025-10-28,2025-10-29,269.0,269.70001220703125,0.0026022758625696696,0.0,269.0,-0.005266276628877353,267.583371586832,0.0012419658259790695,269.3340888071884,0.0010947449099911772,269.29448638078765
holdout,2025-10-29,2025-10-30,269.70001220703125,271.3999938964844,0.006303231785351748,0.0,269.70001220703125,-0.005613186738183704,268.1861356752228,0.0012419658259790695,270.0349704054585,0.0012753316453806038,270.0439691673584
holdout,2025-10-30,2025-10-31,271.3999938964844,270.3699951171875,-0.0037951319176879883,0.0,271.3999938964844,-0.006152504096032482,269.730204322373,0.0012419658259790695,271.7370634140747,0.0017578724368862205,271.87708046512614
holdout,2025-10-31,2025-11-03,270.3699951171875,269.04998779296875,-0.0048822256465500535,0.0,270.3699951171875,-0.006428309608423706,268.6319730797462,0.0012419658259790695,270.70578541149314,0.0015565669085636218,270.7908441046554
holdout,2025-11-03,2025-11-04,269.04998779296875,270.0400085449219,0.003679690752169673,0.0,269.04998779296875,-0.004925392552445914,267.72481098685756,0.0012419658259790695,269.3841386832877,0.0013390053207243374,269.41024715816434
holdout,2025-11-04,2025-11-05,270.0400085449219,270.1400146484375,0.00037033809935982376,0.0,270.0400085449219,-0.004736063768570104,268.76108184438795,0.0012419658259790695,270.37538900718175,0.0014611293919091011,270.4345719383983
holdout,2025-11-05,2025-11-06,270.1400146484375,269.7699890136719,-0.001369754996301431,0.0,270.1400146484375,-0.006308254625199357,268.4359026515801,0.0012419658259790695,270.4755193148603,0.0010897236891096636,270.43439262177634
holdout,2025-11-06,2025-11-07,269.7699890136719,268.4700012207031,-0.004818874767062664,0.0,269.7699890136719,-0.006694075073703315,267.96412845458224,0.0012419658259790695,270.10503412090156,0.0014120045832392758,270.1509054745796
holdout,2025-11-07,2025-11-10,268.4700012207031,269.42999267578125,0.003575786682732396,0.0,268.4700012207031,-0.0057508456467432745,266.9260716829019,0.0012419658259790695,268.8034317875198,0.001221648558964183,268.7979772108195
holdout,2025-11-10,2025-11-11,269.42999267578125,275.25,0.021601185771556786,0.0,269.42999267578125,-0.0054607683716947335,267.9586978933914,0.0012419658259790695,269.76461551917834,0.001283066250023961,269.77568920612777
holdout,2025-11-11,2025-11-12,275.25,273.4700012207031,-0.006466843884820661,0.0,275.25,-0.00579365975653106,273.65529515201484,0.0012419658259790695,275.5918510936007,0.0016215598769470628,275.6963343561297
holdout,2025-11-12,2025-11-13,273.4700012207031,272.95001220703125,-0.0019014480979659965,0.0,273.4700012207031,-0.006062975084828811,271.8119594168539,0.0012419658259790695,273.8096416166497,0.0013423729519695892,273.8370999535169
holdout,2025-11-13,2025-11-14,272.95001220703125,272.4100036621094,-0.0019784155368063328,0.0,272.95001220703125,-0.005118468876581161,271.5529260646871,0.0012419658259790695,273.28900679439295,0.0013771819687235002,273.3259140422057
holdout,2025-11-14,2025-11-17,272.4100036621094,267.4599914550781,-0.018171183658773127,0.0,272.4100036621094,-0.004238916573476855,271.25528038280515,0.0012419658259790695,272.7483275773125,0.0012925246731566857,272.7621003130574
holdout,2025-11-17,2025-11-18,267.4599914550781,267.44000244140625,-7.473646268785217e-05,0.0,267.4599914550781,-0.006107351936084592,265.8265191584398,0.0012419658259790695,267.79216762428194,0.0007705533103316689,267.6660836368751
holdout,2025-11-18,2025-11-19,267.44000244140625,268.55999755859375,0.004187836924032684,0.0,267.44000244140625,-0.00628201525778216,265.75994026552803,0.0012419658259790695,267.7721537849382,0.0009727487246444238,267.70015436270006
holdout,2025-11-19,2025-11-20,268.55999755859375,266.25,-0.008601420835542606,0.0,268.55999755859375,-0.006653608810217336,266.77310439276596,0.0012419658259790695,268.8935398977865,0.0009141013864473951,268.80548862470636
holdout,2025-11-20,2025-11-21,266.25,271.489990234375,0.019680714495305063,0.0,266.25,-0.009474396601091808,263.7274419049593,0.0012419658259790695,266.5806734011669,0.0004927523856363133,266.3811953226757
holdout,2025-11-21,2025-11-24,271.489990234375,275.9200134277344,0.0163174457722548,0.0,271.489990234375,-0.006475286652483996,269.73201472432737,0.0012419658259790695,271.82717152434145,0.0011605324335363873,271.80506317342247
holdout,2025-11-24,2025-11-25,275.9200134277344,276.9700012207031,0.003805406428931457,0.0,275.9200134277344,-0.004303093040220871,274.73270393829586,0.0012419658259790695,276.2626966551153,0.0015136577575092702,276.3376618965113
holdout,2025-11-25,2025-11-26,276.9700012207031,277.54998779296875,0.0020940411225383038,0.0,276.9700012207031,-0.004163382521649373,275.8168691585996,0.0012419658259790695,277.3139884970406,0.001362188537617102,277.34728658162976
holdout,2025-11-26,2025-11-28,277.54998779296875,278.8500061035156,0.004683906927485104,0.0,277.54998779296875,-0.002975951833835837,276.72401239781516,0.0012419658259790695,277.8946953928085,0.001550626579427331,277.98036418116027
holdout,2025-11-28,2025-12-01,278.8500061035156,283.1000061035156,0.015241168753721723,0.0,278.8500061035156,-0.0031956294725138785,277.9589048056006,0.0012419658259790695,279.1963282816702,0.0014794862065717366,279.2625608412482
holdout,2025-12-01,2025-12-02,283.1000061035156,286.19000244140625,0.010914857899228636,0.0,283.1000061035156,-0.003374257850715627,282.1447536853832,0.0012419658259790695,283.45160663643065,0.0014990746691217211,283.5243941514936
holdout,2025-12-02,2025-12-03,286.19000244140625,284.1499938964844,-0.00712816145749029,0.0,286.19000244140625,-0.0048443116585609475,284.80360887601574,0.0012419658259790695,286.5454406441753,0.0016433675458895393,286.66031780337653
holdout,2025-12-03,2025-12-04,284.1499938964844,280.70001220703125,-0.012141410394363561,0.0,284.1499938964844,-0.005301225438631976,282.6436507204532,0.0012419658259790695,284.502898478356,0.0012517416663201367,284.5056762833292
holdout,2025-12-04,2025-12-05,280.70001220703125,278.7799987792969,-0.00684009028940924,0.0,280.70001220703125,-0.004976346088414393,279.3031517992669,0.0012419658259790695,281.04863202954425,0.0009160417844469288,280.95714514710767
holdout,2025-12-05,2025-12-08,278.7799987792969,277.8900146484375,-0.00319242461710445,0.0,278.7799987792969,-0.005827652777988761,277.155365744963,0.0012419658259790695,279.1262340107472,0.0009944130406888017,279.0572212455662
holdout,2025-12-08,2025-12-09,277.8900146484375,277.17999267578125,-0.002555046727945598,0.0,277.8900146484375,-0.006893394112773581,275.9744092574614,0.0012419658259790695,278.2351445500117,0.0009272337526149088,278.1476836495342
holdout,2025-12-09,2025-12-10,277.17999267578125,278.7799987792969,0.00577244442526248,0.0,277.17999267578125,-0.007360282343071511,275.139869669837,0.0012419658259790695,277.5242407543297,0.0008733171833516292,277.4220587262663
holdout,2025-12-10,2025-12-11,278.7799987792969,278.0299987792969,-0.0026902934331158868,0.0,278.7799987792969,-0.0066133191964826005,276.93633766177436,0.0012419658259790695,279.1262340107472,0.0008676515613646416,279.021882680515
holdout,2025-12-11,2025-12-12,278.0299987792969,278.2799987792969,0.0008991835452922814,0.0,278.0299987792969,-0.007072180189208927,276.0637205299241,0.0012419658259790695,278.3753025363778,0.000929425377064314,278.28840691574754
holdout,2025-12-12,2025-12-15,278.2799987792969,274.1099853515625,-0.014984955605960026,0.0,278.2799987792969,-0.0068653699311548595,276.3695036432357,0.0012419658259790695,278.6256130278342,0.0009736262000954006,278.5509394770709
holdout,2025-12-15,2025-12-16,274.1099853515625,274.6099853515625,0.0018240853187405648,0.0,274.1099853515625,-0.0055779599675535065,272.5810108265648,0.0012419658259790695,274.4504205859287,0.0009814902167506912,274.37902162049875
holdout,2025-12-16,2025-12-17,274.6099853515625,271.8399963378906,-0.010086993049891024,0.0,274.6099853515625,-0.005387658956779388,273.1304804043621,0.0012419658259790695,274.95104156884173,0.0009685114232957274,274.8759482593266
holdout,2025-12-17,2025-12-18,271.8399963378906,272.19000244140625,0.001287544541755281,0.0,271.8399963378906,-0.006304753066016714,270.1261122875133,0.0012419658259790695,272.1776123234765,0.0011795646079819802,272.16064917660475
holdout,2025-12-18,2025-12-19,272.19000244140625,273.6700134277344,0.005437418615868328,0.0,272.19000244140625,-0.008009062354967508,270.0100157394543,0.0012419658259790695,272.5280531226116,0.0002646535666828747,272.2620384963678
holdout,2025-12-19,2025-12-22,273.6700134277344,270.9700012207031,-0.009865941003960987,0.0,273.6700134277344,-0.00778907643518144,271.5383767751286,0.0012419658259790695,274.0099022320068,0.00027212076025282287,273.7444847198467
holdout,2025-12-22,2025-12-23,270.9700012207031,272.3599853515625,0.005129660569795913,0.0,270.9700012207031,-0.009551358725008407,268.38186953532824,0.0012419658259790695,271.3065367020847,0.0021357133783812265,271.5487154774502
holdout,2025-12-23,2025-12-24,272.3599853515625,273.80999755859375,0.005323881205087977,0.0,272.3599853515625,-0.008406126256786798,270.07049292740066,0.0012419658259790695,272.69824714573326,0.0003372355953187935,272.4518348333636
holdout,2025-12-24,2025-12-26,273.80999755859375,273.3999938964844,-0.0014974020881820538,0.0,273.80999755859375,-0.00814262009923796,271.58046676910084,0.0012419658259790695,274.1500602183729,0.00041852440055461707,273.9245937236878
holdout,2025-12-26,2025-12-29,273.3999938964844,273.760009765625,0.0013168100847762432,0.0,273.3999938964844,-0.008758759430415907,271.0053491216679,0.0012419658259790695,273.7395473457267,0.0005034809167551676,273.5376455760522
holdout,2025-12-29,2025-12-30,273.760009765625,273.0799865722656,-0.0024840121606569676,0.0,273.760009765625,-0.007743929522566608,271.64003154390286,0.0012419658259790695,274.1000103422736,0.0012246780896285998,274.0952776514015
holdout,2025-12-30,2025-12-31,273.0799865722656,271.8599853515625,-0.004467559984957958,0.0,273.0799865722656,-0.008532945110391542,270.74981003609804,0.0012419658259790695,273.4191425833472,0.001177615544866355,273.40156980944505
holdout,2025-12-31,2026-01-02,271.8599853515625,271.010009765625,-0.0031265196488491354,0.0,271.8599853515625,-0.008656719032586467,269.50656984217096,0.0012419658259790695,272.1976261628203,2.605727009113195e-05,271.8670692806278
holdout,2026-01-02,2026-01-05,271.010009765625,267.260009765625,-0.013837127282653072,0.0,271.010009765625,-0.009474675191829674,268.44227794936114,0.0012419658259790695,271.34659493625213,0.0002862580830793181,271.0875885715158
holdout,2026-01-05,2026-01-06,267.260009765625,262.3599853515625,-0.01833429707033085,0.0,267.260009765625,-0.01005496294407843,264.5727202709976,0.0012419658259790695,267.5919375644047,0.000256907914826916,267.3286709774505
holdout,2026-01-06,2026-01-07,262.3599853515625,260.3299865722656,-0.007737455757884204,0.0,262.3599853515625,-0.009831593782564912,259.78056855078626,0.0012419658259790695,262.6858274874735,-2.324039607004671e-05,262.35388800159
holdout,2026-01-07,2026-01-08,260.3299865722656,259.0400085449219,-0.004955164959399183,0.0,260.3299865722656,-0.00944412352854723,257.8713980208921,0.0012419658259790695,260.65330751906595,0.0003305290460165107,260.41603319437684
holdout,2026-01-08,2026-01-09,259.0400085449219,259.3699951171875,0.00127388264893602,0.0,259.0400085449219,-0.00931754867592903,256.6263906562915,0.0012419658259790695,259.36172738309597,0.0003149265404207697,259.1215871186435
holdout,2026-01-09,2026-01-12,259.3699951171875,260.25,0.0033928553779511983,0.0,259.3699951171875,-0.008967113856965843,257.044194839891,0.0012419658259790695,259.6921237874074,-4.85523184712561e-05,259.3574021025827
holdout,2026-01-12,2026-01-13,260.25,261.04998779296875,0.003073920434077726,0.0,260.25,-0.00808054084871764,258.14703924412123,0.0012419658259790695,260.57322160621106,0.0003523695002124308,260.34170416243023
holdout,2026-01-13,2026-01-14,261.04998779296875,259.9599914550781,-0.004175431483854575,0.0,261.04998779296875,-0.008056967689843889,258.94671647588666,0.0012419658259790695,261.3742029566799,0.00027541840295102323,261.12188576369704
holdout,2026-01-14,2026-01-15,259.9599914550781,258.2099914550781,-0.006731805114335909,0.0,259.9599914550781,-0.007358330197138193,258.04711999990644,0.0012419658259790695,260.28285288058714,0.0003359782785752288,260.0473323655056
holdout,2026-01-15,2026-01-16,258.2099914550781,255.52999877929688,-0.010379120733008063,0.0,258.2099914550781,-0.006715293576317711,256.4760355581188,0.0012419658259790695,258.5306794403917,0.002007758423738319,258.72841474051546
holdout,2026-01-16,2026-01-20,255.52999877929688,246.6999969482422,-0.03455563680678142,0.0,255.52999877929688,-0.005992838019800665,253.99864888741268,0.0012419658259790695,255.84735830529323,0.0017755943990537947,255.98371641391964
holdout,2026-01-20,2026-01-21,246.6999969482422,247.64999389648438,0.0038508186461043703,0.0,246.6999969482422,-0.005456999452545028,245.35375519995276,0.0012419658259790695,247.00638991372102,0.0030030653319423166,247.44085315646774
holdout,2026-01-21,2026-01-22,247.64999389648438,248.35000610351562,0.002826619116832463,0.0,247.64999389648438,-0.00632865927107659,246.08270146662932,0.0012419658259790695,247.95756672570772,0.0027816927946610753,248.3388801001041
holdout,2026-01-22,2026-01-23,248.35000610351562,248.0399932861328,-0.0012482899527435087,0.0,248.35000610351562,-0.0072325576304267565,246.55380037185512,0.0012419658259790695,248.65844832397786,0.002056577685437416,248.86075718424632
holdout,2026-01-23,2026-01-26,248.0399932861328,255.41000366210938,0.02971299216040002,0.0,248.0399932861328,-0.008740554890668576,245.8719861097343,0.0012419658259790695,248.34805048127026,0.001384519369764288,248.38340946131368
holdout,2026-01-26,2026-01-27,255.41000366210938,258.2699890136719,0.01119762464490659,0.0,255.41000366210938,-0.007005791598273478,253.62065440433835,0.0012419658259790695,255.7272141582709,2.1172218701856687e-05,255.41541125856554
holdout,2026-01-27,2026-01-28,258.2699890136719,256.44000244140625,-0.007085556394896275,0.0,258.2699890136719,-0.008335315541752547,256.11722716027793,0.0012419658259790695,258.59075151390283,0.0008657295427229471,258.49358097315974
holdout,2026-01-28,2026-01-29,256.44000244140625,258.2799987792969,0.007175153331668849,0.0,256.44000244140625,-0.0073083382924553145,254.56585215184637,0.0012419658259790695,256.7584921608524,0.0009177332611752465,256.67534596114257
holdout,2026-01-29,2026-01-30,258.2799987792969,259.4800109863281,0.004646167774132071,0.0,258.2799987792969,-0.004847722451791466,257.02792903036584,0.0012419658259790695,258.6007737113147,0.00117430128341905,258.5832973133449
holdout,2026-01-30,2026-02-02,259.4800109863281,270.010009765625,0.04058115590203082,0.0,259.4800109863281,-0.004785273403233139,258.23832819108463,0.0012419658259790695,259.8022762924978,0.0010306282667484695,259.7474384203068
holdout,2026-02-02,2026-02-03,270.010009765625,269.4800109863281,-0.0019628856713753695,0.0,270.010009765625,-0.003922454911677187,268.9509076766178,0.0012419658259790695,270.3453529704262,0.0018821610947071395,270.5182121011873
holdout,2026-02-03,2026-02-04,269.4800109863281,276.489990234375,0.026012984125945104,0.0,269.4800109863281,-0.005175226765836743,268.0853908206137,0.0012419658259790695,269.8146959507576,0.0012914482970857526,269.8280304876151
holdout,2026-02-04,2026-02-05,276.489990234375,275.9100036621094,-0.0020976765624461935,0.0,276.489990234375,-0.0046821486521598735,275.1954229992634,0.0012419658259790695,276.83338135347134,0.0017018976031457503,276.9605478860487
holdout,2026-02-05,2026-02-06,275.9100036621094,278.1199951171875,0.008009827210848641,0.0,275.9100036621094,-0.003906084990175487,274.83227573816555,0.0012419658259790695,276.25267445770345,0.00160711278234808,276.3534221557724
holdout,2026-02-06,2026-02-09,278.1199951171875,274.6199951171875,-0.01258449612198953,0.0,278.1199951171875,-0.00629067973438591,276.3704313001763,0.0012419658259790695,278.4654106466445,0.0016892952017577598,278.58982189045184
holdout,2026-02-09,2026-02-10,274.6199951171875,273.67999267578125,-0.003422920610733904,0.0,274.6199951171875,-0.004304414586372738,273.43791680449544,0.0012419658259790695,274.9610637662536,0.0014052946521744434,275.00591712770586
holdout,2026-02-10,2026-02-11,273.67999267578125,275.5,0.0066501292492171515,0.0,273.67999267578125,-0.005347790828083227,272.21640932111984,0.0012419658259790695,274.01989387393877,0.001144445760075017,273.99320458301645
holdout,2026-02-11,2026-02-12,275.5,261.7300109863281,-0.049981811301894274,0.0,275.5,-0.00531961147758612,274.034447037925,0.0012419658259790695,275.8421615850572,0.0009429020312308067,275.7597695096041
holdout,2026-02-12,2026-02-13,261.7300109863281,255.77999877929688,-0.022733396848946263,0.0,261.7300109863281,-0.005745609764869503,260.2262124794457,0.0012419658259790695,262.05507071560623,0.002002863680496659,262.25422051942866
holdout,2026-02-13,2026-02-17,255.77999877929688,263.8800048828125,0.031667863563111576,0.0,255.77999877929688,-0.0036400086308295515,254.84895737614664,0.0012419658259790695,256.0976687967497,-0.0004301140974617646,255.66998419597314
holdout,2026-02-17,2026-02-18,263.8800048828125,264.3500061035156,0.0017811172199722058,0.0,263.8800048828125,-0.003637249468561574,262.92020747528846,0.0012419658259790695,264.20773483103613,0.0011275848883884798,264.17755198866627
holdout,2026-02-18,2026-02-19,264.3500061035156,260.5799865722656,-0.014261469431454121,0.0,264.3500061035156,-0.007497026464404064,262.3681671118922,-0.0013722367253427073,263.9872553167958,-0.0024937662124523406,263.6907789900331
holdout,2026-02-19,2026-02-20,260.5799865722656,264.5799865722656,0.015350373037534393,0.0,260.5799865722656,-0.0047406429801793454,259.3446698881466,0.0012419658259790695,260.90361801052245,0.0009996045382692168,260.8404635094254
holdout,2026-02-20,2026-02-23,264.5799865722656,266.17999267578125,0.006047343656806037,0.0,264.5799865722656,-0.003309170292934855,263.70444634059555,0.0012419658259790695,264.9085858738264,0.001056223687747911,264.85944222138727
holdout,2026-02-23,2026-02-24,266.17999267578125,272.1400146484375,0.022390946489790453,0.0,266.17999267578125,-0.005247139913683318,264.78330901198825,0.0012419658259790695,266.5105791302439,0.0010427910468706696,266.45756278899967
holdout,2026-02-24,2026-02-25,272.1400146484375,274.2300109863281,0.007679856784716499,0.0,272.1400146484375,-0.006683587742015603,270.32114298242124,0.0012419658259790695,272.4780032465123,0.0017125329166036759,272.60606338144794
holdout,2026-02-25,2026-02-26,274.2300109863281,272.95001220703125,-0.004667610137537803,0.0,274.2300109863281,-0.0044305636793232975,273.0150174598717,0.0012419658259790695,274.570595288431,0.0015177843037060888,274.64623299260836
holdout,2026-02-26,2026-02-27,272.95001220703125,264.17999267578125,-0.03213049693728531,0.0,272.95001220703125,-0.0045618031440406645,271.70486798317927,0.0012419658259790695,273.28900679439295,0.0009154022780391535,273.1998712699964
holdout,2026-02-27,2026-03-02,264.17999267578125,264.7200012207031,0.002044093269336189,0.0,264.17999267578125,-0.006326991668677779,262.50852806309024,0.0012419658259790695,264.50809519859195,0.0013732106342797706,264.5427674510876
holdout,2026-03-02,2026-03-03,264.7200012207031,263.75,-0.0036642536122324376,0.0,264.7200012207031,-0.008117106700537646,262.5712407250282,0.0012419658259790695,265.04877441567237,0.0009544284163672654,264.97265751224893
holdout,2026-03-03,2026-03-04,263.75,262.5199890136719,-0.004663548763329417,0.0,263.75,-0.0079653641716301,261.64913519973254,0.0012419658259790695,264.077568486602,0.0007594399100887748,263.9503022762859
holdout,2026-03-04,2026-03-05,262.5199890136719,260.2900085449219,-0.00849451684471103,0.0,262.5199890136719,-0.00987721750914611,259.9270219816852,0.0012419658259790695,262.84602986866327,0.0003210352204522561,262.604267176218
holdout,2026-03-05,2026-03-06,260.2900085449219,257.4599914550781,-0.010872553678353492,0.0,260.2900085449219,-0.009017651379827516,257.9428039902115,0.0012419658259790695,260.6132798403785,0.0006543536969028459,260.4603302742801
holdout,2026-03-06,2026-03-09,257.4599914550781,259.8800048828125,0.009399570838394267,0.0,257.4599914550781,-0.009762206309225196,254.9466139021223,0.0012419658259790695,257.77974796602217,0.000897644079016235,257.6910988919914
holdout,2026-03-09,2026-03-10,259.8800048828125,260.8299865722656,0.0036554627966916,0.0,259.8800048828125,-0.00879905156766962,257.5933073184424,0.0012419658259790695,260.2027669677322,0.0008813731991584667,260.1090561541134
holdout,2026-03-10,2026-03-11,260.8299865722656,260.80999755859375,-7.663617950748325e-05,0.0,260.8299865722656,-0.00784998974377223,258.7824738528051,0.0012419658259790695,261.15392850197895,0.0008733959617781053,261.0577944292485
holdout,2026-03-11,2026-03-12,260.80999755859375,255.75999450683594,-0.019362766377938656,0.0,260.80999755859375,-0.006747674359374732,259.05013662539903,0.0012419658259790695,261.1339146626352,0.0008241023017533007,261.02493167790203
holdout,2026-03-12,2026-03-13,255.75999450683594,250.1199951171875,-0.022051921765652405,0.0,255.75999450683594,-0.005765029695269026,254.28553054364218,0.0012419658259790695,256.077639679666,0.0007096504717189314,255.94149470758455
holdout,2026-03-13,2026-03-16,250.1199951171875,252.82000732421875,0.01079486750256109,0.0,250.1199951171875,-0.006517466563763856,248.48984641208244,0.0012419658259790695,250.4306356035171,0.0007645497445170277,250.31122429555293
holdout,2026-03-16,2026-03-17,252.82000732421875,254.22999572753906,0.005577044389181385,0.0,252.82000732421875,-0.0064347513224544545,251.1931734477463,0.0012419658259790695,253.1340011334392,0.0003250261036452257,252.90218042612287
holdout,2026-03-17,2026-03-18,254.22999572753906,249.94000244140625,-0.016874457610149385,0.0,254.22999572753906,-0.007772564618047583,252.2539766579008,0.0012419658259790695,254.54574069417146,0.00018812990125158068,254.27782399153048
holdout,2026-03-18,2026-03-19,249.94000244140625,248.9600067138672,-0.0039209238936004365,0.0,249.94000244140625,-0.007914743849195391,247.96179134441525,0.0012419658259790695,250.25041938298358,-0.0003995038703840651,249.84015044306713
holdout,2026-03-19,2026-03-20,248.9600067138672,247.99000549316406,-0.003896213024359163,0.0,248.9600067138672,-0.0065793696749648824,247.32200679541492,0.0012419658259790695,249.2692065342413,0.00018008020022466876,249.0048394817242
holdout,2026-03-20,2026-03-23,247.99000549316406,251.49000549316406,0.01411347200480817,0.0,247.99000549316406,-0.007566977519357433,246.11347069657197,0.0012419658259790695,248.29800060517093,0.00025394889180102445,248.05298228023676
holdout,2026-03-23,2026-03-24,251.49000549316406,251.63999938964844,0.0005964209042432778,0.0,251.49000549316406,-0.008441272786136746,249.36710975380925,0.0012419658259790695,251.80234748556185,0.00012477515784646342,251.52138519829626
holdout,2026-03-24,2026-03-25,251.63999938964844,252.6199951171875,0.00389443542328749,0.0,251.63999938964844,-0.007390937677325444,249.78014383703734,0.0012419658259790695,251.95252766933976,3.052955137224752e-05,251.64768184593711
holdout,2026-03-25,2026-03-26,252.6199951171875,252.88999938964844,0.0010688159198788405,0.0,252.6199951171875,-0.00703686583569383,250.84234210413422,0.0012419658259790695,252.93374051808203,0.0014845382959493066,252.99501917426153
holdout,2026-03-26,2026-03-27,252.88999938964844,248.8000030517578,-0.016173025219509918,0.0,252.88999938964844,-0.006938906428101068,251.13521934728115,0.0012419658259790695,253.20408012662224,0.0009155978398601234,253.12154492681182
holdout,2026-03-27,2026-03-30,248.8000030517578,246.6300048828125,-0.008721857485242457,0.0,248.8000030517578,-0.008255215515595915,246.7461054062846,0.0012419658259790695,249.10900415305156,0.00013668041190293247,248.83400913865637
holdout,2026-03-30,2026-03-31,246.6300048828125,253.7899932861328,0.029031294901536553,0.0,246.6300048828125,-0.0071438081186629785,244.86812745162476,0.0012419658259790695,246.936310920538,0.0003100464836198843,246.70647164858156
holdout,2026-03-31,2026-04-01,253.7899932861328,255.6300048828125,0.007250134541771258,0.0,253.7899932861328,-0.005741861616047311,252.33276626514626,0.0012419658259790695,254.10519178476963,0.0009623871314447302,254.03423750976086
holdout,2026-04-01,2026-04-02,255.6300048828125,255.9199981689453,0.0011344258521832629,0.0,255.6300048828125,-0.0070804640810315875,253.8200258152058,0.0012419658259790695,255.9474886129718,0.0005986993571337799,255.78305040239997
holdout,2026-04-02,2026-04-06,255.9199981689453,258.8599853515625,0.011487914987700076,0.0,255.9199981689453,-0.006779658752637413,254.18494791338426,0.0012419658259790695,256.23784206085577,0.0008930924844096949,256.14855839592013
holdout,2026-04-06,2026-04-07,258.8599853515625,253.5,-0.020706117804507373,0.0,258.8599853515625,-0.0042456519351173234,257.7609559538302,0.0012419658259790695,259.18148060708256,0.001329584721276632,259.2041616330358
holdout,2026-04-07,2026-04-08,253.5,258.8999938964844,0.02130175107094434,0.0,253.5,-0.005605663793401263,252.0789642283728,0.0012419658259790695,253.81483833688569,0.0007681309087796416,253.69472118537564
holdout,2026-04-08,2026-04-09,258.8999938964844,260.489990234375,0.006141353323192211,0.0,258.8999938964844,-0.003797299642240804,257.9168730422851,0.0012419658259790695,259.22153884125,0.001359191752163457,259.25188863282364
holdout,2026-04-09,2026-04-10,260.489990234375,260.4800109863281,-3.8309525974056235e-05,0.0,260.489990234375,-0.0024430562917436096,259.85359852479667,0.0012419658259790695,260.8135099002557,0.0010688746770611925,260.7684213885645
holdout,2026-04-10,2026-04-13,260.4800109863281,259.20001220703125,-0.004914000020385667,0.0,260.4800109863281,-0.003972077348718506,259.4453642348954,0.0012419658259790695,260.8035182583238,0.0007379657177871971,260.6722363046049
holdout,2026-04-13,2026-04-14,259.20001220703125,258.8299865722656,-0.001427567968129817,0.0,259.20001220703125,-0.0032203103503581974,258.36530772490795,0.0012419658259790695,259.52192976428574,0.0010962778424970067,259.4841674371888
holdout,2026-04-14,2026-04-15,258.8299865722656,266.42999267578125,0.029362927395561567,0.0,258.8299865722656,-0.005199341070077088,257.4842411929129,0.0012419658259790695,259.151444570327,0.0011900107164029745,259.137997030013
holdout,2026-04-15,2026-04-16,266.42999267578125,263.3999938964844,-0.011372588907376024,0.0,266.42999267578125,-0.003168201918197724,265.5858886619204,0.0012419658259790695,266.7608896217004,0.0016419174238053787,266.86744872297993
holdout,2026-04-16,2026-04-17,263.3999938964844,270.2300109863281,0.025930209749845057,0.0,263.3999938964844,-0.004647876053794995,262.17574337228314,0.0012419658259790695,263.7271276874669,0.0012135468012661888,263.71964211653096
holdout,2026-04-17,2026-04-20,270.2300109863281,273.04998779296875,0.010435468645202839,0.0,270.2300109863281,-0.0033055443847197752,269.3367536909295,0.0012419658259790695,270.5656274251271,0.0014624182330582366,270.6252002815141
holdout,2026-04-20,2026-04-21,273.04998779296875,266.1700134277344,-0.025196757637106715,0.0,273.04998779296875,-0.0026190473066503516,272.3348569578587,0.0012419658259790695,273.3891065465916,0.001600276198072309,273.48694318931774
holdout,2026-04-21,2026-04-22,266.1700134277344,273.1700134277344,0.026298980526972437,0.0,266.1700134277344,-0.005664638463484998,264.66225653184534,0.0012419658259790695,266.500587488312,0.0009676911568492913,266.4275837959468
holdout,2026-04-22,2026-04-23,273.1700134277344,273.42999267578125,0.0009517122497622044,0.0,273.1700134277344,-0.002256997522681433,272.55346938415715,0.0012419658259790695,273.5092812490939,0.0018970970502728945,273.68824345443113
holdout,2026-04-23,2026-04-24,273.42999267578125,271.05999755859375,-0.008667648687676,0.0,273.42999267578125,-0.0038510317944517223,272.37700508043014,0.0012419658259790695,273.76958338248227,0.0015298299442606457,273.8482940662356
holdout,2026-04-24,2026-04-27,271.05999755859375,267.6099853515625,-0.012727854490168666,0.0,271.05999755859375,-0.005347990014304908,269.6103713983729,0.0012419658259790695,271.3966448123515,0.0007183837830815884,271.25472266508194
holdout,2026-04-27,2026-04-28,267.6099853515625,270.7099914550781,0.011584044965448959,0.0,267.6099853515625,-0.003767322834395142,266.6018121430354,0.0012419658259790695,267.9423478080599,0.000885383740613117,267.8469228814185
holdout,2026-04-28,2026-04-29,270.7099914550781,270.1700134277344,-0.0019946734305643643,0.0,270.7099914550781,-0.005524707995957822,269.21439780070057,0.0012419658259790695,271.0462040132164,0.0008444431984719567,270.9385906661208
holdout,2026-04-29,2026-04-30,270.1700134277344,271.3500061035156,0.004367593060422559,0.0,270.1700134277344,-0.005773315723355595,268.61023664123286,0.0012419658259790695,270.5055553516159,0.0011121638616254151,270.4704867531635
holdout,2026-04-30,2026-05-01,271.3500061035156,280.1400146484375,0.032393618379240596,0.0,271.3500061035156,-0.006777468225288115,269.5109400592173,0.0012419658259790695,271.6870135379754,0.0011858843214342801,271.6717958213749
holdout,2026-05-01,2026-05-04,280.1400146484375,276.8299865722656,-0.011815620415119188,0.0,280.1400146484375,-0.0034167957551873413,279.1828334355286,0.0012419658259790695,280.4879389731201,0.0013472571146503091,280.5174352762708
holdout,2026-05-04,2026-05-05,276.8299865722656,284.17999267578125,0.026550613950909296,0.0,276.8299865722656,-0.005124437205906581,275.41138868936406,0.0012419658259790695,277.1737999551946,0.0013969750768279704,277.2167111640257
holdout,2026-05-05,2026-05-06,284.17999267578125,287.510009765625,0.01171798569803939,0.0,284.17999267578125,-0.004967057538783015,282.7684543007897,0.0012419658259790695,284.53293451511155,0.0017697975460273933,284.6829337294489
holdout,2026-05-06,2026-05-07,287.510009765625,287.44000244140625,-0.00024349525874178823,0.0,287.510009765625,-0.0032070257431144468,286.58795776290356,0.0012419658259790695,287.8670873723808,0.001548709192554689,287.9552791607005
holdout,2026-05-07,2026-05-08,287.44000244140625,293.32000732421875,0.02045645989726541,0.0,287.44000244140625,-0.005170614991836587,285.9537608555292,0.0012419658259790695,287.7969931014578,0.0016338142122363363,287.90962600256023
holdout,2026-05-08,2026-05-11,293.32000732421875,292.67999267578125,-0.0021819672455212213,0.0,293.32000732421875,-0.0035826730579100997,292.2691376366323,0.0012419658259790695,293.68430074939135,0.0016908413523212356,293.81596492206575
holdout,2026-05-11,2026-05-12,292.67999267578125,294.79998779296875,0.007243389265544797,0.0,292.67999267578125,-0.006454170634111831,290.7909860618612,0.0012419658259790695,293.04349122463236,0.0014498649798737385,293.1043391474716
holdout,2026-05-12,2026-05-13,294.79998779296875,298.8699951171875,0.013805995565634221,0.0,294.79998779296875,-0.006625284949847014,292.8468538706289,0.0012419658259790695,295.16611930330663,0.0014314244503095788,295.22197170344657
holdout,2026-05-13,2026-05-14,298.8699951171875,298.2099914550781,-0.00220833028705536,0.0,298.8699951171875,-0.0063121919520994045,296.9834703392848,0.0012419658259790695,299.24118143753356,0.0016438404542792578,299.3612897057314
holdout,2026-05-14,2026-05-15,298.2099914550781,300.2300109863281,0.0067738157309671365,0.0,298.2099914550781,-0.007712582452584427,295.91002230779634,0.0012419658259790695,298.58035807343083,0.0013498261089419348,298.6125230874915
holdout,2026-05-15,2026-05-18,300.2300109863281,297.8399963378906,-0.007960612067346995,0.0,300.2300109863281,-0.006687179061467534,298.2223191432362,0.0012419658259790695,300.6028863999064,0.0017070166259423247,300.7425086066886
holdout,2026-05-18,2026-05-19,297.8399963378906,298.9700012207031,0.003793999787491842,0.0,297.8399963378906,-0.006872351985370182,295.7931350477353,0.0012419658259790695,298.209903434952,0.0015200094516155923,298.2927159473934
holdout,2026-05-19,2026-05-20,298.9700012207031,302.25,0.0109709963070026,0.0,298.9700012207031,-0.0068984963939603405,296.9075577453798,0.0012419658259790695,299.3413117452121,0.0012698064116165129,299.3496352451342
holdout,2026-05-20,2026-05-21,302.25,304.989990234375,0.009065310949131433,0.0,302.25,-0.006471900124476309,300.29386818737703,0.0012419658259790695,302.6253841709022,0.0016665062492162816,302.7537015138256
holdout,2026-05-21,2026-05-22,304.989990234375,308.82000732421875,0.012557845216167651,0.0,304.989990234375,-0.007517048349962155,302.69736573152875,0.0012419658259790695,305.36877737951176,0.0015981347148535576,305.4774053254514
holdout,2026-05-22,2026-05-26,308.82000732421875,308.3299865722656,-0.001586751960143129,0.0,308.82000732421875,-0.006739491887090346,306.738717390286,0.0012419658259790695,309.203551219694,0.0017148604764351128,309.3495905491115
holdout,2026-05-26,2026-05-27,308.3299865722656,310.8500061035156,0.008173125031610828,0.0,308.3299865722656,-0.0074002923049952245,306.04825454523564,0.0012419658259790695,308.71292187871296,0.0015839533120805972,308.8183668757105
holdout,2026-05-27,2026-05-28,310.8500061035156,312.510009765625,0.005340207912225559,0.0,310.8500061035156,-0.007008393397847305,308.67144697301893,0.0012419658259790695,311.23607118810156,0.0017722659422986227,311.40091498249615
holdout,2026-05-28,2026-05-29,312.510009765625,312.05999755859375,-0.001439992937726231,0.0,312.510009765625,-0.006758335481234785,310.3979622783849,0.0012419658259790695,312.8981365180303,0.0016981693389680678,313.04070468232965
holdout,2026-05-29,2026-06-01,312.05999755859375,306.30999755859375,-0.018425943872925732,0.0,312.05999755859375,-0.007478776830859117,309.7261704790146,0.0012419658259790695,312.4475654112166,0.0016163237853577183,312.56438755510635
holdout,2026-06-01,2026-06-02,306.30999755859375,315.20001220703125,0.029022933365852488,0.0,306.30999755859375,-0.00574843291108533,304.54919508763345,0.0012419658259790695,306.69042410771726,0.0010579751576062066,306.6340659265372
holdout,2026-06-02,2026-06-03,315.20001220703125,310.260009765625,-0.015672595971098935,0.0,315.20001220703125,-0.006482589195944324,313.15670001333643,0.0012419658259790695,315.59147985054057,0.001731510083056115,315.74578420634714
holdout,2026-06-03,2026-06-04,310.260009765625,311.2300109863281,0.0031264139436979477,0.0,310.260009765625,-0.006977456969066383,308.09518389826326,0.0012419658259790695,310.64534209492183,0.001159772760656787,310.6198408736723
holdout,2026-06-04,2026-06-05,311.2300109863281,307.3399963378906,-0.012498841728371679,0.0,311.2300109863281,-0.007292491163465512,308.96036888140503,0.0012419658259790695,311.6165480239922,0.0010853017065914766,311.5677894483941
holdout,2026-06-05,2026-06-08,307.3399963378906,301.5400085449219,-0.01887156849768501,0.0,307.3399963378906,-0.004724545398575806,305.88795457239416,0.0012419658259790695,307.7217021102988,0.0010276261786292828,307.65582696386724
holdout,2026-06-08,2026-06-09,301.5400085449219,290.54998779296875,-0.03644631040831148,0.0,301.5400085449219,-0.007006152900150718,299.4273731395434,0.0012419658259790695,301.9145109307001,0.000659204723668539,301.73878514292977
holdout,2026-06-09,2026-06-10,290.54998779296875,291.5799865722656,0.003544996808021894,0.0,290.54998779296875,-0.007139554099825656,288.4755904364172,0.0012419658259790695,290.91084094854625,0.0023953397065912536,291.24595371547883
holdout,2026-06-10,2026-06-11,291.5799865722656,295.6300048828125,0.013889904990249002,0.0,291.5799865722656,-0.00793919615227226,289.2650758647915,0.0012419658259790695,291.9421189511278,0.0009642870000958882,291.8611533628054
holdout,2026-06-11,2026-06-12,295.6300048828125,291.1300048828125,-0.015221729613622226,0.0,295.6300048828125,-0.008027057961894159,293.2569656983431,0.0012419658259790695,295.997167246011,0.00022498222236586805,295.69651637830907
holdout,2026-06-12,2026-06-15,291.1300048828125,296.4200134277344,0.018170605764429082,0.0,291.1300048828125,-0.009719586348049163,288.30034166184606,0.0012419658259790695,291.49157839979404,-6.8268854052929e-05,291.1101297709987
holdout,2026-06-15,2026-06-16,296.4200134277344,299.239990234375,0.009513449426140408,0.0,296.4200134277344,-0.00788439689401163,294.0829203945419,0.0012419658259790695,296.78815695454784,0.001040906146248427,296.72855884158236
holdout,2026-06-16,2026-06-17,299.239990234375,295.95001220703125,-0.010994446379867018,0.0,299.239990234375,-0.007443438576562921,297.01261574741415,0.0012419658259790695,299.6116360760124,0.0008817048573871096,299.5038315872891
holdout,2026-06-17,2026-06-18,295.95001220703125,298.010009765625,0.006960626705947437,0.0,295.95001220703125,-0.00896056801638477,293.29813199320023,0.0012419658259790695,296.31757200839047,0.0001530376784468433,295.99530370983575
holdout,2026-06-18,2026-06-22,298.010009765625,297.010009765625,-0.0033555919842641613,0.0,298.010009765625,-0.006336152163565305,296.1217729974844,0.0012419658259790695,298.3801280135536,0.0013196579289223753,298.4032810379104
holdout,2026-06-22,2026-06-23,297.010009765625,294.29998779296875,-0.00912434558954689,0.0,297.010009765625,-0.007168778833878819,294.88081069416705,0.0012419658259790695,297.3788860477276,0.0009022023600606014,297.2779728973972
holdout,2026-06-23,2026-06-24,294.29998779296875,293.0799865722656,-0.004145434153267291,0.0,294.29998779296875,-0.008588986185645504,291.7722492633793,0.0012419658259790695,294.6654983203937,1.5646573142279807e-05,294.3045925792535
holdout,2026-06-24,2026-06-25,293.0799865722656,275.1499938964844,-0.06117781321571136,0.0,293.0799865722656,-0.009905272562717301,290.1769494225898,0.0012419658259790695,293.44398189986674,0.00024870387560835527,293.15287670078936
holdout,2026-06-25,2026-06-26,275.1499938964844,283.7799987792969,0.03136472859984596,0.0,275.1499938964844,-0.007833720157008867,272.9945458430966,0.0012419658259790695,275.49172078592215,-0.006134770279551617,273.4620118915094
