evaluation,fold,feature_date,target_date,close_current,actual_next_close,actual_next_return,baseline_persistence_predicted_return,baseline_persistence_prediction,ridge_regression_predicted_return,ridge_regression_prediction,decision_tree_predicted_return,decision_tree_prediction,random_forest_predicted_return,random_forest_prediction
walk_forward,1,2015-07-20,2015-07-21,33.01750183105469,32.6875,-0.009994754683235962,0.0,33.01750183105469,0.0036760384923857367,33.13887543870806,0.0013975466674056804,33.06364533070474,0.0018507551172196495,33.078609141526314
walk_forward,1,2015-07-21,2015-07-22,32.6875,31.30500030517578,-0.04229444573076002,0.0,32.6875,0.0035698588790020616,32.80418976210738,0.0013975466674056804,32.73318230669082,0.0017097879451752397,32.743388693457916
walk_forward,1,2015-07-22,2015-07-23,31.30500030517578,31.290000915527344,-0.00047913718262948546,0.0,31.30500030517578,0.0008851845857432944,31.332711008902614,0.0013975466674056804,31.348750504025414,0.0020125059214440777,31.368001803660754
walk_forward,1,2015-07-23,2015-07-24,31.290000915527344,31.125,-0.005273279344823023,0.0,31.290000915527344,0.0006805191564574278,31.31129436055593,0.0013975466674056804,31.333730152029958,0.0014454968406550893,31.33523051299483
walk_forward,1,2015-07-24,2015-07-27,31.125,30.6924991607666,-0.013895609292639333,0.0,31.125,-0.00040916740869652193,31.112264664404318,0.0013975466674056804,31.168498640023,0.001647688893042416,31.176284316795943
walk_forward,1,2015-07-27,2015-07-28,30.6924991607666,30.844999313354492,0.00496864565472821,0.0,30.6924991607666,-0.002389037134515648,30.61917364052044,-0.003333674213395685,30.590180367769683,-0.0021204375887798168,30.62741763185252
walk_forward,1,2015-07-28,2015-07-29,30.844999313354492,30.747499465942383,-0.0031609612443692647,0.0,30.844999313354492,-0.0003494836754489442,30.83421948962524,0.0013975466674056804,30.888106639351,0.001228624928576355,30.882896248432804
walk_forward,1,2015-07-29,2015-07-30,30.747499465942383,30.592500686645508,-0.005041020635468629,0.0,30.747499465942383,-0.0015122005876368045,30.70100307918162,0.0013975466674056804,30.790470531352067,0.0009174875116311752,30.77570991271627
walk_forward,1,2015-07-30,2015-07-31,30.592500686645508,30.325000762939453,-0.008743970505909804,0.0,30.592500686645508,-0.0010711711758973647,30.559730881711353,0.0013975466674056804,30.635255134027734,0.0014009097468902503,30.635358019039177
walk_forward,1,2015-07-31,2015-08-03,30.325000762939453,29.610000610351562,-0.023577910456698215,0.0,30.325000762939453,0.0006302678921892406,30.34411363725095,0.0013975466674056804,30.367381366694772,0.0020175294888055426,30.386182346226736
walk_forward,1,2015-08-03,2015-08-04,29.610000610351562,28.65999984741211,-0.03208378059294381,0.0,29.610000610351562,0.002730462381422356,29.690849603132023,0.0013975466674056804,29.65138196802644,0.00190269760210762,29.666339487511287
walk_forward,1,2015-08-04,2015-08-05,28.65999984741211,28.850000381469727,0.006629467378548304,0.0,28.65999984741211,0.003778945634811709,28.768304428729188,0.0013975466674056804,28.700053534686706,0.003481879154616907,28.759790503452138
walk_forward,1,2015-08-05,2015-08-06,28.850000381469727,28.782499313354492,-0.0023397250337158226,0.0,28.850000381469727,0.0008233253754446853,28.873753318865376,0.0013975466674056804,28.8903196033575,0.0023262620268328,28.91711304183125
walk_forward,1,2015-08-06,2015-08-07,28.782499313354492,28.8799991607666,0.003387469807629717,0.0,28.782499313354492,-0.0002441592804235343,28.77547179903335,0.0013975466674056804,28.822724199349476,0.0028082107127457845,28.863326636265853
walk_forward,1,2015-08-07,2015-08-10,28.8799991607666,29.93000030517578,0.0363573814030993,0.0,28.8799991607666,-0.0010385459956953364,28.850005953282505,0.0013975466674056804,28.92036030734841,0.002884936273883389,28.96331611793522
walk_forward,1,2015-08-10,2015-08-11,29.93000030517578,28.372499465942383,-0.052038116383315236,0.0,29.93000030517578,-0.0005211228833901002,29.91440309711688,0.0013975466674056804,29.97182887735773,0.0005028520438251418,29.945050667000924
walk_forward,1,2015-08-11,2015-08-12,28.372499465942383,28.809999465942383,0.015419861070934626,0.0,28.372499465942383,-0.000453128512351295,28.359643077467695,0.0013975466674056804,28.41215135801698,0.0002006206301290159,28.378191574663575
walk_forward,1,2015-08-12,2015-08-13,28.809999465942383,28.787500381469727,-0.0007809470631630067,0.0,28.809999465942383,0.0007057347753641888,28.830331684443724,0.0013975466674056804,28.85026278468397,-0.00016640303394955082,28.805205394623165
walk_forward,1,2015-08-13,2015-08-14,28.787500381469727,28.989999771118164,0.007034281787757557,0.0,28.787500381469727,0.002476869579571212,28.85880326543648,0.0013975466674056804,28.827732256690787,-0.0005945903664304771,28.770383611069292
walk_forward,1,2015-08-14,2015-08-17,28.989999771118164,29.290000915527344,0.010348435556321034,0.0,28.989999771118164,-0.0016120296676764903,28.943267031421186,-0.003333674213395685,28.89335655643484,-0.003468628626585512,28.889444228027358
walk_forward,1,2015-08-17,2015-08-18,29.290000915527344,29.125,-0.005633353034136368,0.0,29.290000915527344,0.0009508982282045817,29.317852725502025,0.0013975466674056804,29.330935058695147,0.000768266029453384,29.312503428233406
walk_forward,1,2015-08-18,2015-08-19,29.125,28.752500534057617,-0.012789681234073202,0.0,29.125,-0.0035317074346693025,29.022139020965255,0.0013975466674056804,29.16570354668819,0.0009685149687179578,29.153207998463913
walk_forward,1,2015-08-19,2015-08-20,28.752500534057617,28.162500381469727,-0.020519959712339775,0.0,28.752500534057617,-0.0009067386271882757,28.726429531195137,0.0013975466674056804,28.79268349535857,-0.0003797887570745166,28.741580657617003
walk_forward,1,2015-08-20,2015-08-21,28.162500381469727,26.440000534057617,-0.061162887672625676,0.0,28.162500381469727,-0.0016052525904156373,28.11729245477979,0.0013975466674056804,28.20185879002366,0.001832154186017972,28.214098424432372
walk_forward,1,2015-08-21,2015-08-24,26.440000534057617,25.780000686645508,-0.024962172242090408,0.0,26.440000534057617,0.0012536770004576215,26.47314775461925,0.0013975466674056804,26.476951668690194,0.001117062509668961,26.469535667409843
walk_forward,1,2015-08-24,2015-08-25,25.780000686645508,25.934999465942383,0.006012365212122228,0.0,25.780000686645508,0.0036010933174803186,25.872836874842825,0.0013975466674056804,25.816029440690844,0.006468977309057002,25.94677092611489
walk_forward,1,2015-08-25,2015-08-26,25.934999465942383,27.422500610351562,0.05735497108309384,0.0,25.934999465942383,-0.001130942011904032,25.90566848546764,0.0013975466674056804,25.971244838015178,0.0019137328343588023,25.984632125979434
walk_forward,1,2015-08-26,2015-08-27,27.422500610351562,28.229999542236328,0.02944658269348155,0.0,27.422500610351562,-0.004797768748335384,27.29093379392201,-0.003333674213395685,27.331082927200004,-0.0039647176698193514,27.313778137631072
walk_forward,1,2015-08-27,2015-08-28,28.229999542236328,28.322500228881836,0.0032766804160628826,0.0,28.229999542236328,-0.002612997387167539,28.156234627192724,-0.0044984186790446665,28.10300918498611,-0.0002487830699876917,28.22297639628446
walk_forward,1,2015-08-28,2015-08-31,28.322500228881836,28.190000534057617,-0.004678248521615469,0.0,28.322500228881836,-0.0013321583299312487,28.28477017427745,0.0013975466674056804,28.362082244689304,0.001332630247261467,28.36024364936491
walk_forward,1,2015-08-31,2015-09-01,28.190000534057617,26.93000030517578,-0.044696708230266724,0.0,28.190000534057617,0.003186028330442488,28.279814674394316,0.0013975466674056804,28.229397375358154,0.0012908356020315396,28.22638919036827
walk_forward,1,2015-09-01,2015-09-02,26.93000030517578,28.084999084472656,0.042888925592581284,0.0,26.93000030517578,0.00423491061945948,27.044046449450217,0.0013975466674056804,26.967636237355514,0.0014449555504536813,26.968912958590465
walk_forward,1,2015-09-02,2015-09-03,28.084999084472656,27.592500686645508,-0.017535994797287957,0.0,28.084999084472656,0.002729566364379275,28.161658953317257,0.0013975466674056804,28.124249181347253,0.0015941156765220945,28.12976982178832
walk_forward,1,2015-09-03,2015-09-04,27.592500686645508,27.3174991607666,-0.009966531450047333,0.0,27.592500686645508,0.0008222120267408601,27.615187572557925,0.0013975466674056804,27.631062494025517,0.003432918324748686,27.687223487878338
walk_forward,1,2015-09-04,2015-09-08,27.3174991607666,28.077499389648438,0.02782100310168034,0.0,27.3174991607666,-0.0033466770152474536,27.22607631421122,-0.003333674213395685,27.226431518239895,-0.003506561514275277,27.221708669543208
walk_forward,1,2015-09-08,2015-09-09,28.077499389648438,27.537500381469727,-0.019232446618013155,0.0,28.077499389648438,0.00030114502809439904,28.08595478899095,0.0013975466674056804,28.116739005349526,0.0012214239429111063,28.111793919660027
walk_forward,1,2015-09-09,2015-09-10,27.537500381469727,28.142499923706055,0.0219700239257532,0.0,27.537500381469727,-0.004355764689241469,27.417553509678147,0.0013975466674056804,27.57598532335653,0.0005795404889894944,27.55345947790635
walk_forward,1,2015-09-10,2015-09-11,28.142499923706055,28.552499771118164,0.014568707418445959,0.0,28.142499923706055,-0.0007660050104685903,28.120942627757383,0.0013975466674056804,28.181830380686893,0.0015098026000421715,28.184989543262553
walk_forward,1,2015-09-11,2015-09-14,28.552499771118164,28.827499389648438,0.00963136750668836,0.0,28.552499771118164,0.0016477476528385011,28.599547085598694,0.0013975466674056804,28.592403222019392,0.0011806942983281301,28.58621154480094
walk_forward,1,2015-09-14,2015-09-15,28.827499389648438,29.06999969482422,0.008412117259912533,0.0,28.827499389648438,0.0012439423078344856,28.863359135768295,0.0013975466674056804,28.86778716535008,0.00082887015441087,28.85139364351881
walk_forward,1,2015-09-15,2015-09-16,29.06999969482422,29.102500915527344,0.001118033059660295,0.0,29.06999969482422,0.0035616155161465454,29.173535856791684,0.0013975466674056804,29.110626376019205,0.0018335539281743134,29.123301106956692
walk_forward,1,2015-09-16,2015-09-17,29.102500915527344,28.479999542236328,-0.021389961470936192,0.0,29.102500915527344,0.0012040826742508268,29.137542732657096,0.0013975466674056804,29.14317301869501,0.001845995572031612,29.156224003352452
walk_forward,1,2015-09-17,2015-09-18,28.479999542236328,28.362499237060547,-0.004125713028946043,0.0,28.479999542236328,0.004118501767989658,28.597294470703375,0.0013975466674056804,28.519801670684295,0.0011942158068706697,28.514010807869337
walk_forward,1,2015-09-18,2015-09-21,28.362499237060547,28.802499771118164,0.015513461291968289,0.0,28.362499237060547,0.002701782555422074,28.43912854272741,0.0013975466674056804,28.402137153348598,0.0011767337814972477,28.395874348040483
walk_forward,1,2015-09-21,2015-09-22,28.802499771118164,28.350000381469727,-0.015710420735848163,0.0,28.802499771118164,0.0018344345853902547,28.855336072843997,0.0013975466674056804,28.842752608686244,0.0010815817553543408,28.833652029379206
walk_forward,1,2015-09-22,2015-09-23,28.350000381469727,28.579999923706055,0.008112858523510402,0.0,28.350000381469727,-0.00017600135322733699,28.345010743038593,0.0013975466674056804,28.389620830023798,0.0007243800357633036,28.370536555759944
walk_forward,1,2015-09-23,2015-09-24,28.579999923706055,28.75,0.005948218220705348,0.0,28.579999923706055,-0.00025355066297666983,28.572753445777526,0.0013975466674056804,28.619941807353886,0.0013267024332384377,28.61791707914679
walk_forward,1,2015-09-24,2015-09-25,28.75,28.677499771118164,-0.0025217470915420703,0.0,28.75,0.0013326276645380067,28.78831304535547,0.0013975466674056804,28.790179466687913,0.0014489444568615316,28.791657153134768
walk_forward,1,2015-09-25,2015-09-28,28.677499771118164,28.110000610351562,-0.019789004107608532,0.0,28.677499771118164,0.0002481490617769097,28.684616065780475,0.0013975466674056804,28.717577915352816,0.0010676218663306662,28.7081164969455
walk_forward,1,2015-09-28,2015-09-29,28.110000610351562,27.264999389648438,-0.0300605194719189,0.0,28.110000610351562,0.0016107580323820507,28.155279019624952,0.0013975466674056804,28.14928564802533,0.0012728947616965113,28.145781682879765
walk_forward,1,2015-09-29,2015-09-30,27.264999389648438,27.575000762939453,0.011369938757772813,0.0,27.264999389648438,0.0018128887521842577,27.31442780037024,0.0013975466674056804,27.30310349868226,0.0017610649518088307,27.313014824484632
walk_forward,1,2015-09-30,2015-10-01,27.575000762939453,27.395000457763672,-0.006527662745079543,0.0,27.575000762939453,0.0012606448148827908,27.609763044671645,0.0013975466674056804,27.613538113359407,0.0012218591876111849,27.608693530970037
walk_forward,1,2015-10-01,2015-10-02,27.395000457763672,27.594999313354492,0.007300560403317613,0.0,27.395000457763672,-0.0018169870121762255,27.345224097733354,0.0013975466674056804,27.433286249356996,0.00039403913603880907,27.405795160075833
walk_forward,1,2015-10-02,2015-10-05,27.594999313354492,27.69499969482422,0.0036238588134818173,0.0,27.594999313354492,-0.001981174495418912,27.540328804513774,0.0013975466674056804,27.633564612681933,0.0006490336858465494,27.612909397469767
walk_forward,1,2015-10-05,2015-10-06,27.69499969482422,27.827499389648438,0.004784246119669877,0.0,27.69499969482422,0.0004508875834378192,27.70748702630993,0.0013975466674056804,27.73370474935152,0.000764097572934101,27.716161376873448
walk_forward,1,2015-10-06,2015-10-07,27.827499389648438,27.69499969482422,-0.004761466093985645,0.0,27.827499389648438,-0.0019979985658117117,27.771900085777794,0.0013975466674056804,27.866389618682675,0.0007454817341678227,27.84824428215099
walk_forward,1,2015-10-07,2015-10-08,27.69499969482422,27.375,-0.0115544213161346,0.0,27.69499969482422,-0.0010310705277399898,27.66644419687312,0.0013975466674056804,27.73370474935152,0.0013590468885869519,27.732638497988884
walk_forward,1,2015-10-08,2015-10-09,27.375,28.030000686645508,0.023926965722210314,0.0,27.375,-0.0008613155365216811,27.351421487187718,0.0013975466674056804,27.41325784002023,0.001358457338266423,27.41218776963504
walk_forward,1,2015-10-09,2015-10-12,28.030000686645508,27.899999618530273,-0.004637925969697587,0.0,28.030000686645508,0.0013226696508022466,28.0670751178657,0.0013975466674056804,28.069173920692506,0.001471066322674944,28.071234676680188
walk_forward,1,2015-10-12,2015-10-13,27.899999618530273,27.947500228881836,0.0017025308602518496,0.0,27.899999618530273,-0.0009359238690608781,27.873887342940503,0.0013975466674056804,27.93899117001777,0.0010175143613384934,27.928388268823465
walk_forward,1,2015-10-13,2015-10-14,27.947500228881836,27.552499771118164,-0.014133659702253665,0.0,27.947500228881836,-0.0018883985120243891,27.894724211034813,0.0013975466674056804,27.98655816468903,0.0013010397027936294,27.98386103627345
walk_forward,1,2015-10-14,2015-10-15,27.552499771118164,27.96500015258789,0.014971432171179133,0.0,27.552499771118164,-8.367851164633078e-05,27.55019421894518,0.0013975466674056804,27.591005675351987,0.0008113630496123794,27.574854851356907
walk_forward,1,2015-10-15,2015-10-16,27.96500015258789,27.760000228881836,-0.007330589042999991,0.0,27.96500015258789,-0.0007497193298240804,27.944034251414962,0.0013975466674056804,28.00408254535514,0.0014034576747783733,28.004247846677217
walk_forward,1,2015-10-16,2015-10-19,27.760000228881836,27.9325008392334,0.0062139988807381474,0.0,27.760000228881836,-0.000978335197446858,27.732841643576787,0.0013975466674056804,27.79879612468889,0.0011071898139515181,27.790735818370543
walk_forward,1,2015-10-19,2015-10-20,27.9325008392334,28.4424991607666,0.018258240623298283,0.0,27.9325008392334,-0.0012895110711609893,27.89648157015599,0.0013975466674056804,27.971537812693576,0.0010578890994751347,27.962050327392305
walk_forward,1,2015-10-20,2015-10-21,28.4424991607666,28.440000534057617,-8.78483530881713e-05,0.0,28.4424991607666,0.0030002564822954473,28.527833953246375,0.0013975466674056804,28.482248880681418,0.0013823505965951154,28.481816666450143
walk_forward,1,2015-10-21,2015-10-22,28.440000534057617,28.875,0.015295339584169731,0.0,28.440000534057617,0.0006832807901496192,28.459433040094382,0.0013975466674056804,28.479746762025005,0.0014079119096186176,28.48004154951908
walk_forward,1,2015-10-22,2015-10-23,28.875,29.770000457763672,0.03099568684895826,0.0,28.875,0.003300862350854661,28.970312400380926,0.0013975466674056804,28.915354160021337,0.0021615265635088286,28.937414079521318
walk_forward,1,2015-10-23,2015-10-26,29.770000457763672,28.81999969482422,-0.03191134525803152,0.0,29.770000457763672,0.005411198034467466,29.93109182572682,0.0013975466674056804,29.811605422692086,0.002026700533017795,29.830335333559365
walk_forward,1,2015-10-26,2015-10-27,28.81999969482422,28.637500762939453,-0.006332371055421615,0.0,28.81999969482422,0.002991294814943291,28.906208810478013,0.0013975466674056804,28.860276989352354,0.0017645855045030337,28.870855048525485
walk_forward,1,2015-10-27,2015-10-28,28.637500762939453,29.8174991607666,0.041204657054229266,0.0,28.637500762939453,0.00397186147800439,28.751244949046097,0.0013975466674056804,28.677523006693526,0.001383464155244796,28.677119718740776
walk_forward,1,2015-10-28,2015-10-29,29.8174991607666,30.13249969482422,0.010564284159420456,0.0,29.8174991607666,0.005023272956654242,29.96728059793594,0.0013975466674056804,29.859170507349102,0.002380938952133345,29.888492805973677
walk_forward,1,2015-10-29,2015-10-30,30.13249969482422,29.875,-0.0085455802682195,0.0,30.13249969482422,0.0015112774615505668,30.178038262473187,0.0013975466674056804,30.17461126935332,0.001847288574291345,30.188163117225304
walk_forward,1,2015-10-30,2015-11-02,29.875,30.295000076293945,0.014058579959630002,0.0,29.875,0.00182416563649661,29.929496948390334,0.0013975466674056804,29.916751706688743,0.0023074646604891846,29.943935506732117
walk_forward,1,2015-11-02,2015-11-03,30.295000076293945,30.642499923706055,0.011470534627396445,0.0,30.295000076293945,0.003965928521484008,30.415147881154876,0.0013975466674056804,30.337338752689625,0.0016022016543574484,30.343538775534945
walk_forward,1,2015-11-03,2015-11-04,30.642499923706055,30.5,-0.004650401372631174,0.0,30.642499923706055,0.00272146688932063,30.725892472654433,0.0013975466674056804,30.685324247355407,0.002048216404298003,30.705262394718492
walk_forward,1,2015-11-04,2015-11-05,30.5,30.229999542236328,-0.008852474025038415,0.0,30.5,0.000504811302559041,30.515396744728047,0.0013975466674056804,30.542625173355873,0.0021149046619932483,30.564504592190794
walk_forward,1,2015-11-05,2015-11-06,30.229999542236328,30.264999389648438,0.0011577852445285863,0.0,30.229999542236328,0.002573586683933378,30.30779906651354,0.0013975466674056804,30.272247377352254,0.0015624515363246187,30.277232451464187
walk_forward,1,2015-11-06,2015-11-09,30.264999389648438,30.142499923706055,-0.004047562148118855,0.0,30.264999389648438,0.004151475136974525,30.39064378213511,0.0013975466674056804,30.307296138684475,0.001320179500959167,30.304954621439194
walk_forward,1,2015-11-09,2015-11-10,30.142499923706055,29.1924991607666,-0.031516986492295174,0.0,30.142499923706055,0.0008666818163473348,30.168623880289186,0.0013975466674056804,30.184625474021704,0.0013982050309045244,30.184645318743417
walk_forward,1,2015-11-10,2015-11-11,29.1924991607666,29.02750015258789,-0.005652102866220532,0.0,29.1924991607666,0.00021610545898312502,29.198807819196603,0.0013975466674056804,29.233297040681972,0.0011927746025089008,29.227319232349327
walk_forward,1,2015-11-11,2015-11-12,29.02750015258789,28.93000030517578,-0.003358878542746857,0.0,29.02750015258789,0.0022677108722123397,29.093326130277063,0.0013975466674056804,29.06806743868926,0.00132850252131476,29.066063259728068
walk_forward,1,2015-11-12,2015-11-13,28.93000030517578,28.084999084472656,-0.029208476038347975,0.0,28.93000030517578,0.0017931088523867632,28.981874944822547,0.0013975466674056804,28.970431330690325,0.0012773497572737408,28.96695403404353
walk_forward,1,2015-11-13,2015-11-16,28.084999084472656,28.545000076293945,0.016378885768794982,0.0,28.084999084472656,-0.0010491775399630884,28.055532934223343,0.0013975466674056804,28.124249181347253,0.0006398186170632008,28.102968389747108
walk_forward,1,2015-11-16,2015-11-17,28.545000076293945,28.422500610351562,-0.004291450888595949,0.0,28.545000076293945,0.0003065355120668064,28.55375013250928,0.0013975466674056804,28.584893046021666,0.0014210192779850251,28.585563071692444
walk_forward,1,2015-11-17,2015-11-18,28.422500610351562,29.322500228881836,0.03166503999308534,0.0,28.422500610351562,0.0005165989774731309,28.4371836451041,0.0013975466674056804,28.462222381358895,0.0007049680284536707,28.442537564570564
walk_forward,1,2015-11-18,2015-11-19,29.322500228881836,29.69499969482422,0.012703536977910268,0.0,29.322500228881836,-0.0007711784471834222,29.29988734868779,0.0013975466674056804,29.36347979135671,0.0012828310163023498,29.360116041650983
walk_forward,1,2015-11-19,2015-11-20,29.69499969482422,29.825000762939453,0.004377877401961827,0.0,29.69499969482422,0.001151835759482987,29.729203457350557,0.0013975466674056804,29.73649984268633,0.001444769429439439,29.737902122590516
walk_forward,1,2015-11-20,2015-11-23,29.825000762939453,29.4375,-0.012992481241474452,0.0,29.825000762939453,0.0004134857829081139,29.837332976730153,0.0013975466674056804,29.86668259336107,0.0014818087502014808,29.869195710044746
walk_forward,1,2015-11-23,2015-11-24,29.4375,29.719999313354492,0.00959657964686178,0.0,29.4375,0.003153994428969237,29.530345711002777,0.0013975466674056804,29.478640280021754,0.0012304079171148936,29.473720133060066
walk_forward,1,2015-11-24,2015-11-25,29.719999313354492,29.50749969482422,-0.007150054624489477,0.0,29.719999313354492,0.00036123781038872177,29.730735300831203,0.0013975466674056804,29.761534399350168,0.0015340854230244646,29.765592331073403
walk_forward,1,2015-11-25,2015-11-27,29.50749969482422,29.452499389648438,-0.0018639432600054961,0.0,29.50749969482422,0.00022196187426960453,29.51404923476149,0.0013975466674056804,29.548737802686194,0.0009831086717527286,29.53650877365594
walk_forward,1,2015-11-27,2015-11-30,29.452499389648438,29.575000762939453,0.004159286166866671,0.0,29.452499389648438,-0.0014244839942848975,29.4105447756762,0.0013975466674056804,29.493660632017207,0.0007936693506314165,29.47587493571349
walk_forward,1,2015-11-30,2015-12-01,29.575000762939453,29.334999084472656,-0.008115018504667115,0.0,29.575000762939453,-0.0010393693593628137,29.544261413343325,0.0013975466674056804,29.616333206694218,0.0007871542435845114,29.598280850294014
walk_forward,1,2015-12-01,2015-12-02,29.334999084472656,29.06999969482422,-0.009033557113308555,0.0,29.334999084472656,-0.0024943573536040887,29.261827113788335,0.0013975466674056804,29.37599611468151,0.0010940490975468707,29.36709301374756
walk_forward,1,2015-12-02,2015-12-03,29.06999969482422,28.799999237060547,-0.009287941541043176,0.0,29.06999969482422,-0.0023862385455970837,29.000631741031935,0.0013975466674056804,29.110626376019205,0.001200747806554882,29.104905433194332
walk_forward,1,2015-12-03,2015-12-04,28.799999237060547,29.75749969482422,0.03324654455308229,0.0,28.799999237060547,-0.0012227520774961388,28.764783978161546,0.0013975466674056804,28.840248580015587,0.0012180862574712407,28.835080120346394
walk_forward,1,2015-12-04,2015-12-07,29.75749969482422,29.56999969482422,-0.006300932602634313,0.0,29.75749969482422,0.0012202425674819296,29.79381106265367,0.0013975466674056804,29.799087189353045,0.001450531899182274,29.800663897371464
walk_forward,1,2015-12-07,2015-12-08,29.56999969482422,29.5575008392334,-0.000422687038208136,0.0,29.56999969482422,0.001042091460268282,29.60081433898633,0.0013975466674056804,29.611325149352908,0.0011750944525623307,29.604747237427876
walk_forward,1,2015-12-08,2015-12-09,29.5575008392334,28.905000686645508,-0.022075619861669393,0.0,29.5575008392334,0.0012360520458203248,29.59403544861507,0.0013975466674056804,29.598808826028108,0.001348446372398661,29.597357544017235
walk_forward,1,2015-12-09,2015-12-10,28.905000686645508,29.042499542236328,0.00475692275815609,0.0,28.905000686645508,0.0033378561244897242,29.001481420215807,0.0013975466674056804,28.945396774026488,0.0012829838411725716,28.942085335455555
walk_forward,1,2015-12-10,2015-12-11,29.042499542236328,28.295000076293945,-0.02573812439439993,0.0,29.042499542236328,0.001296928163353084,29.080165577826822,0.0013975466674056804,29.08308779068471,0.001214184482851652,29.07776249452374
walk_forward,1,2015-12-11,2015-12-14,28.295000076293945,28.1200008392334,-0.0061848113302238605,0.0,28.295000076293945,-0.00028334303195062913,28.286982885183285,0.0013975466674056804,28.334543659354814,0.0006765033147964136,28.314141737637723
walk_forward,1,2015-12-14,2015-12-15,28.1200008392334,27.622499465942383,-0.017692082448194535,0.0,28.1200008392334,-0.0021468113415732118,28.059632502506684,0.0013975466674056804,28.159299852693714,0.0010062515288526471,28.148296633069215
walk_forward,1,2015-12-15,2015-12-16,27.622499465942383,27.834999084472656,0.007692990230383723,0.0,27.622499465942383,-0.0006276269100360607,27.605162841955103,0.0013975466674056804,27.661103198016423,0.0008597485004205651,27.64624786843609
walk_forward,1,2015-12-16,2015-12-17,27.834999084472656,27.2450008392334,-0.021196273204419858,0.0,27.834999084472656,-0.0035640519494380164,27.735793701723036,0.0013975466674056804,27.8738997946804,0.00034798502016840675,27.844685247190455
walk_forward,1,2015-12-17,2015-12-18,27.2450008392334,26.50749969482422,-0.027069228177345583,0.0,27.2450008392334,-0.002309789623219774,27.18207061901032,0.0013975466674056804,27.283076999359732,0.001119946036438828,27.275513769936072
walk_forward,1,2015-12-18,2015-12-21,26.50749969482422,26.832500457763672,0.012260709862534247,0.0,26.50749969482422,-0.00015331960563786545,26.50343557542456,0.0013975466674056804,26.544545162683978,0.001807572642049952,26.55541392608173
walk_forward,1,2015-12-21,2015-12-22,26.832500457763672,26.8075008392334,-0.000931691721001715,0.0,26.832500457763672,0.0016316155510118916,26.87628078278309,0.0013975466674056804,26.87000012935658,0.0016662164978542846,26.87720921270508
walk_forward,1,2015-12-22,2015-12-23,26.8075008392334,27.15250015258789,0.012869506763180993,0.0,26.8075008392334,-0.000423061766645203,26.79615961056901,0.0013975466674056804,26.844965572692743,0.0008608325087091333,26.83057760743306
walk_forward,1,2015-12-23,2015-12-24,27.15250015258789,27.00749969482422,-0.005340224912947944,0.0,27.15250015258789,-0.0012998256016898268,27.11720663773967,0.0013975466674056804,27.19044703868787,0.0004912632927456638,27.165839179219127
walk_forward,1,2015-12-24,2015-12-28,27.00749969482422,26.704999923706055,-0.011200584079841147,0.0,27.00749969482422,0.0013978851778148587,27.045253078337453,0.0013975466674056804,27.04524393601768,0.0002659584043871853,27.014682566349542
walk_forward,1,2015-12-28,2015-12-29,26.704999923706055,27.184999465942383,0.017974145051774748,0.0,26.704999923706055,-8.170480291964173e-05,26.70281799695032,0.0013975466674056804,26.7423214073525,0.0005857394036883015,26.72064209443686
walk_forward,1,2015-12-29,2015-12-30,27.184999465942383,26.829999923706055,-0.01305865547950713,0.0,27.184999465942383,0.0003677398145925622,27.194996472605684,0.0013975466674056804,27.222991771349434,0.0008384437193734974,27.207792558005778
walk_forward,1,2015-12-30,2015-12-31,26.829999923706055,26.315000534057617,-0.019194908353070916,0.0,26.829999923706055,-0.0013341181377872137,26.79420553417101,0.0013975466674056804,26.867496100685923,0.0006550980893342337,26.847576205392915
walk_forward,1,2015-12-31,2016-01-04,26.315000534057617,26.337499618530273,0.0008549908423347574,0.0,26.315000534057617,0.00031564435695928257,26.32330671547957,0.0013975466674056804,26.351776975356767,0.0005951978922716489,26.330663166910615
walk_forward,1,2016-01-04,2016-01-05,26.337499618530273,25.677499771118164,-0.025059320625400394,0.0,26.337499618530273,0.0005521160263460146,26.352040974163543,0.0013975466674056804,26.374307503349947,0.00095047052045385,26.362532635500152
walk_forward,1,2016-01-05,2016-01-06,25.677499771118164,25.174999237060547,-0.019569683128683124,0.0,25.677499771118164,-0.0020038600355054975,25.62604565551512,0.0013975466674056804,25.7133852753506,0.0005885436521166856,25.692612100610685
walk_forward,1,2016-01-06,2016-01-07,25.174999237060547,24.112499237060547,-0.042204569302861206,0.0,25.174999237060547,-0.0017438686453634538,25.131097345243987,0.0013975466674056804,25.21018247334624,0.0012532630017341312,25.20655013217304
walk_forward,1,2016-01-07,2016-01-08,24.112499237060547,24.239999771118164,0.005287736157256084,0.0,24.112499237060547,0.001030875460338679,24.13735622081147,0.0013975466674056804,24.14619758001212,0.0016352647667064926,24.151929557500146
walk_forward,1,2016-01-08,2016-01-11,24.239999771118164,24.63249969482422,0.016192241229874726,0.0,24.239999771118164,0.0007983495056704934,24.25935176295289,0.0013975466674056804,24.273876302016205,0.0009665462904371928,24.263428852977135
walk_forward,1,2016-01-11,2016-01-12,24.63249969482422,24.989999771118164,0.014513349466074077,0.0,24.63249969482422,-0.0009926900134157514,24.608047258371702,0.0013975466674056804,24.66692476268259,0.0009802037162768972,24.656644562566274
walk_forward,1,2016-01-12,2016-01-13,24.989999771118164,24.34749984741211,-0.025710281296145276,0.0,24.989999771118164,-0.0026751437170835415,24.92314793024054,-0.003333674213395685,24.90669125328842,-0.002462491106144151,24.92846211893924
walk_forward,1,2016-01-13,2016-01-14,24.34749984741211,24.8799991607666,0.021870800562345583,0.0,24.34749984741211,0.002399010226332172,24.405909748531673,0.0013975466674056804,24.38152661468352,0.0008703082424010716,24.368689677211172
walk_forward,1,2016-01-14,2016-01-15,24.8799991607666,24.282499313354492,-0.024015267989008215,0.0,24.8799991607666,0.001550872362156781,24.918584863835516,0.0013975466674056804,24.914770120678785,0.000678906760797546,24.896890360405482
walk_forward,1,2016-01-15,2016-01-19,24.282499313354492,24.165000915527344,-0.004838809889825768,0.0,24.282499313354492,0.0019204488024344858,24.32913261008094,0.0013975466674056804,24.316435239346152,0.0009867759061972174,24.306460698619162
walk_forward,1,2016-01-19,2016-01-20,24.165000915527344,24.197500228881836,0.0013448918735032844,0.0,24.165000915527344,0.0007951741365952879,24.184216299266172,0.0013975466674056804,24.198772632024692,0.0015294430589974037,24.201959908448263
walk_forward,1,2016-01-20,2016-01-21,24.197500228881836,24.075000762939453,-0.005062484338616446,0.0,24.197500228881836,0.003148784094881424,24.273692932738427,0.0013975466674056804,24.23131736468626,0.0003997632152384374,24.207173499374065
walk_forward,1,2016-01-21,2016-01-22,24.075000762939453,25.354999542236328,0.053167133488414065,0.0,24.075000762939453,-0.0009534198258321525,24.05204717990514,0.0013975466674056804,24.10864670002349,0.0006261936075934436,24.090076374520017
walk_forward,1,2016-01-22,2016-01-25,25.354999542236328,24.860000610351562,-0.019522734798720687,0.0,25.354999542236328,-0.0022215694066553,25.298671650947536,0.0013975466674056804,25.39043433734865,0.004197578377754357,25.461429140082792
walk_forward,1,2016-01-25,2016-01-26,24.860000610351562,24.997499465942383,0.005530927281376163,0.0,24.860000610351562,-0.0034956564212452797,24.773098589585825,0.0013975466674056804,24.894743621356263,0.001469484196453688,24.896531988372306
walk_forward,1,2016-01-26,2016-01-27,24.997499465942383,23.354999542236328,-0.0657065690087868,0.0,24.997499465942383,-0.0007955149175210062,24.977613582216502,0.0013975466674056804,25.032434638014486,0.0015632577886649957,25.036577001679667
walk_forward,1,2016-01-27,2016-01-28,23.354999542236328,23.522499084472656,0.0071718923365171605,0.0,23.354999542236328,0.0036771678393891366,23.44087979544199,0.0013975466674056804,23.38763924401384,0.002762428414096903,23.41951605658302
walk_forward,1,2016-01-28,2016-01-29,23.522499084472656,24.334999084472656,0.03454139787962984,0.0,23.522499084472656,-0.0006594341827937695,23.50698754451162,0.0013975466674056804,23.555372874677214,0.0005279984114936195,23.534918926623618
walk_forward,1,2016-01-29,2016-02-01,24.334999084472656,24.107500076293945,-0.009348634343030238,0.0,24.334999084472656,0.0005799637560562449,24.34911250194531,0.0013975466674056804,24.369008381344482,-0.008565278794883197,24.12656303284092
walk_forward,1,2016-02-01,2016-02-02,24.107500076293945,23.6200008392334,-0.02022189092679616,0.0,24.107500076293945,-0.004822639741637836,23.99123828835447,-0.003333674213395685,24.02713352494017,-0.0028493389646704567,24.038809636985764
walk_forward,1,2016-02-02,2016-02-03,23.6200008392334,24.087499618530273,0.01979249630340174,0.0,23.6200008392334,0.0003630745602802505,23.628576660651923,-0.0044984186790446665,23.51374818625914,0.0010855876234370045,23.64564241981004
walk_forward,1,2016-02-03,2016-02-04,24.087499618530273,24.149999618530273,0.0025947068392238037,0.0,24.087499618530273,-0.0001290834525083768,24.08439032091722,0.0013975466674056804,24.121163023348284,0.001021660466520751,24.11210886462786
walk_forward,1,2016-02-04,2016-02-05,24.149999618530273,23.5049991607666,-0.026708093911055997,0.0,24.149999618530273,-0.0008308201572495833,24.12993531204963,0.0013975466674056804,24.183750370014998,0.0011221839491548048,24.177100360474284
walk_forward,1,2016-02-05,2016-02-08,23.5049991607666,23.752500534057617,0.010529733338775493,0.0,23.5049991607666,-0.0004607907599715104,23.494168274340183,0.0013975466674056804,23.537848494011104,0.0012433744175849013,23.534224675408453
walk_forward,1,2016-02-08,2016-02-09,23.752500534057617,23.747499465942383,-0.00021054912126261538,0.0,23.752500534057617,0.0026328538136654667,23.815037395672803,0.0013975466674056804,23.78569576202154,0.0014139969804837056,23.78608649809171
walk_forward,1,2016-02-09,2016-02-10,23.747499465942383,23.5674991607666,-0.007579758257661218,0.0,23.747499465942383,0.0018918233115749166,23.792425539023668,0.0013975466674056804,23.78068770468023,0.001373343906841971,23.780112949636667
walk_forward,1,2016-02-10,2016-02-11,23.5674991607666,23.424999237060547,-0.006046459267230131,0.0,23.5674991607666,-0.003950539123623093,23.474394833286038,0.0013975466674056804,23.600435840677818,0.0006601573045812275,23.583057417488295
walk_forward,1,2016-02-11,2016-02-12,23.424999237060547,23.497499465942383,0.003094993863100415,0.0,23.424999237060547,-0.0012264950311267964,23.39626859189214,0.0013975466674056804,23.45773676667828,0.0004514670132326789,23.43557485150108
walk_forward,1,2016-02-12,2016-02-16,23.497499465942383,24.15999984741211,0.02819450565069559,0.0,23.497499465942383,-0.00036025082700080085,23.489034472327326,0.0013975466674056804,23.530338318013378,0.0004919956508246883,23.509060133484883
walk_forward,1,2016-02-16,2016-02-17,24.15999984741211,24.530000686645508,0.015314604369628393,0.0,24.15999984741211,3.2821870331920834e-05,24.160792823794317,0.0013975466674056804,24.19376457468338,0.0014383828145960469,24.19475117599327
walk_forward,1,2016-02-17,2016-02-18,24.530000686645508,24.065000534057617,-0.01895638563275881,0.0,24.530000686645508,-0.001258201370056072,24.499137006174095,0.0013975466674056804,24.564282507356587,0.001522337659422668,24.56734363047645
walk_forward,1,2016-02-18,2016-02-19,24.065000534057617,24.010000228881836,-0.0022854894641678447,0.0,24.065000534057617,0.00021909998257883085,24.07027317525539,0.0013975466674056804,24.098632495355105,0.0011790251743476155,24.09337377550796
walk_forward,1,2016-02-19,2016-02-22,24.010000228881836,24.219999313354492,0.008746317470669895,0.0,24.010000228881836,0.0023610195753111024,24.06668830942545,0.0013975466674056804,24.043555324686118,0.001144394444448372,24.037477139754976
walk_forward,1,2016-02-22,2016-02-23,24.219999313354492,23.672500610351562,-0.02260523197872466,0.0,24.219999313354492,0.0013184288568306975,24.251931659361638,0.0013975466674056804,24.25384789267944,0.001384260436772476,24.253526100182626
walk_forward,1,2016-02-23,2016-02-24,23.672500610351562,24.024999618530273,0.014890653673679477,0.0,23.672500610351562,-0.0011460630114705076,23.645370433013028,0.0013975466674056804,23.70558403468872,0.0008088370574494151,23.691647806087712
walk_forward,1,2016-02-24,2016-02-25,24.024999618530273,24.190000534057617,0.006867884210082664,0.0,24.024999618530273,0.001521972391982992,24.06156500466708,0.0013975466674056804,24.058575676681574,0.0010470024197613296,24.050153851265637
walk_forward,1,2016-02-25,2016-02-26,24.190000534057617,24.227500915527344,0.001550243102182991,0.0,24.190000534057617,0.0018868097998959406,24.235642464124762,0.0013975466674056804,24.223807188688532,0.0009903405345224555,24.21395687211661
walk_forward,1,2016-02-26,2016-02-29,24.227500915527344,24.172500610351562,-0.002270160070060423,0.0,24.227500915527344,-0.0006534172639875036,24.211670248165866,0.0013975466674056804,24.261359978691406,0.0010460939996541493,24.252845158861692
walk_forward,1,2016-02-29,2016-03-01,24.172500610351562,25.13249969482422,0.03971451278241145,0.0,24.172500610351562,0.0015453009426017494,24.20985439832978,0.0013975466674056804,24.206282808022422,0.0013021962027286278,24.203977948856817
walk_forward,1,2016-03-01,2016-03-02,25.13249969482422,25.1875,0.002188413641445619,0.0,25.13249969482422,0.004783474105573037,25.252720356322733,0.0013975466674056804,25.167623536016293,0.0022300261551828474,25.188545826488802
walk_forward,1,2016-03-02,2016-03-03,25.1875,25.375,0.007444168734491274,0.0,25.1875,0.004292217449672617,25.29561022701363,0.0013975466674056804,25.22270070668528,0.0020978219222115607,25.240338889665704
walk_forward,1,2016-03-03,2016-03-04,25.375,25.752500534057617,0.014876868337245996,0.0,25.375,0.002939287576620377,25.44958442225674,0.0013975466674056804,25.41046274668542,0.0022200304579653,25.431333272870873
walk_forward,1,2016-03-04,2016-03-07,25.752500534057617,25.467500686645508,-0.011066880555354097,0.0,25.752500534057617,0.0057664400311432705,25.901000784039244,0.0013975466674056804,25.78849085535635,0.002107126157689741,25.806764301558847
walk_forward,1,2016-03-07,2016-03-08,25.467500686645508,25.25749969482422,-0.008245842197283526,0.0,25.467500686645508,0.0031104946421762255,25.54671721108094,0.0013975466674056804,25.50309270735728,0.00199803475325239,25.518385638095907
walk_forward,1,2016-03-08,2016-03-09,25.25749969482422,25.280000686645508,0.0008908637867230951,0.0,25.25749969482422,0.002224224722404685,25.313678050071577,0.0013975466674056804,25.29279822934972,0.0014614957910943126,25.29441342432177
walk_forward,1,2016-03-09,2016-03-10,25.280000686645508,25.292499542236328,0.0004944167425369184,0.0,25.280000686645508,0.0023852048707545996,25.340298667415976,0.0013975466674056804,25.31533066735714,0.0013175202809993355,25.313307600253843
walk_forward,1,2016-03-10,2016-03-11,25.292499542236328,25.565000534057617,0.010773984254353275,0.0,25.292499542236328,0.001236670233947326,25.323778023562337,0.0013975466674056804,25.32784699068194,0.000614018295627972,25.308029599697424
walk_forward,1,2016-03-11,2016-03-14,25.565000534057617,25.6299991607666,0.002542484856293825,0.0,25.565000534057617,0.00036526813196506125,25.574338614046376,0.0013975466674056804,25.600728815356213,0.002061516429196276,25.61770320267099
walk_forward,1,2016-03-14,2016-03-15,25.6299991607666,26.145000457763672,0.020093691527911295,0.0,25.6299991607666,-0.00016925328516518884,25.625661199209862,0.0013975466674056804,25.66581828067934,0.0019588383938349166,25.68020418715667
walk_forward,1,2016-03-15,2016-03-16,26.145000457763672,26.49250030517578,0.01329125421028321,0.0,26.145000457763672,0.0017747476854581433,26.19140123681239,0.0013975466674056804,26.18153931602274,0.002084014551125801,26.199487019156845
walk_forward,1,2016-03-16,2016-03-17,26.49250030517578,26.450000762939453,-0.0016042103141176156,0.0,26.49250030517578,0.002095679830552836,26.548020103726255,0.0013975466674056804,26.529524810688525,0.002048519256602059,26.54677070220647
walk_forward,1,2016-03-17,2016-03-18,26.450000762939453,26.479999542236328,0.0011341693168835931,0.0,26.450000762939453,0.0018302839723923572,26.498411775405625,0.0013975466674056804,26.486965873358578,0.0020984244214660407,26.505504090488202
walk_forward,1,2016-03-18,2016-03-21,26.479999542236328,26.477500915527344,-9.435901632093291e-05,0.0,26.479999542236328,0.003715988378064689,26.578398912786437,0.0013975466674056804,26.517006577349484,0.0021410748756760974,26.536695203964122
walk_forward,1,2016-03-21,2016-03-22,26.477500915527344,26.68000030517578,0.007647979705278196,0.0,26.477500915527344,0.002838714490238468,26.552662981041554,0.0013975466674056804,26.514504458693068,0.00205255166995527,26.53184735424775
walk_forward,1,2016-03-22,2016-03-23,26.68000030517578,26.532499313354492,-0.005528522868595065,0.0,26.68000030517578,0.0012171198418005587,26.712473062926453,0.0013975466674056804,26.717286850688662,0.0022236729199877365,26.73932789935967
walk_forward,1,2016-03-23,2016-03-24,26.532499313354492,26.417499542236328,-0.004334298467701503,0.0,26.532499313354492,0.0007769674104312603,26.553114200638255,0.0013975466674056804,26.569579719347814,0.0016216896666799592,26.57552679332215
walk_forward,1,2016-03-24,2016-03-28,26.417499542236328,26.297500610351562,-0.004542403102644532,0.0,26.417499542236328,0.0008312121944091821,26.439458090001633,0.0013975466674056804,26.45441923068277,0.0014407372911849695,26.45556021896669
walk_forward,1,2016-03-28,2016-03-29,26.297500610351562,26.920000076293945,0.02367143080119738,0.0,26.297500610351562,0.0009686855313991516,26.32297461870477,0.0013975466674056804,26.334252594690657,0.001265216907112036,26.33077265273857
walk_forward,1,2016-03-29,2016-03-30,26.920000076293945,27.389999389648438,0.017459112630849427,0.0,26.920000076293945,0.0003362210050655678,26.929051145775958,0.0013975466674056804,26.95762203268713,0.00213261587999245,26.977410095946045
walk_forward,1,2016-03-30,2016-03-31,27.389999389648438,27.247499465942383,-0.005202626027071444,0.0,27.389999389648438,0.0018166570464970787,27.439757625043192,0.0013975466674056804,27.428278192015682,0.0020558333274468027,27.446308663232422
walk_forward,1,2016-03-31,2016-04-01,27.247499465942383,27.497499465942383,0.009175153863659524,0.0,27.247499465942383,0.0017340084258887546,27.29474685960073,0.0013975466674056804,27.285579118016148,0.002045388101139363,27.30323117713582
walk_forward,1,2016-04-01,2016-04-04,27.497499465942383,27.780000686645508,0.01027370583470777,0.0,27.497499465942383,0.0036589139848479946,27.59811045128667,0.0013975466674056804,27.535928504683,0.002156149230379681,27.55678817825324
walk_forward,1,2016-04-04,2016-04-05,27.780000686645508,27.452499389648438,-0.011789103272215051,0.0,27.780000686645508,0.0030569010508993072,27.8649213999385,0.0013975466674056804,27.818824534025655,0.0021496769989123193,27.839718715151356
walk_forward,1,2016-04-05,2016-04-06,27.452499389648438,27.739999771118164,0.010472648679053842,0.0,27.452499389648438,0.002011370080825626,27.507716525564657,0.0013975466674056804,27.490865538682396,0.0017703646376618428,27.501100323783305
walk_forward,1,2016-04-06,2016-04-07,27.739999771118164,27.135000228881836,-0.021809644817165075,0.0,27.739999771118164,0.0031280639909006527,27.82677226550979,0.0013975466674056804,27.778767715352124,0.0020863733170278487,27.797875766454982
walk_forward,1,2016-04-07,2016-04-08,27.135000228881836,27.165000915527344,0.001105608490600929,0.0,27.135000228881836,0.002589250046038354,27.205259529473718,0.0013975466674056804,27.17292265802176,0.0009634941842291356,27.16114464379142
walk_forward,1,2016-04-08,2016-04-11,27.165000915527344,27.2549991607666,0.0033130219843950925,0.0,27.165000915527344,0.00087356570428621,27.188731328684053,0.0013975466674056804,27.202965272026912,0.000948176109268927,27.190758120403714
walk_forward,1,2016-04-11,2016-04-12,27.2549991607666,27.610000610351562,0.01302518659020846,0.0,27.2549991607666,0.0010949258128680492,27.284841362877422,0.0013975466674056804,27.293089294013875,0.0012487162102853874,27.289032920029967
walk_forward,1,2016-04-12,2016-04-13,27.610000610351562,28.010000228881836,0.014487490390721058,0.0,27.610000610351562,0.0004322280057450724,27.621934425853997,0.0013975466674056804,27.648586874691627,0.0016147285640451378,27.6545832669904
walk_forward,1,2016-04-13,2016-04-14,28.010000228881836,28.024999618530273,0.0005355012326266895,0.0,28.010000228881836,0.0030020217122048295,28.094086857727802,0.0013975466674056804,28.049145511355743,0.0020207255957500215,28.066600753281303
walk_forward,1,2016-04-14,2016-04-15,28.024999618530273,27.462499618530273,-0.020071365126016705,0.0,28.024999618530273,0.0013886024861325468,28.063915202674426,0.0013975466674056804,28.064165863351196,0.0019762943427846197,28.080385266732915
walk_forward,1,2016-04-15,2016-04-18,27.462499618530273,26.8700008392334,-0.021574830679181423,0.0,27.462499618530273,0.00264830994428409,27.53522882936492,0.0013975466674056804,27.50087974335078,0.0012917575012911502,27.497974508416718
walk_forward,1,2016-04-18,2016-04-19,26.8700008392334,26.727500915527344,-0.005303309239126919,0.0,26.8700008392334,0.0025890432235786834,26.93956843282377,0.0013975466674056804,26.907552919359457,0.0013291361462960097,26.905714728599825
walk_forward,1,2016-04-19,2016-04-20,26.727500915527344,26.782499313354492,0.0020577456156851692,0.0,26.727500915527344,0.0012608426576818266,26.761200088814874,0.0013975466674056804,26.76485384535992,0.001397657069733066,26.76485679613823
walk_forward,1,2016-04-20,2016-04-21,26.782499313354492,26.49250030517578,-0.010827929267755443,0.0,26.782499313354492,-0.00034534620341261234,26.773250078898723,0.0013975466674056804,26.819929106014666,0.0010341983959298508,26.810197731183358
walk_forward,1,2016-04-21,2016-04-22,26.49250030517578,26.420000076293945,-0.0027366321806806537,0.0,26.49250030517578,-0.0025546967696767975,26.424820000225488,0.0013975466674056804,26.529524810688525,0.0006343312008054756,26.509305324706702
walk_forward,1,2016-04-22,2016-04-25,26.420000076293945,26.270000457763672,-0.005677502577483562,0.0,26.420000076293945,-0.0021072112780774303,26.364327554166373,0.0013975466674056804,26.456923259353427,0.0006419986306528382,26.43696168016477
walk_forward,1,2016-04-25,2016-04-26,26.270000457763672,26.087499618530273,-0.006947119758403453,0.0,26.270000457763672,-0.0027476692358583306,26.19781918567989,0.0013975466674056804,26.306714009356163,0.0007720481219211503,26.290282162279954
walk_forward,1,2016-04-26,2016-04-27,26.087499618530273,24.454999923706055,-0.06257785217808431,0.0,26.087499618530273,-0.0024789325019843045,26.022830467830396,0.0013975466674056804,26.123958116683095,0.000863453271463978,26.110024955420208
walk_forward,1,2016-04-27,2016-04-28,24.454999923706055,23.707500457763672,-0.03056632460741804,0.0,24.454999923706055,0.002034430847637641,24.504751929929817,0.0013975466674056804,24.489176927350837,-0.0030383705460366615,24.380696572234537
walk_forward,1,2016-04-28,2016-04-29,23.707500457763672,23.434999465942383,-0.011494294487382373,0.0,23.707500457763672,0.00544052955516046,23.836481814683115,0.0013975466674056804,23.740632796020936,0.001729391356078565,23.748500004129557
walk_forward,1,2016-04-29,2016-05-02,23.434999465942383,23.40999984741211,-0.0010667642031144675,0.0,23.434999465942383,0.004361564919404863,23.53721273749931,0.0013975466674056804,23.467750971346664,0.0031536563904738637,23.508905401768907
walk_forward,1,2016-05-02,2016-05-03,23.40999984741211,23.795000076293945,0.01644597314785523,0.0,23.40999984741211,-0.0007605844240696424,23.392194566160693,-0.003333674213395685,23.331958534585194,-0.0028271808992153093,23.34381554299287
walk_forward,1,2016-05-03,2016-05-04,23.795000076293945,23.547500610351562,-0.010401322342879826,0.0,23.795000076293945,0.0003793903545685187,23.804027669809848,-0.0044984186790446665,23.687960203482877,0.0032783869744316217,23.87300929460067
walk_forward,1,2016-05-04,2016-05-05,23.547500610351562,23.309999465942383,-0.010086044728873422,0.0,23.547500610351562,0.000740753397921458,23.564943501441242,0.0013975466674056804,23.580409341355292,0.0005650636095778901,23.56080644604299
walk_forward,1,2016-05-05,2016-05-06,23.309999465942383,23.18000030517578,-0.00557696970163124,0.0,23.309999465942383,0.002008691065690355,23.35682205361087,0.0013975466674056804,23.342576278013237,0.0024921161745562557,23.368090692640358
walk_forward,1,2016-05-06,2016-05-09,23.18000030517578,23.197500228881836,0.0007549578721164352,0.0,23.18000030517578,0.003095785451653294,23.251760612889864,0.0013975466674056804,23.212395437352743,0.002141508754394827,23.22964047875619
walk_forward,1,2016-05-09,2016-05-10,23.197500228881836,23.354999542236328,0.006789495066300333,0.0,23.197500228881836,0.0025968192050515723,23.257739942985385,0.0013975466674056804,23.229919818018853,0.0018597884732123712,23.24064267241485
walk_forward,1,2016-05-10,2016-05-11,23.354999542236328,23.127500534057617,-0.009740912551391423,0.0,23.354999542236328,0.0024488514412505692,23.41219246652574,0.0013975466674056804,23.38763924401384,0.0035760520607103575,23.438518236477233
walk_forward,1,2016-05-11,2016-05-12,23.127500534057617,22.584999084472656,-0.02345698571214261,0.0,23.127500534057617,-0.0009199375557055192,23.106224677746738,0.0013975466674056804,23.159822295354413,0.002142567173013692,23.177052757495748
walk_forward,1,2016-05-12,2016-05-13,22.584999084472656,22.6299991607666,0.0019924763390795075,0.0,22.584999084472656,-0.000839147202847628,22.566046945664606,0.0013975466674056804,22.61656267467652,0.0006593449803447819,22.599890390250092
walk_forward,1,2016-05-13,2016-05-16,22.6299991607666,23.469999313354492,0.037118876877564766,0.0,22.6299991607666,-0.0011179562999591938,22.604699810636752,0.0013975466674056804,22.661625640677123,0.004070455182031704,22.722113558119915
walk_forward,1,2016-05-16,2016-05-17,23.469999313354492,23.372499465942383,-0.0041542330747590395,0.0,23.469999313354492,-0.002510149976708619,23.411086095124723,0.0013975466674056804,23.502799732678884,0.0006923522039547453,23.48624881910591
walk_forward,1,2016-05-17,2016-05-18,23.372499465942383,23.639999389648438,0.011445071336758206,0.0,23.372499465942383,-0.0024622607662707456,23.314950277497708,0.0013975466674056804,23.40516362467995,-0.00015890644727284162,23.368785425088365
walk_forward,1,2016-05-18,2016-05-19,23.639999389648438,23.549999237060547,-0.0038071131519276102,0.0,23.639999389648438,-0.0010107489244039049,23.61610528569244,0.0013975466674056804,23.673037392012912,0.0012995184460203538,23.670720004919193
walk_forward,1,2016-05-19,2016-05-20,23.549999237060547,23.80500030517578,0.010828071183711208,0.0,23.549999237060547,0.0006144647873685856,23.564469882334276,0.0013975466674056804,23.582911460011708,0.001270861627976554,23.579928027429805
walk_forward,1,2016-05-20,2016-05-23,23.80500030517578,24.107500076293945,0.0127074046309672,0.0,23.80500030517578,-0.0008425913532807713,23.784942417753793,0.0013975466674056804,23.83826890401987,0.0016444623585450864,23.844146732122795
walk_forward,1,2016-05-23,2016-05-24,24.107500076293945,24.475000381469727,0.015244231214880832,0.0,24.107500076293945,0.001222638232196368,24.136974827569897,0.0013975466674056804,24.14119143268505,0.0014860031762409243,24.143323897978547
walk_forward,1,2016-05-24,2016-05-25,24.475000381469727,24.905000686645508,0.017568960101072673,0.0,24.475000381469727,0.0029745317500344303,24.547802047186515,0.0013975466674056804,24.5092053366876,0.0013775025104577514,24.50871475593865
walk_forward,1,2016-05-25,2016-05-26,24.905000686645508,25.102500915527344,0.007930143482699714,0.0,24.905000686645508,0.00510814481057813,25.03221903666044,0.0013975466674056804,24.939806587356866,0.001562669647270252,24.943918975283772
walk_forward,1,2016-05-26,2016-05-27,25.102500915527344,25.087499618530273,-0.0005976016910645976,0.0,25.102500915527344,0.0020447666701719205,25.153829672737373,0.0013975466674056804,25.137582832025387,0.0019840850234233366,25.152306411644314
walk_forward,1,2016-05-27,2016-05-31,25.087499618530273,24.96500015258789,-0.004882888602094959,0.0,25.087499618530273,0.0022565053543333975,25.144109695746323,0.0013975466674056804,25.12256057001569,0.0020738989272261776,25.13952855707593
walk_forward,1,2016-05-31,2016-06-01,24.96500015258789,24.614999771118164,-0.014019642672962074,0.0,24.96500015258789,0.00317927889806248,25.04437085076314,0.0013975466674056804,24.999889905352923,0.0021859764844233734,25.019573055855076
walk_forward,1,2016-06-01,2016-06-02,24.614999771118164,24.43000030517578,-0.007515720806930526,0.0,24.614999771118164,0.002814589269878384,24.68428088535201,0.0013975466674056804,24.64940038201648,0.001392397802506947,24.64927364270818
walk_forward,1,2016-06-02,2016-06-03,24.43000030517578,24.479999542236328,0.0020466326826018566,0.0,24.43000030517578,0.002044908231318236,24.479957413890943,0.0013975466674056804,24.464142370687,0.001142160813503556,24.457903294198235
walk_forward,1,2016-06-03,2016-06-06,24.479999542236328,24.657499313354492,0.007250807779302315,0.0,24.479999542236328,0.0009263384988990821,24.502676308265336,0.0013975466674056804,24.514211484014673,0.0011844751987742609,24.50899549456011
walk_forward,1,2016-06-06,2016-06-07,24.657499313354492,24.75749969482422,0.004055576771954561,0.0,24.657499313354492,0.0005515415268917071,24.67109894817511,0.0013975466674056804,24.691959319346427,0.0010122736424591858,24.682459449998355
walk_forward,1,2016-06-07,2016-06-08,24.75749969482422,24.735000610351562,-0.0009087785418557814,0.0,24.75749969482422,0.0008122297273190921,24.777608472050453,0.0013975466674056804,24.792099456016018,0.001498204395951273,24.794591489699766
walk_forward,1,2016-06-08,2016-06-09,24.735000610351562,24.912500381469727,0.007176056872377101,0.0,24.735000610351562,0.0015031550120992968,24.77218115049329,0.0013975466674056804,24.769568928022835,0.0014426282525112045,24.77068402105794
walk_forward,1,2016-06-09,2016-06-10,24.912500381469727,24.707500457763672,-0.008228797614330818,0.0,24.912500381469727,0.0021516991939129733,24.966104588458894,0.0013975466674056804,24.947316763354593,0.0015960972866527906,24.95226315573233
walk_forward,1,2016-06-10,2016-06-13,24.707500457763672,24.334999084472656,-0.015076449110171586,0.0,24.707500457763672,0.002317581998091168,24.764762116042416,0.0013975466674056804,24.742030342688345,0.0012296126474425526,24.73788111281323
walk_forward,1,2016-06-13,2016-06-14,24.334999084472656,24.364999771118164,0.0012328205372587053,0.0,24.334999084472656,0.0019775535709368776,24.383122848810903,0.0013975466674056804,24.369008381344482,0.0013453376423244556,24.367737874766927
walk_forward,1,2016-06-14,2016-06-15,24.364999771118164,24.28499984741211,-0.003283395216809537,0.0,24.364999771118164,0.002474407792980229,24.42528871642778,0.0013975466674056804,24.39905099534963,0.0013048361931223716,24.396792104664936
walk_forward,1,2016-06-15,2016-06-16,24.28499984741211,24.387500762939453,0.004220750099706683,0.0,24.28499984741211,0.00021675156617162157,24.29026365916351,0.0013975466674056804,24.318939268016805,0.0007088073734353458,24.302213234367834
walk_forward,1,2016-06-16,2016-06-17,24.387500762939453,23.832500457763672,-0.02275757202719142,0.0,24.387500762939453,-0.0008418009208417266,24.366971342340182,0.0013975466674056804,24.421583433357053,0.00040642114441006097,24.39741235890883
walk_forward,1,2016-06-17,2016-06-20,23.832500457763672,23.774999618530273,-0.0024127069392194667,0.0,23.832500457763672,-0.0021723215551287187,23.780728603306656,0.0013975466674056804,23.865807489354363,0.0012832975660061077,23.863084647592963
walk_forward,1,2016-06-20,2016-06-21,23.774999618530273,23.977500915527344,0.008517404847369292,0.0,23.774999618530273,-0.0022613011635043406,23.721237184230578,0.0013975466674056804,23.808226290014723,0.0011313782048898101,23.80189813491994
walk_forward,1,2016-06-21,2016-06-22,23.977500915527344,23.887500762939453,-0.003753525144466141,0.0,23.977500915527344,-0.0016151297694694197,23.938774140001197,0.0013975466674056804,24.011010592024554,0.0007078706257556566,23.994473884104476
walk_forward,1,2016-06-22,2016-06-23,23.887500762939453,24.024999618530273,0.005756100521162377,0.0,23.887500762939453,-0.0032737125013601893,23.809299953065565,0.0013975466674056804,23.92088466002335,0.0006203259668446985,23.90231879994573
walk_forward,1,2016-06-23,2016-06-24,24.024999618530273,23.350000381469727,-0.02809570230086189,0.0,24.024999618530273,-0.0006365547991947194,24.00970638972245,0.0013975466674056804,24.058575676681574,0.001379314818455455,24.058137656517502
walk_forward,1,2016-06-24,2016-06-27,23.350000381469727,23.010000228881836,-0.0145610341341883,0.0,23.350000381469727,-0.0012308411629144823,23.321260239846143,0.0013975466674056804,23.38263309668677,0.0009649190677078109,23.372531242068792
walk_forward,1,2016-06-27,2016-06-28,23.010000228881836,23.397499084472656,0.016840454225829804,0.0,23.010000228881836,-0.001245858802120581,22.981333017559887,0.0013975466674056804,23.042157778018712,0.0014260184164616538,23.04281291297101
walk_forward,1,2016-06-28,2016-06-29,23.397499084472656,23.600000381469727,0.008654826580651864,0.0,23.397499084472656,-0.0005645035679461557,23.384291112758454,0.0013975466674056804,23.430198181343787,0.0011035571440790087,23.423319561740907
walk_forward,1,2016-06-29,2016-06-30,23.600000381469727,23.899999618530273,0.012711831873363,0.0,23.600000381469727,-0.0019246410415951723,23.554578852153888,0.0013975466674056804,23.632982483353622,0.000313817568654488,23.607406476209686
walk_forward,1,2016-06-30,2016-07-01,23.899999618530273,23.97249984741211,0.0030334824284108386,0.0,23.899999618530273,-0.00011068546629820677,23.89735423592797,0.0013975466674056804,23.933400983348147,0.0013499903964356373,23.932264388490104
walk_forward,1,2016-07-01,2016-07-05,23.97249984741211,23.747499465942383,-0.009385770482923439,0.0,23.97249984741211,-0.00046946934081615863,23.96124549371103,0.0013975466674056804,24.006002534683244,0.001344221128366744,24.00472418820677
walk_forward,1,2016-07-05,2016-07-06,23.747499465942383,23.88249969482422,0.0056848186932458855,0.0,23.747499465942383,-0.0008337509062571341,23.727699966741312,0.0013975466674056804,23.78068770468023,0.0011957167562273937,23.77589474897231
walk_forward,1,2016-07-06,2016-07-07,23.88249969482422,23.985000610351562,0.004291883883057679,0.0,23.88249969482422,0.00034305127961475424,23.89069261690493,0.0013975466674056804,23.915876602682037,0.0012886875930406066,23.913276775871736
walk_forward,1,2016-07-07,2016-07-08,23.985000610351562,24.170000076293945,0.007713131592022471,0.0,23.985000610351562,0.0005362257536330695,23.997861985379735,0.0013975466674056804,24.01852076802228,0.0013447868807181847,24.01725532450638
walk_forward,1,2016-07-08,2016-07-11,24.170000076293945,24.2450008392334,0.0031030518288253095,0.0,24.170000076293945,0.0012452096294752204,24.200096793133365,0.0013975466674056804,24.203778779351765,0.0013673912517698846,24.20304992295355
walk_forward,1,2016-07-11,2016-07-12,24.2450008392334,24.354999542236328,0.004536964289352685,0.0,24.2450008392334,0.0008911538264852524,24.26660686450442,0.0013975466674056804,24.278884359357516,0.001522752582673803,24.281919976878267
walk_forward,1,2016-07-12,2016-07-13,24.354999542236328,24.217500686645508,-0.005645611093211933,0.0,24.354999542236328,0.00027560987596981384,24.361712020639406,0.0013975466674056804,24.389036790681246,0.0015850688295528732,24.3936038928545
walk_forward,1,2016-07-13,2016-07-14,24.217500686645508,24.697500228881836,0.019820358361794854,0.0,24.217500686645508,0.0009636638313555968,24.240838216143054,0.0013975466674056804,24.251345774023022,0.0013472823084367473,24.25012849687518
walk_forward,1,2016-07-14,2016-07-15,24.697500228881836,24.69499969482422,-0.00010124644334219557,0.0,24.697500228881836,0.0029423812944642065,24.770169691575322,0.0013975466674056804,24.73201613801996,0.0022394618516461033,24.752809338475437
walk_forward,1,2016-07-15,2016-07-18,24.69499969482422,24.957500457763672,0.010629713147737752,0.0,24.69499969482422,0.0031064601045082763,24.771713726157035,0.0013975466674056804,24.729512109349304,0.0019085206165254456,24.74213061086688
walk_forward,1,2016-07-18,2016-07-19,24.957500457763672,24.967500686645508,0.00040069032148304373,0.0,24.957500457763672,0.00265006227820864,25.023639388285165,0.0013975466674056804,24.992379729355196,0.002130481536492788,25.01067195168595
walk_forward,1,2016-07-19,2016-07-20,24.967500686645508,24.989999771118164,0.0009011348294341026,0.0,24.967500686645508,0.003147847466990771,25.046094570439056,0.0013975466674056804,25.002393934023576,0.00205548188089307,25.018820931918093
walk_forward,1,2016-07-20,2016-07-21,24.989999771118164,24.857500076293945,-0.005302108684985041,0.0,24.989999771118164,0.0018908305713369155,25.0372516266631,0.0013975466674056804,25.02492446201676,0.002095244578961297,25.04235993266684
walk_forward,1,2016-07-21,2016-07-22,24.857500076293945,24.665000915527344,-0.007744107821614166,0.0,24.857500076293945,0.0025235288259371604,24.920228694277206,0.0013975466674056804,24.892239592685605,0.0014537615648706154,24.89363695450363
walk_forward,1,2016-07-22,2016-07-25,24.665000915527344,24.334999084472656,-0.013379356124286312,0.0,24.665000915527344,0.0019827988871647007,24.71390665189457,0.0013975466674056804,24.699471405358395,0.0012135834310479617,24.69493395196521
walk_forward,1,2016-07-25,2016-07-26,24.334999084472656,24.167499542236328,-0.006883071647337924,0.0,24.334999084472656,0.0018595779974777272,24.380251913338782,0.0013975466674056804,24.369008381344482,0.001059979776636883,24.360793691366673
walk_forward,1,2016-07-26,2016-07-27,24.167499542236328,25.737499237060547,0.06496326573133504,0.0,24.167499542236328,0.00035672088245553685,24.176120593999777,0.0013975466674056804,24.201274750681108,0.001356618984060079,24.200285630912592
walk_forward,1,2016-07-27,2016-07-28,25.737499237060547,26.084999084472656,0.013501694325908975,0.0,25.737499237060547,0.0027283679528996895,25.807720605166725,0.0013975466674056804,25.773468593346657,0.004180548566606635,25.84509610260408
walk_forward,1,2016-07-28,2016-07-29,26.084999084472656,26.052499771118164,-0.0012459004981847377,0.0,26.084999084472656,0.0018879994124828068,26.134247547418752,0.0013975466674056804,26.12145408801244,0.0010697078637088029,26.112902413118153
walk_forward,1,2016-07-29,2016-08-01,26.052499771118164,26.512500762939453,0.017656693056811612,0.0,26.052499771118164,0.002081848005233076,26.106737115798005,0.0013975466674056804,26.08890935535088,0.002547270645923177,26.11886253903805
walk_forward,1,2016-08-01,2016-08-02,26.512500762939453,26.1200008392334,-0.014804334272937036,0.0,26.512500762939453,0.006527061046955614,26.685549473926617,0.0013975466674056804,26.549553220025288,0.0035193885506209876,26.605808554572874
walk_forward,1,2016-08-02,2016-08-03,26.1200008392334,26.447500228881836,0.012538261069138912,0.0,26.1200008392334,0.0034510170113074175,26.210141406464956,0.0013975466674056804,26.156504759358903,0.0017279409313388945,26.165134657810114
walk_forward,1,2016-08-03,2016-08-04,26.447500228881836,26.467500686645508,0.0007562324450547386,0.0,26.447500228881836,0.002692375354837775,26.518706826695144,0.0013975466674056804,26.48446184468792,0.0020946490291334522,26.50289845955927
walk_forward,1,2016-08-04,2016-08-05,26.467500686645508,26.8700008392334,0.015207335114606257,0.0,26.467500686645508,0.0026234120897285183,26.536935847931755,0.0013975466674056804,26.504490254024685,0.001805840267915172,26.515296765176522
walk_forward,1,2016-08-05,2016-08-08,26.8700008392334,27.092500686645508,0.008280604408736458,0.0,26.8700008392334,0.0012774241181754047,26.90432522636083,0.0013975466674056804,26.907552919359457,0.001573917537959506,26.91229200479925
walk_forward,1,2016-08-08,2016-08-09,27.092500686645508,27.202499389648438,0.004060116276278336,0.0,27.092500686645508,0.0008499115805675683,27.115526916725624,0.0013975466674056804,27.130363720691815,0.00184688051982395,27.14253729839699
walk_forward,1,2016-08-09,2016-08-10,27.202499389648438,27.0,-0.0074441464641846755,0.0,27.202499389648438,-0.0010805491322967355,27.17310575253665,0.0013975466674056804,27.240516152015545,0.002145678791596261,27.26086721566722
walk_forward,1,2016-08-10,2016-08-11,27.0,26.982500076293945,-0.0006481453224465028,0.0,27.0,0.002027707089364083,27.054748091412833,0.0013975466674056804,27.037733760019954,0.0018555364955134572,27.050099485378865
walk_forward,1,2016-08-11,2016-08-12,26.982500076293945,27.045000076293945,0.0023163161242760744,0.0,26.982500076293945,0.0017964732268996697,27.030973415275824,0.0013975466674056804,27.020209379353844,0.001873644124648658,27.033055679030227
walk_forward,1,2016-08-12,2016-08-15,27.045000076293945,27.3700008392334,0.012017036865321629,0.0,27.045000076293945,0.0015772290646186395,27.087656236466888,0.0013975466674056804,27.082796726020554,0.001723015422831929,27.09159902853589
walk_forward,1,2016-08-15,2016-08-16,27.3700008392334,27.344999313354492,-0.0009134645638397831,0.0,27.3700008392334,0.001120390781136625,27.400665935853375,0.0013975466674056804,27.40825169269316,0.0019540554317587144,27.423483338040544
walk_forward,1,2016-08-16,2016-08-17,27.344999313354492,27.30500030517578,-0.0014627540385118154,0.0,27.344999313354492,0.0007985912252749517,27.36683678986129,0.0013975466674056804,27.383215226015082,0.001757366191139312,27.393054490644513
walk_forward,1,2016-08-17,2016-08-18,27.30500030517578,27.270000457763672,-0.0012818109145186218,0.0,27.30500030517578,0.0010544931274659006,27.33379324034304,0.0013975466674056804,27.34316031735579,0.0017958022318056788,27.35403468566327
walk_forward,1,2016-08-18,2016-08-19,27.270000457763672,27.34000015258789,0.002566912125015808,0.0,27.270000457763672,0.0014029282477024511,27.308258311720724,0.0013975466674056804,27.30811155602357,0.0017512792643230505,27.317757844103433
walk_forward,1,2016-08-19,2016-08-22,27.34000015258789,27.127500534057617,-0.007772480517347691,0.0,27.34000015258789,0.0009420116452840096,27.3657547511137,0.0013975466674056804,27.37820907868801,0.0017628788659226813,27.38819726105121
walk_forward,1,2016-08-22,2016-08-23,27.127500534057617,27.212499618530273,0.003133317954079118,0.0,27.127500534057617,0.0006349893121873084,27.1447262069631,0.0013975466674056804,27.165412482024035,0.001308835502271275,27.163005969844473
walk_forward,1,2016-08-23,2016-08-24,27.212499618530273,27.00749969482422,-0.0075333000121187155,0.0,27.212499618530273,0.0002645975827368543,27.219699980149564,0.0013975466674056804,27.250530356683928,0.001627502879176272,27.256788040009017
walk_forward,1,2016-08-24,2016-08-25,27.00749969482422,26.892499923706055,-0.004258068033606288,0.0,27.00749969482422,0.00047507840281202287,27.020330374643184,0.0013975466674056804,27.04524393601768,0.001181368562104917,27.039405505904742
walk_forward,1,2016-08-25,2016-08-26,26.892499923706055,26.735000610351562,-0.005856625966396467,0.0,26.892499923706055,-0.00048290975658296675,26.87951327311399,0.0013975466674056804,26.930083447352636,0.0011544096565962907,26.923544885307997
walk_forward,1,2016-08-26,2016-08-29,26.735000610351562,26.704999923706055,-0.0011221502136001815,0.0,26.735000610351562,-0.0005490745294848391,26.720321102470656,0.0013975466674056804,26.772364021357646,0.0012357043697226837,26.76803716743031
walk_forward,1,2016-08-29,2016-08-30,26.704999923706055,26.5,-0.007676462246460347,0.0,26.704999923706055,-0.0008997785192735761,26.6809713384175,0.0013975466674056804,26.7423214073525,0.001008918151125591,26.73194308285489
walk_forward,1,2016-08-30,2016-08-31,26.5,26.524999618530273,0.000943381831331136,0.0,26.5,-0.0024772976326586284,26.43435161273455,0.0013975466674056804,26.53703498668625,0.001023939391327057,26.52713439387017
walk_forward,1,2016-08-31,2016-09-01,26.524999618530273,26.6825008392334,0.005937840639707037,0.0,26.524999618530273,-0.0029267679807232364,26.447367098958065,0.0013975466674056804,26.562069543350088,0.0011309976876019321,26.554999331762474
walk_forward,1,2016-09-01,2016-09-02,26.6825008392334,26.9325008392334,0.009369436602149506,0.0,26.6825008392334,-0.0020815845303084187,26.62695895825651,0.0013975466674056804,26.71979087935932,0.0013641876287496647,26.71890077678238
walk_forward,1,2016-09-02,2016-09-06,26.9325008392334,26.924999237060547,-0.00027853344246164813,0.0,26.9325008392334,-0.0008491818726546606,26.909630247735464,0.0013975466674056804,26.97014026602617,0.0008981997427924395,26.956691604559953
walk_forward,1,2016-09-06,2016-09-07,26.924999237060547,27.09000015258789,0.006128167881253921,0.0,26.924999237060547,-0.0005063399601669696,26.911366034019355,0.0013975466674056804,26.9626281800142,0.0008373501801765446,26.947544890022954
walk_forward,1,2016-09-07,2016-09-08,27.09000015258789,26.3799991607666,-0.02620896965013353,0.0,27.09000015258789,0.0008379718103611502,27.112700809058435,0.0013975466674056804,27.127859692021158,0.001446587630732275,27.12918821172516
walk_forward,1,2016-09-08,2016-09-09,26.3799991607666,25.782499313354492,-0.022649729583795297,0.0,26.3799991607666,-0.001757430041723783,26.333638157740822,0.0013975466674056804,26.416866440679897,0.0011067812413145402,26.40919604898363
walk_forward,1,2016-09-09,2016-09-12,25.782499313354492,26.360000610351562,0.022398964893909357,0.0,25.782499313354492,-0.002253700880204464,25.724393271958114,0.0013975466674056804,25.81853155934726,5.39362038557471e-05,25.78388992349337
walk_forward,1,2016-09-12,2016-09-13,26.360000610351562,26.987499237060547,0.023804954938527745,0.0,26.360000610351562,-0.0007395457961045461,26.34050618271486,0.0013975466674056804,26.39683994135737,0.0012701072848778348,26.393480639156152
walk_forward,1,2016-09-13,2016-09-14,26.987499237060547,27.9424991607666,0.03538675129982405,0.0,26.987499237060547,-0.0009967769185746935,26.960598720730992,0.0013975466674056804,27.025215526680913,0.001290970700063011,27.022339307843566
walk_forward,1,2016-09-14,2016-09-15,27.9424991607666,28.892499923706055,0.03399841787499547,0.0,27.9424991607666,0.0019693653792791886,27.99752815122435,0.0013975466674056804,27.981550107347715,0.0024162873947193987,28.010016269265716
walk_forward,1,2016-09-15,2016-09-16,28.892499923706055,28.729999542236328,-0.005624310180802228,0.0,28.892499923706055,0.0038900378983838125,29.00489284338832,0.0013975466674056804,28.932878540687447,0.0012248175655512825,28.9278879651253
walk_forward,1,2016-09-16,2016-09-19,28.729999542236328,28.395000457763672,-0.011660253735130466,0.0,28.729999542236328,0.0020136916339499123,28.787852901957915,0.0013975466674056804,28.770151057351146,0.0017176916123736782,28.77934882147353
walk_forward,1,2016-09-19,2016-09-20,28.395000457763672,28.392499923706055,-8.806247639747689e-05,0.0,28.395000457763672,0.004054165179030636,28.5101184798781,0.0013975466674056804,28.4346837960244,0.0021189990078853333,28.455169435562578
walk_forward,1,2016-09-20,2016-09-21,28.392499923706055,28.387500762939453,-0.00017607328625635077,0.0,28.392499923706055,0.0049305082826625645,28.532489379745382,0.0013975466674056804,28.432179767353745,0.001707595949612885,28.44098284157516
walk_forward,1,2016-09-21,2016-09-22,28.387500762939453,28.655000686645508,0.009423158661972852,0.0,28.387500762939453,0.003445447506659036,28.485308406663403,0.0013975466674056804,28.427173620026675,0.0014202819852036598,28.427819018878008
walk_forward,1,2016-09-22,2016-09-23,28.655000686645508,28.177499771118164,-0.016663790057066086,0.0,28.655000686645508,0.0007648732174957674,28.67691812921805,0.0013975466674056804,28.695047387359637,0.002498253228548418,28.72658813462498
walk_forward,1,2016-09-23,2016-09-26,28.177499771118164,28.219999313354492,0.0015082793924778848,0.0,28.177499771118164,-0.0003083406288664145,28.168811503118853,0.0013975466674056804,28.216879142019113,0.00034198339806524415,28.187136008238877
walk_forward,1,2016-09-26,2016-09-27,28.219999313354492,28.272499084472656,0.0018603746419412204,0.0,28.219999313354492,0.00026067659394454204,28.227355606656616,0.0013975466674056804,28.25943807934906,0.000641494715602304,28.238102293788312
walk_forward,1,2016-09-27,2016-09-28,28.272499084472656,28.487499237060547,0.007604568380938481,0.0,28.272499084472656,0.0009678834327816559,28.299863567939855,0.0013975466674056804,28.31201122134739,0.0013730140564350304,28.311317623126182
walk_forward,1,2016-09-28,2016-09-29,28.487499237060547,28.045000076293945,-0.015533099521453875,0.0,28.487499237060547,0.0004918227462712074,28.501510037169716,0.0013975466674056804,28.52731184668202,0.0015586959535384712,28.531902586847785
walk_forward,1,2016-09-29,2016-09-30,28.045000076293945,28.262500762939453,0.007755417580810109,0.0,28.045000076293945,0.002834907371968897,28.1245050537571,0.0013975466674056804,28.084194272687963,0.001282711025527894,28.080973707102736
walk_forward,1,2016-09-30,2016-10-03,28.262500762939453,28.1299991607666,-0.004688247628341524,0.0,28.262500762939453,0.0024168205857448668,28.330806156587954,0.0013975466674056804,28.301998926693248,0.0012522266733865706,28.29789182025141
walk_forward,1,2016-10-03,2016-10-04,28.1299991607666,28.25,0.0042659382443481775,0.0,28.1299991607666,0.002349561639512418,28.196092327714254,0.0013975466674056804,28.169312147347856,0.0012341309271430877,28.16471526271141
walk_forward,1,2016-10-04,2016-10-05,28.25,28.262500762939453,0.0004425048828125,0.0,28.25,0.0008855032849555185,28.275015467799992,0.0013975466674056804,28.28948069335421,0.0010715087498449597,28.28027012218312
walk_forward,1,2016-10-05,2016-10-06,28.262500762939453,28.47249984741211,0.007430307962982052,0.0,28.262500762939453,0.0027776024605398117,28.3410027545996,0.0013975466674056804,28.301998926693248,0.0008748235215611066,28.287225463385013
walk_forward,1,2016-10-06,2016-10-07,28.47249984741211,28.514999389648438,0.0014926522948139898,0.0,28.47249984741211,0.001439928027232337,28.51349819794777,0.0013975466674056804,28.51229149468657,0.0015299176534669516,28.516060427566998
walk_forward,1,2016-10-07,2016-10-10,28.514999389648438,29.012500762939453,0.017447006275287613,0.0,28.514999389648438,0.00038300465639691343,28.525920767191828,0.0013975466674056804,28.554850432016515,0.0014910240886921362,28.557515940627443
walk_forward,1,2016-10-10,2016-10-11,29.012500762939453,29.075000762939453,0.0021542438037549516,0.0,29.012500762939453,0.001071395214953506,29.0435846174307,0.0013975466674056804,29.0530470866938,0.002137756604312438,29.074522428053044
walk_forward,1,2016-10-11,2016-10-12,29.075000762939453,29.334999084472656,0.008942332406216558,0.0,29.075000762939453,0.0026690667475274266,29.152603880660152,0.0013975466674056804,29.115634433360515,0.0020305545710341414,29.134039138641462
walk_forward,1,2016-10-12,2016-10-13,29.334999084472656,29.2450008392334,-0.003067947777332436,0.0,29.334999084472656,0.00324049362005345,29.43005896185016,0.0013975466674056804,29.37599611468151,0.002137521402316131,29.397703272852638
walk_forward,1,2016-10-13,2016-10-14,29.2450008392334,29.407499313354492,0.00555645305036534,0.0,29.2450008392334,0.003034804915767602,29.33375371154193,0.0013975466674056804,29.285872092694543,0.002016302265351067,29.303967600675737
walk_forward,1,2016-10-14,2016-10-17,29.407499313354492,29.387500762939453,-0.0006800493371416083,0.0,29.407499313354492,0.0026549291967062887,29.485574141883635,0.0013975466674056804,29.448597666016607,0.002145287829821925,29.470586863736926
walk_forward,1,2016-10-17,2016-10-18,29.387500762939453,29.36750030517578,-0.0006805770223541341,0.0,29.387500762939453,0.0023012401056790024,29.455128458300802,0.0013975466674056804,29.42857116669408,0.002023433590399885,29.446964419121088
walk_forward,1,2016-10-18,2016-10-19,29.36750030517578,29.280000686645508,-0.0029794711031245757,0.0,29.36750030517578,0.0013107710449863127,29.40599437423943,0.0013975466674056804,29.408542757357313,0.0017281677298389845,29.418252271509225
walk_forward,1,2016-10-19,2016-10-20,29.280000686645508,29.264999389648438,-0.0005123393663003517,0.0,29.280000686645508,0.0011346781901919408,29.31322406483345,0.0013975466674056804,29.320920854026763,0.0012558958932786777,29.316773319263064
walk_forward,1,2016-10-20,2016-10-21,29.264999389648438,29.149999618530273,-0.003929601008597405,0.0,29.264999389648438,0.0006396784031564881,29.283719577726387,0.0013975466674056804,29.30589859201707,0.0014164885916499717,29.306452927418515
walk_forward,1,2016-10-21,2016-10-24,29.149999618530273,29.412500381469727,0.009005172088324409,0.0,29.149999618530273,0.00029780996788566626,29.158680778980536,0.0013975466674056804,29.190738103352025,0.0012483987238614894,29.186390440854606
walk_forward,1,2016-10-24,2016-10-25,29.412500381469727,29.5625,0.0050998594673976605,0.0,29.412500381469727,0.0010988581258056457,29.444820546514165,0.0013975466674056804,29.453605723357917,0.0015172678884419182,29.457127023817314
walk_forward,1,2016-10-25,2016-10-26,29.5625,28.897499084472656,-0.022494745556950302,0.0,29.5625,0.0014718164778636717,29.606010574626847,0.0013975466674056804,29.60381497335518,0.0015500600698032682,29.60832365081356
walk_forward,1,2016-10-26,2016-10-27,28.897499084472656,28.6200008392334,-0.00960284640646858,0.0,28.897499084472656,0.0010708318229752352,28.928443446096708,0.0013975466674056804,28.93788468801452,0.0012031589563705548,28.93226736931285
walk_forward,1,2016-10-27,2016-10-28,28.6200008392334,28.43000030517578,-0.006638732651508383,0.0,28.6200008392334,0.001280630827622486,28.656652494594702,0.0013975466674056804,28.659998626027416,0.0013680554413299233,28.659154587112383
walk_forward,1,2016-10-28,2016-10-31,28.43000030517578,28.385000228881836,-0.0015828376999965643,0.0,28.43000030517578,0.0008471505528126028,28.454084795650775,0.0013975466674056804,28.469732557356622,0.0011228330829554272,28.461922450066865
walk_forward,1,2016-10-31,2016-11-01,28.385000228881836,27.872499465942383,-0.018055337636318947,0.0,28.385000228881836,-0.0014415731250134337,28.34408117539838,0.0013975466674056804,28.424669591356018,0.0008194182530352469,28.408259416181792
walk_forward,1,2016-11-01,2016-11-02,27.872499465942383,27.897499084472656,0.0008969277606702963,0.0,27.872499465942383,-0.0018662333151389344,27.82048287886285,0.0013975466674056804,27.911452584683275,0.0015017880604898338,27.91435805285634
walk_forward,1,2016-11-02,2016-11-03,27.897499084472656,27.457500457763672,-0.015771973873954903,0.0,27.897499084472656,-0.001805203180171523,27.847138430406535,0.0013975466674056804,27.936487141347115,0.0009720936280190973,27.92461806557034
walk_forward,1,2016-11-03,2016-11-04,27.457500457763672,27.209999084472656,-0.009013980484921857,0.0,27.457500457763672,-0.0013532779135342094,27.420342828833324,0.0013975466674056804,27.49587359602371,0.0032415430448451514,27.546505127401367
walk_forward,1,2016-11-04,2016-11-07,27.209999084472656,27.602500915527344,0.014424911586221612,0.0,27.209999084472656,-0.00211382914251619,27.152481795440057,0.0013975466674056804,27.24802632801327,0.002261612760840633,27.27153756562456
walk_forward,1,2016-11-07,2016-11-08,27.602500915527344,27.764999389648438,0.0058870924275447045,0.0,27.602500915527344,3.811283968047411e-05,27.603552925219518,0.0013975466674056804,27.6410766986939,0.0012272221903957077,27.636375317161296
walk_forward,1,2016-11-08,2016-11-09,27.764999389648438,27.719999313354492,-0.0016207483264243372,0.0,27.764999389648438,-0.0007663701780271229,27.74372112212327,0.0013975466674056804,27.80380227201596,0.0006726557323316455,27.783675675646066
walk_forward,1,2016-11-09,2016-11-10,27.719999313354492,26.947500228881836,-0.027867933030593317,0.0,27.719999313354492,-0.0009700257350524842,27.693110200644902,0.0013975466674056804,27.758739306015357,0.0008477511528885154,27.74349897473046
walk_forward,1,2016-11-10,2016-11-11,26.947500228881836,27.107500076293945,0.005937465295598132,0.0,26.947500228881836,0.0001824177549914379,26.95241593137622,0.0013975466674056804,26.985160618021624,0.0006249900080060463,26.964342147265626
walk_forward,1,2016-11-11,2016-11-14,27.107500076293945,26.427499771118164,-0.02508531968133998,0.0,27.107500076293945,0.000484548445524424,27.12063497331797,0.0013975466674056804,27.145384072687268,0.0015652717485026013,27.149930680335903
walk_forward,1,2016-11-14,2016-11-15,26.427499771118164,26.77750015258789,0.013243794702525458,0.0,26.427499771118164,0.00034141620196034297,26.436522547717328,0.0013975466674056804,26.464433435351154,0.003065343068725513,26.508509124365307
walk_forward,1,2016-11-15,2016-11-16,26.77750015258789,27.497499465942383,0.02688821993284196,0.0,26.77750015258789,-0.0019545544223624547,26.72516207124484,0.0013975466674056804,26.814922958687593,0.0008939136111321167,26.80143692444638
walk_forward,1,2016-11-16,2016-11-17,27.497499465942383,27.487499237060547,-0.0003636777552890047,0.0,27.497499465942383,0.00012709065816320238,27.50099414124735,0.0013975466674056804,27.535928504683,0.001600759825384043,27.54151635838598
walk_forward,1,2016-11-17,2016-11-18,27.487499237060547,27.514999389648438,0.0010004603311024596,0.0,27.487499237060547,-0.003154450123420577,27.40079129169968,0.0013975466674056804,27.525914300014616,0.0009691482404164638,27.51413869857959
walk_forward,1,2016-11-18,2016-11-21,27.514999389648438,27.9325008392334,0.015173594724557038,0.0,27.514999389648438,-0.00043694190283878544,27.502976933458516,0.0013975466674056804,27.55345288534911,0.001431327827858994,27.554382373958365
walk_forward,1,2016-11-21,2016-11-22,27.9325008392334,27.950000762939453,0.0006265075872287085,0.0,27.9325008392334,0.0004988162115648264,27.946434023481558,0.0013975466674056804,27.971537812693576,0.001563138670245969,27.97616321145188
walk_forward,1,2016-11-22,2016-11-23,27.950000762939453,27.8075008392334,-0.005098387113284253,0.0,27.950000762939453,0.0011586997001902686,27.982386420443788,0.0013975466674056804,27.989062193359686,0.0016934811949821848,27.99733356363123
walk_forward,1,2016-11-23,2016-11-25,27.8075008392334,27.947500228881836,0.005034590863013166,0.0,27.8075008392334,0.001083049268170992,27.837617732666995,0.0013975466674056804,27.84636311936015,0.001416563543249064,27.846891931151124
walk_forward,1,2016-11-25,2016-11-28,27.947500228881836,27.892499923706055,-0.001967986572156577,0.0,27.947500228881836,0.0016949198426110996,27.994869001571146,0.0013975466674056804,27.98655816468903,0.0013663941899222088,27.98568753081743
walk_forward,1,2016-11-28,2016-11-29,27.892499923706055,27.864999771118164,-0.0009859335901447608,0.0,27.892499923706055,0.0014362202452422178,27.9325596967869,0.0013975466674056804,27.931480994020042,0.0011283852039064902,27.92397340791993
walk_forward,1,2016-11-29,2016-11-30,27.864999771118164,27.6299991607666,-0.00843354072427227,0.0,27.864999771118164,-0.00047781884419613885,27.851685349134,0.0013975466674056804,27.90394240868555,0.0015939665400099888,27.909415648390713
walk_forward,1,2016-11-30,2016-12-01,27.6299991607666,27.372499465942383,-0.009319569404470207,0.0,27.6299991607666,7.840467329565406e-05,27.632165481823957,0.0013975466674056804,27.668613374014154,0.0011677706089027117,27.662264661710548
walk_forward,1,2016-12-01,2016-12-02,27.372499465942383,27.475000381469727,0.003744667733207141,0.0,27.372499465942383,3.961459006122632e-06,27.372607900976913,0.0013975466674056804,27.410753811349572,0.001163806810843994,27.404355767250667
walk_forward,1,2016-12-02,2016-12-05,27.475000381469727,27.27750015258789,-0.007188361278969713,0.0,27.475000381469727,6.989530257537702e-05,27.476920754934646,0.0013975466674056804,27.51339797668982,0.0011746222300146457,27.507273127687462
walk_forward,1,2016-12-05,2016-12-06,27.27750015258789,27.487499237060547,0.0076986191292436335,0.0,27.27750015258789,-0.0015595730090241235,27.234958899596265,0.0013975466674056804,27.3156217320213,0.0011572125445262211,27.30906601794778
walk_forward,1,2016-12-06,2016-12-07,27.487499237060547,27.75749969482422,0.00982266358372974,0.0,27.487499237060547,8.804007876262701e-05,27.489919238658366,0.0013975466674056804,27.525914300014616,0.0011802073185981352,27.519940184830084
walk_forward,1,2016-12-07,2016-12-08,27.75749969482422,28.030000686645508,0.009817202371152245,0.0,27.75749969482422,0.0017903991285346064,27.80719669808813,0.0013975466674056804,27.796292096018234,0.0015905055813849526,27.801648153014128
walk_forward,1,2016-12-08,2016-12-09,28.030000686645508,28.487499237060547,0.016321745958179923,0.0,28.030000686645508,0.0016049609352511464,28.074987742762634,0.0013975466674056804,28.069173920692506,0.0015323035434378289,28.07295115602022
walk_forward,1,2016-12-09,2016-12-12,28.487499237060547,28.325000762939453,-0.0057042028424064695,0.0,28.487499237060547,0.003713147846888096,28.593277533515867,0.0013975466674056804,28.52731184668202,0.0021302589581468673,28.548184987505497
walk_forward,1,2016-12-12,2016-12-13,28.325000762939453,28.797500610351562,0.016681371039196202,0.0,28.325000762939453,0.003046835891825592,28.411302391899966,0.0013975466674056804,28.36458627335996,0.0017811682971563302,28.37545235631533
walk_forward,1,2016-12-13,2016-12-14,28.797500610351562,28.797500610351562,0.0,0.0,28.797500610351562,0.004537479024403039,28.928168665326268,0.0013975466674056804,28.83774646135917,0.0021656505206942727,28.859865932543062
walk_forward,1,2016-12-14,2016-12-15,28.797500610351562,28.954999923706055,0.005469200799248508,0.0,28.797500610351562,0.003720068012883223,28.90462927122312,0.0013975466674056804,28.83774646135917,0.0020536307318038973,28.856640042604123
walk_forward,1,2016-12-15,2016-12-16,28.954999923706055,28.99250030517578,0.0012951262845288802,0.0,28.954999923706055,0.0024563672932300393,29.026124038494125,0.0013975466674056804,28.99546588735416,0.0021614972797613344,29.017586077276633
walk_forward,1,2016-12-16,2016-12-19,28.99250030517578,29.15999984741211,0.005777340362963734,0.0,28.99250030517578,0.003171604534300769,29.084453050604395,0.0013975466674056804,29.03301867735704,0.002162498786021002,29.055196551889434
walk_forward,1,2016-12-19,2016-12-20,29.15999984741211,29.237499237060547,0.0026577294257192907,0.0,29.15999984741211,0.0012982904755686538,29.19785799748159,0.0013975466674056804,29.20075230802041,0.002123741462704517,29.221928148140513
walk_forward,1,2016-12-20,2016-12-21,29.237499237060547,29.264999389648438,0.0009405781378535316,0.0,29.237499237060547,0.0014509162985898224,29.279920401233607,0.0013975466674056804,29.278360006682576,0.0020255343752986882,29.29672079681298
walk_forward,1,2016-12-21,2016-12-22,29.264999389648438,29.072500228881836,-0.006577794798611647,0.0,29.264999389648438,0.0006196906162703271,29.28313463515536,0.0013975466674056804,29.30589859201707,0.002026640727367045,29.32430902929787
walk_forward,1,2016-12-22,2016-12-23,29.072500228881836,29.1299991607666,0.0019777773301947743,0.0,29.072500228881836,0.001576828114460729,29.118342564600404,0.0013975466674056804,29.11313040468986,0.00130311085654824,29.11038491955709
walk_forward,1,2016-12-23,2016-12-27,29.1299991607666,29.315000534057617,0.006350888383827469,0.0,29.1299991607666,0.0015026081937549328,29.173770136189646,0.0013975466674056804,29.17070969401526,0.0014218022938765917,29.171416260394
walk_forward,1,2016-12-27,2016-12-28,29.315000534057617,29.190000534057617,-0.004264028576590917,0.0,29.315000534057617,0.0012195067532454393,29.350750375180294,0.0013975466674056804,29.355969615358983,0.0016521243526527126,29.36343256033796
walk_forward,1,2016-12-28,2016-12-29,29.190000534057617,29.1825008392334,-0.00025692684779055064,0.0,29.190000534057617,0.0010985029632716746,29.222065836142182,0.0013975466674056804,29.23079492202556,0.0013512544335145362,29.229443651693554
walk_forward,1,2016-12-29,2016-12-30,29.1825008392334,28.954999923706055,-0.007795799159936556,0.0,29.1825008392334,0.0015577570753135647,29.227960086391057,0.0013975466674056804,29.223284746027833,0.0013649750885791937,29.222334225901392
walk_forward,1,2016-12-30,2017-01-03,28.954999923706055,29.037500381469727,0.002849264651392014,0.0,28.954999923706055,0.001804335913416011,29.00724446994136,0.0013975466674056804,28.99546588735416,0.0012447337234086752,28.99104118857239
walk_forward,1,2017-01-03,2017-01-04,29.037500381469727,29.0049991607666,-0.0011192843831648869,0.0,29.037500381469727,0.00099299256779638,29.066334403535908,0.0013975466674056804,29.07808164335764,0.0012741767402790658,29.07449928905164
walk_forward,1,2017-01-04,2017-01-05,29.0049991607666,29.15250015258789,0.005085364457476205,0.0,29.0049991607666,0.001020864585247471,29.03460933720496,0.0013975466674056804,29.045535000681834,0.001245879784452946,29.041135902869076
walk_forward,1,2017-01-05,2017-01-06,29.15250015258789,29.477500915527344,0.011148298130121193,0.0,29.15250015258789,0.0007641529307191278,29.174777121017282,0.0013975466674056804,29.193242132022682,0.0014525666411427092,29.194846101815447
walk_forward,1,2017-01-06,2017-01-09,29.477500915527344,29.747499465942383,0.00915947899344527,0.0,29.477500915527344,0.002557156309148545,29.55287949297142,0.0013975466674056804,29.518697098695288,0.0018120326593862937,29.53091510990337
walk_forward,1,2017-01-09,2017-01-10,29.747499465942383,29.77750015258789,0.0010085112088111803,0.0,29.747499465942383,0.0026399538660671308,29.826031492163327,0.0013975466674056804,29.789072984684662,0.002010782601469677,29.80731522030573
walk_forward,1,2017-01-10,2017-01-11,29.77750015258789,29.9375,0.005373179299545949,0.0,29.77750015258789,0.0031899241940107044,29.87248812076179,0.0013975466674056804,29.819115598689812,0.002097321212123841,29.839953135301933
walk_forward,1,2017-01-11,2017-01-12,29.9375,29.8125,-0.0041753653444676075,0.0,29.9375,0.004094989368961839,30.060093744233296,0.0013975466674056804,29.979339053355456,0.0020909272814774687,30.000097135489234
walk_forward,1,2017-01-12,2017-01-13,29.8125,29.760000228881836,-0.0017609986119300203,0.0,29.8125,0.003402118250414683,29.913925650340488,0.0013975466674056804,29.854164360022033,0.001786119258883363,29.865748680405456
walk_forward,1,2017-01-13,2017-01-17,29.760000228881836,30.0,0.008064508376086854,0.0,29.760000228881836,0.002269834351159469,29.827550499691867,0.0013975466674056804,29.801591218023702,0.0016146775615852624,29.808053033484185
walk_forward,1,2017-01-17,2017-01-18,30.0,29.997499465942383,-8.335113525392845e-05,0.0,30.0,0.002685039675901427,30.080551190277045,0.0013975466674056804,30.04192640002217,0.00188702166550348,30.05661064996511
walk_forward,1,2017-01-18,2017-01-19,29.997499465942383,29.94499969482422,-0.001750138246615185,0.0,29.997499465942383,0.0017050674275914666,30.04864722519095,0.0013975466674056804,30.039422371351513,0.00169387291427705,30.048311417783783
walk_forward,1,2017-01-19,2017-01-20,29.94499969482422,30.0,0.0018367108277275168,0.0,29.94499969482422,0.0011563723464739488,29.979627264386487,0.0013975466674056804,29.986849229353183,0.0017973318686918605,29.998820797083695
walk_forward,1,2017-01-20,2017-01-23,30.0,30.020000457763672,0.0006666819254557144,0.0,30.0,0.0016004273081530543,30.048012819244594,0.0013975466674056804,30.04192640002217,0.001601094914049737,30.048032847421492
walk_forward,1,2017-01-23,2017-01-24,30.020000457763672,29.99250030517578,-0.0009160610315973594,0.0,30.020000457763672,0.001185943903786578,30.05560249429823,0.0013975466674056804,30.061954809358937,0.00135464903873878,30.060667022526722
walk_forward,1,2017-01-24,2017-01-25,29.99250030517578,30.469999313354492,0.015920613597403488,0.0,29.99250030517578,0.0010081316587953917,30.02273669425986,0.0013975466674056804,30.034416224024444,0.001301715123203936,30.03154199640573
walk_forward,1,2017-01-25,2017-01-26,30.469999313354492,30.485000610351562,0.0004923300733550295,0.0,30.469999313354492,0.002743171819986563,30.553583756825898,0.0013975466674056804,30.512582559350722,0.002009022073367796,30.53121421455052
walk_forward,1,2017-01-26,2017-01-27,30.485000610351562,30.487499237060547,8.196249496328356e-05,0.0,30.485000610351562,0.0024680658434376697,30.560239599095148,0.0013975466674056804,30.52760482136042,0.001971220556002858,30.54509327020445
walk_forward,1,2017-01-27,2017-01-30,30.487499237060547,30.407499313354492,-0.002624023803461273,0.0,30.487499237060547,0.0019701711243888696,30.547564827712232,0.0013975466674056804,30.530106940016832,0.0016357820925495669,30.53737014235915
walk_forward,1,2017-01-30,2017-01-31,30.407499313354492,30.337499618530273,-0.0023020536513989054,0.0,30.407499313354492,0.0026848283840820433,30.489138230599945,0.0013975466674056804,30.449995212684012,0.0014589907672354775,30.4518635741074
walk_forward,1,2017-01-31,2017-02-01,30.337499618530273,32.1875,0.06098064786920476,0.0,30.337499618530273,0.002012442800796742,30.39855210123176,0.0013975466674056804,30.379897690019572,0.0013336689055874096,30.377959798444778
walk_forward,1,2017-02-01,2017-02-02,32.1875,32.13249969482422,-0.0017087473452669366,0.0,32.1875,0.004698309288282626,32.3387268302166,0.0013975466674056804,32.23248353335712,0.004771973821427396,32.34109790737719
walk_forward,1,2017-02-02,2017-02-03,32.13249969482422,32.27000045776367,0.00427918040131825,0.0,32.13249969482422,0.0019099000459208892,32.19386955746692,0.0013975466674056804,32.17740636268813,0.0015219367261816636,32.18140332621379
walk_forward,1,2017-02-03,2017-02-06,32.27000045776367,32.5724983215332,0.009373965276680218,0.0,32.27000045776367,0.002110522914575819,32.33810703318316,0.0013975466674056804,32.315099289360596,0.0023604990533798507,32.34617376329679
walk_forward,1,2017-02-06,2017-02-07,32.5724983215332,32.88249969482422,0.009517273444330066,0.0,32.5724983215332,0.005197083739570311,32.74178032291722,0.0013975466674056804,32.61801990801154,0.0033123544498477836,32.68038998129119
walk_forward,1,2017-02-07,2017-02-08,32.88249969482422,33.0099983215332,0.0038774006809785266,0.0,32.88249969482422,0.0015963514622307363,32.934991721293855,0.0013975466674056804,32.92845452268869,0.002106293587275669,32.951759893065024
walk_forward,1,2017-02-08,2017-02-09,33.0099983215332,33.10499954223633,0.002877952909229764,0.0,33.0099983215332,0.0013215562942171008,33.05362289258712,0.0013975466674056804,33.056131334678525,0.0020473419123655033,33.07758107462399
walk_forward,1,2017-02-09,2017-02-10,33.10499954223633,33.029998779296875,-0.0022655418811822203,0.0,33.10499954223633,0.0007238273608720497,33.12896184668666,0.0013975466674056804,33.15126532402105,0.0019875816555052356,33.17079843203199
walk_forward,1,2017-02-10,2017-02-13,33.029998779296875,33.3224983215332,0.00885557229931444,0.0,33.029998779296875,0.0013508820887605277,33.07461841303961,0.0013975466674056804,33.07615974401529,0.001851254461042123,33.09114571188526
walk_forward,1,2017-02-13,2017-02-14,33.3224983215332,33.755001068115234,0.012979301323950976,0.0,33.3224983215332,-0.00045795519472355164,33.30723811032569,0.0013975466674056804,33.36906806801209,0.0013293107186349484,33.36679427572371
walk_forward,1,2017-02-14,2017-02-15,33.755001068115234,33.877498626708984,0.0036290195442909567,0.0,33.755001068115234,-0.00040835099640219364,33.74121717979551,0.0013975466674056804,33.80217525736625,0.002270665304695889,33.83164737790058
walk_forward,1,2017-02-15,2017-02-16,33.877498626708984,33.837501525878906,-0.0011806391395894344,0.0,33.877498626708984,0.0004901078384602238,33.89410225433336,0.0013975466674056804,33.92484401201478,0.0020719288567395844,33.94769039370782
walk_forward,1,2017-02-16,2017-02-17,33.837501525878906,33.93000030517578,0.00273361729222632,0.0,33.837501525878906,0.0008697275636361447,33.866930933640546,0.0013975466674056804,33.884791013369735,0.0020300050772577055,33.90619182577816
walk_forward,1,2017-02-17,2017-02-21,33.93000030517578,34.17499923706055,0.007220717055148151,0.0,33.93000030517578,0.0008610865426540526,33.95921697183082,0.0013975466674056804,33.97741906402735,0.0020865960128973998,34.00079850853017
walk_forward,1,2017-02-21,2017-02-22,34.17499923706055,34.27750015258789,0.0029992953274506906,0.0,34.17499923706055,0.00047251337624574347,34.191147381333245,0.0013975466674056804,34.22276039335289,0.00207533527820699,34.24592381860992
walk_forward,1,2017-02-22,2017-02-23,34.27750015258789,34.13249969482422,-0.004230193483136024,0.0,34.27750015258789,3.1635785934262676e-05,34.27858454824508,0.0013975466674056804,34.32540455869314,0.002009751535979583,34.34638941116909
walk_forward,1,2017-02-23,2017-02-24,34.13249969482422,34.165000915527344,0.0009522074560526228,0.0,34.13249969482422,0.0006414996809492636,34.15439568248845,0.0013975466674056804,34.18020145602294,0.001817770572874482,34.19454474834812
walk_forward,1,2017-02-24,2017-02-27,34.165000915527344,34.23249816894531,0.0019756256873768585,0.0,34.165000915527344,0.000724299854596078,34.18974662072273,0.0013975466674056804,34.21274809869875,0.0016491577234788969,34.22134439065985
walk_forward,1,2017-02-27,2017-02-28,34.23249816894531,34.247501373291016,0.0004382737208268317,0.0,34.23249816894531,-0.00010343876226038477,34.22895720170563,0.0013975466674056804,34.280339682678296,0.0016875108932120427,34.29026588250726
walk_forward,1,2017-02-28,2017-03-01,34.247501373291016,34.9474983215332,0.020439358206379987,0.0,34.247501373291016,-0.0005593016764552474,34.22834668835853,0.0013975466674056804,34.29536385470223,0.001695240369086939,34.30555912015937
walk_forward,1,2017-03-01,2017-03-02,34.9474983215332,34.7400016784668,-0.005937381873727832,0.0,34.9474983215332,0.0007290273424217797,34.972976003358845,0.0013975466674056804,34.996339081346626,0.002120650950493205,35.021609767066124
walk_forward,1,2017-03-02,2017-03-03,34.7400016784668,34.94499969482422,0.0059009213141312244,0.0,34.7400016784668,0.001522196325666017,34.79288278137539,0.0013975466674056804,34.7885524520382,0.0019287542334149165,34.80700660377298
walk_forward,1,2017-03-03,2017-03-06,34.94499969482422,34.834999084472656,-0.003147821185067956,0.0,34.94499969482422,0.0015266641044303336,34.99834897148763,0.0013975466674056804,34.99383696269021,0.0020843964687733436,35.017838928789395
walk_forward,1,2017-03-06,2017-03-07,34.834999084472656,34.880001068115234,0.0012918611977985606,0.0,34.834999084472656,0.002529994806268786,34.92313145123275,0.0013975466674056804,34.88368262135224,0.0019548616800398686,34.90309668930711
walk_forward,1,2017-03-07,2017-03-08,34.880001068115234,34.75,-0.003727094728620095,0.0,34.880001068115234,0.0016120243040565988,34.93622847756255,0.0013975466674056804,34.928747497367084,0.0017768650966714886,34.94197812458503
walk_forward,1,2017-03-08,2017-03-09,34.75,34.66999816894531,-0.002302210965602569,0.0,34.75,0.001938370133704421,34.81735836214622,0.0013975466674056804,34.79856474669235,0.0018027521262582655,34.81264563638747
walk_forward,1,2017-03-09,2017-03-10,34.66999816894531,34.78499984741211,0.003317037338923301,0.0,34.66999816894531,0.0006620305816046393,34.69295076799733,0.0013975466674056804,34.71845110934528,0.0014235674958255234,34.71935325141896
walk_forward,1,2017-03-10,2017-03-13,34.78499984741211,34.79999923706055,0.00043120280909114683,0.0,34.78499984741211,0.0011979155921981674,34.82666934110394,0.0013975466674056804,34.83361350802457,0.0012096627594911594,34.82707796631642
walk_forward,1,2017-03-13,2017-03-14,34.79999923706055,34.747501373291016,-0.0015085593367951677,0.0,34.79999923706055,0.0002757974429847751,34.809596987866,0.0013975466674056804,34.84863386002002,0.0014790187067086433,34.851469086925604
walk_forward,1,2017-03-14,2017-03-15,34.747501373291016,35.1150016784668,0.010576308817941804,0.0,34.747501373291016,0.0004062825631013188,34.76161867721032,0.0013975466674056804,34.79606262803593,0.0014466763645113992,34.79776976225358
walk_forward,1,2017-03-15,2017-03-16,35.1150016784668,35.17250061035156,0.0016374463658370697,0.0,35.1150016784668,0.0023330205329165007,35.19692569839605,0.0013975466674056804,35.16407653203848,0.0018654360791123532,35.1805064695159
walk_forward,1,2017-03-16,2017-03-17,35.17250061035156,34.997501373291016,-0.0049754562235772015,0.0,35.17250061035156,0.0018216860024646397,35.23657386238512,0.0013975466674056804,35.22165582136388,0.0018185282987515916,35.23646279804934
walk_forward,1,2017-03-17,2017-03-20,34.997501373291016,35.3650016784668,0.010500758361459583,0.0,34.997501373291016,0.001476354097354338,35.049170077840635,0.0013975466674056804,35.04641201470278,0.0012668767236142203,35.04183889316549
walk_forward,1,2017-03-20,2017-03-21,35.3650016784668,34.959999084472656,-0.01145207337119225,0.0,35.3650016784668,0.003369362842086528,35.484159201032554,0.0013975466674056804,35.414425918705334,0.002051765155032719,35.43756235661835
walk_forward,1,2017-03-21,2017-03-22,34.959999084472656,35.35499954223633,0.011298640392102044,0.0,34.959999084472656,0.0017141145313135826,35.01992452691806,0.0013975466674056804,35.00885731468566,0.001134020938230324,34.99964445543496
walk_forward,1,2017-03-22,2017-03-23,35.35499954223633,35.22999954223633,-0.003535567857967936,0.0,35.35499954223633,0.00256017910292179,35.44551467324817,0.0013975466674056804,35.404409804022706,0.0017743205486099752,35.41773064442022
walk_forward,1,2017-03-23,2017-03-24,35.22999954223633,35.15999984741211,-0.001986934309786137,0.0,35.22999954223633,0.0024334397463534885,35.31572962338642,0.0013975466674056804,35.279235110689285,0.001236774881967444,35.27357112076189
walk_forward,1,2017-03-24,2017-03-27,35.15999984741211,35.220001220703125,0.0017065237073778938,0.0,35.15999984741211,0.0010197963641700768,35.19585588742072,0.0013975466674056804,35.209137588024845,0.001275774533261256,35.20485607980691
walk_forward,1,2017-03-27,2017-03-28,35.220001220703125,35.95000076293945,0.020726846023140233,0.0,35.220001220703125,0.0023563270484663742,35.30299106222648,0.0013975466674056804,35.26922281603514,0.0012450095890113855,35.26385045994789
walk_forward,1,2017-03-28,2017-03-29,35.95000076293945,36.029998779296875,0.0022252577095878134,0.0,35.95000076293945,0.004250317864380324,36.10279969340666,0.0013975466674056804,36.00024256669893,0.0020783665233479937,36.02471804103948
walk_forward,1,2017-03-29,2017-03-30,36.029998779296875,35.98249816894531,-0.0013183628076850473,0.0,36.029998779296875,0.003969303851639787,36.17301279222611,0.0013975466674056804,36.08035238401751,0.002023796499600633,36.10291616470703
walk_forward,1,2017-03-30,2017-03-31,35.98249816894531,35.915000915527344,-0.0018758356660244502,0.0,35.98249816894531,0.003057516974459629,36.09251526788032,0.0013975466674056804,36.03278538934625,0.002121183287063509,36.058823642688075
walk_forward,1,2017-03-31,2017-04-03,35.915000915527344,35.92499923706055,0.0002783884526891267,0.0,35.915000915527344,0.0038450219379935566,36.05309488195061,0.0013975466674056804,35.96519380536671,0.00177301078528068,35.97867859950394
walk_forward,1,2017-04-03,2017-04-04,35.92499923706055,36.192501068115234,0.007446119324582501,0.0,35.92499923706055,0.0027929383208436164,36.025335544106014,0.0013975466674056804,35.97520610002085,0.001697010370501822,35.98596433332611
walk_forward,1,2017-04-04,2017-04-05,36.192501068115234,36.005001068115234,-0.005180631193382301,0.0,36.192501068115234,0.0022399477902552726,36.27357038090657,0.0013975466674056804,36.243081777368054,0.0020092502876021554,36.26522086129538
walk_forward,1,2017-04-05,2017-04-06,36.005001068115234,35.915000915527344,-0.0024996569898061427,0.0,36.005001068115234,0.001785424689748378,36.06928528597666,0.0013975466674056804,36.05531973736792,0.0012689769672105634,36.05069058517506
walk_forward,1,2017-04-06,2017-04-07,35.915000915527344,35.834999084472656,-0.002227532479891936,0.0,35.915000915527344,0.001460490426433784,35.96745443052983,0.0013975466674056804,35.96519380536671,0.0010860997104477396,35.95400818762243
walk_forward,1,2017-04-07,2017-04-10,35.834999084472656,35.79249954223633,-0.0011859786053334265,0.0,35.834999084472656,0.001128188740920186,35.87542772697064,0.0013975466674056804,35.88508016801965,0.0011876265321292404,35.87755768016421
walk_forward,1,2017-04-10,2017-04-11,35.79249954223633,35.407501220703125,-0.010756396632174092,0.0,35.79249954223633,-9.791012590894656e-05,35.78899509409955,0.0013975466674056804,35.8425212306897,0.0012274948714704598,35.83643465186154
walk_forward,1,2017-04-11,2017-04-12,35.407501220703125,35.45000076293945,0.0012002976988243486,0.0,35.407501220703125,-0.00042640015528670034,35.3924034566843,0.0013975466674056804,35.456984856035284,0.0011768426315717075,35.44917027761708
walk_forward,1,2017-04-12,2017-04-13,35.45000076293945,35.26250076293945,-0.0052891395194557544,0.0,35.45000076293945,-0.0003755456686377668,35.436687668699726,0.0013975466674056804,35.49954379336523,0.0012052862655079369,35.492728161971264
walk_forward,1,2017-04-13,2017-04-17,35.26250076293945,35.45750045776367,0.005529945143004866,0.0,35.26250076293945,-0.0011777624528343342,35.22096991354782,0.0013975466674056804,35.31178175336509,0.001253985739230396,35.30671943602578
walk_forward,1,2017-04-17,2017-04-18,35.45750045776367,35.29999923706055,-0.004441971900719266,0.0,35.45750045776367,-0.0014682901313451716,35.40543855975937,0.0013975466674056804,35.50705396936296,0.001146115804343699,35.49813885942084
walk_forward,1,2017-04-18,2017-04-19,35.29999923706055,35.16999816894531,-0.003682749884559522,0.0,35.29999923706055,-0.0008458318544377738,35.270141373244215,0.0013975466674056804,35.349332633353725,0.0008633735675654926,35.3304763233369
walk_forward,1,2017-04-19,2017-04-20,35.16999816894531,35.61000061035156,0.012510732565086391,0.0,35.16999816894531,-0.0017267151747524577,35.10926959941098,0.0013975466674056804,35.219149882678984,0.0010296450647963862,35.206210783988865
walk_forward,1,2017-04-20,2017-04-21,35.61000061035156,35.567501068115234,-0.0011934721007551552,0.0,35.61000061035156,0.0005507736437860295,35.629613660142944,0.0013975466674056804,35.659767248030874,0.001352755943107948,35.65817225031129
walk_forward,1,2017-04-21,2017-04-24,35.567501068115234,35.90999984741211,0.009629542953859982,0.0,35.567501068115234,-0.0008449396901593017,35.537448674783,0.0013975466674056804,35.617208310700924,0.0011787156856374959,35.60942503952315
walk_forward,1,2017-04-24,2017-04-25,35.90999984741211,36.13249969482422,0.006196041446882461,0.0,35.90999984741211,0.000980505086011026,35.94520978490115,0.0013975466674056804,35.960185748025395,0.0016939279449726201,35.9708287996576
walk_forward,1,2017-04-25,2017-04-26,36.13249969482422,35.91999816894531,-0.005881174224692365,0.0,36.13249969482422,0.0025165267231916774,36.22342809588196,0.0013975466674056804,36.18299654935775,0.00161025084552978,36.190682083008916
walk_forward,1,2017-04-26,2017-04-27,35.91999816894531,35.9474983215332,0.0007655944874647158,0.0,35.91999816894531,0.0005091718006743579,35.93828761909322,0.0013975466674056804,35.97019804267954,0.001548173438600905,35.975608556025065
walk_forward,1,2017-04-27,2017-04-28,35.9474983215332,35.912498474121094,-0.0009736379176946697,0.0,35.9474983215332,0.0014649295176637745,36.00015887291059,0.0013975466674056804,35.99773662801403,0.0015103565013293286,36.00179185932965
walk_forward,1,2017-04-28,2017-05-01,35.912498474121094,36.64500045776367,0.02039685387443657,0.0,35.912498474121094,0.000816808672820345,35.94183211433741,0.0013975466674056804,35.96268786668181,0.0014646154822123552,35.96509647539122
walk_forward,1,2017-05-01,2017-05-02,36.64500045776367,36.877498626708984,0.00634460816048521,0.0,36.64500045776367,0.003740858437900476,36.78208421693296,0.0013975466674056804,36.6962135560305,0.0020524318977180067,36.72021182559508
walk_forward,1,2017-05-02,2017-05-03,36.877498626708984,36.76499938964844,-0.0030506200596552846,0.0,36.877498626708984,0.002953540962249857,36.98641782948828,0.0013975466674056804,36.929036652017,0.002057911028406803,36.95338923783295
walk_forward,1,2017-05-03,2017-05-04,36.76499938964844,36.63249969482422,-0.003603962927346771,0.0,36.76499938964844,0.002078833696969075,36.841427709248684,0.0013975466674056804,36.81638019202261,0.0018864053537935913,36.83435308132929
walk_forward,1,2017-05-04,2017-05-05,36.63249969482422,37.2400016784668,0.016583689038518257,0.0,36.63249969482422,0.0032853434475227207,36.75285003766298,0.0013975466674056804,36.683695322691456,0.0016886660428735466,36.694359753124445
walk_forward,1,2017-05-05,2017-05-08,37.2400016784668,38.252498626708984,0.027188423807930295,0.0,37.2400016784668,0.0032239567418403964,37.36006183294424,0.0013975466674056804,37.29204631870672,0.002181046986482725,37.32122387190423
walk_forward,1,2017-05-08,2017-05-09,38.252498626708984,38.497501373291016,0.006404882174440907,0.0,38.252498626708984,0.00358609556130005,38.389675742242865,0.0013975466674056804,38.30595827868468,0.0021255427301420772,38.33380594707476
walk_forward,1,2017-05-09,2017-05-10,38.497501373291016,38.314998626708984,-0.004740638744639369,0.0,38.497501373291016,0.0025344858461886647,38.59507274563525,0.0013975466674056804,38.5513034280387,0.0019528219382682185,38.572680138541294
walk_forward,1,2017-05-10,2017-05-11,38.314998626708984,38.48749923706055,0.004502169294906766,0.0,38.314998626708984,0.0029989066975555697,38.42990173270746,0.0013975466674056804,38.368545625351395,0.001975275525225374,38.39068130574537
walk_forward,1,2017-05-11,2017-05-12,38.48749923706055,39.025001525878906,0.01396563298404141,0.0,38.48749923706055,0.0030715703856115453,38.60571629993335,0.0013975466674056804,38.54128731335608,0.002171372734648588,38.57106994352871
walk_forward,1,2017-05-12,2017-05-15,39.025001525878906,38.92499923706055,-0.00256251851142264,0.0,39.025001525878906,0.0018014733021000995,39.095304024242196,0.0013975466674056804,39.0795407867069,0.0021748648086869077,39.1098756283565
walk_forward,1,2017-05-15,2017-05-16,38.92499923706055,38.86750030517578,-0.0014771723317086316,0.0,38.92499923706055,0.0012726128274337626,38.97453569039748,0.0013975466674056804,38.97939874002307,0.002057142911364329,39.00507352331593
walk_forward,1,2017-05-16,2017-05-17,38.86750030517578,37.5625,-0.033575617030406235,0.0,38.86750030517578,0.0017733284782331228,38.93642515034468,0.0013975466674056804,38.92181945069767,0.0017506464207132759,38.93554355546711
walk_forward,1,2017-05-17,2017-05-18,37.5625,38.1349983215332,0.015241219874428058,0.0,37.5625,0.0024131378304896424,37.65314348975777,0.0013975466674056804,37.61499534669443,0.0009424156142885674,37.597899486511714
walk_forward,1,2017-05-18,2017-05-19,38.1349983215332,38.26499938964844,0.00340897007570673,0.0,38.1349983215332,0.0010474784761633324,38.17494391146354,0.0013975466674056804,38.18829376134898,0.0013927410012349545,38.18811049727763
walk_forward,1,2017-05-19,2017-05-22,38.26499938964844,38.497501373291016,0.0060761005449141425,0.0,38.26499938964844,0.0009539967679212725,38.301504075390675,0.0013975466674056804,38.31847651202372,0.0012599648554920007,38.31321194407482
walk_forward,1,2017-05-22,2017-05-23,38.497501373291016,38.45000076293945,-0.0012338621639615965,0.0,38.497501373291016,0.0003132184549094561,38.50955950118903,0.0013975466674056804,38.5513034280387,0.0007351400909055791,38.52580242995021
walk_forward,1,2017-05-23,2017-05-24,38.45000076293945,38.334999084472656,-0.0029909408630660606,0.0,38.45000076293945,0.0032963708648860637,38.576746225209256,0.0013975466674056804,38.50373643336744,0.0014794034265325296,38.50688382581833
walk_forward,1,2017-05-24,2017-05-25,38.334999084472656,38.467498779296875,0.0034563635838948947,0.0,38.334999084472656,0.000807958916181702,38.365972188784774,0.0013975466674056804,38.38857403468816,0.0013000068006236104,38.38483484398437
walk_forward,1,2017-05-25,2017-05-26,38.467498779296875,38.40250015258789,-0.0016897024441829833,0.0,38.467498779296875,0.00149283840748281,38.524924538914405,0.0013975466674056804,38.52125890401931,0.0013405559018475292,38.51906661181478
walk_forward,1,2017-05-26,2017-05-30,38.40250015258789,38.41749954223633,0.00039058367525135473,0.0,38.40250015258789,0.001108932635732376,38.445085938300814,0.0013975466674056804,38.456169438696186,0.001369119487290146,38.45507776390747
walk_forward,1,2017-05-30,2017-05-31,38.41749954223633,38.189998626708984,-0.005921804340160874,0.0,38.41749954223633,0.0017488420110847724,38.48468567939662,0.0013975466674056804,38.47118979069164,0.0011924061904718516,38.463308806512934
walk_forward,1,2017-05-31,2017-06-01,38.189998626708984,38.29499816894531,0.002749398952921034,0.0,38.189998626708984,0.0011095997751290223,38.23237424059735,0.0013975466674056804,38.24337093201797,0.001215186489899925,38.236406597089456
walk_forward,1,2017-06-01,2017-06-02,38.29499816894531,38.86249923706055,0.014819195593419376,0.0,38.29499816894531,-0.001182500260364422,38.24971432363988,0.0013975466674056804,38.34851721601463,0.0014061165341044581,38.348845399044166
walk_forward,1,2017-06-02,2017-06-05,38.86249923706055,38.48249816894531,-0.009778091362504404,0.0,38.86249923706055,0.0009029112774630249,38.897588625892084,0.0013975466674056804,38.916811393356355,0.001615844578463728,38.9252949957583
walk_forward,1,2017-06-05,2017-06-06,38.48249816894531,38.61249923706055,0.0033781868200060128,0.0,38.48249816894531,-0.0010528263136211108,38.44198278225917,0.0013975466674056804,38.536279256014765,0.00107541920728634,38.523882986620556
walk_forward,1,2017-06-06,2017-06-07,38.61249923706055,38.842498779296875,0.005956608527830642,0.0,38.61249923706055,0.0008121721516653075,38.64385923364709,0.0013975466674056804,38.66646200668951,0.001254953766475546,38.66095613841112
walk_forward,1,2017-06-07,2017-06-08,38.842498779296875,38.747501373291016,-0.002445707897054561,0.0,38.842498779296875,0.0016738282801937255,38.907514452227055,0.0013975466674056804,38.89678298401959,0.0015301137190577377,38.90193221956156
walk_forward,1,2017-06-08,2017-06-09,38.747501373291016,37.244998931884766,-0.03877675690443194,0.0,38.747501373291016,1.3207483211623164e-05,38.748013130264894,0.0013975466674056804,38.801652814705555,0.0013855589885355506,38.80118832210208
walk_forward,1,2017-06-09,2017-06-12,37.244998931884766,36.35499954223633,-0.02389580924075485,0.0,37.244998931884766,-0.003322211376283351,37.1212631727236,0.0013975466674056804,37.29705055601955,0.0012605948502337509,37.29194978573526
walk_forward,1,2017-06-12,2017-06-13,36.35499954223633,36.647499084472656,0.00804564835426591,0.0,36.35499954223633,-0.001861858498158533,36.28731167738807,0.0013975466674056804,36.40580735069012,0.0019776412956189044,36.426896690633264
walk_forward,1,2017-06-13,2017-06-14,36.647499084472656,36.290000915527344,-0.009755049536157356,0.0,36.647499084472656,-0.0013853671180460855,36.5967288442824,0.0013975466674056804,36.698715674686916,0.001337629675143999,36.69651986676786
walk_forward,1,2017-06-14,2017-06-15,36.290000915527344,36.0724983215332,-0.005993457936262492,0.0,36.290000915527344,-0.0042437798823211316,36.135994139712615,-0.003333674213395685,36.16902187527114,-0.0006468326102411008,36.2665273595095
walk_forward,1,2017-06-15,2017-06-16,36.0724983215332,35.567501068115234,-0.013999508681562967,0.0,36.0724983215332,-0.0023350779122279066,35.98826622746371,0.0013975466674056804,36.12291132134746,0.0011233177978520587,36.11301920091077
walk_forward,1,2017-06-16,2017-06-19,35.567501068115234,36.584999084472656,0.028607520511739537,0.0,35.567501068115234,0.00019824037474696385,35.57455198285579,0.0013975466674056804,35.617208310700924,0.000991822140196255,35.602777703146046
walk_forward,1,2017-06-19,2017-06-20,36.584999084472656,36.252498626708984,-0.009088436957342738,0.0,36.584999084472656,-0.0013849166870769072,36.53433190874388,0.0013975466674056804,36.6361283280202,0.001133433942795314,36.62646576423213
walk_forward,1,2017-06-20,2017-06-21,36.252498626708984,36.467498779296875,0.005930629907795915,0.0,36.252498626708984,-0.0011039620576608607,36.212477243729694,0.0013975466674056804,36.30316318534987,0.001751755221604964,36.316004130474546
walk_forward,1,2017-06-21,2017-06-22,36.467498779296875,36.407501220703125,-0.00164523371775116,0.0,36.467498779296875,-3.756399002026521e-05,36.46612891453666,0.0013975466674056804,36.5184638106845,0.00039863860202409777,36.48203613202957
walk_forward,1,2017-06-22,2017-06-23,36.407501220703125,36.56999969482422,0.004463324003919578,0.0,36.407501220703125,0.0033703303516813303,36.53020652709614,0.0013975466674056804,36.45838240270269,0.0009664722472848795,36.442688060225926
walk_forward,1,2017-06-23,2017-06-26,36.56999969482422,36.45500183105469,-0.0031445956994581303,0.0,36.56999969482422,-0.0010743774996338341,36.53070970999048,0.0013975466674056804,36.621107976024746,0.000787122982453907,36.59878478205235
walk_forward,1,2017-06-26,2017-06-27,36.45500183105469,35.932498931884766,-0.0143328178007337,0.0,36.45500183105469,-0.0013699857052924022,36.40505899965973,0.0013975466674056804,36.505949397373946,0.0008373783473791527,36.48552846024168
walk_forward,1,2017-06-27,2017-06-28,35.932498931884766,36.45750045776367,0.014610771348636753,0.0,35.932498931884766,-0.0015244881739012695,35.877720262204384,0.0013975466674056804,35.98271627601858,0.0006397751911749591,35.9554876532583
walk_forward,1,2017-06-28,2017-06-29,36.45750045776367,35.91999816894531,-0.014743256725486709,0.0,36.45750045776367,-0.0005413831798043629,36.437762980238126,0.0013975466674056804,36.50845151603036,0.0006664220509614934,36.48179653999167
walk_forward,1,2017-06-29,2017-06-30,35.91999816894531,36.005001068115234,0.0023664505429572547,0.0,35.91999816894531,-0.0024263884553457123,35.832842300072144,0.0013975466674056804,35.97019804267954,0.0010747076039218744,35.95860166411034
walk_forward,1,2017-06-30,2017-07-03,36.005001068115234,35.875,-0.003610639196185428,0.0,36.005001068115234,-0.003097107322310896,35.893489715667364,0.0013975466674056804,36.05531973736792,0.0010077536363743876,36.04128523886929
walk_forward,1,2017-07-03,2017-07-05,35.875,36.022499084472656,0.0041114727379136795,0.0,35.875,-0.00032953256726302583,35.86317801914944,0.0013975466674056804,35.925136986693175,0.0013710996388680084,35.92418819954439
walk_forward,1,2017-07-05,2017-07-06,36.022499084472656,35.682498931884766,-0.009438549829388299,0.0,36.022499084472656,-0.0021757223472782285,35.94412412820976,0.0013975466674056804,36.072842208019786,0.0013720822325105648,36.07192491543709
walk_forward,1,2017-07-06,2017-07-07,35.682498931884766,36.04499816894531,0.010159020469741487,0.0,35.682498931884766,-0.0013361394846102728,35.63482213615231,0.0013975466674056804,35.732366889351724,0.0012793894655850702,35.72815074512397
walk_forward,1,2017-07-07,2017-07-10,36.04499816894531,36.26499938964844,0.006103515935053316,0.0,36.04499816894531,-0.0016414017713294556,35.98583384510324,0.0013975466674056804,36.09537273601296,0.0013740291783702866,36.09452504816375
walk_forward,1,2017-07-10,2017-07-11,36.26499938964844,36.38249969482422,0.0032400470744065046,0.0,36.26499938964844,0.001408806548169308,36.316089758257924,0.0013975466674056804,36.31568141868891,0.0012194853803240337,36.30922402622157
walk_forward,1,2017-07-11,2017-07-12,36.38249969482422,36.435001373291016,0.0014430475890105932,0.0,36.38249969482422,0.0006046565513866734,36.40449861162052,0.0013975466674056804,36.43334593602461,0.0015716180352060287,36.439679087510484
walk_forward,1,2017-07-12,2017-07-13,36.435001373291016,36.942501068115234,0.0139289056043852,0.0,36.435001373291016,0.002059891229165256,36.51005351305448,0.0013975466674056804,36.48592098803718,0.0014691448019872055,36.488529666168986
walk_forward,1,2017-07-13,2017-07-14,36.942501068115234,37.2599983215332,0.008594362705236502,0.0,36.942501068115234,0.004125951704337964,37.09492404335973,0.0013975466674056804,36.99412993736861,0.0018643762320232752,37.01137578905812
walk_forward,1,2017-07-14,2017-07-17,37.2599983215332,37.38999938964844,0.003489025066329754,0.0,37.2599983215332,0.003662983047023412,37.3964810637171,0.0013975466674056804,37.312070908015,0.001655453902674895,37.32168053116825
walk_forward,1,2017-07-17,2017-07-18,37.38999938964844,37.52000045776367,0.0034768940956770855,0.0,37.38999938964844,0.002984088148798157,37.50157444371066,0.0013975466674056804,37.442253658689744,0.0018747168654415392,37.460095052103064
walk_forward,1,2017-07-18,2017-07-19,37.52000045776367,37.755001068115234,0.00626334241696247,0.0,37.52000045776367,0.003466772024198975,37.65007374569858,0.0013975466674056804,37.57243640936448,0.0019383437452521028,37.592727115972835
walk_forward,1,2017-07-19,2017-07-20,37.755001068115234,37.584999084472656,-0.0045027672846802425,0.0,37.755001068115234,0.0030287300876758287,37.86935077581047,0.0013975466674056804,37.80776544403587,0.00213827556818259,37.835731664475894
walk_forward,1,2017-07-20,2017-07-21,37.584999084472656,37.567501068115234,-0.00046555851493024214,0.0,37.584999084472656,0.0013260846740496214,37.634839975732746,0.0013975466674056804,37.637525874687604,0.00179787763044399,37.652572313566885
walk_forward,1,2017-07-21,2017-07-24,37.567501068115234,38.022499084472656,0.012111479428254857,0.0,37.567501068115234,0.0013913993599672626,37.619772465056975,0.0013975466674056804,37.620003404035735,0.0014982214984858035,37.62378550585987
walk_forward,1,2017-07-24,2017-07-25,38.022499084472656,38.185001373291016,0.004273845558055989,0.0,38.022499084472656,0.0022225365915499234,38.10700547999007,0.0013975466674056804,38.0756373013546,0.0020342127433824286,38.09984493664553
walk_forward,1,2017-07-25,2017-07-26,38.185001373291016,38.3650016784668,0.004713900712379759,0.0,38.185001373291016,0.0012312681908147993,38.232017350848174,0.0013975466674056804,38.23836669470514,0.0019869507255666306,38.26087308947544
walk_forward,1,2017-07-26,2017-07-27,38.3650016784668,37.63999938964844,-0.018897491387972032,0.0,38.3650016784668,0.0009806629426253389,38.402624813906634,0.0013975466674056804,38.41861855870755,0.002072951924454696,38.44453048252788
walk_forward,1,2017-07-27,2017-07-28,37.63999938964844,37.375,-0.007040366470391524,0.0,37.63999938964844,0.0022271703931784946,37.723830081888316,0.0013975466674056804,37.69260304535659,0.0012618561328575154,37.68749565371902
walk_forward,1,2017-07-28,2017-07-31,37.375,37.182498931884766,-0.005150530250574881,0.0,37.375,0.0023535473452085884,37.46296383202717,0.0013975466674056804,37.42723330669428,0.001214242148632944,37.42038230030516
walk_forward,1,2017-07-31,2017-08-01,37.182498931884766,37.51250076293945,0.008875192376371022,0.0,37.182498931884766,0.0018800996509773728,37.25240573514907,0.0013975466674056804,37.23446320935284,0.001223553521150767,37.227993709378055
walk_forward,1,2017-08-01,2017-08-02,37.51250076293945,39.28499984741211,0.047250890994284145,0.0,37.51250076293945,0.000606983828612951,37.535270244273384,0.0013975466674056804,37.56492623336675,0.001118050348770964,37.55444162750072
walk_forward,1,2017-08-02,2017-08-03,39.28499984741211,38.89250183105469,-0.009991040292272713,0.0,39.28499984741211,0.003465590129601663,39.4211455551247,0.0013975466674056804,39.339902468027894,0.003290870897006212,39.414281710098855
walk_forward,1,2017-08-03,2017-08-04,38.89250183105469,39.09749984741211,0.005270887875712171,0.0,38.89250183105469,0.0013557231986975782,38.945229298042435,0.0013975466674056804,38.94685591737575,0.0019684698650659516,38.96906054888614
walk_forward,1,2017-08-04,2017-08-07,39.09749984741211,39.70249938964844,0.015474123527015493,0.0,39.09749984741211,0.00282500015251339,39.20795029044394,0.0013975466674056804,39.15214042802776,0.002409581706222491,39.191708467803466
walk_forward,1,2017-08-07,2017-08-08,39.70249938964844,40.02000045776367,0.007997004546217878,0.0,39.70249938964844,0.00541847935067759,39.917626562761534,0.0013975466674056804,39.75798548535811,0.0026815638371260634,39.80896417625524
walk_forward,1,2017-08-08,2017-08-09,40.02000045776367,40.26499938964844,0.006121912270923957,0.0,40.02000045776367,0.002888979950552386,40.13561743670725,0.0013975466674056804,40.07593027603299,0.002095928560612174,40.10387951971881
walk_forward,1,2017-08-09,2017-08-10,40.26499938964844,38.83000183105469,-0.03563883224502584,0.0,40.26499938964844,0.0032531524250068583,40.395987570055766,0.0013975466674056804,40.32127160535853,0.0021842339157881734,40.3529475669345
walk_forward,1,2017-08-10,2017-08-11,38.83000183105469,39.369998931884766,0.013906697794647371,0.0,38.83000183105469,0.0018389540580917476,38.90140842049761,0.0013975466674056804,38.88426857070903,0.001276770147699361,38.87957881822769
walk_forward,1,2017-08-11,2017-08-14,39.369998931884766,39.962501525878906,0.015049596394941522,0.0,39.369998931884766,0.002359852940303553,39.46290633962392,0.0013975466674056804,39.42502034268779,0.0011659777863174724,39.41590347608669
walk_forward,1,2017-08-14,2017-08-15,39.962501525878906,40.400001525878906,0.010947763110291886,0.0,39.962501525878906,0.0008568246756266793,39.99674238328605,0.0013975466674056804,40.01835098670759,0.001640612103222571,40.028064489557316
walk_forward,1,2017-08-15,2017-08-16,40.400001525878906,40.23749923706055,-0.004022333729721939,0.0,40.400001525878906,-0.0007620604041640793,40.369214284387866,0.0013975466674056804,40.45646241337458,0.00035394208026729687,40.41430078646178
walk_forward,1,2017-08-16,2017-08-17,40.23749923706055,39.46500015258789,-0.01919848646461486,0.0,40.23749923706055,0.0033648368916547877,40.37289185892134,0.0013975466674056804,40.293733020024035,0.00227258961281392,40.3289425598723
walk_forward,1,2017-08-17,2017-08-18,39.46500015258789,39.375,-0.0022805055679694375,0.0,39.46500015258789,0.0016003217687467978,39.528156851435675,0.0013975466674056804,39.5201543320303,0.0012720845878790813,39.51520297104264
walk_forward,1,2017-08-18,2017-08-21,39.375,39.3025016784668,-0.0018412272135416297,0.0,39.375,0.002065453920086422,39.4563272481034,0.0013975466674056804,39.430028400029094,0.0012601153972048918,39.42461704376495
walk_forward,1,2017-08-21,2017-08-22,39.3025016784668,39.94499969482422,0.01634750941845109,0.0,39.3025016784668,0.0010138582212528883,39.34234884290932,0.0013975466674056804,39.357428758708245,0.0012660008954174786,39.35225868078388
walk_forward,1,2017-08-22,2017-08-23,39.94499969482422,39.994998931884766,0.0012517020263496104,0.0,39.94499969482422,0.0017990466864822316,40.01686261416673,0.0013975466674056804,40.00082469602724,0.0012934788986590285,39.99666770903641
walk_forward,1,2017-08-23,2017-08-24,39.994998931884766,39.817501068115234,-0.004438001462928609,0.0,39.994998931884766,0.0024059064968053314,40.09122315965471,0.0013975466674056804,40.05089380935491,0.0013000850109387968,40.04699583050862
walk_forward,1,2017-08-24,2017-08-25,39.817501068115234,39.96500015258789,0.0037043782386125823,0.0,39.817501068115234,-0.00022362733765008812,39.80859678635949,0.0013975466674056804,39.8731478840374,0.001320863174043322,39.87009453895854
walk_forward,1,2017-08-25,2017-08-28,39.96500015258789,40.36750030517578,0.010071316177933998,0.0,39.96500015258789,0.0012970706151146077,40.01683757991886,0.0013975466674056804,40.020853105364004,0.0014779243397918876,40.02406539905319
walk_forward,1,2017-08-28,2017-08-29,40.36750030517578,40.727500915527344,0.008918080327738442,0.0,40.36750030517578,0.0012203313809211983,40.41676203256753,0.0013975466674056804,40.42391577069878,0.0017493014350356587,40.43811523138842
walk_forward,1,2017-08-29,2017-08-30,40.727500915527344,40.837501525878906,0.0027008927107929903,0.0,40.727500915527344,0.002599083596293384,40.83335509507492,0.0013975466674056804,40.7844194987036,0.002041786597970964,40.810657781065515
walk_forward,1,2017-08-30,2017-08-31,40.837501525878906,41.0,0.003979148284037892,0.0,40.837501525878906,0.0025155094228998245,40.940228645774944,0.0013975466674056804,40.89457384004157,0.0020315856252983064,40.92046640695198
walk_forward,1,2017-08-31,2017-09-01,41.0,41.01250076293945,0.0003048966570597944,0.0,41.0,0.001991866257625796,41.081666516562656,0.0013975466674056804,41.05729941336363,0.00200049987870701,41.08202049502699
walk_forward,1,2017-09-01,2017-09-05,41.01250076293945,40.52000045776367,-0.012008541201194545,0.0,41.01250076293945,0.0014614058258398319,41.07243667048667,0.0013975466674056804,41.069817646702674,0.002095754311446173,41.09845288823657
walk_forward,1,2017-09-05,2017-09-06,40.52000045776367,40.477500915527344,-0.001048853449067133,0.0,40.52000045776367,0.0005394402313711491,40.54185857618577,0.0013975466674056804,40.576629049366694,0.0012301140776617345,40.56984468075363
walk_forward,1,2017-09-06,2017-09-07,40.477500915527344,40.314998626708984,-0.004014632453655853,0.0,40.477500915527344,0.0012221283947951682,40.526969618746556,0.0013975466674056804,40.53407011203675,0.0012110125278346226,40.52651967623149
walk_forward,1,2017-09-07,2017-09-08,40.314998626708984,39.657501220703125,-0.016309002316826637,0.0,40.314998626708984,0.0002990582047819588,40.32705515782408,0.0013975466674056804,40.371340718686206,0.0011891604994471148,40.36293963061113
walk_forward,1,2017-09-08,2017-09-11,39.657501220703125,40.375,0.018092384976648557,0.0,39.657501220703125,-0.002250973104055004,39.56823325208129,0.0013975466674056804,39.71292442937175,0.0010508262546688942,39.6991743641804
walk_forward,1,2017-09-11,2017-09-12,40.375,40.21500015258789,-0.0039628445179469285,0.0,40.375,5.9348176625481685e-05,40.37739618263126,0.0013975466674056804,40.43142594669651,0.0012411277409186976,40.4251105325396
walk_forward,1,2017-09-12,2017-09-13,40.21500015258789,39.912498474121094,-0.007522110588561781,0.0,40.21500015258789,-0.0003453707114586611,40.20111106937388,0.0013975466674056804,40.27120249203086,0.001151674518236575,40.261314743514504
walk_forward,1,2017-09-13,2017-09-14,39.912498474121094,39.56999969482422,-0.008581241275059437,0.0,39.912498474121094,-0.0009070725230259688,39.8762949434299,0.0013975466674056804,39.96827805335143,0.0010960316510044107,39.9562438357194
walk_forward,1,2017-09-14,2017-09-15,39.56999969482422,39.970001220703125,0.010108706822437252,0.0,39.56999969482422,0.00048611293038583144,39.58923518333124,0.0013975466674056804,39.62530061602696,0.001327823756565776,39.622541680466306
walk_forward,1,2017-09-15,2017-09-18,39.970001220703125,39.66749954223633,-0.007568217894126872,0.0,39.970001220703125,0.0003078772250591315,39.98230707376457,0.0013975466674056804,40.02586116270532,0.0013591650623132887,40.02432704990292
walk_forward,1,2017-09-18,2017-09-19,39.66749954223633,39.682498931884766,0.00037812793398961375,0.0,39.66749954223633,-0.0010158281506367055,39.62720417953596,0.0013975466674056804,39.7229367240259,0.0011878645519112967,39.714619158805505
walk_forward,1,2017-09-19,2017-09-20,39.682498931884766,39.01750183105469,-0.016757944149927373,0.0,39.682498931884766,-0.002063517902489864,39.600613384923285,0.0013975466674056804,39.73795707602135,0.001008920397657905,39.72253541448718
walk_forward,1,2017-09-20,2017-09-21,39.01750183105469,38.34749984741211,-0.01717183192669991,0.0,39.01750183105469,-0.0015672726161115532,38.95635076888579,0.0013975466674056804,39.07203061070917,0.0007381431237880903,39.046302331738666
walk_forward,1,2017-09-21,2017-09-22,38.34749984741211,37.97249984741211,-0.009778994758254278,0.0,38.34749984741211,-0.00265249069609297,38.24578346084842,0.0013975466674056804,38.4010922680272,0.000805331156429199,38.37838228381039
walk_forward,2,2017-09-22,2017-09-25,37.97249984741211,37.63750076293945,-0.00882214986684604,0.0,37.97249984741211,-0.0030532156949493153,37.85656161490153,0.001302240162618131,38.02194916178842,0.0005922105456964886,37.99498756226821
walk_forward,2,2017-09-25,2017-09-26,37.63750076293945,38.28499984741211,0.017203562174623155,0.0,37.63750076293945,-0.00279322576799675,37.532370725965414,0.001302240162618131,37.68651382805353,0.0008203859566747664,37.6683780400097
walk_forward,2,2017-09-26,2017-09-27,38.28499984741211,38.557498931884766,0.007117646220679674,0.0,38.28499984741211,-0.0022411830761966214,38.1991961536819,0.001302240162618131,38.33485611183924,0.000221061771276873,38.29346319729171
walk_forward,2,2017-09-27,2017-09-28,38.557498931884766,38.31999969482422,-0.006159612102437206,0.0,38.557498931884766,-0.002618102323816792,38.456551454330636,0.001302240162618131,38.60771005556397,0.00019724312950836204,38.565104133640105
walk_forward,2,2017-09-28,2017-09-29,38.31999969482422,38.529998779296875,0.005480143166624929,0.0,38.31999969482422,-0.002859788265340364,38.210412609369115,0.001302240162618131,38.36990153745833,0.0005738352990070933,38.34198906330705
walk_forward,2,2017-09-29,2017-10-02,38.529998779296875,38.45249938964844,-0.002011403895763375,0.0,38.529998779296875,-0.0004262945729574196,38.513573649921206,0.001302240162618131,38.58017409117291,0.0004068950112651164,38.54567644358422
walk_forward,2,2017-10-02,2017-10-03,38.45249938964844,38.619998931884766,0.004356011830050743,0.0,38.45249938964844,-0.001021565748817386,38.413217633315554,0.001302240162618131,38.50257377870669,0.0003976504712630629,38.467790044151975
walk_forward,2,2017-10-03,2017-10-04,38.619998931884766,38.369998931884766,-0.0064733300599238985,0.0,38.619998931884766,-0.0009756409304206601,38.58231968019402,0.001302240162618131,38.670291445574136,0.00038891171952875546,38.635018702077566
walk_forward,2,2017-10-04,2017-10-05,38.369998931884766,38.84749984741211,0.012444642398218742,0.0,38.369998931884766,-0.0012263482325850922,38.32294395151036,0.001302240162618131,38.41996588553348,0.0004402534957567234,38.38689145804671
walk_forward,2,2017-10-05,2017-10-06,38.84749984741211,38.82500076293945,-0.0005791642849869438,0.0,38.84749984741211,-0.001287764686645826,38.797473408944136,0.001302240162618131,38.89808862193071,0.0015888307124150096,38.909221948270215
walk_forward,2,2017-10-06,2017-10-09,38.82500076293945,38.959999084472656,0.003477097717460076,0.0,38.82500076293945,-0.0016670226253234122,38.76027860823944,0.001302240162618131,38.875560238246635,0.0011972535146422048,38.87148413155887
walk_forward,2,2017-10-09,2017-10-10,38.959999084472656,38.974998474121094,0.00038499460987972967,0.0,38.959999084472656,-0.002365591368340281,38.86783564692789,0.001302240162618131,39.01073436001602,0.0012126393480722257,39.007243512363345
walk_forward,2,2017-10-10,2017-10-11,38.974998474121094,39.13750076293945,0.004169398208604402,0.0,38.974998474121094,-0.0002624459013405261,38.96476964551681,0.001302240162618131,39.025753282472074,0.0011802578188019766,39.02099902080797
walk_forward,2,2017-10-11,2017-10-12,39.13750076293945,39.0,-0.0035132739765962873,0.0,39.13750076293945,-0.00046667807957114253,39.11923614924419,0.001302240162618131,39.18846718829745,0.001212112292539178,39.18493980871348
walk_forward,2,2017-10-12,2017-10-13,39.0,39.247501373291016,0.006346189058743956,0.0,39.0,-0.00060040586149156,38.97658417140183,0.001302240162618131,39.05078736634211,0.0011367285624244254,39.044332413934555
walk_forward,2,2017-10-13,2017-10-16,39.247501373291016,39.970001220703125,0.01840881131617178,0.0,39.247501373291016,0.0002627347923838078,39.25781305741591,0.001302240162618131,39.298611045861726,0.0012334294955917684,39.29591039911311
walk_forward,2,2017-10-16,2017-10-17,39.970001220703125,40.11750030517578,0.0036902446827111746,0.0,39.970001220703125,0.002954224471776733,40.08808157644627,0.001302240162618131,40.02205176159262,0.0016883563161212642,40.03748482471947
walk_forward,2,2017-10-17,2017-10-18,40.11750030517578,39.939998626708984,-0.004424544827482557,0.0,40.11750030517578,0.002471407016135932,40.21664697689983,0.001302240162618131,40.16974292529703,0.0017805433889784665,40.1889312551265
walk_forward,2,2017-10-18,2017-10-19,39.939998626708984,38.994998931884766,-0.023660483908786945,0.0,39.939998626708984,0.0022450387376916794,40.029665470809306,0.001302240162618131,39.9920100970156,0.00152854418557611,40.00104867938176
walk_forward,2,2017-10-19,2017-10-20,38.994998931884766,39.0625,0.0017310185912080556,0.0,38.994998931884766,0.002429426539575395,39.0897344172006,0.001302240162618131,39.04577978563512,0.0011629102593875976,39.04034661620746
walk_forward,2,2017-10-20,2017-10-23,39.0625,39.04249954223633,-0.0005120117187500384,0.0,39.0625,0.0018310350833592435,39.13402480794372,0.001302240162618131,39.11336875635227,0.0011765194219575457,39.108457789920216
walk_forward,2,2017-10-23,2017-10-24,39.04249954223633,39.275001525878906,0.0059550998621658024,0.0,39.04249954223633,0.00038159277994525274,39.057397878172665,0.001302240162618131,39.09334225318923,0.001102332031358226,39.08553734006602
walk_forward,2,2017-10-24,2017-10-25,39.275001525878906,39.102500915527344,-0.00439212230807684,0.0,39.275001525878906,-0.00044711673299961457,39.2574410155081,0.001302240162618131,39.3261470102528,0.001048096197157825,39.31616550562154
walk_forward,2,2017-10-25,2017-10-26,39.102500915527344,39.352500915527344,0.006393452954328138,0.0,39.102500915527344,0.0005559827159743571,39.12424123018775,0.001302240162618131,39.153421762678356,0.0008832135764303467,39.137036775208315
walk_forward,2,2017-10-26,2017-10-27,39.352500915527344,40.76250076293945,0.03582999338310833,0.0,39.352500915527344,-0.0002690350745621487,39.34191371250933,0.001302240162618131,39.40374732271901,0.0011812671035151905,39.39898673029991
walk_forward,2,2017-10-27,2017-10-30,40.76250076293945,41.68000030517578,0.02250842134471065,0.0,40.76250076293945,0.0034734547274880077,40.904087463918714,0.001302240162618131,40.81558332856171,0.0019297831223245069,40.84116354893552
walk_forward,2,2017-10-30,2017-10-31,41.68000030517578,42.2599983215332,0.013915499330872105,0.0,41.68000030517578,0.0029567447516147725,41.80323742732541,0.001302240162618131,41.73427767555112,0.0018248747354377138,41.756061084705735
walk_forward,2,2017-10-31,2017-11-01,42.2599983215332,41.72249984741211,-0.012718847502821928,0.0,42.2599983215332,0.0035059444119306823,42.40815952649679,0.001302240162618131,42.31503098861968,0.0019532925621738835,42.342544461932135
walk_forward,2,2017-11-01,2017-11-02,41.72249984741211,42.02750015258789,0.0073102116673553486,0.0,41.72249984741211,0.0038595492785221614,41.883529891596325,0.001302240162618131,41.77683256239824,0.0020083070377286847,41.806291437487296
walk_forward,2,2017-11-02,2017-11-03,42.02750015258789,43.125,0.026113850298672414,0.0,42.02750015258789,0.002821024661068161,42.14606076696139,0.001302240162618131,42.08223005122103,0.001997851571051673,42.11146485979511
walk_forward,2,2017-11-03,2017-11-06,43.125,43.5625,0.010144927536231974,0.0,43.125,0.0022472556056846982,43.22191289799515,0.001302240162618131,43.18115910701291,0.001990267965346478,43.21083030600557
walk_forward,2,2017-11-06,2017-11-07,43.5625,43.70249938964844,0.003213759303263952,0.0,43.5625,4.040344050117205e-05,43.564260074876834,0.001302240162618131,43.61922883708405,0.0016813600007871958,43.635744245034296
walk_forward,2,2017-11-07,2017-11-08,43.70249938964844,44.060001373291016,0.008180355554841645,0.0,43.70249938964844,0.000933924951601457,43.74331424427577,0.001302240162618131,43.759410539560434,0.0013635258568227956,43.762088877574
walk_forward,2,2017-11-08,2017-11-09,44.060001373291016,43.970001220703125,-0.0020426724871245305,0.0,44.060001373291016,0.00019037465978470744,44.068389281062565,0.001302240162618131,44.11737807664433,0.0017469102586653515,44.136970241686825
walk_forward,2,2017-11-09,2017-11-10,43.970001220703125,43.66749954223633,-0.006879728680206698,0.0,43.970001220703125,-0.0006125801372244303,43.94306607132159,0.001302240162618131,44.02726072224309,0.0018617126096465927,44.05186072642188
walk_forward,2,2017-11-10,2017-11-13,43.66749954223633,43.49250030517578,-0.004007539678137162,0.0,43.66749954223633,-0.0002213459271894905,43.65783391906211,0.001302240162618131,43.72436511394134,0.0017029941856858595,43.7418650400602
walk_forward,2,2017-11-13,2017-11-14,43.49250030517578,42.834999084472656,-0.015117576963605384,0.0,43.49250030517578,0.0012602224918455635,43.547310532286964,0.001302240162618131,43.54913798584586,0.001338882440897271,43.5507316501451
walk_forward,2,2017-11-14,2017-11-15,42.834999084472656,42.27000045776367,-0.013190116465154555,0.0,42.834999084472656,0.0017465232894737473,42.909811407978275,0.001302240162618131,42.89078054064617,0.0008681245553853556,42.8721851990078
walk_forward,2,2017-11-15,2017-11-16,42.27000045776367,42.775001525878906,0.011947032473298203,0.0,42.27000045776367,0.0005361271534955226,42.29266255278735,0.001302240162618131,42.32504615003366,0.0011460334682424967,42.31844329299089
walk_forward,2,2017-11-16,2017-11-17,42.775001525878906,42.537498474121094,-0.005552379737827073,0.0,42.775001525878906,0.00039306691796103376,42.79181496389446,0.001302240162618131,42.83070485082196,0.00123032719636061,42.82762877358056
walk_forward,2,2017-11-17,2017-11-20,42.537498474121094,42.494998931884766,-0.0009991076993439707,0.0,42.537498474121094,0.00039355110855291385,42.55423915380065,0.001302240162618131,42.5928925130514,0.001056323171066938,42.582431819398536
walk_forward,2,2017-11-20,2017-11-21,42.494998931884766,43.28499984741211,0.018590444414262386,0.0,42.494998931884766,0.0005830672678337838,42.51977637480858,0.001302240162618131,42.55033762620428,0.001145111176102696,42.54366043009014
walk_forward,2,2017-11-21,2017-11-22,43.28499984741211,43.7400016784668,0.010511766955265234,0.0,43.28499984741211,0.001357121211667266,43.343742838852044,0.001302240162618131,43.34136731265233,0.0014063417168201798,43.34587334841008
walk_forward,2,2017-11-22,2017-11-24,43.7400016784668,43.74250030517578,5.712452247608191e-05,0.0,43.7400016784668,0.0002032199990179373,43.74889052156494,0.001302240162618131,43.79696166536548,0.0016464650567037393,43.81201806281056
walk_forward,2,2017-11-24,2017-11-27,43.74250030517578,43.522499084472656,-0.005029461488672449,0.0,43.74250030517578,0.0005924727088120526,43.7684165428218,0.001302240162618131,43.79946354588652,0.0016362752626614301,43.814075076352104
walk_forward,2,2017-11-27,2017-11-28,43.522499084472656,43.26750183105469,-0.005858975444471781,0.0,43.522499084472656,0.0015400591222214277,43.58952630620957,0.001302240162618131,43.57917583075797,0.0012840495799137546,43.57838413113887
walk_forward,2,2017-11-28,2017-11-29,43.26750183105469,42.369998931884766,-0.0207431180721821,0.0,43.26750183105469,0.0012878573165091892,43.323224199854884,0.001302240162618131,43.32384650967524,0.0013118866299076416,43.32426388821635
walk_forward,2,2017-11-29,2017-11-30,42.369998931884766,42.962501525878906,0.013984012483612807,0.0,42.369998931884766,-0.001491978712802751,42.30678379541692,0.001302240162618131,42.42517484618396,5.29115691622533e-05,42.37224079501366
walk_forward,2,2017-11-30,2017-12-01,42.962501525878906,42.76250076293945,-0.004655240170756358,0.0,42.962501525878906,-0.0019886372707796003,42.87706469409862,0.001302240162618131,43.01844902085245,0.001098059349130521,43.00967690234143
walk_forward,2,2017-12-01,2017-12-04,42.76250076293945,42.45000076293945,-0.007307804605076629,0.0,42.76250076293945,-0.0027390024667785706,42.64537416786414,0.001302240162618131,42.81818780888694,0.0008559252272625854,42.79910226612329
walk_forward,2,2017-12-04,2017-12-05,42.45000076293945,42.40999984741211,-0.0009423065914822004,0.0,42.45000076293945,-0.004461896801083413,42.26059324032931,0.001302240162618131,42.50528085883612,0.0009872021875174165,42.49190749655275
walk_forward,2,2017-12-05,2017-12-06,42.40999984741211,42.252498626708984,-0.003713775554581522,0.0,42.40999984741211,-0.0026580127435839795,42.29727352736229,0.001302240162618131,42.46522785251004,0.001146826507951603,42.458636759439344
walk_forward,2,2017-12-06,2017-12-07,42.252498626708984,42.33000183105469,0.0018342868910647958,0.0,42.252498626708984,-0.003425883657494653,42.10774648217543,0.001302240162618131,42.30752152739165,0.0011583188120566426,42.3014404907247
walk_forward,2,2017-12-07,2017-12-08,42.33000183105469,42.342498779296875,0.0002952267352140936,0.0,42.33000183105469,-0.00267565407166464,42.21674138930186,0.001302240162618131,42.385125659522785,0.001136811117413017,42.378123047736345
walk_forward,2,2017-12-08,2017-12-11,42.342498779296875,43.16749954223633,0.019483988586493917,0.0,42.342498779296875,-0.002316539971129119,42.244410688397146,0.001302240162618131,42.397638881792886,0.0011319635713683846,42.39042894543575
walk_forward,2,2017-12-11,2017-12-12,43.16749954223633,42.92499923706055,-0.0056176592980214934,0.0,43.16749954223633,0.0005850131211213741,43.19275309587454,0.001302240162618131,43.22371399386003,0.0012648089356308032,43.22209818138619
walk_forward,2,2017-12-12,2017-12-13,42.92499923706055,43.067501068115234,0.0033197864551539613,0.0,42.92499923706055,2.32559687769595e-05,42.92599749950256,0.001302240162618131,42.9808978950474,0.0011567874542416044,42.97465433765131
walk_forward,2,2017-12-13,2017-12-14,43.067501068115234,43.05500030517578,-0.0002902597696504694,0.0,43.067501068115234,-0.0002661642928845783,43.05603803714713,0.001302240162618131,43.12358529770973,0.0012584610296827532,43.12169983985528
walk_forward,2,2017-12-14,2017-12-15,43.05500030517578,43.49250030517578,0.01016142136567133,0.0,43.05500030517578,0.0013616923115921367,43.11362796806694,0.001302240162618131,43.11106825577472,0.0012013213730458449,43.10672319725888
walk_forward,2,2017-12-15,2017-12-18,43.49250030517578,44.10499954223633,0.01408287021354937,0.0,43.49250030517578,0.000952411246328761,43.53392305159739,0.001302240162618131,43.54913798584586,0.0013903345359751807,43.55296943040598
walk_forward,2,2017-12-18,2017-12-19,44.10499954223633,43.6349983215332,-0.010656415952414622,0.0,44.10499954223633,0.0020937060578286983,44.197342446958444,0.001302240162618131,44.16243484401248,0.0018156371232527408,44.185078216726254
walk_forward,2,2017-12-19,2017-12-20,43.6349983215332,43.587501525878906,-0.0010885022913099673,0.0,43.6349983215332,-9.669403504832929e-05,43.63077907747617,0.001302240162618131,43.69182156884328,0.001145656991433171,43.68498906243144
walk_forward,2,2017-12-20,2017-12-21,43.587501525878906,43.752498626708984,0.003785422312680975,0.0,43.587501525878906,0.0009480753865311895,43.62882576323598,0.001302240162618131,43.644262920954084,0.0010772644489314628,43.63445679169048
walk_forward,2,2017-12-21,2017-12-22,43.752498626708984,43.752498626708984,0.0,0.0,43.752498626708984,0.001294592139606429,43.80914026751926,0.001302240162618131,43.80947488763558,0.0013192746055436953,43.81022018707629
walk_forward,2,2017-12-22,2017-12-26,43.752498626708984,42.64250183105469,-0.025369906416651933,0.0,43.752498626708984,0.00016464716920294785,43.759702351753425,0.001302240162618131,43.80947488763558,0.0013378256879087382,43.81103184328198
walk_forward,2,2017-12-26,2017-12-27,42.64250183105469,42.650001525878906,0.0001758737058612514,0.0,42.64250183105469,-0.0007599644993721115,42.610095043498674,0.001302240162618131,42.6980326095736,0.00105088248416312,42.68731408930984
walk_forward,2,2017-12-27,2017-12-28,42.650001525878906,42.77000045776367,0.002813573917739509,0.0,42.650001525878906,-0.0004438214499365091,42.6310725403619,0.001302240162618131,42.705542070801634,0.0011065542608930951,42.69719606679446
walk_forward,2,2017-12-28,2017-12-29,42.77000045776367,42.307498931884766,-0.010813689991320818,0.0,42.77000045776367,-0.0005533561365189451,42.74633341555145,0.001302240162618131,42.825697270114965,0.001061317275048078,42.815392998103306
walk_forward,2,2017-12-29,2018-01-02,42.307498931884766,43.064998626708984,0.017904620077962896,0.0,42.307498931884766,-0.0032884155544017787,42.16837429432932,0.001302240162618131,42.36259345617379,0.0009000415460977227,42.34557743863495
walk_forward,2,2018-01-02,2018-01-03,43.064998626708984,43.057498931884766,-0.00017414826572337283,0.0,43.064998626708984,0.0006908651360851676,43.09475073284573,0.001302240162618131,43.12107959752378,0.0011632993415301813,43.11509611125444
walk_forward,2,2018-01-03,2018-01-04,43.057498931884766,43.25749969482422,0.004644969352628925,0.0,43.057498931884766,0.00040597673465167473,43.074979274703395,0.001302240162618131,43.113570136295756,0.0011632838200948575,43.107587023725976
walk_forward,2,2018-01-04,2018-01-05,43.25749969482422,43.75,0.01138531604115589,0.0,43.25749969482422,-0.00015516641407169077,43.25078758371487,0.001302240162618131,43.31383134826126,0.0011871205652902901,43.308851562314985
walk_forward,2,2018-01-05,2018-01-08,43.75,43.587501525878906,-0.0037142508370535676,0.0,43.75,0.0022126227440771896,43.84680224505338,0.001302240162618131,43.80697300711454,0.0013888559197205543,43.81076244648778
walk_forward,2,2018-01-08,2018-01-09,43.587501525878906,43.58250045776367,-0.0001147362877008673,0.0,43.587501525878906,0.0011116281616514933,43.6359546200711,0.001302240162618131,43.644262920954084,0.0012136093029823014,43.64039972322446
walk_forward,2,2018-01-09,2018-01-10,43.58250045776367,43.5724983215332,-0.00022949890725432187,0.0,43.58250045776367,0.0016172568011605752,43.652984553040575,0.001302240162618131,43.6392553402471,0.0012411883461994806,43.636594549430086
walk_forward,2,2018-01-10,2018-01-11,43.5724983215332,43.81999969482422,0.00568021992828216,0.0,43.5724983215332,0.0002728766815962109,43.58438824028404,0.001302240162618131,43.629240178833115,0.0011777773848137192,43.623817024656134
walk_forward,2,2018-01-11,2018-01-12,43.81999969482422,44.272499084472656,0.01032632115015475,0.0,43.81999969482422,0.0004108806400623787,43.838004484346364,0.001302240162618131,43.877063858352734,0.00115088115930517,43.87043130687375
walk_forward,2,2018-01-12,2018-01-16,44.272499084472656,44.04750061035156,-0.0050821272522202365,0.0,44.272499084472656,0.0012268029591317748,44.32681271735765,0.001302240162618131,44.330152510879934,0.0015968261289464067,44.3431945678045
walk_forward,2,2018-01-16,2018-01-17,44.04750061035156,44.775001525878906,0.01651628141089967,0.0,44.04750061035156,-0.0002942594612160691,44.034539216554045,0.001302240162618131,44.10486103470931,0.001279719073964399,44.10386903704309
walk_forward,2,2018-01-17,2018-01-18,44.775001525878906,44.814998626708984,0.0008932908870358247,0.0,44.775001525878906,0.0019475535435075591,44.86220323876119,0.001302240162618131,44.83330933114719,0.0018702048237510922,44.85873994971607
walk_forward,2,2018-01-18,2018-01-19,44.814998626708984,44.6150016784668,-0.0044627235160282774,0.0,44.814998626708984,0.0016290529654968055,44.88800463312056,0.001302240162618131,44.87335851780836,0.0017683537782556757,44.89424739885305
walk_forward,2,2018-01-19,2018-01-22,44.6150016784668,44.25,-0.008181142322873924,0.0,44.6150016784668,0.0009135064819930151,44.655757771694205,0.001302240162618131,44.67310112550777,0.0014753955623181844,44.68082645395602
walk_forward,2,2018-01-22,2018-01-23,44.25,44.2599983215332,0.0002259507691120266,0.0,44.25,0.0020039772135595673,44.338675991700015,0.001302240162618131,44.30762412719585,0.0011995538017548564,44.30308025572765
walk_forward,2,2018-01-23,2018-01-24,44.2599983215332,43.55500030517578,-0.015928559491481753,0.0,44.2599983215332,0.0011858456133001902,44.31248384638747,0.001302240162618131,44.317635468944914,0.0011937724529580724,44.31283468829742
walk_forward,2,2018-01-24,2018-01-25,43.55500030517578,42.77750015258789,-0.017850996375621597,0.0,43.55500030517578,-0.00014849040968077242,43.54853280533682,0.001302240162618131,43.611719375856026,0.0010821370320200402,43.60213278393565
walk_forward,2,2018-01-25,2018-01-26,42.77750015258789,42.877498626708984,0.002337641838920046,0.0,42.77750015258789,-0.0016211826913673797,42.70815000976055,0.001302240162618131,42.833206731343,0.0010866773951983902,42.8239854950268
walk_forward,2,2018-01-26,2018-01-29,42.877498626708984,41.9900016784668,-0.020698431034159137,0.0,42.877498626708984,-0.0007750663985259263,42.84426571827058,0.001302240162618131,42.93333542749329,0.00125319306936521,42.93123241081969
walk_forward,2,2018-01-29,2018-01-30,41.9900016784668,41.74250030517578,-0.005894293007802864,0.0,41.9900016784668,-0.0024954556145762095,41.8852174930222,0.001302240162618131,42.0446827450809,0.000161269526057074,41.99677338613662
walk_forward,2,2018-01-30,2018-01-31,41.74250030517578,41.85749816894531,0.0027549347290840576,0.0,41.74250030517578,-0.0030478785569534226,41.615274233582014,0.001302240162618131,41.79685906556128,0.0010004283402233317,41.784260685472866
walk_forward,2,2018-01-31,2018-02-01,41.85749816894531,41.94499969482422,0.0020904623951898404,0.0,41.85749816894531,-0.0011218444730579408,41.810540565968445,0.001302240162618131,41.91200668416763,0.0003925817350731563,41.8739306582023
walk_forward,2,2018-02-01,2018-02-02,41.94499969482422,40.125,-0.043390146812870234,0.0,41.94499969482422,-0.0021021691650027897,41.85682420983971,0.001302240162618131,41.99962215804783,0.0005791424699708686,41.96929182555041
walk_forward,2,2018-02-02,2018-02-05,40.125,39.122501373291016,-0.024984389450691147,0.0,40.125,-8.226333775777353e-05,40.121699183572474,0.001302240162618131,40.177252386525055,0.0027366093658327427,40.23480645080404
walk_forward,2,2018-02-05,2018-02-06,39.122501373291016,40.75749969482422,0.04179176341340529,0.0,39.122501373291016,0.0021912268261113587,39.20822764780475,0.001302240162618131,39.1734482658414,0.002696068950199399,39.22797833449768
walk_forward,2,2018-02-06,2018-02-07,40.75749969482422,39.8849983215332,-0.021407136841659957,0.0,40.75749969482422,0.0010252895217257429,40.79928793219306,0.001302240162618131,40.81057574785471,0.00041210596559199754,40.77429610359107
walk_forward,2,2018-02-07,2018-02-08,39.8849983215332,38.787498474121094,-0.027516607586757447,0.0,39.8849983215332,-0.0023098458674285656,39.792870122987814,0.007265689315468755,40.17479032768546,-0.0005328259957551419,39.86374655758684
walk_forward,2,2018-02-08,2018-02-09,38.787498474121094,39.102500915527344,0.008121236320935088,0.0,38.787498474121094,-0.0002935845562075444,38.77611106359517,0.001302240162618131,38.83800911244158,-0.00025921834172403494,38.77744404308701
walk_forward,2,2018-02-09,2018-02-12,39.102500915527344,40.6775016784668,0.04027877312353767,0.0,39.102500915527344,0.0031083848791223904,39.22404653810904,0.001302240162618131,39.153421762678356,0.00018892524290472148,39.109888365010995
walk_forward,2,2018-02-12,2018-02-13,40.6775016784668,41.084999084472656,0.0100177589377759,0.0,40.6775016784668,-0.0030242672592158608,40.55448204195391,0.001302240162618131,40.730473554867466,5.8645565260964363e-05,40.67988723354613
walk_forward,2,2018-02-13,2018-02-14,41.084999084472656,41.842498779296875,0.0184373788902068,0.0,41.084999084472656,-0.003955124070603529,40.92250281565293,0.001302240162618131,41.13850162036159,0.0016634439518732774,41.15334167771244
walk_forward,2,2018-02-14,2018-02-15,41.842498779296875,43.247501373291016,0.03357836254964108,0.0,41.842498779296875,-0.0013472358156440497,41.78612706632536,0.001302240162618131,41.89698776171158,0.0010036244212071397,41.8844929329161
walk_forward,2,2018-02-15,2018-02-16,43.247501373291016,43.10749816894531,-0.003237255330366118,0.0,43.247501373291016,0.0011092185079719576,43.29547230223781,0.001302240162618131,43.3038200065122,6.767860382086192e-05,43.25042830380271
walk_forward,2,2018-02-16,2018-02-20,43.10749816894531,42.962501525878906,-0.003363606083056414,0.0,43.10749816894531,-0.002270070242523021,43.009641120122375,0.001302240162618131,43.1636344843709,0.0010203418574404155,43.151482553696624
walk_forward,2,2018-02-20,2018-02-21,42.962501525878906,42.76750183105469,-0.0045388347488741765,0.0,42.962501525878906,-0.0011455750092444622,42.913284757796234,0.001302240162618131,43.01844902085245,0.0016641134826066639,43.03399600391464
walk_forward,2,2018-02-21,2018-02-22,42.76750183105469,43.125,0.008359108052594433,0.0,42.76750183105469,0.0024569879457497397,42.87258106752341,0.001302240162618131,42.823195389593934,0.0013143410479534358,42.82371291422967
walk_forward,2,2018-02-22,2018-02-23,43.125,43.875,0.017391304347825987,0.0,43.125,0.0006968394930093051,43.155051203136026,0.001302240162618131,43.18115910701291,0.0012424949713530286,43.1785825956396
walk_forward,2,2018-02-23,2018-02-26,43.875,44.74250030517578,0.019772086727653182,0.0,43.875,-0.0012724701882242755,43.81917037049166,0.001302240162618131,43.93213578713487,0.0016996718065281442,43.94957310051142
walk_forward,2,2018-02-26,2018-02-27,44.74250030517578,44.59749984741211,-0.0032407768178949192,0.0,44.74250030517578,-0.0010734511785852594,44.69447141549034,0.001302240162618131,44.80076578604913,0.001417598122567309,44.80592718960737
walk_forward,2,2018-02-27,2018-02-28,44.59749984741211,44.529998779296875,-0.0015135617096515563,0.0,44.59749984741211,0.0003514151137850876,44.61317208289552,0.001302240162618131,44.65557650286576,0.0015506354081353075,44.66665430978982
walk_forward,2,2018-02-28,2018-03-01,44.529998779296875,43.75,-0.01751625422589309,0.0,44.529998779296875,0.0005785493761035362,44.55576158230853,0.001302240162618131,44.58798753214861,0.001899705259670468,44.61459265219103
walk_forward,2,2018-03-01,2018-03-02,43.75,44.0525016784668,0.006914324079241085,0.0,43.75,0.002252857061707047,43.84856249644969,0.001302240162618131,43.80697300711454,0.0013128717198572831,43.80743813774376
walk_forward,2,2018-03-02,2018-03-05,44.0525016784668,44.20500183105469,0.003461781891547666,0.0,44.0525016784668,0.0024582749602809952,44.16079484028071,0.001302240162618131,44.1098686154163,0.0013372041808787857,44.11140886788941
walk_forward,2,2018-03-05,2018-03-06,44.20500183105469,44.16749954223633,-0.0008483720679774986,0.0,44.20500183105469,0.0016546973144825766,44.27814772887123,0.001302240162618131,44.2625673598277,0.0013733969024724423,44.26571284364325
walk_forward,2,2018-03-06,2018-03-07,44.16749954223633,43.75749969482422,-0.009282840361384603,0.0,44.16749954223633,-7.304656600463574e-05,44.164273258065755,0.001302240162618131,44.22501623402265,0.0009632230359093656,44.21004269523392
walk_forward,2,2018-03-07,2018-03-08,43.75749969482422,44.23500061035156,0.010912436013427618,0.0,43.75749969482422,0.0014053321771981585,43.81899351713909,0.001302240162618131,43.81448246834257,0.0009392555491058003,43.79859916922758
walk_forward,2,2018-03-08,2018-03-09,44.23500061035156,44.994998931884766,0.01718092711759467,0.0,44.23500061035156,0.00048275512834849727,44.256355283748704,0.001302240162618131,44.2926052047398,0.001312729151818092,44.293069185183455
walk_forward,2,2018-03-09,2018-03-12,44.994998931884766,45.43000030517578,0.009667771610563536,0.0,44.994998931884766,0.00031666159601773537,45.00924712005935,0.001302240162618131,45.05359322661083,0.001623485228976173,45.06804764802848
walk_forward,2,2018-03-12,2018-03-13,45.43000030517578,44.99250030517578,-0.009630200243475606,0.0,45.43000030517578,0.0002092414921401279,45.439506146227565,0.001302240162618131,45.48916107616093,0.0019271912890402934,45.51755260602502
walk_forward,2,2018-03-13,2018-03-14,44.99250030517578,44.61000061035156,-0.008501410062339176,0.0,44.99250030517578,0.00192312889558254,45.079026682597174,0.001302240162618131,45.05109134608979,0.001540092886031314,45.061792934820545
walk_forward,2,2018-03-14,2018-03-15,44.61000061035156,44.662498474121094,0.0011768182705953478,0.0,44.61000061035156,0.0020542729699197662,44.70164172879351,0.001302240162618131,44.66809354480078,0.0012911184868182697,44.66759740683656
walk_forward,2,2018-03-15,2018-03-16,44.662498474121094,44.505001068115234,-0.0035263904032847293,0.0,44.662498474121094,0.0009843761350890206,44.70646317175247,0.001302240162618131,44.72065977339697,0.0012460600734293765,44.7181506302493
walk_forward,2,2018-03-16,2018-03-19,44.505001068115234,43.82500076293945,-0.015279188604782501,0.0,44.505001068115234,-0.00015943588264044888,44.497905373988026,0.001302240162618131,44.562957267943496,0.0011507046916812908,44.55621318164759
walk_forward,2,2018-03-19,2018-03-20,43.82500076293945,43.810001373291016,-0.0003422564606346823,0.0,43.82500076293945,-0.0012115192959439537,43.77190592887039,0.001302240162618131,43.88207143905972,0.0010651687284650886,43.8716817832771
walk_forward,2,2018-03-20,2018-03-21,43.810001373291016,42.817501068115234,-0.02265465131395461,0.0,43.810001373291016,-0.0012368799333952255,43.75581366171037,0.001302240162618131,43.86705251660367,0.0008607199846778904,43.847709517001775
walk_forward,2,2018-03-21,2018-03-22,42.817501068115234,42.212501525878906,-0.014129725629570933,0.0,42.817501068115234,-0.004172681656965079,42.63883726681123,0.001302240162618131,42.87325973766908,0.0012535081903350621,42.8711731563938
walk_forward,2,2018-03-22,2018-03-23,42.212501525878906,41.23500061035156,-0.023156668763827604,0.0,42.212501525878906,-0.004546008675316774,42.02060312773544,0.001302240162618131,42.267472340730485,0.0006056784127410912,42.23806872680093
walk_forward,2,2018-03-23,2018-03-26,41.23500061035156,43.192501068115234,0.04747181832882674,0.0,41.23500061035156,-0.0018423166936324463,41.159032680365165,0.001302240162618131,41.288698484251945,0.0016923602371511364,41.30478508576343
walk_forward,2,2018-03-26,2018-03-27,43.192501068115234,42.084999084472656,-0.0256410709325684,0.0,43.192501068115234,-0.0015416619793205467,43.12591283142676,0.001302240162618131,43.24874807773006,0.0012484076873589668,43.246422918484924
walk_forward,2,2018-03-27,2018-03-28,42.084999084472656,41.619998931884766,-0.011049071229740193,0.0,42.084999084472656,-0.002235141365011311,41.99093316217249,0.001302240162618131,42.139803860524204,0.0008939450811810351,42.122620762395734
walk_forward,2,2018-03-28,2018-03-29,41.619998931884766,41.94499969482422,0.007808764326768802,0.0,41.619998931884766,-0.002004726722888464,41.53656220781943,0.001302240162618131,41.67419816606199,0.00048745761982579275,41.64028691750125
walk_forward,2,2018-03-29,2018-04-02,41.94499969482422,41.66999816894531,-0.006556240979370909,0.0,41.94499969482422,0.002890525710164148,42.06624279485494,0.001302240162618131,41.99962215804783,0.0010949375948965858,41.99092685190801
walk_forward,2,2018-04-02,2018-04-03,41.66999816894531,42.09749984741211,0.010259219996447966,0.0,41.66999816894531,-0.0011481850090199817,41.62215330172184,0.001302240162618131,41.72426251413714,0.0002882370052431119,41.682009004426014
walk_forward,2,2018-04-03,2018-04-04,42.09749984741211,42.90250015258789,0.01912228298814922,0.0,42.09749984741211,-0.001394362921107329,42.03880065455356,0.001302240162618131,42.15232090245922,0.0002621139432630136,42.10853418909863
walk_forward,2,2018-04-04,2018-04-05,42.90250015258789,43.20000076293945,0.006934342038190433,0.0,42.90250015258789,-0.0009832520041133633,42.860316183331385,0.001302240162618131,42.95836951136332,0.0011377302078135595,42.95131162300221
walk_forward,2,2018-04-05,2018-04-06,43.20000076293945,42.095001220703125,-0.025578692655586432,0.0,43.20000076293945,-0.0019444224963427463,43.11600170961397,0.001302240162618131,43.25625753895809,0.0009429780944837463,43.24073741734059
walk_forward,2,2018-04-06,2018-04-09,42.095001220703125,42.51250076293945,0.00991803136071634,0.0,42.095001220703125,-0.0023017079203590156,41.99811082298591,0.001302240162618131,42.149819021938185,0.001355115564166753,42.152044812030915
walk_forward,2,2018-04-09,2018-04-10,42.51250076293945,43.3125,0.018817976423488814,0.0,42.51250076293945,-0.0017856930672544573,42.43658648505542,0.001302240162618131,42.56786224884629,0.001202688920277636,42.56363007658034
walk_forward,2,2018-04-10,2018-04-11,43.3125,43.11000061035156,-0.00467531058351367,0.0,43.3125,0.0004891198542124502,43.33368500368558,0.001302240162618131,43.3689032770434,0.0013037456998974968,43.36896848562681
walk_forward,2,2018-04-11,2018-04-12,43.11000061035156,43.53499984741211,0.009858483670688978,0.0,43.11000061035156,-0.002559748812355088,42.99964983748859,0.001302240162618131,43.16614018455685,0.0010065602410239498,43.153393422956455
walk_forward,2,2018-04-12,2018-04-13,43.53499984741211,43.682498931884766,0.0033880575396723067,0.0,43.53499984741211,0.00011140226878464388,43.539849745166656,0.001302240162618131,43.59169287269298,0.001324875224504746,43.592678290108765
walk_forward,2,2018-04-13,2018-04-16,43.682498931884766,43.95500183105469,0.006238262595618549,0.0,43.682498931884766,0.00034812095735783054,43.69770572523272,0.001302240162618131,43.73938403639739,0.001275400924798157,43.738211631419986
walk_forward,2,2018-04-16,2018-04-17,43.95500183105469,44.560001373291016,0.01376406590907897,0.0,43.95500183105469,4.647603616018004e-05,43.957044685309214,0.001302240162618131,44.01224179978704,0.001490795093654325,44.020529732125986
walk_forward,2,2018-04-17,2018-04-18,44.560001373291016,44.459999084472656,-0.002244216466256721,0.0,44.560001373291016,0.001483189733372939,44.62609230984696,0.001302240162618131,44.61802919672564,0.0018746153689031216,44.64353423670373
walk_forward,2,2018-04-18,2018-04-19,44.459999084472656,43.20000076293945,-0.028340043802952963,0.0,44.459999084472656,0.001888994477832074,44.54398377722764,0.001302240162618131,44.517896680910425,0.001636217895196998,44.53274533059511
walk_forward,2,2018-04-19,2018-04-20,43.20000076293945,41.43000030517578,-0.04097223209500789,0.0,43.20000076293945,0.002265340633504077,43.29786348003515,0.001302240162618131,43.25625753895809,0.0009285682995731222,43.240114914189455
walk_forward,2,2018-04-20,2018-04-23,41.43000030517578,41.310001373291016,-0.0028964260439499068,0.0,41.43000030517578,0.00070108133073409,41.459046104922045,0.001302240162618131,41.48395211551046,0.002086258789970053,41.51643400748092
walk_forward,2,2018-04-23,2018-04-24,41.310001373291016,40.73500061035156,-0.013919165911991938,0.0,41.310001373291016,-0.00011883358570052198,41.305092357702534,0.001302240162618131,41.363796916197124,0.0016558090325090355,41.37840284669787
walk_forward,2,2018-04-24,2018-04-25,40.73500061035156,40.912498474121094,0.004357379676199757,0.0,40.73500061035156,-0.001619546365998491,40.66902838814412,0.001302240162618131,40.78804736417064,0.0005400305330374937,40.75699875444445
walk_forward,2,2018-04-25,2018-04-26,40.912498474121094,41.05500030517578,0.0034830879650340485,0.0,40.912498474121094,-0.002617318768883745,40.80541742398285,-0.004952025349121235,40.709898744581366,-0.0006721093274035275,40.885000802289255
walk_forward,2,2018-04-26,2018-04-27,41.05500030517578,40.58000183105469,-0.011569808076732913,0.0,41.05500030517578,-0.0006020786107001877,41.03028196762975,0.001302240162618131,41.10846377544948,0.0012045390267954744,41.10445265528846
walk_forward,2,2018-04-27,2018-04-30,40.58000183105469,41.314998626708984,0.01811229084499022,0.0,40.58000183105469,-0.0020193326126581126,40.49805730993551,0.001302240162618131,40.632846739238204,0.0007072307090359826,40.608701254522344
walk_forward,2,2018-04-30,2018-05-01,41.314998626708984,42.275001525878906,0.02323618373665659,0.0,41.314998626708984,-0.00044181596677665474,41.29674500064835,0.001302240162618131,41.3688006772392,0.0005404205580327646,41.337326101321956
walk_forward,2,2018-05-01,2018-05-02,42.275001525878906,44.14250183105469,0.04417504997681854,0.0,42.275001525878906,9.515254757186571e-06,42.27540378328829,0.001302240162618131,42.33005373074065,0.0013550488062086103,42.332286216229015
walk_forward,2,2018-05-02,2018-05-03,44.14250183105469,44.22249984741211,0.0018122673849252369,0.0,44.14250183105469,0.001258760634554219,44.19806667467036,0.001302240162618131,44.19998596981753,0.001505804964534953,44.20897182945888
walk_forward,2,2018-05-03,2018-05-04,44.22249984741211,45.95750045776367,0.03923343583782257,0.0,44.22249984741211,0.0014505996253470904,44.286648989122675,0.001302240162618131,44.28008816280479,0.0016719562662916739,44.296437933143075
walk_forward,2,2018-05-04,2018-05-07,45.95750045776367,46.290000915527344,0.00723495521844697,0.0,45.95750045776367,0.0004904513078053461,45.98004037396665,0.001302240162618131,46.01734816063331,0.0002465779700849698,45.96883256493672
walk_forward,2,2018-05-07,2018-05-08,46.290000915527344,46.51250076293945,0.004806650313490701,0.0,46.290000915527344,0.0013811526922438513,46.353934474915796,0.001302240162618131,46.35028161384717,0.001158967061629118,46.34364950187123
walk_forward,2,2018-05-08,2018-05-09,46.51250076293945,46.84000015258789,0.007041104741230875,0.0,46.51250076293945,-0.0008349397922436967,46.47366562521571,0.001302240162618131,46.57307120949676,0.0016710872534411577,46.59022721009007
walk_forward,2,2018-05-09,2018-05-10,46.84000015258789,47.5099983215332,0.014303974525249785,0.0,46.84000015258789,0.001506226962589053,46.91055182374539,0.001302240162618131,46.900997082003634,0.001659374274386583,46.91772524385336
walk_forward,2,2018-05-10,2018-05-11,47.5099983215332,47.147499084472656,-0.007629956848393515,0.0,47.5099983215332,-0.0008284272276542918,47.470639745337834,0.001302240162618131,47.57186774947343,0.0011164601896634665,47.56304134327017
walk_forward,2,2018-05-11,2018-05-14,47.147499084472656,47.037498474121094,-0.002333116548864589,0.0,47.147499084472656,-0.001732584052398399,47.06581207944843,0.001302240162618131,47.20889645134746,0.0014109920930745956,47.21402383288908
walk_forward,2,2018-05-14,2018-05-15,47.037498474121094,46.61000061035156,-0.009088448102841373,0.0,47.037498474121094,-0.0017665821902260745,46.954402867043925,0.001302240162618131,47.09875259378318,0.0014111483576190612,47.10387536283936
walk_forward,2,2018-05-15,2018-05-16,46.61000061035156,47.04499816894531,0.009332708708378323,0.0,46.61000061035156,0.00042627323634127773,46.62986920615761,0.001302240162618131,46.67069802512602,0.0009481718867536608,46.65419490257187
walk_forward,2,2018-05-16,2018-05-17,47.04499816894531,46.747501373291016,-0.006323664730221501,0.0,47.04499816894531,0.00024364368944813615,47.05646038586928,0.001302240162618131,47.10626205501121,0.0015202886600685624,47.1165201461745
walk_forward,2,2018-05-17,2018-05-18,46.747501373291016,46.57749938964844,-0.0036366004310063316,0.0,46.747501373291016,0.0002217907186000238,46.75786953521335,0.001302240162618131,46.80837784708136,0.0013945863952954413,46.812694802720266
walk_forward,2,2018-05-18,2018-05-21,46.57749938964844,46.907501220703125,0.00708500532186207,0.0,46.57749938964844,0.0008610381936107712,46.61760439558581,0.001302240162618131,46.63815448002796,0.0013940575177558083,46.64243110283084
walk_forward,2,2018-05-21,2018-05-22,46.907501220703125,46.790000915527344,-0.00250493635597715,0.0,46.907501220703125,0.0018033357282639126,46.992091193578,0.001302240162618131,46.96858605272079,0.0014544960774723755,46.97572799723267
walk_forward,2,2018-05-22,2018-05-23,46.790000915527344,47.09000015258789,0.006411609984837474,0.0,46.790000915527344,0.00032862196010257565,46.80537713734141,0.001302240162618131,46.85093273392848,0.0014211256365693878,46.85649538536351
walk_forward,2,2018-05-23,2018-05-24,47.09000015258789,47.037498474121094,-0.0011149220279608185,0.0,47.09000015258789,0.00048512859856880176,47.11284485836852,0.001302240162618131,47.151322642044285,0.0015282174809688877,47.161963913999905
walk_forward,2,2018-05-24,2018-05-25,47.037498474121094,47.14500045776367,0.0022854528223206216,0.0,47.037498474121094,0.0012343091964324565,47.09555729106488,0.001302240162618131,47.09875259378318,0.0014238756567084383,47.10447402315086
walk_forward,2,2018-05-25,2018-05-29,47.14500045776367,46.974998474121094,-0.0036059387420067646,0.0,47.14500045776367,-2.0030339418313208e-05,47.14405612740263,0.001302240162618131,47.206394570826426,0.0016841826203024678,47.22440124816879
walk_forward,2,2018-05-29,2018-05-30,46.974998474121094,46.875,-0.002128759496952015,0.0,46.974998474121094,-9.748348307129281e-05,46.97041918765257,0.001302240162618131,47.03617120377302,0.0012734628075118525,47.034819387560816
walk_forward,2,2018-05-30,2018-05-31,46.875,46.717498779296875,-0.0033600260416666305,0.0,46.875,-0.001256593838882486,46.81609716380238,0.001302240162618131,46.93604250762272,0.0012495873785096122,46.93357440836764
walk_forward,2,2018-05-31,2018-06-01,46.717498779296875,47.560001373291016,0.01803398332548367,0.0,46.717498779296875,-0.0005899602800163856,46.68993731063538,0.001302240162618131,46.77833618250434,0.0005439047104404317,46.74290864694294
walk_forward,2,2018-06-01,2018-06-04,47.560001373291016,47.95750045776367,0.008357844259775149,0.0,47.560001373291016,0.0012312667551633203,47.61856042185747,0.001302240162618131,47.62193591721349,0.001751560092543519,47.64330557369779
walk_forward,2,2018-06-04,2018-06-05,47.95750045776367,48.32749938964844,0.007715142122776575,0.0,47.95750045776367,0.002521911799292575,48.078445044032684,0.001302240162618131,48.01995264095855,0.0017958619010586725,48.043625505705776
walk_forward,2,2018-06-05,2018-06-06,48.32749938964844,48.494998931884766,0.003465926115602036,0.0,48.32749938964844,0.0024878060118355898,48.447728833166984,0.001302240162618131,48.39043340031254,0.0018536483038317287,48.417081576920495
walk_forward,2,2018-06-06,2018-06-07,48.494998931884766,48.3650016784668,-0.002680632153442497,0.0,48.494998931884766,0.003005375200219636,48.64074459900933,0.001302240162618131,48.55815106717999,0.0018302014041168798,48.58375454702255
walk_forward,2,2018-06-07,2018-06-08,48.3650016784668,47.92499923706055,-0.009097538015844786,0.0,48.3650016784668,0.0018091008763969564,48.45249884539025,0.001302240162618131,48.42798452611759,0.00172632954670451,48.44849560989075
walk_forward,2,2018-06-08,2018-06-11,47.92499923706055,47.807498931884766,-0.002451753928979006,0.0,47.92499923706055,0.001216769327704154,47.983312906162446,0.001302240162618131,47.98740909586049,0.0012172458795291136,47.9833357449083
walk_forward,2,2018-06-11,2018-06-12,47.807498931884766,48.06999969482422,0.005490786357877919,0.0,47.807498931884766,0.0008794874018983137,47.84954502491162,0.001302240162618131,47.86975577706819,0.0010920199510360714,47.85970567452752
walk_forward,2,2018-06-12,2018-06-13,48.06999969482422,47.67499923706055,-0.008217192849414579,0.0,48.06999969482422,0.0007723125387001737,48.10712475832385,0.001302240162618131,48.13259837904386,0.0010231623421304522,48.11918310829818
walk_forward,2,2018-06-13,2018-06-14,47.67499923706055,47.70000076293945,0.0005244158632198292,0.0,47.67499923706055,-0.0009399821949153536,47.63018558663511,0.001302240162618131,47.737083535819835,0.001082993302167646,47.72663094191513
walk_forward,2,2018-06-14,2018-06-15,47.70000076293945,47.209999084472656,-0.01027257171130913,0.0,47.70000076293945,-0.0007928181461270111,47.66218333676432,0.001302240162618131,47.76211761968987,0.001108621035017801,47.75288198715561
walk_forward,2,2018-06-15,2018-06-18,47.209999084472656,47.185001373291016,-0.0005295003530271236,0.0,47.209999084472656,-0.0009450578923903019,47.165382902238136,0.001302240162618131,47.27147784135762,0.0011190430591342486,47.262829106269876
walk_forward,2,2018-06-18,2018-06-19,47.185001373291016,46.42250061035156,-0.016159812244300742,0.0,47.185001373291016,-0.001636007121851417,47.10780637499974,0.001302240162618131,47.24644757715251,0.0011288160343559867,47.23826455942229
walk_forward,2,2018-06-19,2018-06-20,46.42250061035156,46.625,0.004362095686057943,0.0,46.42250061035156,-0.002366808151683807,46.31262745748544,0.001302240162618131,46.48295385509553,0.001147120449379247,46.475752810113015
walk_forward,2,2018-06-20,2018-06-21,46.625,46.3650016784668,-0.005576371507414524,0.0,46.625,-0.002240971238617251,46.520514715999475,0.001302240162618131,46.68571694758207,0.0011640280356791336,46.679272807163535
walk_forward,2,2018-06-21,2018-06-22,46.3650016784668,46.22999954223633,-0.002911725037058832,0.0,46.3650016784668,-0.0019459394023546767,46.27477819481043,0.001302240162618131,46.42538004579235,0.00049571588111863,46.3879855461269
walk_forward,2,2018-06-22,2018-06-25,46.22999954223633,45.54249954223633,-0.014871295842689536,0.0,46.22999954223633,-0.003294824725033648,46.07767979670628,0.001302240162618131,46.290202104358045,0.00019122349317019635,46.238839804238054
walk_forward,2,2018-06-25,2018-06-26,45.54249954223633,46.10749816894531,0.012405964371476896,0.0,45.54249954223633,-0.002089281139454752,45.44734845689911,0.001302240162618131,45.601806814246245,0.002060270501318844,45.63632941059952
walk_forward,2,2018-06-26,2018-06-27,46.10749816894531,46.040000915527344,-0.0014639105589864254,0.0,46.10749816894531,-0.0018277962603861098,46.02322305621635,0.001302240162618131,46.16754120485876,0.000504818794173225,46.130774100573305
walk_forward,2,2018-06-27,2018-06-28,46.040000915527344,46.375,0.007276261464184142,0.0,46.040000915527344,-0.0020234109083198102,45.94684307545581,0.001302240162618131,46.09995605380652,0.00045241465206598237,46.06083008652266
walk_forward,2,2018-06-28,2018-06-29,46.375,46.27750015258789,-0.00210242258570581,0.0,46.375,-0.002563822084685172,46.25610275082273,0.001302240162618131,46.435391387541415,0.0002339229562845752,46.3858481770977
walk_forward,2,2018-06-29,2018-07-02,46.27750015258789,46.79499816894531,0.011182497210331377,0.0,46.27750015258789,-0.001191477805688278,46.222361538253345,0.001302240162618131,46.33776457191216,0.0003355807063385853,46.29302998877668
walk_forward,2,2018-07-02,2018-07-03,46.79499816894531,45.97999954223633,-0.017416361974554873,0.0,46.79499816894531,-0.0017061426029693631,46.7151592289634,0.001302240162618131,46.85593649497056,8.731764420569415e-05,46.79908419794604
walk_forward,2,2018-07-03,2018-07-05,45.97999954223633,46.349998474121094,0.008046953796615242,0.0,45.97999954223633,-0.0021946508274737824,45.879089498193714,0.001302240162618131,46.039876544317394,0.000328176290960326,45.99508908794446
walk_forward,2,2018-07-05,2018-07-06,46.349998474121094,46.99250030517578,0.013861960133902063,0.0,46.349998474121094,-0.0017494117788816126,46.26891324083932,0.001302240162618131,46.41035730367138,0.0007093276242462127,46.38287580842256
walk_forward,2,2018-07-06,2018-07-09,46.99250030517578,47.64500045776367,0.013885197602818922,0.0,46.99250030517578,0.00017061043461464665,47.00051771607647,0.001302240162618131,47.05369582641503,0.0012331558086026042,47.050449379887866
walk_forward,2,2018-07-09,2018-07-10,47.64500045776367,47.587501525878906,-0.0012068198411654407,0.0,47.64500045776367,-0.0004427135364759938,47.623907371115614,0.001302240162618131,47.707045690907734,0.0012511952303475584,47.704613655086334
walk_forward,2,2018-07-10,2018-07-11,47.587501525878906,46.970001220703125,-0.012976102660905098,0.0,47.587501525878906,0.00039809242754571005,47.60644574988218,0.001302240162618131,47.649471881604555,0.0013198851095158049,47.65031156054197
walk_forward,2,2018-07-11,2018-07-12,46.970001220703125,47.75749969482422,0.016765987942405802,0.0,46.970001220703125,0.0001013694715295047,46.97476254490461,0.001302240162618131,47.03116744273095,0.0011986334850765093,47.02630103696034
walk_forward,2,2018-07-12,2018-07-13,47.75749969482422,47.83250045776367,0.0015704499485675871,0.0,47.75749969482422,0.0025244236700860973,47.878059857477965,0.001302240162618131,47.819691428993046,0.0016165564887665048,47.83470239084315
walk_forward,2,2018-07-13,2018-07-16,47.83250045776367,47.727500915527344,-0.0021951506032815704,0.0,47.83250045776367,0.001728217724328651,47.91516543285374,0.001302240162618131,47.894789860938225,0.001496536185282148,47.90408352553124
walk_forward,2,2018-07-16,2018-07-17,47.727500915527344,47.86249923706055,0.0028285227372817356,0.0,47.727500915527344,0.0009919616366100641,47.77484476544682,0.001302240162618131,47.78965358408094,0.001389148461337314,47.79380149998762
walk_forward,2,2018-07-17,2018-07-18,47.86249923706055,47.599998474121094,-0.005484476722356302,0.0,47.86249923706055,0.0031871473607314404,48.015044075181954,0.001302240162618131,47.924827705850326,0.001475449142923318,47.93311792053804
walk_forward,2,2018-07-18,2018-07-19,47.599998474121094,47.970001220703125,0.00777316719417942,0.0,47.599998474121094,0.0005711282405164116,47.6271841774982,0.001302240162618131,47.661985103874656,0.001121866799972335,47.65339933208795
walk_forward,2,2018-07-19,2018-07-20,47.970001220703125,47.86000061035156,-0.0022931125193319524,0.0,47.970001220703125,0.000785944169809101,48.00770296348827,0.001302240162618131,48.03246968289356,0.0014636722449204212,48.040213580078664
walk_forward,2,2018-07-20,2018-07-23,47.86000061035156,47.90250015258789,0.0008879971102033757,0.0,47.86000061035156,0.0008873439349100756,47.90246889161794,0.001302240162618131,47.92232582532929,0.0011593843140519627,47.91548874432973
walk_forward,2,2018-07-23,2018-07-24,47.90250015258789,48.25,0.0072543154596353965,0.0,47.90250015258789,0.001377900787409467,47.96850504526702,0.001302240162618131,47.96488071217641,0.0011492200974604545,47.95755066848185
walk_forward,2,2018-07-24,2018-07-25,48.25,48.70500183105469,0.009430089762791471,0.0,48.25,0.0017802177971268105,48.335895508711374,0.001302240162618131,48.31283308784633,0.0015060440720636118,48.322666626477066
walk_forward,2,2018-07-25,2018-07-26,48.70500183105469,48.5525016784668,-0.0031310983852721463,0.0,48.70500183105469,0.0007575247582911194,48.74189707579433,0.001302240162618131,48.76842744055948,0.0016878007974118461,48.787206171983094
walk_forward,2,2018-07-26,2018-07-27,48.5525016784668,47.744998931884766,-0.016631537380496275,0.0,48.5525016784668,0.0013358112875444827,48.61735865824742,0.001302240162618131,48.61572869614808,0.001504882918827153,48.62556750890904
walk_forward,2,2018-07-27,2018-07-30,47.744998931884766,47.477500915527344,-0.005602639487730321,0.0,47.744998931884766,0.0010273584627144684,47.794050160589734,0.001302240162618131,47.807174387058026,0.0011681376440713647,47.80077166245324
walk_forward,2,2018-07-30,2018-07-31,47.477500915527344,47.5724983215332,0.002000893142519944,0.0,47.477500915527344,0.0008102097225936734,47.515967648373554,0.001302240162618131,47.53932802404028,0.0011481392032570423,47.532011695601135
walk_forward,2,2018-07-31,2018-08-01,47.5724983215332,50.375,0.058910121968479334,0.0,47.5724983215332,-0.0002681642540773299,47.55974107800621,0.001302240162618131,47.634449139483586,0.001128619475832123,47.62618956965288
walk_forward,2,2018-08-01,2018-08-02,50.375,51.84749984741211,0.029230766201729264,0.0,50.375,0.003048591662586066,50.52857280500277,0.001302240162618131,50.440600348191886,0.0033691425287321695,50.54472055488488
walk_forward,2,2018-08-02,2018-08-03,51.84749984741211,51.997501373291016,0.0028931293952527692,0.0,51.84749984741211,0.0024590143555540778,51.97499359383648,0.001302240162618131,51.91501774404475,0.0013258146337176693,51.91624002143148
walk_forward,2,2018-08-03,2018-08-06,51.997501373291016,52.26750183105469,0.005192566000918664,0.0,51.997501373291016,0.0007354058703425942,52.03574064104408,0.001302240162618131,52.065214607935104,0.0019641611934189383,52.09963284764318
walk_forward,2,2018-08-06,2018-08-07,52.26750183105469,51.77750015258789,-0.00937488231311756,0.0,52.26750183105469,0.003485621201986705,52.44968654361189,0.001302240162618131,52.33556667113881,0.0021905840094207387,52.38199818477816
walk_forward,2,2018-08-07,2018-08-08,51.77750015258789,51.8125,0.0006759663426965101,0.0,51.77750015258789,0.0024883498620168784,51.906340687948166,0.001302240162618131,51.844926892806555,0.0018936982737264175,51.87555111524471
walk_forward,2,2018-08-08,2018-08-09,51.8125,52.220001220703125,0.007864921026839555,0.0,51.8125,0.0013775238340408458,51.883872953651235,0.001302240162618131,51.87997231842565,0.0018668868065721807,51.90922807266552
walk_forward,2,2018-08-09,2018-08-10,52.220001220703125,51.88249969482422,-0.006463070049586683,0.0,52.220001220703125,0.00048681239043666226,52.245422564325985,0.001302240162618131,52.28800420358469,0.0017736928844564626,52.31262346529459
walk_forward,2,2018-08-10,2018-08-13,51.88249969482422,52.217498779296875,0.006456880189719794,0.0,51.88249969482422,-0.0009164639295600021,51.834951255278504,0.001302240162618131,51.95006316966384,0.000793172220642382,51.923651452319646
walk_forward,2,2018-08-13,2018-08-14,52.217498779296875,52.4375,0.004213170409271827,0.0,52.217498779296875,-0.0014100385883581874,52.14387009103052,0.001302240162618131,52.28549850339874,0.0007710432567491097,52.25776072961496
walk_forward,2,2018-08-14,2018-08-15,52.4375,52.560001373291016,0.002336140611032489,0.0,52.4375,-0.001810337393082972,52.34257043295021,0.001302240162618131,52.50578621852729,0.0017773027625342035,52.53069731361039
walk_forward,2,2018-08-15,2018-08-16,52.560001373291016,53.33000183105469,0.01464993222307931,0.0,52.560001373291016,-0.0009377777233123973,52.510711774865875,0.001302240162618131,52.62844711802658,0.0016609974409125176,52.64730340106641
walk_forward,2,2018-08-16,2018-08-17,53.33000183105469,54.39500045776367,0.019969971688409416,0.0,53.33000183105469,0.0005296869126134199,53.35825003507425,0.001302240162618131,53.39945030131159,0.0019041686279321168,53.43155114746895
walk_forward,2,2018-08-17,2018-08-20,54.39500045776367,53.8650016784668,-0.009743520081563428,0.0,54.39500045776367,0.0001812887124503118,54.4048616573604,0.001302240162618131,54.4658358120054,0.0019137407391618142,54.49909838614642
walk_forward,2,2018-08-20,2018-08-21,53.8650016784668,53.7599983215332,-0.0019493799992875704,0.0,53.8650016784668,0.0006215947612099207,53.89848388132269,0.001302240162618131,53.93514684701199,0.001746571333195975,53.95908074626096
walk_forward,2,2018-08-21,2018-08-22,53.7599983215332,53.76250076293945,4.6548390706391274e-05,0.0,53.7599983215332,0.0011766614618843804,53.82325563974912,0.001302240162618131,53.83000675048979,0.0016347101507718964,53.847880336494896
walk_forward,2,2018-08-22,2018-08-23,53.76250076293945,53.872501373291016,0.0020460471293290983,0.0,53.76250076293945,0.0018328294654420484,53.86103825847361,0.001302240162618131,53.83251245067574,0.0015569636146710527,53.84620702046107
walk_forward,2,2018-08-23,2018-08-24,53.872501373291016,54.040000915527344,0.0031091844255699552,0.0,53.872501373291016,0.00020963126808323362,53.883794734068715,0.001302240162618131,53.94265630824002,0.0015310639555623448,53.95498361833965
walk_forward,2,2018-08-24,2018-08-27,54.040000915527344,54.48500061035156,0.008234635219933173,0.0,54.040000915527344,-0.0007101289138458948,54.00162554837297,0.001302240162618131,54.110373975107464,0.0016817199364273872,54.13088106243154
walk_forward,2,2018-08-27,2018-08-28,54.48500061035156,54.92499923706055,0.008075591846931074,0.0,54.48500061035156,-0.0011582722626872592,54.421892145412095,0.001302240162618131,54.55595316640664,0.00147487860178233,54.565359371869874
walk_forward,2,2018-08-28,2018-08-29,54.92499923706055,55.744998931884766,0.01492944390012707,0.0,54.92499923706055,-0.0010147314085268786,54.86926511522138,0.001302240162618131,54.99652477699882,0.0016887571311449711,55.01775422120027
walk_forward,2,2018-08-29,2018-08-30,55.744998931884766,56.25749969482422,0.009193663517075068,0.0,55.744998931884766,-0.0002466355241998405,55.731250234851686,0.001302240162618131,55.817592308358975,0.0019477550706262067,55.853576536216394
walk_forward,2,2018-08-30,2018-08-31,56.25749969482422,56.907501220703125,0.011554042206015636,0.0,56.25749969482422,0.000602209107583291,56.291378473510306,0.001302240162618131,56.330760470375296,0.0019087900352023088,56.3648834496471
walk_forward,2,2018-08-31,2018-09-04,56.907501220703125,57.09000015258789,0.0032069398228711243,0.0,56.907501220703125,0.0011892860349725586,56.97518051719009,0.001302240162618131,56.98160845434697,0.0019385151673903581,57.01781727495774
walk_forward,2,2018-09-04,2018-09-05,57.09000015258789,56.717498779296875,-0.006524809463923753,0.0,57.09000015258789,0.0009916638061526692,57.146614239432466,0.001302240162618131,57.164345043670465,0.0019029175096696611,57.19863771350529
walk_forward,2,2018-09-05,2018-09-06,56.717498779296875,55.775001525878906,-0.01661739804650908,0.0,56.717498779296875,0.0007489111195637683,56.75997514480653,0.001302240162618131,56.79135858413052,0.0018466444916476624,56.822235835997695
walk_forward,2,2018-09-06,2018-09-07,55.775001525878906,55.32500076293945,-0.008068144341164318,0.0,55.775001525878906,0.0012356484253442405,55.84391981868793,0.001302240162618131,55.847633972935995,0.0014306186985188509,55.85479428597175
walk_forward,2,2018-09-07,2018-09-10,55.32500076293945,54.58250045776367,-0.013420701218917253,0.0,55.32500076293945,0.0008039751311291989,55.36948068768257,0.001302240162618131,55.39704720092983,0.001161463617877544,55.389258738484656
walk_forward,2,2018-09-10,2018-09-11,54.58250045776367,55.962501525878906,0.025282848102261113,0.0,54.58250045776367,-0.0005757924835053266,54.551072264269166,0.001302240162618131,54.65357998203589,0.000984517924746331,54.63623790784181
walk_forward,2,2018-09-11,2018-09-12,55.962501525878906,55.26750183105469,-0.012419024809011248,0.0,55.962501525878906,-0.000785042541980463,55.91856858142545,0.001302240162618131,56.035378142966486,0.001315008837053204,56.036092709929044
walk_forward,2,2018-09-12,2018-09-13,55.26750183105469,56.602500915527344,0.02415522757937505,0.0,55.26750183105469,-0.0009827185001955057,55.213189434545725,0.001302240162618131,55.33947339162666,0.0010119972943932417,55.32343239337558
walk_forward,2,2018-09-13,2018-09-14,56.602500915527344,55.959999084472656,-0.011351120898589695,0.0,56.602500915527344,-0.00014772456290510503,56.59413933582026,0.001302240162618131,56.67621096552418,0.0015644828540950693,56.69105455770858
walk_forward,2,2018-09-14,2018-09-17,55.959999084472656,54.470001220703125,-0.02662612380533369,0.0,55.959999084472656,0.001617637941594672,56.0505221022033,0.001302240162618131,56.03287244278053,0.0012205547685028891,56.02830132820063
walk_forward,2,2018-09-17,2018-09-18,54.470001220703125,54.560001373291016,0.001652288426123416,0.0,54.470001220703125,-1.4725051997854961e-05,54.46919914710283,0.001302240162618131,54.54093424395059,0.001255407252175724,54.53838325526162
walk_forward,2,2018-09-18,2018-09-19,54.560001373291016,54.592498779296875,0.0005956269279305815,0.0,54.560001373291016,0.0023965072342071975,54.690754811280456,0.001302240162618131,54.63105159835182,0.0012422883733161929,54.627780628645176
walk_forward,2,2018-09-19,2018-09-20,54.592498779296875,55.00749969482422,0.007601793741024432,0.0,54.592498779296875,-0.0003977907476751586,54.57078238839,0.001302240162618131,54.663591323784956,0.0010395278835783279,54.64924920401217
walk_forward,2,2018-09-20,2018-09-21,55.00749969482422,54.415000915527344,-0.010771236332936307,0.0,55.00749969482422,-0.0018771304504963484,54.9042434421414,0.001302240162618131,55.07913267017202,0.0007063534586912114,55.04635443248762
walk_forward,2,2018-09-21,2018-09-24,54.415000915527344,55.1974983215332,0.01438017812809722,0.0,54.415000915527344,-0.0025702903280051346,54.27513856497577,0.001302240162618131,54.48586231516845,0.00033836310745562437,54.43341294432932
walk_forward,2,2018-09-24,2018-09-25,55.1974983215332,55.54750061035156,0.006340908545882762,0.0,55.1974983215332,-0.0026762843718437313,55.049774119410415,0.001302240162618131,55.26937872072355,0.0008397042240363983,55.24384789403004
walk_forward,2,2018-09-25,2018-09-26,55.54750061035156,55.10499954223633,-0.007966174233819068,0.0,55.54750061035156,-0.0014987328022269169,55.46424974910511,0.001302240162618131,55.61983679657942,0.0012017784292952414,55.614256398386345
walk_forward,2,2018-09-26,2018-09-27,55.10499954223633,56.23749923706055,0.02055166870940983,0.0,55.10499954223633,-0.0035964912386449092,54.906814894177145,0.001302240162618131,55.176759485801284,0.0011367285624244254,55.16763896914837
walk_forward,2,2018-09-27,2018-09-28,56.23749923706055,56.435001373291016,0.0035119295649674864,0.0,56.23749923706055,0.0013766865452156333,56.31492064559678,0.001302240162618131,56.31073396721226,0.0013833515233387756,56.315295467298895
walk_forward,2,2018-09-28,2018-10-01,56.435001373291016,56.814998626708984,0.006733361285923722,0.0,56.435001373291016,0.00022760503442575183,56.447846263721395,0.001302240162618131,56.508493298656724,0.0014221241580074098,56.515258952101156
walk_forward,2,2018-10-01,2018-10-02,56.814998626708984,57.31999969482422,0.008888516770602095,0.0,56.814998626708984,-0.00039961311661409387,56.79229460803734,0.001302240162618131,56.88898539975978,0.0017742399057336866,56.9158020645167
walk_forward,2,2018-10-02,2018-10-03,57.31999969482422,58.01750183105469,0.01216856489783713,0.0,57.31999969482422,0.0018089380804276818,57.42368802504228,0.001302240162618131,57.39464410054808,0.001903441188147776,57.42910494314796
walk_forward,2,2018-10-03,2018-10-04,58.01750183105469,56.997501373291016,-0.01758090964919312,0.0,58.01750183105469,0.0015199193496533213,58.105683754706256,0.001302240162618131,58.09305455207386,0.0018821066993069627,58.12669695992796
walk_forward,2,2018-10-04,2018-10-05,56.997501373291016,56.0724983215332,-0.016228835115064677,0.0,56.997501373291016,0.0009362879555029251,57.050867447320584,0.001302240162618131,57.0717258087482,0.001241938950083935,57.06828879030397
walk_forward,2,2018-10-05,2018-10-08,56.0724983215332,55.942501068115234,-0.002318378123131515,0.0,56.0724983215332,-0.00027234928627640803,56.0572270166356,0.001302240162618131,56.14551818086584,0.0010841375597858021,56.13328862303461
walk_forward,2,2018-10-08,2018-10-09,55.942501068115234,56.717498779296875,0.013853469122483641,0.0,55.942501068115234,0.0005749247126762178,55.97466379446821,0.001302240162618131,56.01535163980344,0.0008884211495546036,55.99220156922313
walk_forward,2,2018-10-09,2018-10-10,56.717498779296875,54.09000015258789,-0.04632606661540717,0.0,56.717498779296875,-0.0005231855665317792,56.687825002565766,0.001302240162618131,56.79135858413052,0.0010890040455833608,56.779264364922895
walk_forward,2,2018-10-10,2018-10-11,54.09000015258789,53.61249923706055,-0.008827896361255583,0.0,54.09000015258789,-0.0031785735737533453,53.918071107498555,0.001302240162618131,54.16043832318261,0.0037667201741900485,54.29374204738458
walk_forward,2,2018-10-11,2018-10-12,53.61249923706055,55.52750015258789,0.035719299468948584,0.0,53.61249923706055,-0.0009792643371836995,53.559998428530406,0.001302240162618131,53.682315586785386,0.001752449138695384,53.70645241517184
walk_forward,2,2018-10-12,2018-10-15,55.52750015258789,54.34000015258789,-0.021385799770146097,0.0,55.52750015258789,0.0007311203388229627,55.56809743731344,0.001302240162618131,55.599810293416375,0.0012416926117350174,55.59644823927548
walk_forward,2,2018-10-15,2018-10-16,54.34000015258789,55.537498474121094,0.022037142402845156,0.0,54.34000015258789,-0.00338540863866088,54.15603704664649,0.007265689315468755,54.73481771109912,-0.001268028474241095,54.27109548510414
walk_forward,2,2018-10-16,2018-10-17,55.537498474121094,55.29750061035156,-0.004321366110527358,0.0,55.537498474121094,0.0003894058576699678,55.55912510134725,0.001302240162618131,55.60982163516544,0.0011983249459637708,55.604050443979055
walk_forward,2,2018-10-17,2018-10-18,55.29750061035156,54.005001068115234,-0.02337356169754945,0.0,55.29750061035156,0.0021066224431551266,55.41399156618772,0.001302240162618131,55.36951123653876,0.0010234442059235112,55.35409451695328
walk_forward,2,2018-10-18,2018-10-19,54.005001068115234,54.82749938964844,0.015230039908633808,0.0,54.005001068115234,-0.001237496936740971,53.93817004472475,0.001302240162618131,54.07532854948837,0.0016670383708348479,54.09502947711276
walk_forward,2,2018-10-19,2018-10-22,54.82749938964844,55.162498474121094,0.006110055869808839,0.0,54.82749938964844,-0.00016996281041490452,54.81818075376415,0.001302240162618131,54.89889796136956,0.001478825768363865,54.9085797085608
walk_forward,2,2018-10-22,2018-10-23,55.162498474121094,55.682498931884766,0.009426702418267485,0.0,55.162498474121094,-0.0015132051236949745,55.07902629879423,0.001302240162618131,55.234333295104456,0.0009860442210336735,55.216891136959276
walk_forward,2,2018-10-23,2018-10-24,55.682498931884766,53.772499084472656,-0.03430161871414161,0.0,55.682498931884766,-0.0006703263090915689,55.64517348789476,0.001302240162618131,55.75501091834881,0.0007795414882316752,55.725905749970586
walk_forward,2,2018-10-24,2018-10-25,53.772499084472656,54.95000076293945,0.02189784180603227,0.0,53.772499084472656,-0.003148400690685695,53.603201711215206,0.001302240162618131,53.84252379242481,0.001456609293766082,53.85082460638812
walk_forward,2,2018-10-25,2018-10-26,54.95000076293945,54.07500076293945,-0.015923566657894184,0.0,54.95000076293945,-0.002585894997786503,54.8079058308382,0.001302240162618131,55.02155886086885,0.0009393987929956227,55.001620727331265
walk_forward,2,2018-10-26,2018-10-29,54.07500076293945,53.060001373291016,-0.018770214985259326,0.0,54.07500076293945,-0.001704825544574043,53.98281232031593,0.001302240162618131,54.14541940072656,0.0011855159602992668,54.139107539397116
walk_forward,2,2018-10-29,2018-10-30,53.060001373291016,53.32500076293945,0.004994334391062338,0.0,53.060001373291016,-0.004829442102970191,52.803751168675184,0.001302240162618131,53.129098238107886,0.0003222295533544639,53.07709887383452
walk_forward,2,2018-10-30,2018-10-31,53.32500076293945,54.71500015258789,0.026066561083192274,0.0,53.32500076293945,-0.00013194715200580713,53.31796468095808,0.001302240162618131,53.394442720604594,0.0010634925605828983,53.38171150454391
walk_forward,2,2018-10-31,2018-11-01,54.71500015258789,55.55500030517578,0.015352282742306933,0.0,54.71500015258789,-0.0025072631932826286,54.577815246584855,0.001302240162618131,54.78625222328425,0.0011701859777142932,54.77902687853708
walk_forward,2,2018-11-01,2018-11-02,55.55500030517578,51.869998931884766,-0.06633068766174954,0.0,55.55500030517578,-0.0020302862582667123,55.44220775147818,0.001302240162618131,55.627346257807446,0.001399798632033128,55.632766118605566
walk_forward,2,2018-11-02,2018-11-05,51.869998931884766,50.397499084472656,-0.028388276031117377,0.0,51.869998931884766,-0.0035388363293470614,51.68643949526142,0.001302240162618131,51.93754612772883,0.002670106701911589,52.00849736366093
walk_forward,2,2018-11-05,2018-11-06,50.397499084472656,50.942501068115234,0.010814068030024382,0.0,50.397499084472656,0.0019037115399605053,50.49344138506491,0.001302240162618131,50.46312873187597,-0.00017513926883946828,50.38867250333166
walk_forward,2,2018-11-06,2018-11-07,50.942501068115234,52.48749923706055,0.030328274751950213,0.0,50.942501068115234,0.0011595765980721285,51.00157280020108,0.001302240162618131,51.008840438990354,-0.005399645026698479,50.667429645575204
walk_forward,2,2018-11-07,2018-11-08,52.48749923706055,52.122501373291016,-0.0069539960766851205,0.0,52.48749923706055,-0.00540920710179018,52.20358348343223,-0.004274433276449659,52.263144923724035,-0.004928379910746065,52.22882090025532
walk_forward,2,2018-11-08,2018-11-09,52.122501373291016,51.11750030517578,-0.01928152029615038,0.0,52.122501373291016,-0.0020910661651606707,52.01350977422579,-0.0042280067478886185,51.90212708576791,0.000987537558376925,52.173974301033695
walk_forward,2,2018-11-09,2018-11-12,51.11750030517578,48.54249954223633,-0.05037415263982947,0.0,51.11750030517578,-0.0017147000559140269,51.02984912454431,0.001302240162618131,51.184067567085826,2.7251379649354465e-05,51.11889332758332
walk_forward,2,2018-11-12,2018-11-13,48.54249954223633,48.057498931884766,-0.009991257453266678,0.0,48.54249954223633,0.0012448341338565992,48.60292690260923,0.001302240162618131,48.6057135347341,0.0008525973961679085,48.583886750949524
walk_forward,2,2018-11-13,2018-11-14,48.057498931884766,46.70000076293945,-0.028247374480918963,0.0,48.057498931884766,-0.00022179963271100897,48.046839796272664,0.001302240162618131,48.12008133710884,0.004575134768241973,48.27736846612278
walk_forward,2,2018-11-14,2018-11-15,46.70000076293945,47.852500915527344,0.024678803720759257,0.0,46.70000076293945,0.0017988881151514463,46.78400883928946,0.001302240162618131,46.76081537952725,0.0037386148235627383,46.87459407805217
walk_forward,2,2018-11-15,2018-11-16,47.852500915527344,48.38249969482422,0.011075675652406636,0.0,47.852500915527344,0.0006973911837160197,47.885872827784596,-0.004952025349121235,47.6155341179748,-0.0020741280828041483,47.753248699546035
walk_forward,2,2018-11-16,2018-11-19,48.38249969482422,46.46500015258789,-0.03963208917131367,0.0,48.38249969482422,-0.0015585670456201204,48.307092325215145,0.001302240162618131,48.44550532909468,-9.900824938717951e-05,48.377709428228464
walk_forward,2,2018-11-19,2018-11-20,46.46500015258789,44.244998931884766,-0.04777792345664034,0.0,46.46500015258789,-0.0038826225007359285,46.284594097498754,0.001302240162618131,46.52550874194265,0.0010217187160438594,46.51247431288478
walk_forward,2,2018-11-20,2018-11-21,44.244998931884766,44.19499969482422,-0.0011300539782478358,0.0,44.244998931884766,0.0035932869587480287,44.40398390953653,0.001302240162618131,44.30261654648886,-0.0039141077340864,44.07181923937083
walk_forward,2,2018-11-21,2018-11-23,44.19499969482422,43.0724983215332,-0.02539883201814963,0.0,44.19499969482422,0.005235702838381822,44.42639158016869,0.001302240162618131,44.25255219841372,-0.0005903352449421769,44.168909828854154
walk_forward,2,2018-11-23,2018-11-26,43.0724983215332,43.654998779296875,0.013523721178542836,0.0,43.0724983215332,0.003135656484653237,43.20755888020533,-0.009509486460030317,42.6629009819449,0.012551270094335458,43.61311288160458
walk_forward,2,2018-11-26,2018-11-27,43.654998779296875,43.560001373291016,-0.002176094574784626,0.0,43.654998779296875,0.00018302208960254166,43.66298860839506,-0.004952025349121235,43.43881811872594,-0.008921712036223271,43.26552145124631
walk_forward,2,2018-11-27,2018-11-28,43.560001373291016,45.23500061035156,0.03845269018029884,0.0,43.560001373291016,0.00034828780480837323,43.57517279054677,0.001302240162618131,43.616726956563014,-0.003832597014266995,43.39305344208628
walk_forward,2,2018-11-28,2018-11-29,45.23500061035156,44.88750076293945,-0.007682101088169024,0.0,45.23500061035156,-0.00393366352885813,45.057061338222745,0.001302240162618131,45.293907444902416,-0.0011328774702535178,45.18375489729319
walk_forward,2,2018-11-29,2018-11-30,44.88750076293945,44.64500045776367,-0.005402401582936811,0.0,44.88750076293945,-0.003521305576488534,44.72943815618828,0.001302240162618131,44.945955069232504,0.00015553208944617397,44.89448220972313
walk_forward,2,2018-11-30,2018-12-03,44.64500045776367,46.20500183105469,0.0349423531704709,0.0,44.64500045776367,-0.002553100299337454,44.53101729373104,0.001302240162618131,44.70313897041988,-0.0016799266347485935,44.57000013238631
walk_forward,2,2018-12-03,2018-12-04,46.20500183105469,44.17250061035156,-0.043988770482789374,0.0,46.20500183105469,0.0026491807857256956,46.327407234109934,0.001302240162618131,46.26517184015293,0.0008844422767570341,46.24586748807171
walk_forward,2,2018-12-04,2018-12-06,44.17250061035156,43.68000030517578,-0.011149477579278533,0.0,44.17250061035156,-0.0006614949036705168,44.14328072631543,0.001302240162618131,44.230023814729634,0.0009473219401137752,44.21434618932943
walk_forward,2,2018-12-06,2018-12-07,43.68000030517578,42.122501373291016,-0.03565702657974146,0.0,43.68000030517578,-0.0014436638603805047,43.61694106731379,0.001302240162618131,43.73688215587635,0.0001486323166208044,43.68649256481114
walk_forward,2,2018-12-07,2018-12-10,42.122501373291016,42.400001525878906,0.006587931474645314,0.0,42.122501373291016,0.0010000495155624363,42.16462596038365,0.001302240162618131,42.177354986329256,0.0009810646499971917,42.16382627035781
walk_forward,2,2018-12-10,2018-12-11,42.400001525878906,42.157501220703125,-0.005719346614357357,0.0,42.400001525878906,-0.003921556320261343,42.233727531916,0.007265689315468755,42.708066763941346,0.000447596582314295,42.418979621652014
walk_forward,2,2018-12-11,2018-12-12,42.157501220703125,42.275001525878906,0.002787174328968023,0.0,42.157501220703125,-0.0036618266937852233,42.00312775738987,0.001302240162618131,42.21240041194835,-0.00029716813979592825,42.14497335448692
walk_forward,2,2018-12-12,2018-12-13,42.275001525878906,42.73749923706055,0.010940217492328541,0.0,42.275001525878906,-0.004919800076958431,42.067016970118466,0.001302240162618131,42.33005373074065,-0.0004689724671858228,42.25517571411303
walk_forward,2,2018-12-13,2018-12-14,42.73749923706055,41.369998931884766,-0.03199766784645952,0.0,42.73749923706055,3.911033421239406e-05,42.73917071493911,0.001302240162618131,42.79315372501691,0.0012468776328278636,42.79078766894224
walk_forward,2,2018-12-14,2018-12-17,41.369998931884766,40.98500061035156,-0.009306220243493368,0.0,41.369998931884766,-0.0013159437578274757,41.31555834002902,0.001302240162618131,41.423872606021334,0.001451120516925522,41.430031786120004
walk_forward,2,2018-12-17,2018-12-18,40.98500061035156,41.51750183105469,0.012992587843676517,0.0,40.98500061035156,0.0007307506029962511,41.01495042426138,0.001302240162618131,41.038372924211295,0.0011231228972029851,41.03103180297893
walk_forward,2,2018-12-18,2018-12-19,41.51750183105469,40.22249984741211,-0.031191712567684604,0.0,41.51750183105469,0.002325353100259753,41.614044682652576,0.001302240162618131,41.57156758939066,0.0019010057106787638,41.59642683912864
walk_forward,2,2018-12-19,2018-12-20,40.22249984741211,39.20750045776367,-0.025234617278859672,0.0,40.22249984741211,-0.0002741389808250043,40.21147329229771,0.001302240162618131,40.27487920215431,0.00019961277753109842,40.23052877232589
walk_forward,2,2018-12-20,2018-12-21,39.20750045776367,37.682498931884766,-0.0388956579244758,0.0,39.20750045776367,0.001801861790990756,39.27814695475877,0.001302240162618131,39.25855803953564,0.001022968579858285,39.247608498826736
walk_forward,2,2018-12-21,2018-12-24,37.682498931884766,36.70750045776367,-0.025874039720229502,0.0,37.682498931884766,0.0030171578535086274,37.79619297947693,0.001302240162618131,37.73157059542168,0.003843916578715063,37.82734731425645
walk_forward,2,2018-12-24,2018-12-26,36.70750045776367,39.29249954223633,0.07042155015286333,0.0,36.70750045776367,0.0030946662331579927,36.82109791993394,0.001302240162618131,36.755302439129096,-0.002964234170150958,36.59869083060594
walk_forward,2,2018-12-26,2018-12-27,39.29249954223633,39.037498474121094,-0.006489815386805042,0.0,39.29249954223633,-0.0028916897084147425,39.178877825692155,0.001302240162618131,39.343667813229885,0.0026727621492938815,39.397519047763964
walk_forward,2,2018-12-27,2018-12-28,39.037498474121094,39.057498931884766,0.0005123396361303989,0.0,39.037498474121094,-0.0034678247376622065,38.90212327121609,-0.03568850901049532,37.644308358080224,-0.002391275128989445,38.94414907492197
walk_forward,2,2018-12-28,2018-12-31,39.057498931884766,39.435001373291016,0.009665299922675619,0.0,39.057498931884766,-0.0007965432126254448,39.026387946208445,0.001302240162618131,39.10836117564528,-0.00034223915272205786,39.044131926542875
walk_forward,2,2018-12-31,2019-01-02,39.435001373291016,39.47999954223633,0.0011410718239708295,0.0,39.435001373291016,0.0022685759663762426,39.52446266964048,0.001302240162618131,39.48635521589222,0.0012055098528851618,39.48254065599506
walk_forward,2,2019-01-02,2019-01-03,39.47999954223633,35.54750061035156,-0.09960737025028876,0.0,39.47999954223633,-0.0012620136376137931,39.43017524440104,0.001302240162618131,39.53141198326038,-0.0001814389501995209,39.47283633256551
walk_forward,2,2019-01-03,2019-01-04,35.54750061035156,37.064998626708984,0.04268930277240135,0.0,35.54750061035156,0.0017405344316222151,35.60937225912199,0.001302240162618131,35.59379199332705,-0.0025926998545547975,35.455336610689315
walk_forward,2,2019-01-04,2019-01-07,37.064998626708984,36.98249816894531,-0.002225831939036471,0.0,37.064998626708984,-0.00035702829158761485,37.0517653735716,0.001302240162618131,37.11326615654807,-0.007646707460500111,36.7815734251867
walk_forward,2,2019-01-07,2019-01-08,36.98249816894531,37.6875,0.01906312082634498,0.0,36.98249816894531,-0.0009594434515335019,36.94701555325577,0.001302240162618131,37.03065826337487,-0.012284220280395471,36.52819701491867
walk_forward,2,2019-01-08,2019-01-09,37.6875,38.32749938964844,0.016981741682214002,0.0,37.6875,-0.008500220253663192,37.36714794919007,-0.004274433276449659,37.526407295893804,-0.012372255331868559,37.2212206271802
walk_forward,2,2019-01-09,2019-01-10,38.32749938964844,38.45000076293945,0.003196174424155096,0.0,38.32749938964844,-0.0007492830331557192,38.29878124465249,-0.0042280067478886185,38.165450463599306,-0.010867725581002316,37.9109666440757
walk_forward,2,2019-01-10,2019-01-11,38.45000076293945,38.0724983215332,-0.009818008684413626,0.0,38.45000076293945,-0.004328071596905909,38.28358640673636,0.001302240162618131,38.50007189818565,-0.002436235839305761,38.356327493059446
walk_forward,2,2019-01-11,2019-01-14,38.0724983215332,37.5,-0.015037056846080588,0.0,38.0724983215332,-0.0014980545346083229,38.01546364277876,0.001302240162618131,38.12207785793871,0.0009074797259246353,38.10704834187529
walk_forward,2,2019-01-14,2019-01-15,37.5,38.26750183105469,0.020466715494791732,0.0,37.5,-0.0014761604854723344,37.44464398179478,0.001302240162618131,37.54883400609818,-7.213828372927667e-05,37.49729481436015
walk_forward,2,2019-01-15,2019-01-16,38.26750183105469,38.73500061035156,0.01221660042928363,0.0,38.26750183105469,0.0017722401833757864,38.33532103551709,0.001302240162618131,38.31733530886215,0.0005307498809002657,38.287812303093865
walk_forward,2,2019-01-16,2019-01-17,38.73500061035156,38.96500015258789,0.005937770455975322,0.0,38.73500061035156,0.0012655413544566628,38.78402135548887,0.001302240162618131,38.7854428838454,0.0005959750558721266,38.75808570450452
walk_forward,2,2019-01-17,2019-01-18,38.96500015258789,39.20500183105469,0.006159416849145227,0.0,38.96500015258789,-0.0027549517185423375,38.857653458454514,0.001302240162618131,39.01574194072301,0.0006952273382711704,38.99208968592971
walk_forward,2,2019-01-18,2019-01-22,39.20500183105469,38.32500076293945,-0.022446142762788446,0.0,39.20500183105469,0.000701973168092306,39.2325226903951,0.001302240162618131,39.256056159014605,0.0013106364383231152,39.25638533501899
walk_forward,2,2019-01-22,2019-01-23,38.32500076293945,38.47999954223633,0.004044325537150728,0.0,38.32500076293945,-0.00029903831845641137,38.313540119156464,0.001302240162618131,38.37490911816533,0.0011898235073762205,38.370600749767405
walk_forward,2,2019-01-23,2019-01-24,38.47999954223633,38.17499923706055,-0.00792620345125028,0.0,38.47999954223633,0.0004204071139768343,38.49617680778971,0.001302240162618131,38.53010974309775,0.001216667757026192,38.52681691696975
walk_forward,2,2019-01-24,2019-01-25,38.17499923706055,39.439998626708984,0.03313685435310676,0.0,38.17499923706055,-0.0002655995809467313,38.16485997326054,0.001302240162618131,38.22471225427496,0.0010691124688605414,38.215812604743626
walk_forward,2,2019-01-25,2019-01-28,39.439998626708984,39.07500076293945,-0.009254510052704501,0.0,39.439998626708984,0.0004810370946742625,39.45897072906233,0.001302240162618131,39.491358976934286,0.0012184881837117565,39.48805579900124
walk_forward,2,2019-01-28,2019-01-29,39.07500076293945,38.66999816894531,-0.010364749483978586,0.0,39.07500076293945,0.000661197352063729,39.1008370499758,0.001302240162618131,39.125885798287285,0.0011903560550056782,39.12151392669697
walk_forward,2,2019-01-29,2019-01-30,38.66999816894531,41.3125,0.06833467691179762,0.0,38.66999816894531,-0.0007997759096485956,38.63907083598363,0.001302240162618131,38.72035579364928,0.0011559186682257572,38.71469754172905
walk_forward,2,2019-01-30,2019-01-31,41.3125,41.61000061035156,0.007201225061459926,0.0,41.3125,0.004562119705489323,41.500972570333026,0.001302240162618131,41.36629879671816,0.0036242248579129313,41.462225789442535
walk_forward,2,2019-01-31,2019-02-01,41.61000061035156,41.630001068115234,0.00048066468325647094,0.0,41.61000061035156,0.0012156162066393052,41.66058240145178,0.001302240162618131,41.66418682431293,0.0010968114158071435,41.65563893403274
walk_forward,2,2019-02-01,2019-02-04,41.630001068115234,42.8125,0.02840497001068898,0.0,41.630001068115234,0.001650656737049817,41.69871790984171,0.001302240162618131,41.68421332747597,0.002333877064663967,41.72716037281004
walk_forward,2,2019-02-04,2019-02-05,42.8125,43.54499816894531,0.017109446281934337,0.0,42.8125,0.00595930859927073,43.06763289940628,0.001302240162618131,42.86825215696209,0.0020698790397525686,42.90111669638941
walk_forward,2,2019-02-05,2019-02-06,43.54499816894531,43.560001373291016,0.0003445448381349525,0.0,43.54499816894531,0.001168868011319732,43.59589652435797,0.001302240162618131,43.601704214442044,-0.0008510148994154633,43.507940726708526
walk_forward,2,2019-02-06,2019-02-07,43.560001373291016,42.73500061035156,-0.01893941085698192,0.0,43.560001373291016,-0.0003306539362457656,43.54559808737407,0.001302240162618131,43.616726956563014,0.001966620028797904,43.645667344446196
walk_forward,2,2019-02-07,2019-02-08,42.73500061035156,42.602500915527344,-0.003100495915100643,0.0,42.73500061035156,0.0010114464342754902,42.77822477433766,0.001302240162618131,42.790651844495876,0.0018187985330020914,42.81272696676951
walk_forward,2,2019-02-08,2019-02-11,42.602500915527344,42.35749816894531,-0.0057509005649181155,0.0,42.602500915527344,0.002791226319323482,42.721414137351765,0.001302240162618131,42.65797960324752,0.0013339017653583507,42.65932846670725
walk_forward,2,2019-02-11,2019-02-12,42.35749816894531,42.72249984741211,0.008617168016179066,0.0,42.35749816894531,-0.00019818452901791553,42.34910356812033,0.001302240162618131,42.41265780424894,0.0009220158429720109,42.39655245332573
walk_forward,2,2019-02-12,2019-02-13,42.72249984741211,42.54499816894531,-0.004154758712640039,0.0,42.72249984741211,-0.0025894209498903606,42.61187331127553,0.001302240162618131,42.77813480256086,0.001121914569804834,42.77043084244941
walk_forward,2,2019-02-13,2019-02-14,42.54499816894531,42.70000076293945,0.0036432624436515404,0.0,42.54499816894531,0.00031669464259671733,42.558471941934705,0.001302240162618131,42.60040197427943,0.001278680176311038,42.59939961470513
walk_forward,2,2019-02-14,2019-02-15,42.70000076293945,42.60499954223633,-0.0022248529041146714,0.0,42.70000076293945,-0.0002503950836677479,42.689308892675804,0.001302240162618131,42.75560641887678,0.001216843544942017,42.75195998323685
walk_forward,2,2019-02-15,2019-02-19,42.60499954223633,42.73249816894531,0.002992574300642481,0.0,42.60499954223633,0.0002461858385897403,42.61548828977675,0.001302240162618131,42.66048148376856,0.0015409668209088892,42.67065243293575
walk_forward,2,2019-02-19,2019-02-20,42.73249816894531,43.00749969482422,0.006435418888726563,0.0,42.73249816894531,0.0002367590839767264,42.742615476067826,0.001302240162618131,42.78814614430992,0.0014482016200897446,42.79438344202406
walk_forward,2,2019-02-20,2019-02-21,43.00749969482422,42.76499938964844,-0.005638558551334882,0.0,43.00749969482422,0.0014897246045304333,43.071569025298935,0.001302240162618131,43.06350578822061,0.0015532930996489424,43.074302947333344
walk_forward,2,2019-02-21,2019-02-22,42.76499938964844,43.24250030517578,0.011165694431014783,0.0,42.76499938964844,0.001092380094551179,42.811715023725185,0.001302240162618131,42.82068968940798,0.0012562008688762273,42.8187208190392
walk_forward,2,2019-02-22,2019-02-25,43.24250030517578,43.557498931884766,0.0072844683930379794,0.0,43.24250030517578,0.0002666968562104058,43.25403294406185,0.001302240162618131,43.29881242580521,0.0016396575815641851,43.31340319864696
walk_forward,2,2019-02-25,2019-02-26,43.557498931884766,43.58250045776367,0.0005739890143372506,0.0,43.557498931884766,0.00013110141993441906,43.56320938184352,0.001302240162618131,43.614221256377064,0.001643346430823858,43.62907899229009
walk_forward,2,2019-02-26,2019-02-27,43.58250045776367,43.717498779296875,0.0030975350224347054,0.0,43.58250045776367,-0.0007032254534027357,43.55185213411884,0.001302240162618131,43.6392553402471,0.0016474611566614991,43.65430093437802
walk_forward,2,2019-02-27,2019-02-28,43.717498779296875,43.287498474121094,-0.009835885336134886,0.0,43.717498779296875,0.0005677491835254533,43.7423193535346,0.001302240162618131,43.774429462016485,0.001769679065101433,43.79486472166519
walk_forward,2,2019-02-28,2019-03-01,43.287498474121094,43.74250030517578,0.010511160198520164,0.0,43.287498474121094,3.2052149440921955e-05,43.288885931491116,0.001302240162618131,43.34386919317337,0.0012467826974740732,43.34146857823556
walk_forward,2,2019-03-01,2019-03-04,43.74250030517578,43.962501525878906,0.00502946148867256,0.0,43.74250030517578,0.000884722253740272,43.78120026863001,0.001302240162618131,43.79946354588652,0.0017178167429695741,43.81764190457937
walk_forward,2,2019-03-04,2019-03-05,43.962501525878906,43.88249969482422,-0.0018197743139706235,0.0,43.962501525878906,0.0008506435390618198,43.99989794376289,0.001302240162618131,44.01975126101507,0.001700490987385184,44.03725936350657
walk_forward,2,2019-03-05,2019-03-06,43.88249969482422,43.630001068115234,-0.005753970910156836,0.0,43.88249969482422,0.00023364279977903602,43.89275252491422,0.001302240162618131,43.9396452483629,0.0015178558239928878,43.949107002557376
walk_forward,2,2019-03-06,2019-03-07,43.630001068115234,43.125,-0.01157462882769189,0.0,43.630001068115234,0.0011037905681929678,43.67815945178447,0.001302240162618131,43.686817807801205,0.001250891785814635,43.68457747806643
walk_forward,2,2019-03-07,2019-03-08,43.125,43.227500915527344,0.0023768328238225056,0.0,43.125,-0.0004831101856316393,43.10416587324464,0.001302240162618131,43.18115910701291,0.0011501271704757485,43.17459923422676
walk_forward,2,2019-03-08,2019-03-11,43.227500915527344,44.724998474121094,0.03464224225036916,0.0,43.227500915527344,-0.00010721831625294448,43.22286613566336,0.001302240162618131,43.28379350334916,0.0011388887262085343,43.276732228982205
walk_forward,2,2019-03-11,2019-03-12,44.724998474121094,45.227500915527344,0.011235381968699443,0.0,44.724998474121094,0.0032185728943051753,44.86894914190774,0.001302240162618131,44.783241163407126,0.0018993516011674711,44.80994697158513
walk_forward,2,2019-03-12,2019-03-13,45.227500915527344,45.4275016784668,0.004422105110627239,0.0,45.227500915527344,0.0026690858601876723,45.3482169987126,0.001302240162618131,45.28639798367439,0.0018950340208929754,45.313208568442235
walk_forward,2,2019-03-13,2019-03-14,45.4275016784668,45.932498931884766,0.011116553514043392,0.0,45.4275016784668,0.0027473534663157557,45.5523070826692,0.001302240162618131,45.4866591956399,0.0020779634404040057,45.521898366143546
walk_forward,2,2019-03-14,2019-03-15,45.932498931884766,46.529998779296875,0.013008215562104963,0.0,45.932498931884766,0.0034772104979110814,46.092215899366,0.001302240162618131,45.99231407676328,0.0019413073401401775,46.021668029212215
walk_forward,2,2019-03-15,2019-03-18,46.529998779296875,47.005001068115234,0.010208517113258653,0.0,46.529998779296875,0.002442327504683738,46.643640275108446,0.001302240162618131,46.59059201247385,0.001942219470878596,46.620370248905985
walk_forward,2,2019-03-18,2019-03-19,47.005001068115234,46.63249969482422,-0.007924717898659783,0.0,47.005001068115234,0.001556796885591878,47.078178307385315,0.001302240162618131,47.06621286835004,0.0019086452430593186,47.09471693980389
walk_forward,2,2019-03-19,2019-03-20,46.63249969482422,47.040000915527344,0.008738566951588034,0.0,46.63249969482422,0.001700409960561586,46.71179406179118,0.001302240162618131,46.6932264088101,0.001793651487216172,46.716142147254445
walk_forward,2,2019-03-20,2019-03-21,47.040000915527344,48.772499084472656,0.03683031750055599,0.0,47.040000915527344,0.0017240021237149169,47.12109797700526,0.001302240162618131,47.10125829396914,0.001598365581598756,47.115188033949096
walk_forward,2,2019-03-21,2019-03-22,48.772499084472656,47.76250076293945,-0.020708356973546005,0.0,48.772499084472656,0.0008007350697111829,48.81155293492705,0.001302240162618131,48.83601259161171,0.00208393444291736,48.87413777518194
walk_forward,2,2019-03-22,2019-03-25,47.76250076293945,47.185001373291016,-0.012091062662626273,0.0,47.76250076293945,-0.0009833443240293842,47.71553377891277,0.001302240162618131,47.82469900970003,0.0019371758530671143,47.85502512609952
walk_forward,2,2019-03-25,2019-03-26,47.185001373291016,46.6974983215332,-0.010331737576970035,0.0,47.185001373291016,0.0017265089680814612,47.26646670132094,0.001302240162618131,47.24644757715251,0.0016149409857136858,47.261202365919694
walk_forward,2,2019-03-26,2019-03-27,46.6974983215332,47.11750030517578,0.008994100299563712,0.0,46.6974983215332,0.0037373550694109275,46.87202345361399,0.001302240162618131,46.758309679341295,0.0014331106022860167,46.76442100147803
walk_forward,2,2019-03-27,2019-03-28,47.11750030517578,47.18000030517578,0.0013264710478100294,0.0,47.11750030517578,0.0006254489601958057,47.14696989674868,0.001302240162618131,47.178858606435355,0.0013333376952702745,47.18032384443958
walk_forward,2,2019-03-28,2019-03-29,47.18000030517578,47.48749923706055,0.006517569518774025,0.0,47.18000030517578,-0.00010835895210955225,47.17488792978218,0.001302240162618131,47.241439996445514,0.0014656743269542663,47.249150820368776
walk_forward,2,2019-03-29,2019-04-01,47.48749923706055,47.810001373291016,0.006791305952341675,0.0,47.48749923706055,0.00018895524393923988,47.49647224906295,0.001302240162618131,47.54933936578934,0.0013812401226607222,47.553090876331595
walk_forward,2,2019-04-01,2019-04-02,47.810001373291016,48.505001068115234,0.014536701001068852,0.0,47.810001373291016,0.0016141863466605938,47.8871756247416,0.001302240162618131,47.87226147725414,0.0011154584456056116,47.86333144310727
walk_forward,2,2019-04-02,2019-04-03,48.505001068115234,48.837501525878906,0.00685497269233637,0.0,48.505001068115234,-0.000497426433195421,48.48087339844178,0.001302240162618131,48.568166228593974,0.0019279223051117107,48.598514941583915
walk_forward,2,2019-04-03,2019-04-04,48.837501525878906,48.92250061035156,0.0017404470297812669,0.0,48.837501525878906,0.0003988555078626886,48.85698063235275,0.001302240162618131,48.90109968180783,0.0019156937424551093,48.93105922194918
walk_forward,2,2019-04-04,2019-04-05,48.92250061035156,49.25,0.006694248772294742,0.0,48.92250061035156,0.0018719460030293669,49.01408088982731,0.001302240162618131,48.98620945550207,0.001920901070975903,49.016475894168806
walk_forward,2,2019-04-05,2019-04-08,49.25,50.025001525878906,0.01573607159144985,0.0,49.25,0.0016779570319197176,49.33263938382204,0.001302240162618131,49.314135328008945,0.0019851290500894235,49.3477676057169
walk_forward,2,2019-04-08,2019-04-09,50.025001525878906,49.875,-0.002998531160489981,0.0,50.025001525878906,0.0009724632273453121,50.073649000310716,0.001302240162618131,50.09014609200094,0.001974725870632223,50.123787190570475
walk_forward,2,2019-04-09,2019-04-10,49.875,50.154998779296875,0.0056140106124686895,0.0,49.875,-5.984082002478833e-05,49.87201543910127,0.001302240162618131,49.93994922811058,0.0019117351464378008,49.97034779042858
walk_forward,2,2019-04-10,2019-04-11,50.154998779296875,49.73749923706055,-0.008324186071133277,0.0,50.154998779296875,0.0005697549063639297,50.18357483593005,0.001302240162618131,50.22031263306334,0.0019428881999134276,50.25244433459185
walk_forward,2,2019-04-11,2019-04-12,49.73749923706055,49.717498779296875,-0.00040212029294728335,0.0,49.73749923706055,0.0006003707329372888,49.76736017593198,0.001302240162618131,49.80226940615524,0.0016392809135325512,49.8190329702467
walk_forward,2,2019-04-12,2019-04-15,49.717498779296875,49.807498931884766,0.0018102309005409989,0.0,49.717498779296875,-0.0004439373500024963,49.69542732464004,0.001302240162618131,49.782242902992195,0.0015151940779250428,49.79283043901651
walk_forward,2,2019-04-15,2019-04-16,49.807498931884766,49.8125,0.00010040793499932477,0.0,49.807498931884766,-0.00043217953223483193,49.785973150294595,0.001302240162618131,49.872360257393424,0.00155741021739332,49.88506963962409
walk_forward,2,2019-04-16,2019-04-17,49.8125,50.782501220703125,0.01947304834535757,0.0,49.8125,-0.0009802809239052575,49.763669756477974,0.001302240162618131,49.87736783810042,0.0014515292449965855,49.88480430051639
walk_forward,2,2019-04-17,2019-04-18,50.782501220703125,50.96500015258789,0.0035937365725964288,0.0,50.782501220703125,0.0005256577573827053,50.809195436409084,0.001302240162618131,50.848632233350926,0.0017879586583558016,50.873298233453646
walk_forward,2,2019-04-18,2019-04-22,50.96500015258789,51.13249969482422,0.0032865602224043666,0.0,50.96500015258789,0.0001946953087456336,50.97492279902782,0.001302240162618131,51.03136882267443,0.0017613568084858325,51.05476770260113
walk_forward,2,2019-04-22,2019-04-23,51.13249969482422,51.869998931884766,0.014423297148822956,0.0,51.13249969482422,0.0005922174042264582,51.162781251065105,0.001302240162618131,51.19908648954188,0.0018246566727030142,51.22579895158436
walk_forward,2,2019-04-23,2019-04-24,51.869998931884766,51.790000915527344,-0.0015422791209707132,0.0,51.869998931884766,0.002223105965985441,51.9853114359659,0.001302240162618131,51.93754612772883,0.0019303666719800612,51.97012704909852
walk_forward,2,2019-04-24,2019-04-25,51.790000915527344,51.31999969482422,-0.009075134435114762,0.0,51.790000915527344,0.0010422185394941873,51.843977414641934,0.001302240162618131,51.857443934741575,0.001842632756066766,51.885430867651024
walk_forward,2,2019-04-25,2019-04-26,51.31999969482422,51.07500076293945,-0.004773946479767366,0.0,51.31999969482422,0.001445249087178295,51.39416987753716,0.001302240162618131,51.38683065957237,0.001546722439156761,51.39937748992972
walk_forward,2,2019-04-26,2019-04-29,51.07500076293945,51.15250015258789,0.0015173644344743664,0.0,51.07500076293945,0.00146552208110416,51.149852304349956,0.001302240162618131,51.141512680238705,0.0012262112396459156,51.137629502939895
walk_forward,2,2019-04-29,2019-04-30,51.15250015258789,50.16749954223633,-0.019256157712981836,0.0,51.15250015258789,0.0006650236614132343,51.1865177755298,0.001302240162618131,51.21911299270492,0.001095697838668468,51.20854783644757
walk_forward,2,2019-04-30,2019-05-01,50.16749954223633,52.630001068115234,0.04908559422631198,0.0,50.16749954223633,-0.0011923312737270415,50.10768326360743,0.001302240162618131,50.23282967499836,0.0011309669186950744,50.22423732461224
walk_forward,2,2019-05-01,2019-05-02,52.630001068115234,52.287498474121094,-0.006507744386150871,0.0,52.630001068115234,0.001342315495162992,52.700647134059416,0.001302240162618131,52.69853796926477,0.002205666710578371,52.74608530944888
walk_forward,2,2019-05-02,2019-05-03,52.287498474121094,52.9375,0.012431298969114213,0.0,52.287498474121094,0.0010865359531049509,52.34431072111114,0.001302240162618131,52.355589354636926,0.0019712307995602457,52.39056920154524
walk_forward,2,2019-05-03,2019-05-06,52.9375,52.119998931884766,-0.015442759256013905,0.0,52.9375,0.0006696928100135913,52.9729518631301,0.001302240162618131,53.0064373386086,0.002189922695213805,53.05342903267788
walk_forward,2,2019-05-06,2019-05-07,52.119998931884766,50.71500015258789,-0.026956999387760083,0.0,52.119998931884766,0.003910435566751101,52.32381082944704,0.001302240162618131,52.18787168776948,0.002508593244524724,52.250746809109934
walk_forward,2,2019-05-07,2019-05-08,50.71500015258789,50.724998474121094,0.00019714722474861723,0.0,50.71500015258789,0.0012930386694204887,50.78057660890486,0.001302240162618131,50.78104326263377,0.0010849623372800542,50.7700240176886
walk_forward,2,2019-05-08,2019-05-09,50.724998474121094,50.18000030517578,-0.010744173195458284,0.0,50.724998474121094,0.001506709546683303,50.801426313577544,0.001302240162618131,50.791054604382836,0.001194891035065918,50.78560932005155
walk_forward,2,2019-05-09,2019-05-10,50.18000030517578,49.29499816894531,-0.017636551033244685,0.0,50.18000030517578,-0.001773632471299259,50.090999427224716,0.001302240162618131,50.24534671693337,0.0009310165527487435,50.22671871607684
walk_forward,2,2019-05-10,2019-05-13,49.29499816894531,46.43000030517578,-0.0581194435579554,0.0,49.29499816894531,-0.0029311448316811576,49.15050738983468,0.001302240162618131,49.359192095377104,0.0006019845932926444,49.324672998369415
walk_forward,2,2019-05-13,2019-05-14,46.43000030517578,47.165000915527344,0.015830295186744392,0.0,46.43000030517578,-0.0006166776207751361,46.401367963054994,0.001302240162618131,46.490463316323556,0.00011287604930195673,46.435241140179315
walk_forward,2,2019-05-14,2019-05-15,47.165000915527344,47.72999954223633,0.01197919253136237,0.0,47.165000915527344,-0.0019563640588029416,47.0727290029028,0.001302240162618131,47.226421073989464,1.4927756325875876e-05,47.165704983168126
walk_forward,2,2019-05-15,2019-05-16,47.72999954223633,47.52000045776367,-0.004399729446609935,0.0,47.72999954223633,-0.0012608444565927516,47.66981943690032,0.001302240162618131,47.792155464601976,-0.003445021606052651,47.565568662556444
walk_forward,2,2019-05-16,2019-05-17,47.52000045776367,47.25,-0.005681827760158575,0.0,47.52000045776367,-0.0034114972738833594,47.35788610574708,0.007265689315468755,47.86526601736072,-0.001611966733400571,47.443399797854575
walk_forward,2,2019-05-17,2019-05-20,47.25,45.772499084472656,-0.03126986064608139,0.0,47.25,0.0026301087784534227,47.37427263978193,0.001302240162618131,47.311530847683706,0.0017985413099573188,47.33498107689548
walk_forward,2,2019-05-20,2019-05-21,45.772499084472656,46.650001525878906,0.019170953278885294,0.0,45.772499084472656,0.0018759464679672078,45.8583658424602,0.001302240162618131,45.83210587112386,0.0024813996608790416,45.88607894817845
walk_forward,2,2019-05-21,2019-05-22,46.650001525878906,45.69499969482422,-0.020471635580224024,0.0,46.650001525878906,-0.0003319676921789685,46.634515232532216,0.001302240162618131,46.710751031452105,0.0009431797025087207,46.69400086044012
walk_forward,2,2019-05-22,2019-05-23,45.69499969482422,44.915000915527344,-0.01706967468007714,0.0,45.69499969482422,-0.000162735889816227,45.68756347838873,0.001302240162618131,45.75450555865764,0.0011193458037810798,45.7461482009864
walk_forward,2,2019-05-23,2019-05-24,44.915000915527344,44.74250030517578,-0.003840601287663059,0.0,44.915000915527344,0.0005264268306749737,44.93864537710907,0.001302240162618131,44.973491033623574,0.0013532464906032217,44.97578198289172
walk_forward,2,2019-05-24,2019-05-28,44.74250030517578,44.557498931884766,-0.004134801855711578,0.0,44.74250030517578,0.002423427661034976,44.850930518039206,0.001302240162618131,44.80076578604913,0.0005583540310273696,44.76748246057942
walk_forward,2,2019-05-28,2019-05-29,44.557498931884766,44.345001220703125,-0.004769067301252372,0.0,44.557498931884766,-0.0036706694354390053,44.39394308243589,0.001302240162618131,44.61552349653968,0.00012786701548010002,44.56319636629044
walk_forward,2,2019-05-29,2019-05-30,44.345001220703125,44.57500076293945,0.005186594563198366,0.0,44.345001220703125,-0.002896520486392823,44.21655501619824,0.001302240162618131,44.402749062304075,-0.0016652749798994689,44.27115459968668
walk_forward,2,2019-05-30,2019-05-31,44.57500076293945,43.76750183105469,-0.018115511341867174,0.0,44.57500076293945,-0.002587968196776173,44.45964207859369,0.001302240162618131,44.63304811918169,-0.00018120065935743515,44.56692374341035
walk_forward,2,2019-05-31,2019-06-03,43.76750183105469,43.32500076293945,-0.010110265598966883,0.0,43.76750183105469,-0.0010852855302396058,43.72000159462271,0.001302240162618131,43.82449762975655,-0.00033212634107074643,43.752965490813736
walk_forward,2,2019-06-03,2019-06-04,43.32500076293945,44.90999984741211,0.036583936677699436,0.0,43.32500076293945,-0.0013606597682106502,43.266050177443624,0.001302240162618131,43.381420318978414,0.001090565794361563,43.372249526812205
walk_forward,2,2019-06-04,2019-06-05,44.90999984741211,45.6349983215332,0.016143363985401393,0.0,44.90999984741211,-0.0023204548588552443,44.80578822005499,0.001302240162618131,44.96848345291659,0.0006718462238938835,44.94017246122467
walk_forward,2,2019-06-05,2019-06-06,45.6349983215332,46.30500030517578,0.014681757604589007,0.0,45.6349983215332,-0.0020333999970241668,45.542204116082004,0.001302240162618131,45.69442604916851,0.0014021171178378558,45.698983933852325
walk_forward,2,2019-06-06,2019-06-07,46.30500030517578,47.537498474121094,0.026616956285983484,0.0,46.30500030517578,-0.0015784388921046642,46.23191069179518,0.001302240162618131,46.365300536303224,0.0012606878908411538,46.36337645834592
walk_forward,2,2019-06-07,2019-06-10,47.537498474121094,48.14500045776367,0.012779426834445218,0.0,47.537498474121094,0.0008298118695871022,47.576945654605396,0.001302240162618131,47.59940371386449,0.001345586542713367,47.60146429234213
walk_forward,2,2019-06-10,2019-06-11,48.14500045776367,48.70249938964844,0.011579580986271765,0.0,48.14500045776367,-9.155294278683033e-05,48.14059264129129,0.001302240162618131,48.20769681098904,0.001376855685782352,48.211289175385936
walk_forward,2,2019-06-11,2019-06-12,48.70249938964844,48.54750061035156,-0.0031825631382240704,0.0,48.70249938964844,0.0003571481901611484,48.719893399161776,0.001302240162618131,48.76592174037352,0.001796204756665197,48.789979050713605
walk_forward,2,2019-06-12,2019-06-13,48.54750061035156,48.537498474121094,-0.0002060278305725527,0.0,48.54750061035156,0.0011571506714062414,48.603677383277926,0.001302240162618131,48.610721115441095,0.0016711926865242855,48.62863283832061
walk_forward,2,2019-06-13,2019-06-14,48.537498474121094,48.185001373291016,-0.007262366457101654,0.0,48.537498474121094,0.0016000379697335265,48.615160314635574,0.001302240162618131,48.60070595402711,0.0014070271878284983,48.60579205410337
walk_forward,2,2019-06-14,2019-06-17,48.185001373291016,48.47249984741211,0.005966555275029206,0.0,48.185001373291016,0.0002534005153064329,48.197211477469054,0.001302240162618131,48.247749817315125,0.0013546521521399782,48.25027528910221
walk_forward,2,2019-06-17,2019-06-18,48.47249984741211,49.61249923706055,0.023518477347714173,0.0,48.47249984741211,-0.00101729258147414,48.42318913291183,0.001302240162618131,48.53562268349591,0.001456047489255783,48.543078109112884
walk_forward,2,2019-06-18,2019-06-19,49.61249923706055,49.467498779296875,-0.002922659813423767,0.0,49.61249923706055,0.00024843554702944385,49.624824745448,0.001302240162618131,49.67710662613491,0.001697702380204555,49.6967264951032
walk_forward,2,2019-06-19,2019-06-20,49.467498779296875,49.8650016784668,0.008035637721312883,0.0,49.467498779296875,-0.0003174691429899102,49.451794374853556,0.001302240162618131,49.53191734295154,0.0018603203158847961,49.55952417225201
walk_forward,2,2019-06-20,2019-06-21,49.8650016784668,49.69499969482422,-0.003409244518605692,0.0,49.8650016784668,0.0007410118790382178,49.90195223705881,0.001302240162618131,49.929937886361515,0.001976633339294856,49.963566503248444
walk_forward,2,2019-06-21,2019-06-24,49.69499969482422,49.64500045776367,-0.0010061220921137037,0.0,49.69499969482422,0.001915608277423353,49.790195847586176,0.001302240162618131,49.75971451930812,0.001579564696962826,49.77349616195774
walk_forward,2,2019-06-24,2019-06-25,49.64500045776367,48.89250183105469,-0.015157591293592287,0.0,49.64500045776367,0.0013646932427879674,49.712750654426586,0.001302240162618131,49.709650171232965,0.0015867430790480475,49.72377431864937
walk_forward,2,2019-06-25,2019-06-26,48.89250183105469,49.95000076293945,0.021629061559150564,0.0,48.89250183105469,0.002416927812129304,49.010671478534746,0.001302240162618131,48.95617161058997,0.001240970015202152,48.95317595979524
walk_forward,2,2019-06-26,2019-06-27,49.95000076293945,49.935001373291016,-0.00030028807646320654,0.0,49.95000076293945,0.001393233032819343,50.019592753991724,0.001302240162618131,50.01504766005576,0.001541232856061223,50.02698534527557
walk_forward,2,2019-06-27,2019-06-28,49.935001373291016,49.47999954223633,-0.009111881817190803,0.0,49.935001373291016,0.0011547106276723852,49.99266185006959,0.001302240162618131,50.000028737599706,0.0012653925789197426,49.99818875345712
walk_forward,2,2019-06-28,2019-07-01,49.47999954223633,50.38750076293945,0.018340768575158872,0.0,49.47999954223633,-0.0005505743442147824,49.452757123936614,0.001302240162618131,49.54443438488656,0.0011443128442026052,49.536620141243645
walk_forward,2,2019-07-01,2019-07-02,50.38750076293945,50.682498931884766,0.005854590215403022,0.0,50.38750076293945,0.001427070565240642,50.45940728213428,0.001302240162618131,50.453117390126906,0.0016990271012858867,50.47311049230174
walk_forward,2,2019-07-02,2019-07-03,50.682498931884766,51.102500915527344,0.008286923346203734,0.0,50.682498931884766,0.0006270115171791695,50.71427744243448,0.001302240162618131,50.748499717535715,0.0018124016846063655,50.77435597832898
walk_forward,2,2019-07-03,2019-07-05,51.102500915527344,51.057498931884766,-0.0008806219428862949,0.0,51.102500915527344,0.0005651560649549436,51.13138180385412,0.001302240162618131,51.169048644629775,0.0019520767400904304,51.202256918924995
walk_forward,2,2019-07-05,2019-07-08,51.057498931884766,50.005001068115234,-0.02061397220364547,0.0,51.057498931884766,0.001962509837115136,51.15769977579709,0.001302240162618131,51.1239880575967,0.0017096589038799747,51.14478983954351
walk_forward,2,2019-07-08,2019-07-09,50.005001068115234,50.310001373291016,0.00609939603361509,0.0,50.005001068115234,0.0011874086964283456,50.06437744124842,0.001302240162618131,50.0701195888379,0.0009424584338589082,50.052128703107
walk_forward,2,2019-07-09,2019-07-10,50.310001373291016,50.807498931884766,0.009888641324066194,0.0,50.310001373291016,0.0014679942573755421,50.38385616639557,0.001302240162618131,50.37551707766069,0.0012336085131021506,50.37206421927929
walk_forward,2,2019-07-10,2019-07-11,50.807498931884766,50.4375,-0.007282368541321138,0.0,50.807498931884766,0.00033585186931295915,50.82456272537616,0.001302240162618131,50.87366249755605,0.001361349238097111,50.8766656818453
walk_forward,2,2019-07-11,2019-07-12,50.4375,50.82500076293945,0.007682790838948295,0.0,50.4375,-0.00026253271083449933,50.42425850639728,0.001302240162618131,50.50318173820205,0.0008841323099081063,50.48209342338099
walk_forward,2,2019-07-12,2019-07-15,50.82500076293945,51.3025016784668,0.009395000656360564,0.0,50.82500076293945,0.0013054157588004822,50.89134851987644,0.001302240162618131,50.891187120198055,0.0013334132359260308,50.892771491672704
walk_forward,2,2019-07-15,2019-07-16,51.3025016784668,51.125,-0.0034599029805461035,0.0,51.3025016784668,0.0007934157699133618,51.3432058923345,0.001302240162618131,51.36930985659528,0.0017651029960058966,51.39305587788206
walk_forward,2,2019-07-16,2019-07-17,51.125,50.837501525878906,-0.0056234420365983695,0.0,51.125,0.0001595139373597532,51.13315515004752,0.001302240162618131,51.19157702831385,0.0014773602317551845,51.20053004184849
walk_forward,2,2019-07-17,2019-07-18,50.837501525878906,51.415000915527344,0.011359712265844868,0.0,50.837501525878906,0.0008749556037957742,50.88198208272195,0.001302240162618131,50.90370416213307,0.001209394436635396,50.89898411739674
walk_forward,2,2019-07-18,2019-07-19,51.415000915527344,50.647499084472656,-0.01492758567320962,0.0,51.415000915527344,0.002579609691249105,51.547631550164624,0.001302240162618131,51.48195559468059,0.0016111042868174159,51.49783584390907
walk_forward,2,2019-07-19,2019-07-22,50.647499084472656,51.80500030517578,0.022854064694736165,0.0,50.647499084472656,0.0004990578232295132,50.67277511511777,0.001302240162618131,50.71345429191662,0.0011067776585571556,50.703554604921145
walk_forward,2,2019-07-22,2019-07-23,51.80500030517578,52.209999084472656,0.00781775459726064,0.0,51.80500030517578,0.0014606626905268386,51.88066993630429,0.001302240162618131,51.872462857197625,0.0018553422757211916,51.90111631233572
walk_forward,2,2019-07-23,2019-07-24,52.209999084472656,52.16749954223633,-0.0008140115491587219,0.0,52.209999084472656,0.0025650120544824955,52.343918361488846,0.001302240162618131,52.27798904217072,0.0018853390743444186,52.30843263581811
walk_forward,2,2019-07-24,2019-07-25,52.16749954223633,51.755001068115234,-0.007907192749139202,0.0,52.16749954223633,0.0012236163408803936,52.231332547139075,0.001302240162618131,52.235434155323595,0.0016811644759395384,52.25520168926533
walk_forward,2,2019-07-25,2019-07-26,51.755001068115234,51.935001373291016,0.0034779306629495466,0.0,51.755001068115234,0.0022624716249706805,51.87209528948217,0.001302240162618131,51.82239850912248,0.0012883854416809633,51.82168145802558
walk_forward,2,2019-07-26,2019-07-29,51.935001373291016,52.41999816894531,0.009338534376235108,0.0,51.935001373291016,0.0014147768997513316,52.0084778135225,0.001302240162618131,52.002633217924945,0.0013981788536971895,52.007615793977884
walk_forward,2,2019-07-29,2019-07-30,52.41999816894531,52.19499969482422,-0.004292225905768721,0.0,52.41999816894531,0.0020020891182302267,52.524947676857,0.001302240162618131,52.488261595885284,0.001767278238607776,52.51263889097715
walk_forward,2,2019-07-30,2019-07-31,52.19499969482422,53.2599983215332,0.020404227089488636,0.0,52.19499969482422,0.00034165961294646075,52.21283261821769,0.001302240162618131,52.26297011971466,0.0012859263641375905,52.26211862100795
walk_forward,2,2019-07-31,2019-08-01,53.2599983215332,52.10749816894531,-0.02163913234901349,0.0,53.2599983215332,0.002571911640017614,53.39697833116367,0.001302240162618131,53.32935563040848,0.0016760236578057044,53.34926333873479
walk_forward,2,2019-08-01,2019-08-02,52.10749816894531,51.005001068115234,-0.021158127708521213,0.0,52.10749816894531,0.0011911651181126975,52.16956680315628,0.001302240162618131,52.17535464583447,0.0012033919009858955,52.17020391022246
walk_forward,2,2019-08-02,2019-08-05,51.005001068115234,48.334999084472656,-0.0523478468332329,0.0,51.005001068115234,-0.0008934192941307674,50.95943221606382,0.001302240162618131,51.07142182900051,0.0011550117273139205,51.06391244250057
walk_forward,2,2019-08-05,2019-08-06,48.334999084472656,49.25,0.018930401010833542,0.0,48.334999084472656,0.0004765596090446074,48.358033592739524,0.001302240162618131,48.39794286154057,0.002029080978080945,48.43307471169052
walk_forward,2,2019-08-06,2019-08-07,49.25,49.7599983215332,0.010355295868694547,0.0,49.25,-0.0013038012237458576,49.18578778973052,0.001302240162618131,49.314135328008945,0.0006732769355261085,49.28315888907466
walk_forward,2,2019-08-07,2019-08-08,49.7599983215332,50.85749816894531,0.02205586584469743,0.0,49.7599983215332,-0.00210645955673943,49.655180897525476,0.001302240162618131,49.824797789839316,-0.00012428785042105557,49.753813758304865
walk_forward,2,2019-08-08,2019-08-09,50.85749816894531,50.247501373291016,-0.011994235218333538,0.0,50.85749816894531,-0.004023912790809998,50.652852031554694,-0.004274433276449659,50.640111186415,-0.004053583829005833,50.651343036783985
walk_forward,2,2019-08-09,2019-08-12,50.247501373291016,50.119998931884766,-0.0025374881918810432,0.0,50.247501373291016,4.787120746350005e-05,50.249906781853774,0.001302240162618131,50.31293568765052,0.0009098519574899579,50.293219160774484
walk_forward,2,2019-08-12,2019-08-13,50.119998931884766,52.24250030517578,0.04234839222912967,0.0,50.119998931884766,-0.001555692199638007,50.042027640500564,0.001302240162618131,50.18526720744425,0.0017380737304562607,50.207111185398766
walk_forward,2,2019-08-13,2019-08-14,52.24250030517578,50.6875,-0.02976504371138844,0.0,52.24250030517578,0.0009631719258820781,52.29281881480761,0.001302240162618131,52.310532587268774,0.0014413042376651658,52.317797642251854
walk_forward,2,2019-08-14,2019-08-15,50.6875,50.435001373291016,-0.004981477222372077,0.0,50.6875,-0.0007599172294068775,50.64898169543444,0.001302240162618131,50.75350729824271,0.0012855405932616114,50.75266083882095
walk_forward,2,2019-08-15,2019-08-16,50.435001373291016,51.625,0.023594698013415183,0.0,50.435001373291016,0.0009221722889644567,50.48151113395135,0.001302240162618131,50.500679857681014,0.0009403767141548086,50.48242927416082
walk_forward,2,2019-08-16,2019-08-19,51.625,52.587501525878906,0.01864409735358663,0.0,51.625,0.0025815890082992615,51.75827453255344,0.001302240162618131,51.69222814839516,0.0012472979422836546,51.689391756270396
walk_forward,2,2019-08-19,2019-08-20,52.587501525878906,52.59000015258789,4.75136988160596e-05,0.0,52.587501525878906,-0.0028802374095288487,52.43603703671042,0.001302240162618131,52.65598308241765,0.0012041871091520808,52.650826717318886
walk_forward,2,2019-08-20,2019-08-21,52.59000015258789,53.15999984741211,0.010838556629975127,0.0,52.59000015258789,-0.0014400457663606933,52.514268145515246,0.001302240162618131,52.65848496293869,0.0016698034550706746,52.67781511654485
walk_forward,2,2019-08-21,2019-08-22,53.15999984741211,53.1150016784668,-0.0008464666868787107,0.0,53.15999984741211,-9.639710475479232e-05,53.15487537733805,0.001302240162618131,53.229226934258186,0.001591212355980303,53.24458869601322
walk_forward,2,2019-08-22,2019-08-23,53.1150016784668,50.65999984741211,-0.046220498041515845,0.0,53.1150016784668,0.0009959990117523873,53.16790416764777,0.001302240162618131,53.18417016689003,0.0013825554323598074,53.188436112577165
walk_forward,2,2019-08-23,2019-08-26,50.65999984741211,51.622501373291016,0.018999240599643974,0.0,50.65999984741211,-0.0015858535515590098,50.57966050673211,0.001302240162618131,50.72597133385164,0.0023755872821253853,50.78034709876209
walk_forward,2,2019-08-26,2019-08-27,51.622501373291016,51.040000915527344,-0.0112838479784525,0.0,51.622501373291016,0.00021155684761819265,51.633422466947714,0.001302240162618131,51.68972626787413,0.0012552583051587804,51.68730094687291
walk_forward,2,2019-08-27,2019-08-28,51.040000915527344,51.38249969482422,0.006710399160527514,0.0,51.040000915527344,0.001199420612543558,51.101219344689675,0.001302240162618131,51.10646725461961,0.0012246591886744841,51.10250752163849
walk_forward,2,2019-08-28,2019-08-29,51.38249969482422,52.252498626708984,0.01693181408168054,0.0,51.38249969482422,-0.002154277654654307,51.27180752389138,-0.004274433276449659,51.1628686283015,-0.003409262669909965,51.207323256727996
walk_forward,2,2019-08-29,2019-08-30,52.252498626708984,52.185001373291016,-0.001291751690195131,0.0,52.252498626708984,0.0015337177927632218,52.3326392135691,0.001302240162618131,52.32054392901784,0.0013869293116085667,52.32496914865916
walk_forward,2,2019-08-30,2019-09-03,52.185001373291016,51.42499923706055,-0.014563612460101405,0.0,52.185001373291016,-0.0008226907563894498,52.14206925503904,0.001302240162618131,52.252958777965596,0.0013518107730807081,52.25554562034066
walk_forward,2,2019-09-03,2019-09-04,51.42499923706055,52.29750061035156,0.016966482960338647,0.0,51.42499923706055,0.0009441856255082513,51.47355398213196,0.001302240162618131,51.491966936429655,0.0013538598263633623,51.49462147759837
walk_forward,2,2019-09-04,2019-09-05,52.29750061035156,53.31999969482422,0.019551586070831517,0.0,52.29750061035156,0.0012350906922866834,52.36209276658526,0.001302240162618131,52.36560451605091,0.0015708585215325028,52.37965258484019
walk_forward,2,2019-09-05,2019-09-06,53.31999969482422,53.314998626708984,-9.379347606630617e-05,0.0,53.31999969482422,0.002563593518389901,53.45669050044242,0.001302240162618131,53.38943513989761,0.0016934427863888916,53.410294063677675
walk_forward,2,2019-09-06,2019-09-09,53.314998626708984,53.54249954223633,0.004267109094763688,0.0,53.314998626708984,0.0013782206609998775,53.38847845935749,0.001302240162618131,53.38442755919062,0.0016149713860583368,53.401100823938854
walk_forward,2,2019-09-09,2019-09-10,53.54249954223633,54.17499923706055,0.011813040112654383,0.0,53.54249954223633,0.001200137567424975,53.606757907390794,0.001302240162618131,53.612224735547194,0.0017738261781435874,53.637474629567585
walk_forward,2,2019-09-10,2019-09-11,54.17499923706055,55.897499084472656,0.031795106076047075,0.0,54.17499923706055,0.001657798393343653,54.26481046375514,0.001302240162618131,54.24554809687685,0.0017730201139167492,54.27105260037928
walk_forward,2,2019-09-11,2019-09-12,55.897499084472656,55.772499084472656,-0.0022362360042459395,0.0,55.897499084472656,0.0011315730656170256,55.960751188871996,0.001302240162618131,55.97029105277037,0.0019495251088367522,56.00647266245902
walk_forward,2,2019-09-12,2019-09-13,55.772499084472656,54.6875,-0.019454015908975553,0.0,55.772499084472656,0.0002996380453787616,55.78921064708422,0.001302240162618131,55.84512827275004,0.0017186730634810054,55.868353776332164
walk_forward,2,2019-09-13,2019-09-16,54.6875,54.974998474121094,0.005257114955357078,0.0,54.6875,0.001068707093491588,54.74594491917532,0.001302240162618131,54.75871625889318,0.0013889437729103214,54.76345786258103
walk_forward,2,2019-09-16,2019-09-17,54.974998474121094,55.17499923706055,0.0036380312594934683,0.0,54.974998474121094,0.002616466712142449,55.11883872762871,0.001302240162618131,55.046589125073965,0.001483412399328197,55.05654906851065
walk_forward,2,2019-09-17,2019-09-18,55.17499923706055,55.692501068115234,0.009379281163760966,0.0,55.17499923706055,-0.00020758510923970684,55.16354572881662,0.001302240162618131,55.246850337039476,0.0016523307843867958,55.266166586828454
walk_forward,2,2019-09-18,2019-09-19,55.692501068115234,55.2400016784668,-0.008124960829017258,0.0,55.692501068115234,-0.0009997771854745796,55.63682097614531,0.001302240162618131,55.76502607976279,0.001761118498049064,55.79058216194891
walk_forward,2,2019-09-19,2019-09-20,55.2400016784668,54.432498931884766,-0.01461807968946538,0.0,55.2400016784668,0.0007595590125956857,55.28195971959748,0.001302240162618131,55.31193742723559,0.0013030059791690602,55.31197973094314
walk_forward,2,2019-09-20,2019-09-23,54.432498931884766,54.68000030517578,0.0045469412234910855,0.0,54.432498931884766,0.0006985679013305178,54.470523728427786,0.001302240162618131,54.503383118145535,0.0008140196176460967,54.476808053852814
walk_forward,2,2019-09-23,2019-09-24,54.68000030517578,54.41999816894531,-0.004754976861363613,0.0,54.68000030517578,0.0004824547761579311,54.70638093248333,0.001302240162618131,54.751206797665155,0.0012274142569259558,54.74711531711907
walk_forward,2,2019-09-24,2019-09-25,54.41999816894531,55.25749969482422,0.015389591217531917,0.0,54.41999816894531,-0.00029143181810047537,54.40413844993792,0.001302240162618131,54.49086607621052,0.0012634819922155878,54.48875685664817
walk_forward,2,2019-09-25,2019-09-26,55.25749969482422,54.97249984741211,-0.005157668171489882,0.0,55.25749969482422,0.0010301024901427987,55.31442058285893,0.001302240162618131,55.32945823021268,0.0012780096220713136,55.3281193111258
walk_forward,2,2019-09-26,2019-09-27,54.97249984741211,54.70500183105469,-0.004866033327571406,0.0,54.97249984741211,0.0013009908406770613,55.044018566202716,0.001302240162618131,55.04408724455293,0.0012030857591868332,55.03863647912544
walk_forward,2,2019-09-27,2019-09-30,54.70500183105469,55.99250030517578,0.02353529715796876,0.0,54.70500183105469,-0.0003697351693769085,54.68477546793692,0.001302240162618131,54.77624088153519,0.0012015658718516197,54.77073349427446
walk_forward,2,2019-09-30,2019-10-01,55.99250030517578,56.147499084472656,0.002768206071386059,0.0,55.99250030517578,0.0016241750221598428,56.08344192559973,0.001302240162618131,56.06541598787859,0.0016905256418914764,56.0871570626953
walk_forward,2,2019-10-01,2019-10-02,56.147499084472656,54.7400016784668,-0.025067855718530097,0.0,56.147499084472656,0.0004556882855960829,56.17308484207097,0.001302240162618131,56.22061661281102,0.001779214324978318,56.24739751915546
walk_forward,2,2019-10-02,2019-10-03,54.7400016784668,55.20500183105469,0.008494704755751092,0.0,54.7400016784668,1.2374933825345718e-05,54.74067908236517,0.001302240162618131,54.81128630715428,0.0011300901689231498,54.801862816210466
walk_forward,2,2019-10-03,2019-10-04,55.20500183105469,56.752498626708984,0.028031822195933254,0.0,55.20500183105469,0.0016302739546884685,55.29500110770839,0.001302240162618131,55.276892001616496,0.0011987370666988039,55.27117811301675
walk_forward,2,2019-10-04,2019-10-07,56.752498626708984,56.76499938964844,0.0002202680629390663,0.0,56.752498626708984,0.0021821039884358487,56.87633848031602,0.001302240162618131,56.826404009749616,0.001975582624216052,56.86461787687676
walk_forward,2,2019-10-07,2019-10-08,56.76499938964844,56.099998474121094,-0.011714981461773966,0.0,56.76499938964844,-1.2879070838012902e-08,56.76499865856799,0.001302240162618131,56.83892105168463,0.0017901048464084746,56.866614690162216
walk_forward,2,2019-10-08,2019-10-09,56.099998474121094,56.75749969482422,0.011720164680689482,0.0,56.099998474121094,0.0004853178882146432,56.1272248069094,0.001302240162618131,56.17305414525691,0.0011839608279623694,56.16641867476321
walk_forward,2,2019-10-09,2019-10-10,56.75749969482422,57.522499084472656,0.013478384244579367,0.0,56.75749969482422,0.0031847050857721137,56.93825559275803,0.001302240162618131,56.831411590456604,0.001454410640303009,56.84004840629736
walk_forward,2,2019-10-10,2019-10-11,57.522499084472656,59.0525016784668,0.026598333145215314,0.0,57.522499084472656,0.0018638248041664978,57.62971094506394,0.001302240162618131,57.59740719303462,0.0019518402210969381,57.63477381180374
walk_forward,2,2019-10-11,2019-10-14,59.0525016784668,58.967498779296875,-0.0014394462004801989,0.0,59.0525016784668,0.0011073617866340251,59.11789416223067,0.001302240162618131,59.12940221785557,0.0019405062994705784,59.16709342997336
walk_forward,2,2019-10-14,2019-10-15,58.967498779296875,58.83000183105469,-0.002331741231840434,0.0,58.967498779296875,0.00230927286875154,59.10367082436604,0.001302240162618131,59.04428862449641,0.001520403215926821,59.05715315407608
walk_forward,2,2019-10-15,2019-10-16,58.83000183105469,58.592498779296875,-0.004037107672372087,0.0,58.83000183105469,0.0021367968000943495,58.95570959071682,0.001302240162618131,58.906612622205984,0.0016898635809835963,58.92941650861819
walk_forward,2,2019-10-16,2019-10-17,58.592498779296875,58.81999969482422,0.003882765204882066,0.0,58.592498779296875,0.0015357072807384723,58.6824797062689,0.001302240162618131,58.66880028443543,0.0018322831955566961,58.699856830195856
walk_forward,2,2019-10-17,2019-10-18,58.81999969482422,59.102500915527344,0.004802808945406856,0.0,58.81999969482422,0.00020107346184334391,58.83182683578848,0.001302240162618131,58.89659746079201,0.0017682952291399768,58.92401081966259
walk_forward,2,2019-10-18,2019-10-21,59.102500915527344,60.127498626708984,0.017342713003746235,0.0,59.102500915527344,0.0005641751038219559,59.135845075117494,0.001302240162618131,59.17946656593072,0.0017607705801138888,59.20656686035056
walk_forward,2,2019-10-21,2019-10-22,60.127498626708984,59.9900016784668,-0.002286756498816156,0.0,60.127498626708984,0.000416148136775249,60.15252057323145,0.001302240162618131,60.205799070298454,0.001743508331021014,60.23233142148811
walk_forward,2,2019-10-22,2019-10-23,59.9900016784668,60.79499816894531,0.013418844273302755,0.0,59.9900016784668,-0.000586142769520103,59.954838972739466,0.001302240162618131,60.06812306800803,0.0015600704851908994,60.08359030949192
walk_forward,2,2019-10-23,2019-10-24,60.79499816894531,60.89500045776367,0.0016449098088704428,0.0,60.79499816894531,-0.0004938852361465345,60.76497241691811,0.001302240162618131,60.87416785724721,0.0019731669044542703,60.914956847288636
walk_forward,2,2019-10-24,2019-10-25,60.89500045776367,61.64500045776367,0.012316282032384551,0.0,60.89500045776367,0.0004891636606254622,60.92478807910138,0.001302240162618131,60.97430037306242,0.0019215538387293248,61.012013479652715
walk_forward,2,2019-10-25,2019-10-28,61.64500045776367,62.26250076293945,0.010017037887749991,0.0,61.64500045776367,0.0003497289819447938,61.66655950101575,0.001302240162618131,61.725277053184385,0.0019611192848280334,61.76589365697463
walk_forward,2,2019-10-28,2019-10-29,62.26250076293945,60.8224983215332,-0.023127924894776886,0.0,62.26250076293945,0.0010662228476005743,62.32888646380165,0.001302240162618131,62.34358149205799,0.001905785174052128,62.38115971379287
walk_forward,2,2019-10-29,2019-10-30,60.8224983215332,60.814998626708984,-0.000123304616403197,0.0,60.8224983215332,0.0006951037130157652,60.8647762659514,0.001302240162618131,60.90170382163828,0.0014914132014028885,60.91320979847224
walk_forward,2,2019-10-30,2019-10-31,60.814998626708984,62.189998626708984,0.022609554074644267,0.0,60.814998626708984,0.001291209364527037,60.89352352243949,0.001302240162618131,60.89419436041025,0.001269052948417057,60.892176080024186
walk_forward,2,2019-10-31,2019-11-01,62.189998626708984,63.95500183105469,0.028380820764123404,0.0,62.189998626708984,0.0007165542739672715,62.234561136022975,0.001302240162618131,62.27098494063385,0.0020340362475138505,62.31649533814854
walk_forward,2,2019-11-01,2019-11-04,63.95500183105469,64.375,0.006567088686117106,0.0,63.95500183105469,-0.0005136312784437057,63.92215254170133,0.001302240162618131,64.03828660303941,0.0020188989036800825,64.08412051413626
walk_forward,2,2019-11-04,2019-11-05,64.375,64.28250122070312,-0.0014368742415048485,0.0,64.375,0.0005230627638384967,64.4086721654221,0.001302240162618131,64.45883171046854,0.001987772242113535,64.50296283808606
walk_forward,2,2019-11-05,2019-11-06,64.28250122070312,64.30999755859375,0.0004277421906191403,0.0,64.28250122070312,0.00039007237670360883,64.30757604873475,0.001302240162618131,64.36621247554628,0.0019093502916565663,64.40523903315729
walk_forward,2,2019-11-06,2019-11-07,64.30999755859375,64.85749816894531,0.008513460288234853,0.0,64.30999755859375,0.0014073957548091718,64.4005071761495,0.001302240162618131,64.39374462027243,0.001961661063207396,64.4361519767794
walk_forward,2,2019-11-07,2019-11-08,64.85749816894531,65.03500366210938,0.0027368538438174994,0.0,64.85749816894531,0.00010114360365553196,64.8640580900342,0.001302240162618131,64.94195820790785,0.0019485607462183536,64.98387694397525
walk_forward,2,2019-11-08,2019-11-11,65.03500366210938,65.55000305175781,0.007918803115997797,0.0,65.03500366210938,9.144045166552305e-05,65.0409504922183,0.001302240162618131,65.11969485585419,0.001810621405274289,65.15275743183207
walk_forward,2,2019-11-11,2019-11-12,65.55000305175781,65.48999786376953,-0.0009154109106738195,0.0,65.55000305175781,0.0004581678299578032,65.58003595440977,0.001302240162618131,65.63536489839156,0.0014822052049085516,65.6471616074629
walk_forward,2,2019-11-12,2019-11-13,65.48999786376953,66.11750030517578,0.009581653105434018,0.0,65.48999786376953,-0.0006914427203422685,65.4447152814914,0.001302240162618131,65.5752815692375,0.0015822186887391612,65.59361736231507
walk_forward,2,2019-11-13,2019-11-14,66.11750030517578,65.66000366210938,-0.006919448571932718,0.0,66.11750030517578,-0.0016387231824082247,66.00915202466281,0.001302240162618131,66.2036011695251,0.001979837160868471,66.24840218926371
walk_forward,2,2019-11-14,2019-11-15,65.66000366210938,66.44000244140625,0.01187935936328599,0.0,65.66000366210938,-0.0006839175499153945,65.61509763327734,0.001302240162618131,65.74550875595583,0.0017730322789824597,65.7764209680404
walk_forward,2,2019-11-15,2019-11-18,66.44000244140625,66.7750015258789,0.005042129322136768,0.0,66.44000244140625,-0.00019915709944342934,66.42677044323301,0.001302240162618131,66.52652328098989,0.0019338901446435538,66.56849010733778
walk_forward,2,2019-11-18,2019-11-19,66.7750015258789,66.57250213623047,-0.0030325628606681088,0.0,66.7750015258789,0.00025270906984968143,66.79187617440373,0.001302240162618131,66.8619586147248,0.0018469341252847634,66.89833055491299
walk_forward,2,2019-11-19,2019-11-20,66.57250213623047,65.79750061035156,-0.011641466085997254,0.0,66.57250213623047,-0.0010799091195008849,66.50060988406557,0.001302240162618131,66.65919552223825,0.0016328120869741542,66.68120252237863
walk_forward,2,2019-11-20,2019-11-21,65.79750061035156,65.50250244140625,-0.004483425148506304,0.0,65.79750061035156,0.0003763818256171986,65.82226559375233,0.001302240162618131,65.88318475824626,0.0014284630900242411,65.8914899113893
walk_forward,2,2019-11-21,2019-11-22,65.50250244140625,65.44499969482422,-0.0008778709887223846,0.0,65.50250244140625,0.00023540686635930837,65.51792218024467,0.001302240162618131,65.58780243083744,0.001241392512647225,65.58381675749668
walk_forward,2,2019-11-22,2019-11-25,65.44499969482422,66.59249877929688,0.0175337931060211,0.0,65.44499969482422,-0.0002775779378382322,65.4268336067671,0.001302240162618131,65.53022480186935,0.0011780458833440639,65.52209690730017
walk_forward,2,2019-11-25,2019-11-26,66.59249877929688,66.07250213623047,-0.007808636897524979,0.0,66.59249877929688,-0.0005623280183125758,66.55505195142383,0.001302240162618131,66.67921820573638,0.0015758447815954005,66.69743822099163
walk_forward,2,2019-11-26,2019-11-27,66.07250213623047,66.95999908447266,0.013432167990434563,0.0,66.07250213623047,-0.0005798399017399505,66.03419066308409,0.001302240162618131,66.15854440215695,0.0012191283377671915,66.15305299593193
walk_forward,2,2019-11-27,2019-11-29,66.95999908447266,66.8125,-0.002202794003724251,0.0,66.95999908447266,0.0003177124263904368,66.98127310825289,0.001302240162618131,67.04719708456933,0.0017871908772407244,67.07966938397647
walk_forward,3,2019-11-29,2019-12-02,66.8125,66.04000091552734,-0.01156219396778535,0.0,66.8125,0.0015212969214407931,66.91414165056376,0.0012709475687266286,66.89741518443556,0.001427183427201987,66.90785369272993
walk_forward,3,2019-12-02,2019-12-03,66.04000091552734,64.86250305175781,-0.017830070373192175,0.0,66.04000091552734,0.00028066215267047846,66.05853584434666,0.0012709475687266286,66.12393429412964,0.0011521697083864803,66.11609020412403
walk_forward,3,2019-12-03,2019-12-04,64.86250305175781,65.43499755859375,0.008826278356527606,0.0,64.86250305175781,0.00011614459286988046,64.87003648076728,0.0012709475687266286,64.94493989231297,0.0012063875714607424,64.94075236929329
walk_forward,3,2019-12-04,2019-12-05,65.43499755859375,66.3949966430664,0.014671034160473884,0.0,65.43499755859375,-0.0001732529103974144,65.42366075482488,0.0012709475687266286,65.51816200965048,0.0012153811019294095,65.51452601803126
walk_forward,3,2019-12-05,2019-12-06,66.3949966430664,67.67749786376953,0.01931623293239615,0.0,66.3949966430664,6.816947668964791e-05,66.39952275524239,0.0012709475687266286,66.47938120262553,0.0007632642743073767,66.44567357199682
walk_forward,3,2019-12-06,2019-12-09,67.67749786376953,66.7300033569336,-0.014000140914535386,0.0,67.67749786376953,0.0014987297998996102,67.7789281466006,0.0012709475687266286,67.763512415137,0.0013758370167412653,67.77061107053093
walk_forward,3,2019-12-09,2019-12-10,66.7300033569336,67.12000274658203,0.005844438334018376,0.0,66.7300033569336,0.0007092475837279409,66.77733145057667,0.0012709475687266286,66.81481369246121,0.0011899289281321014,66.80940731830236
walk_forward,3,2019-12-10,2019-12-11,67.12000274658203,67.69249725341797,0.00852941721408218,0.0,67.12000274658203,0.0021896923502884445,67.26697490314756,0.0012709475687266286,67.20530875088573,0.0013663218080417654,67.2117102700905
walk_forward,3,2019-12-11,2019-12-12,67.69249725341797,67.86499786376953,0.002548297335017491,0.0,67.69249725341797,0.0029095449970316213,67.88945162013822,0.0012709475687266286,67.77853086822324,0.001598880648257574,67.80072947730869
walk_forward,3,2019-12-12,2019-12-13,67.86499786376953,68.7874984741211,0.013593172318421942,0.0,67.86499786376953,0.0017868581593575058,67.98626298893718,0.0012709475687266286,67.95125071780613,0.0012890944076437438,67.95248225299048
walk_forward,3,2019-12-13,2019-12-16,68.7874984741211,69.96499633789062,0.01711790499566601,0.0,68.7874984741211,0.0037324304505247,69.04424302804132,0.0012709475687266286,68.87492377806556,0.0017048248503209577,68.90476911091119
walk_forward,3,2019-12-16,2019-12-17,69.96499633789062,70.10250091552734,0.001965333878853448,0.0,69.96499633789062,0.002750200342422561,70.15741409477668,0.0012709475687266286,70.05391817988225,0.0016538724521298514,70.08070951794723
walk_forward,3,2019-12-17,2019-12-18,70.10250091552734,69.93499755859375,-0.0023894062942980687,0.0,70.10250091552734,0.0008164992985782674,70.15973955835345,0.0012709475687266286,70.19159751862759,0.001501972494790937,70.20779294371852
walk_forward,3,2019-12-18,2019-12-19,69.93499755859375,70.00499725341797,0.0010009251057108148,0.0,69.93499755859375,0.0012558793764197963,70.02282747971755,0.0012709475687266286,70.02388127370975,0.0017936646992389356,70.06043749495596
walk_forward,3,2019-12-19,2019-12-20,70.00499725341797,69.86000061035156,-0.0020712327513066064,0.0,70.00499725341797,0.002047972283485933,70.14836554749847,0.0012709475687266286,70.09396993447592,0.0016808076779472759,70.1226621902962
walk_forward,3,2019-12-20,2019-12-23,69.86000061035156,71.0,0.01631834210833838,0.0,69.86000061035156,0.0015627746158596728,69.96917604596936,0.0012709475687266286,69.94878900827854,0.0017011149866026957,69.9788405043539
walk_forward,3,2019-12-23,2019-12-24,71.0,71.06749725341797,0.000950665541098239,0.0,71.0,0.00039552622544593795,71.02808236200667,0.0012709475687266286,71.0902372773796,0.0016343457473993904,71.11603854806535
walk_forward,3,2019-12-24,2019-12-26,71.06749725341797,72.47750091552734,0.01984034497629028,0.0,71.06749725341797,0.0003182995199459075,71.09011800367749,0.0012709475687266286,71.15782031626769,0.0016703724560593984,71.18620644335115
walk_forward,3,2019-12-26,2019-12-27,72.47750091552734,72.44999694824219,-0.00037948283174404907,0.0,72.47750091552734,0.0006101389252219944,72.52172226003871,0.0012709475687266286,72.56961601910332,0.0015665981053741556,72.59104403114385
walk_forward,3,2019-12-27,2019-12-30,72.44999694824219,72.87999725341797,0.005935132136485333,0.0,72.44999694824219,0.0010532570948539176,72.52630542155006,0.0012709475687266286,72.54207709571781,0.0017403593382093903,72.57608597698432
walk_forward,3,2019-12-30,2019-12-31,72.87999725341797,73.4124984741211,0.007306548309154115,0.0,72.87999725341797,0.00033753641145266365,72.90459690615756,0.0012709475687266286,72.97262390873601,0.0017748498551292272,73.00934830598503
walk_forward,3,2019-12-31,2020-01-02,73.4124984741211,75.0875015258789,0.022816319926071804,0.0,73.4124984741211,0.0018896692207473855,73.5512238129058,0.0012709475687266286,73.50580191057092,0.0017966912832797092,73.54439807021333
walk_forward,3,2020-01-02,2020-01-03,75.0875015258789,74.35749816894531,-0.00972203551987938,0.0,75.0875015258789,0.00057685964438204,75.13081647530666,0.0012709475687266286,75.18293380338498,0.0017587408535336218,75.21956098240223
walk_forward,3,2020-01-03,2020-01-06,74.35749816894531,74.94999694824219,0.007968245219206693,0.0,74.35749816894531,0.0007021794164511063,74.40971047361833,0.0012709475687266286,74.45200265045973,0.0015066762798939164,74.46953084766871
walk_forward,3,2020-01-06,2020-01-07,74.94999694824219,74.59750366210938,-0.0047030460371630944,0.0,74.94999694824219,0.0007055959492727663,75.00288136248687,0.0012709475687266286,75.04525446463963,0.0017630967673966814,75.08214104557803
walk_forward,3,2020-01-07,2020-01-08,74.59750366210938,75.79750061035156,0.016086288271489613,0.0,74.59750366210938,0.0016661497574264235,74.72179427474062,0.0012709475687266286,74.69231317802182,0.0014008194171657932,74.70200129371135
walk_forward,3,2020-01-08,2020-01-09,75.79750061035156,77.40750122070312,0.021240813976545425,0.0,75.79750061035156,0.00011637209669143633,75.80632132442156,0.0012709475687266286,75.89383525946785,0.0018016799464538173,75.93406344719254
walk_forward,3,2020-01-09,2020-01-10,77.40750122070312,77.5824966430664,0.0022607036734636488,0.0,77.40750122070312,0.0006931343793419493,77.46115502101814,0.0012709475687266286,77.50588209618078,0.0017050459814818705,77.53948456959603
walk_forward,3,2020-01-10,2020-01-13,77.5824966430664,79.23999786376953,0.02136437073337283,0.0,77.5824966430664,-0.0003344162709795265,77.55655179384576,0.0012709475687266286,77.68109992855067,0.0016819778504809698,77.71298868400507
walk_forward,3,2020-01-13,2020-01-14,79.23999786376953,78.16999816894531,-0.013503277683875936,0.0,79.23999786376953,0.0008049074981532867,79.30377873220374,0.0012709475687266286,79.3407077464004,0.0014744561302032786,79.35683376437707
walk_forward,3,2020-01-14,2020-01-15,78.16999816894531,77.83499908447266,-0.004285519922216707,0.0,78.16999816894531,0.0006240323115004923,78.21877877359267,0.0012709475687266286,78.26934813806551,0.0017147074537092446,78.30403684746203
walk_forward,3,2020-01-15,2020-01-16,77.83499908447266,78.80999755859375,0.012526478905240834,0.0,77.83499908447266,0.0009923794243958566,77.91224093606195,0.0012709475687266286,77.93392328732091,0.0018483251365401469,77.97886346978306
walk_forward,3,2020-01-16,2020-01-17,78.80999755859375,79.68250274658203,0.011070996257037002,0.0,78.80999755859375,0.0024743901895517666,79.00500424339134,0.0012709475687266286,78.9101609333822,0.0017801647259280678,78.95029233629803
walk_forward,3,2020-01-17,2020-01-21,79.68250274658203,79.14250183105469,-0.006776907061324833,0.0,79.68250274658203,-0.0001562071485993351,79.67005577003474,0.0012709475687266286,79.78377502971786,0.0016418549956563196,79.8133298617829
walk_forward,3,2020-01-21,2020-01-22,79.14250183105469,79.42500305175781,0.003569526034268966,0.0,79.14250183105469,0.00017792564037561668,79.15658331137391,0.0012709475687266286,79.24308780133981,0.0011484047838148665,79.23338945876054
walk_forward,3,2020-01-22,2020-01-23,79.42500305175781,79.80750274658203,0.004815859995308536,0.0,79.42500305175781,-1.9685918793417622e-05,79.42343949759757,0.0012709475687266286,79.52594806628255,0.0015961680010726951,79.55177870011414
walk_forward,3,2020-01-23,2020-01-24,79.80750274658203,79.57749938964844,-0.002881976618964499,0.0,79.80750274658203,0.0004891884244720135,79.84654365311168,0.0012709475687266286,79.90893389816395,0.0013209530847917257,79.91292471352466
walk_forward,3,2020-01-24,2020-01-27,79.57749938964844,77.23750305175781,-0.029405250929448234,0.0,79.57749938964844,-0.00040136381264989384,79.54555986109226,0.0012709475687266286,79.67863821902306,0.001437594610777397,79.69189957391013
walk_forward,3,2020-01-27,2020-01-28,77.23750305175781,79.42250061035156,0.02828933448469395,0.0,77.23750305175781,0.0011908154734897236,77.32947866552556,0.0012709475687266286,77.33566786847597,0.0012787594795500463,77.33627124096202
walk_forward,3,2020-01-28,2020-01-29,79.42250061035156,81.08499908447266,0.020932336067801982,0.0,79.42250061035156,0.0021869769115830454,79.59619578544658,0.0012709475687266286,79.52344244440448,0.0015307045322183446,79.54407299199595
walk_forward,3,2020-01-29,2020-01-30,81.08499908447266,80.96749877929688,-0.0014491004070108504,0.0,81.08499908447266,0.0008098031154645552,81.1506619693487,0.0012709475687266286,81.18805386691928,0.001830829445211907,81.23345188836149
walk_forward,3,2020-01-30,2020-01-31,80.96749877929688,77.37750244140625,-0.04433873334381144,0.0,80.96749877929688,-0.0010537615890890224,80.88217833911864,0.0012709475687266286,81.0704042250163,0.0012929702904776715,81.07218734971279
walk_forward,3,2020-01-31,2020-02-03,77.37750244140625,77.16500091552734,-0.0027462960056099384,0.0,77.37750244140625,0.0023135122759741023,77.55651624318865,0.0012709475687266286,77.4758451900083,0.002930509123139169,77.60425791823651
walk_forward,3,2020-02-03,2020-02-04,77.16500091552734,79.7125015258789,0.03301367951955725,0.0,77.16500091552734,0.0025540107820262985,77.36208115986067,0.0012709475687266286,77.26307358583173,0.001371761472593315,77.27085289081589
walk_forward,3,2020-02-04,2020-02-05,79.7125015258789,80.36250305175781,0.008154323518098083,0.0,79.7125015258789,0.0008396423764828859,79.7794315200955,0.0012709475687266286,79.81381193589034,0.0018948239899028482,79.8635426860653
walk_forward,3,2020-02-05,2020-02-06,80.36250305175781,81.30249786376953,0.011696932976394514,0.0,80.36250305175781,-0.0016818512193176088,80.22734527801279,-0.001359605784222046,80.25324172777408,-0.0020772411264642072,80.19557075539309
walk_forward,3,2020-02-06,2020-02-07,81.30249786376953,80.00749969482422,-0.015928147387491265,0.0,81.30249786376953,0.0023333679050924865,81.4922065028887,0.0012709475687266286,81.40582907576089,0.001300673537902626,81.40824587130632
walk_forward,3,2020-02-07,2020-02-10,80.00749969482422,80.38749694824219,0.0047495204183034545,0.0,80.00749969482422,0.0013455427754265376,80.11515320801853,0.0012709475687266286,80.10918503204125,0.000868702505890032,80.0770024102991
walk_forward,3,2020-02-10,2020-02-11,80.38749694824219,79.90249633789062,-0.006033284139495332,0.0,80.38749694824219,-0.0005020279123857303,80.34714018096734,0.0012709475687266286,80.48966524204458,0.0016281188682519892,80.51837734879518
walk_forward,3,2020-02-11,2020-02-12,79.90249633789062,81.80000305175781,0.023747777614394394,0.0,79.90249633789062,0.00011887190510839231,79.91199449985322,0.0012709475687266286,80.00404822134647,0.0015131574506595997,80.0234013955506
walk_forward,3,2020-02-12,2020-02-13,81.80000305175781,81.21749877929688,-0.007121078859769314,0.0,81.80000305175781,0.0019139830325034938,81.9565668696576,0.0012709475687266286,81.90396656675829,0.0015236584229768742,81.92463831540717
walk_forward,3,2020-02-13,2020-02-14,81.21749877929688,81.23750305175781,0.0002463049559713326,0.0,81.21749877929688,0.002255568391908734,81.40069040241335,0.0012709475687266286,81.32072196190849,0.0010188779418252073,81.30024949729332
walk_forward,3,2020-02-14,2020-02-18,81.23750305175781,79.75,-0.018310546187148335,0.0,81.23750305175781,-0.0011820411308724012,81.14147698178127,0.0012709475687266286,81.34075165875088,0.0012013280250940212,81.33509594086254
walk_forward,3,2020-02-18,2020-02-19,79.75,80.90499877929688,0.014482743314067292,0.0,79.75,-0.0004633300001859954,79.71304943248516,0.0012709475687266286,79.85135806860596,0.0012553431628778249,79.85011361723951
walk_forward,3,2020-02-19,2020-02-20,80.90499877929688,80.07499694824219,-0.010258968463974338,0.0,80.90499877929688,-1.7285820862941118e-05,80.90360026998106,0.0012709475687266286,81.00782479079326,0.0011006547664781494,80.99404725183523
walk_forward,3,2020-02-20,2020-02-21,80.07499694824219,78.26249694824219,-0.02263503052234317,0.0,80.07499694824219,-0.00018604056738468606,80.06009975037661,0.0012709475687266286,80.17676807092936,0.001114640746178308,80.16425180259081
walk_forward,3,2020-02-21,2020-02-24,78.26249694824219,74.54499816894531,-0.047500385551912494,0.0,78.26249694824219,-0.0019272893023950576,78.11166247509512,0.0012709475687266286,78.36196447846103,0.0009271416387766016,78.33505736791753
walk_forward,3,2020-02-24,2020-02-25,74.54499816894531,72.0199966430664,-0.033872179058296537,0.0,74.54499816894531,-4.891721184908135e-05,74.5413516354776,0.0012709475687266286,74.63974095312886,0.00428011455040047,74.8640593002678
walk_forward,3,2020-02-25,2020-02-26,72.0199966430664,73.1624984741211,0.015863675150069367,0.0,72.0199966430664,0.001245849360406581,72.10972270982066,0.0012709475687266286,72.11153028269962,0.0011612964251597802,72.10363320770801
walk_forward,3,2020-02-26,2020-02-27,73.1624984741211,68.37999725341797,-0.06536820530254006,0.0,73.1624984741211,-0.0014091119334705162,73.05940432443869,0.0012709475687266286,73.25548417367875,0.003916611247752714,73.44904753855852
walk_forward,3,2020-02-27,2020-02-28,68.37999725341797,68.33999633789062,-0.0005849797767482068,0.0,68.37999725341797,0.0013183412739994108,68.47014542611312,0.04712880694922112,71.60266494316257,0.0003774354654239821,68.40580628950701
walk_forward,3,2020-02-28,2020-03-02,68.33999633789062,74.70249938964844,0.09310072274952952,0.0,68.33999633789062,0.0026460673842531894,68.52082857324031,0.0012709475687266286,68.42685289008305,0.004296952243684091,68.63365003848808
walk_forward,3,2020-03-02,2020-03-03,74.70249938964844,72.33000183105469,-0.0317592795151177,0.0,74.70249938964844,-0.0017209641422263366,74.57393906686417,0.0012709475687266286,74.79744234962551,-0.006267413646438174,74.23430792555072
walk_forward,3,2020-03-03,2020-03-04,72.33000183105469,75.68499755859375,0.04638456577639127,0.0,72.33000183105469,-0.00672012739363651,71.84393500436803,-0.001359605784222046,72.2316615421924,-0.009352766252040292,71.65351623091918
walk_forward,3,2020-03-04,2020-03-05,75.68499755859375,73.2300033569336,-0.03243699915243503,0.0,75.68499755859375,-0.000842084956666108,75.62126436070434,0.0012709475687266286,75.78118922222993,-0.0014743588016327225,75.57341071629169
walk_forward,3,2020-03-05,2020-03-06,73.2300033569336,72.25749969482422,-0.013280125870939186,0.0,73.2300033569336,0.0033979302022651486,73.47883379705209,0.0012709475687266286,73.32307485165794,0.0006148482556877314,73.27502869676162
walk_forward,3,2020-03-06,2020-03-09,72.25749969482422,66.5425033569336,-0.07909208541712087,0.0,72.25749969482422,0.0003663564800825954,72.283971698072,0.0012709475687266286,72.34933518838362,0.0030022920065749335,72.47443780857307
walk_forward,3,2020-03-09,2020-03-10,66.5425033569336,71.33499908447266,0.07202157246522778,0.0,66.5425033569336,0.002940202893535723,66.73815181784676,0.0012709475687266286,66.62707538979208,0.00411130898628264,66.8160801489547
walk_forward,3,2020-03-10,2020-03-11,71.33499908447266,68.85749816894531,-0.03473051023093954,0.0,71.33499908447266,-0.006355298605708149,70.88164386425291,0.0012709475687266286,71.42566212812419,0.0024857490195296463,71.51231998850503
walk_forward,3,2020-03-11,2020-03-12,68.85749816894531,62.057498931884766,-0.09875466605505201,0.0,68.85749816894531,-0.004180414269069365,68.56964530106744,0.0012709475687266286,68.94501243883174,-0.012349198242709643,68.00716327356
walk_forward,3,2020-03-12,2020-03-13,62.057498931884766,69.49250030517578,0.11980826654731591,0.0,62.057498931884766,-0.007647324906673756,61.58292507465708,-0.001359605784222046,61.97312519738262,-0.015030869781272604,61.12472074648814
walk_forward,3,2020-03-13,2020-03-16,69.49250030517578,60.5525016784668,-0.12864695596573805,0.0,69.49250030517578,-0.007841368466710888,68.94758400460988,-0.01236450731897495,68.63325977653857,-0.0103586822454631,68.77264957607171
walk_forward,3,2020-03-16,2020-03-17,60.5525016784668,63.21500015258789,0.04397008216537346,0.0,60.5525016784668,-0.0070732649242402044,60.1241977922695,-0.05546782467379374,57.193786131806,-0.011460428425556248,59.85854406699235
walk_forward,3,2020-03-17,2020-03-18,63.21500015258789,61.66749954223633,-0.024479958975183402,0.0,63.21500015258789,-0.012837343750138222,62.40348746546408,-0.015839908553019835,62.213680330991764,-0.014603435629923084,62.291843967013996
walk_forward,3,2020-03-18,2020-03-19,61.66749954223633,61.19499969482422,-0.007662056203340817,0.0,61.66749954223633,0.005163077472887569,61.98589361993215,-0.01236450731897495,60.90501129280346,-0.005942414150903678,61.301045720305694
walk_forward,3,2020-03-19,2020-03-20,61.19499969482422,57.310001373291016,-0.06348555177559367,0.0,61.19499969482422,-0.004854900659254299,60.89790405046275,0.0046451250696778095,61.47925812204557,-0.014224080820975357,60.32455707332547
walk_forward,3,2020-03-20,2020-03-23,57.310001373291016,56.092498779296875,-0.02124415572883842,0.0,57.310001373291016,0.005362229144287723,57.61731073291404,0.015627523876722588,58.20561478812712,0.019344603994364346,58.4186406547738
walk_forward,3,2020-03-23,2020-03-24,56.092498779296875,61.720001220703125,0.10032540114763622,0.0,56.092498779296875,-0.001363445705726834,56.016019702712754,-0.01236450731897495,55.398942667600664,0.00036374893262624565,56.112902365856186
walk_forward,3,2020-03-24,2020-03-25,61.720001220703125,61.380001068115234,-0.0055087515531973,0.0,61.720001220703125,-0.002073150372311778,61.59204637719334,-0.01236450731897495,60.9568638138826,-0.007634567471312573,61.24879570705418
walk_forward,3,2020-03-25,2020-03-26,61.380001068115234,64.61000061035156,0.052622995862315225,0.0,61.380001068115234,-0.008372776342110002,60.86608004729344,-0.012083961135818392,60.638287520691634,-0.0243582920538609,59.88488907583179
walk_forward,3,2020-03-26,2020-03-27,64.61000061035156,61.935001373291016,-0.04140224751262378,0.0,64.61000061035156,-0.006210683041539169,64.20872837524702,-0.01236450731897495,63.811129784925896,0.00201813613706561,64.74039238739915
walk_forward,3,2020-03-27,2020-03-30,61.935001373291016,63.70249938964844,0.028537950709074167,0.0,61.935001373291016,0.004901661788423145,62.238585802888416,-0.01236450731897495,61.169205595510235,0.0031213530245479807,62.12832237715292
walk_forward,3,2020-03-30,2020-03-31,63.70249938964844,63.5724983215332,-0.002040753021636643,0.0,63.70249938964844,-0.005278580359510869,63.366240627518486,0.0012709475687266286,63.783461926369526,-0.001506847808867788,63.60650941802374
walk_forward,3,2020-03-31,2020-04-01,63.5724983215332,60.227500915527344,-0.05261705130869221,0.0,63.5724983215332,0.000582223682588237,63.6095117356173,0.0012709475687266286,63.65329563371284,0.0004638571194625308,63.60198687748167
walk_forward,3,2020-04-01,2020-04-02,60.227500915527344,61.23249816894531,0.016686683626928822,0.0,60.227500915527344,-0.0038457728669890837,59.99587962665985,-0.001359605784222046,60.14561525691336,-0.009840376472611979,59.63483963251397
walk_forward,3,2020-04-02,2020-04-03,61.23249816894531,60.352500915527344,-0.014371408643005013,0.0,61.23249816894531,0.0014360899932160738,61.32043354682535,0.0012709475687266286,61.3103214636202,0.0001741696044504323,61.24316300893091
walk_forward,3,2020-04-03,2020-04-06,60.352500915527344,65.61750030517578,0.08723746836966395,0.0,60.352500915527344,-0.00463178061051326,60.07296137199082,0.0012709475687266286,60.42920577983251,-0.016716956009177643,59.34359081267862
walk_forward,3,2020-04-06,2020-04-07,65.61750030517578,64.85749816894531,-0.011582308571582711,0.0,65.61750030517578,-0.006481771480728156,65.19218266306102,-0.001359605784222046,65.52828637221468,-0.008943018880981247,65.0306817610238
walk_forward,3,2020-04-07,2020-04-08,64.85749816894531,66.51750183105469,0.02559462990362782,0.0,64.85749816894531,-0.0014013614770829262,64.76660936951137,0.0012709475687266286,64.93992864855683,-0.0025412774269501916,64.6926772728801
walk_forward,3,2020-04-08,2020-04-09,66.51750183105469,66.99749755859375,0.0072160816976889475,0.0,66.51750183105469,-0.0012210838702050007,66.43627838248246,0.0012709475687266286,66.60204208828463,0.0009504210092175147,66.58072146227559
walk_forward,3,2020-04-09,2020-04-13,66.99749755859375,68.3125,0.01962763520019828,0.0,66.99749755859375,0.006692875517242867,67.4459034697202,0.0012709475687266286,67.08264786522662,0.0033427894279293114,67.22145608513033
walk_forward,3,2020-04-13,2020-04-14,68.3125,71.76249694824219,0.050503157522300945,0.0,68.3125,0.00124434297731426,68.39750417963779,0.0012709475687266286,68.39932160578864,-4.280584289589977e-05,68.30957582585717
walk_forward,3,2020-04-14,2020-04-15,71.76249694824219,71.10749816894531,-0.009127313111321755,0.0,71.76249694824219,0.004640872846811088,72.09553757174865,0.0012709475687266286,71.85370331926431,0.004928617616623151,72.11618685491416
walk_forward,3,2020-04-15,2020-04-16,71.10749816894531,71.67250061035156,0.007945750532016405,0.0,71.10749816894531,0.001533729355262196,71.21655782626628,0.0012709475687266286,71.19787207086137,0.0014946773330079652,71.21378093466534
walk_forward,3,2020-04-16,2020-04-17,71.67250061035156,70.69999694824219,-0.01356871399529369,0.0,71.67250061035156,0.002208066375809256,71.83075824901945,0.0012709475687266286,71.76359260074685,-0.00037106976814063435,71.64590511216802
walk_forward,3,2020-04-17,2020-04-20,70.69999694824219,69.23249816894531,-0.02075670215900005,0.0,70.69999694824219,0.0026473698353614832,70.88716598752312,0.0012709475687266286,70.78985293747255,0.0009929553695038795,70.77019888983585
walk_forward,3,2020-04-20,2020-04-21,69.23249816894531,67.09249877929688,-0.03091033035419699,0.0,69.23249816894531,-0.00025299645372046345,69.21498259242637,0.0012709475687266286,69.32048904417,0.0010385805620381763,69.30440169580491
walk_forward,3,2020-04-21,2020-04-22,67.09249877929688,69.0250015258789,0.028803558993071077,0.0,67.09249877929688,0.0010524671539973432,67.16311143054169,0.0012709475687266286,67.17776982750023,0.001828088365897107,67.21514979575429
walk_forward,3,2020-04-22,2020-04-23,69.0250015258789,68.75749969482422,-0.0038754339028068685,0.0,69.0250015258789,-0.0007272974270596123,68.97479981986635,0.0012709475687266286,69.11272868374958,0.0009485093927376235,69.09047238815994
walk_forward,3,2020-04-23,2020-04-24,68.75749969482422,70.74250030517578,0.028869586869241237,0.0,68.75749969482422,-0.0009339692875291849,68.69328230182195,0.0012709475687266286,68.84488687189308,5.4970408024391506e-05,68.76127932263718
walk_forward,3,2020-04-24,2020-04-27,70.74250030517578,70.7925033569336,0.0007068318414262809,0.0,70.74250030517578,-0.001705179311362985,70.6218716572213,0.0012709475687266286,70.8324103139443,0.0011789437322154903,70.82590173251181
walk_forward,3,2020-04-27,2020-04-28,70.7925033569336,69.6449966430664,-0.016209438280229915,0.0,70.7925033569336,0.0016378601585854342,70.90845157770843,0.0012709475687266286,70.88247691695916,0.0016235347462017773,70.90743744590418
walk_forward,3,2020-04-28,2020-04-29,69.6449966430664,71.93250274658203,0.0328452324470514,0.0,69.6449966430664,0.0022466874903683863,69.80146718579113,0.0012709475687266286,69.73351178222389,0.0011638939477855797,69.72605603315282
walk_forward,3,2020-04-29,2020-04-30,71.93250274658203,73.44999694824219,0.021096085131450115,0.0,71.93250274658203,0.0036212687134293863,72.1929896682569,0.0012709475687266286,72.02392518606023,0.0018153915028809276,72.06308840084914
walk_forward,3,2020-04-30,2020-05-01,73.44999694824219,72.26750183105469,-0.01609932152918625,0.0,73.44999694824219,0.0009413187809651201,73.5191368098314,0.0012709475687266286,73.54334804328654,0.0016265362306884463,73.56946602942246
walk_forward,3,2020-05-01,2020-05-04,72.26750183105469,73.29000091552734,0.014148809057535017,0.0,72.26750183105469,0.000829371287981704,72.32743842212753,0.0012709475687266286,72.35935003680481,0.0011223738535156367,72.34861298556875
walk_forward,3,2020-05-04,2020-05-05,73.29000091552734,74.38999938964844,0.015008847869833364,0.0,73.29000091552734,0.0017269785591746982,73.41657117571036,0.0012709475687266286,73.38314866400292,0.0018311446025165256,73.42420550512225
walk_forward,3,2020-05-05,2020-05-06,74.38999938964844,75.15750122070312,0.010317271640702286,0.0,74.38999938964844,0.00042917020241697965,74.4219253607443,0.0012709475687266286,74.48454517851029,0.0013951182808425464,74.4937822377088
walk_forward,3,2020-05-06,2020-05-07,75.15750122070312,75.93499755859375,0.010344893394040211,0.0,75.15750122070312,-0.0013521457098271533,75.05587732786623,0.0012709475687266286,75.25302246415116,0.0016025950689918052,75.27794826155717
walk_forward,3,2020-05-07,2020-05-08,75.93499755859375,77.53250122070312,0.02103777854047717,0.0,75.93499755859375,-6.194891214114976e-05,75.93029346810155,0.0012709475687266286,76.03150695912211,0.0017067424358251711,76.06459904129129
walk_forward,3,2020-05-08,2020-05-11,77.53250122070312,78.75250244140625,0.015735352290909388,0.0,77.53250122070312,-9.378091604331554e-05,77.52523015171552,0.0012709475687266286,77.63104096462688,0.001905520785831585,77.68024101335669
walk_forward,3,2020-05-11,2020-05-12,78.75250244140625,77.85250091552734,-0.011428227649636025,0.0,78.75250244140625,-0.0009195442936134012,78.68008602717848,0.0012709475687266286,78.8525927429153,0.0014396390093949231,78.86587761600836
walk_forward,3,2020-05-12,2020-05-13,77.85250091552734,76.9124984741211,-0.012074145728808161,0.0,77.85250091552734,-0.0008096118421859696,77.78947060884234,0.0012709475687266286,77.95144736228522,0.001681487911261334,77.98340895467827
walk_forward,3,2020-05-13,2020-05-14,76.9124984741211,77.38500213623047,0.006143392445746132,0.0,76.9124984741211,0.0018328367733768506,77.05346652965676,0.0012709475687266286,77.01025022706148,0.0015753567475211088,77.03366309756102
walk_forward,3,2020-05-14,2020-05-15,77.38500213623047,76.92749786376953,-0.005912053496561764,0.0,77.38500213623047,0.0025504381025302503,77.5823677942431,0.0012709475687266286,77.48335441655142,0.0015386190703960863,77.50406817627992
walk_forward,3,2020-05-15,2020-05-18,76.92749786376953,78.73999786376953,0.023561145888427948,0.0,76.92749786376953,-6.473540765227956e-05,76.92251793083565,0.0012709475687266286,77.02526868014772,0.001357787453167939,77.03194905517255
walk_forward,3,2020-05-18,2020-05-19,78.73999786376953,78.28500366210938,-0.005778438074729886,0.0,78.73999786376953,-0.0003159094544748773,78.71512315399903,0.0012709475687266286,78.84007227261604,0.0017809361748797525,78.88022877437507
walk_forward,3,2020-05-19,2020-05-20,78.28500366210938,79.80750274658203,0.01944815754296969,0.0,78.28500366210938,-8.039572485097637e-05,78.278709882495,0.0012709475687266286,78.38449979718149,0.0011412001638382654,78.37434252111466
walk_forward,3,2020-05-20,2020-05-21,79.80750274658203,79.2125015258789,-0.007455454690675767,0.0,79.80750274658203,-0.00042740862589012835,79.77339233149739,0.0012709475687266286,79.90893389816395,0.0017298339962562056,79.94555647798937
walk_forward,3,2020-05-21,2020-05-22,79.2125015258789,79.72250366210938,0.006438404625611405,0.0,79.2125015258789,0.0009172577230520302,79.2851598046658,0.0012709475687266286,79.31317646210599,0.0015371929182368166,79.33426642226031
walk_forward,3,2020-05-22,2020-05-26,79.72250366210938,79.18250274658203,-0.006773506735514134,0.0,79.72250366210938,0.0006879026824791288,79.77734498623249,0.0012709475687266286,79.82382678431154,0.0015233913966945373,79.84395223831119
walk_forward,3,2020-05-26,2020-05-27,79.18250274658203,79.52749633789062,0.0043569422453433315,0.0,79.18250274658203,0.0029449840509053714,79.41569395428148,0.0012709475687266286,79.28313955593349,0.0015084429275972245,79.30194503283957
walk_forward,3,2020-05-27,2020-05-28,79.52749633789062,79.5625,0.0004401454053155618,0.0,79.52749633789062,0.0003344420653537104,79.55409367801828,0.0012709475687266286,79.62857161600819,0.0013554195930382629,79.63528946461228
walk_forward,3,2020-05-28,2020-05-29,79.5625,79.48500061035156,-0.0009740693121563782,0.0,79.5625,0.0005728463454993619,79.60807708736378,0.0012709475687266286,79.66361976593682,0.00108185183968852,79.64857483699521
walk_forward,3,2020-05-29,2020-06-01,79.48500061035156,80.4625015258789,0.012297929269941221,0.0,79.48500061035156,-0.00040312343233203196,79.4529583440866,0.0012709475687266286,79.58602187862753,0.0013082346260899472,79.5889856404048
walk_forward,3,2020-06-01,2020-06-02,80.4625015258789,80.83499908447266,0.004629455355348977,0.0,80.4625015258789,0.00028263923884285663,80.48524338606558,0.0012709475687266286,80.56476514656688,0.0015289006990636773,80.58552070071023
walk_forward,3,2020-06-02,2020-06-03,80.83499908447266,81.27999877929688,0.005505037420229231,0.0,80.83499908447266,2.758691073622842e-05,80.83722907237676,0.0012709475687266286,80.93773613002709,0.0016516181697971983,80.96850763771612
walk_forward,3,2020-06-03,2020-06-04,81.27999877929688,80.58000183105469,-0.008612167307518348,0.0,81.27999877929688,-5.242763164912327e-05,81.27573746146044,0.0012709475687266286,81.38330139613153,0.001850363456678182,81.43039631879694
walk_forward,3,2020-06-04,2020-06-05,80.58000183105469,82.875,0.02848098928760323,0.0,80.58000183105469,0.0011128099832693962,80.66967206154415,0.0012709475687266286,80.68241478846986,0.001456923319993037,80.69740071484743
walk_forward,3,2020-06-05,2020-06-08,82.875,83.36499786376953,0.005912493077158798,0.0,82.875,0.0019288051128489106,83.03484972372736,0.0012709475687266286,82.98032977975822,0.0018319499371360637,83.02682285104015
walk_forward,3,2020-06-08,2020-06-09,83.36499786376953,85.99749755859375,0.03157799750833212,0.0,83.36499786376953,0.0017847030312322508,83.51377962815567,0.0012709475687266286,83.4709504051214,0.0017185144274869384,83.50826181534583
walk_forward,3,2020-06-09,2020-06-10,85.99749755859375,88.20999908447266,0.025727510551937005,0.0,85.99749755859375,0.0011798183672457375,86.09895898575056,0.0012709475687266286,86.10679586903242,0.00189003749254663,86.16003605324468
walk_forward,3,2020-06-10,2020-06-11,88.20999908447266,83.9749984741211,-0.0480104370741008,0.0,88.20999908447266,0.0024714946150632255,88.42800962220467,0.0012709475687266286,88.32210936834645,0.0012862572315064777,88.32345983368623
walk_forward,3,2020-06-11,2020-06-12,83.9749984741211,84.69999694824219,0.008633503867755632,0.0,83.9749984741211,9.151625320944e-05,83.9826835513447,0.0012709475687266286,84.08172629426561,0.0028910225372725347,84.2177720872772
walk_forward,3,2020-06-12,2020-06-15,84.69999694824219,85.74749755859375,0.012367185927901092,0.0,84.69999694824219,0.0028820386285881485,84.94410561128832,0.0012709475687266286,84.80764620343471,0.0017197024613454248,84.84565574147003
walk_forward,3,2020-06-15,2020-06-16,85.74749755859375,88.0199966430664,0.026502220463282766,0.0,85.74749755859375,0.0023014420431944314,85.94484045457381,0.0012709475687266286,85.85647813214024,0.002610350186874796,85.97132855486987
walk_forward,3,2020-06-16,2020-06-17,88.0199966430664,87.89749908447266,-0.0013917014685934648,0.0,88.0199966430664,-0.0010247020819669987,87.92980236925152,-0.001359605784222046,87.9003241465033,-0.0008116286639375403,87.9485570907912
walk_forward,3,2020-06-17,2020-06-18,87.89749908447266,87.93250274658203,0.0003982327423870391,0.0,87.89749908447266,0.0010237584739330801,87.9874848939979,0.0012709475687266286,88.00921219723122,0.0022017321561682256,88.0910258346537
walk_forward,3,2020-06-18,2020-06-19,87.93250274658203,87.43000030517578,-0.005714638224894375,0.0,87.93250274658203,-0.0008643734121859829,87.85649622914092,0.0012709475687266286,88.04426034715985,0.0016201776248411792,88.07496902002833
walk_forward,3,2020-06-19,2020-06-22,87.43000030517578,89.71749877929688,0.0261637706294926,0.0,87.43000030517578,0.0012090203613162817,87.53570495573462,0.0012709475687266286,87.54111925149742,0.0013091202376436224,87.54445668795248
walk_forward,3,2020-06-22,2020-06-23,89.71749877929688,91.63249969482422,0.021344787155047618,0.0,89.71749877929688,-0.00043601371132005024,89.67838071968376,0.0012709475687266286,89.83152501624267,0.0018856395694085105,89.88667364506347
walk_forward,3,2020-06-23,2020-06-24,91.63249969482422,90.01499938964844,-0.017652037329143666,0.0,91.63249969482422,0.0010221501016647423,91.72616186370308,0.0012709475687266286,91.7489597975277,0.0018335507000839582,91.80051252879011
walk_forward,3,2020-06-24,2020-06-25,90.01499938964844,91.20999908447266,0.013275561883319131,0.0,90.01499938964844,0.0015203163291888655,90.15185066309245,0.0012709475687266286,90.12940373427165,0.0017262710069168522,90.17038967328241
walk_forward,3,2020-06-25,2020-06-26,91.20999908447266,88.40750122070312,-0.030725774497311842,0.0,91.20999908447266,0.0014687410668290837,91.34396295583346,0.0012709475687266286,91.32592221105263,0.0014632550659656371,91.34346257769974
walk_forward,3,2020-06-26,2020-06-29,88.40750122070312,90.44499969482422,0.02304666963762081,0.0,88.40750122070312,0.0012778923443246967,88.52047648969393,0.0012709475687266286,88.51986251943678,0.0014548010628555983,88.53611654744341
walk_forward,3,2020-06-29,2020-06-30,90.44499969482422,91.19999694824219,0.008347584233129979,0.0,90.44499969482422,-0.00013271106817803915,90.43299664230335,0.0012709475687266286,90.55995054728984,0.0014314960886064908,90.57447135812139
walk_forward,3,2020-06-30,2020-07-01,91.19999694824219,91.02749633789062,-0.0018914541241646932,0.0,91.19999694824219,0.0017487171373566726,91.35947994583246,0.0012709475687266286,91.31590736263144,0.0015292127811693753,91.33946114921805
walk_forward,3,2020-07-01,2020-07-02,91.02749633789062,91.02749633789062,0.0,0.0,91.02749633789062,-0.0011776234750713007,90.92030022132616,0.0012709475687266286,91.14318751304855,0.0006907390283216405,91.09037258226162
walk_forward,3,2020-07-02,2020-07-06,91.02749633789062,93.4625015258789,0.026750215989129744,0.0,91.02749633789062,0.0013158278496405863,91.14727285265508,0.0012709475687266286,91.14318751304855,0.001214413318183367,91.13804134176424
walk_forward,3,2020-07-06,2020-07-07,93.4625015258789,93.17250061035156,-0.003102858481131565,0.0,93.4625015258789,-0.0008912062244297617,93.37920716276827,0.0012709475687266286,93.58128746496034,0.0017013620448851205,93.62151507859505
walk_forward,3,2020-07-07,2020-07-08,93.17250061035156,95.34249877929688,0.023290114086561564,0.0,93.17250061035156,-0.00011791626595798201,93.16151405698962,0.0012709475687266286,93.29091797347448,0.0016519571370699003,93.32641758771348
walk_forward,3,2020-07-08,2020-07-09,95.34249877929688,95.75250244140625,0.004300324276778955,0.0,95.34249877929688,0.0012801353349248615,95.46455008090427,0.0012709475687266286,95.46367409631675,0.0017187970988108707,95.50637318959211
walk_forward,3,2020-07-09,2020-07-10,95.75250244140625,95.91999816894531,0.0017492569203771957,0.0,95.75250244140625,0.002223584912366991,95.96541626115635,0.0012709475687266286,95.87419885158366,0.0014182973517515333,95.88830796204249
walk_forward,3,2020-07-10,2020-07-13,95.91999816894531,95.47750091552734,-0.004613190803429701,0.0,95.91999816894531,0.0005617088985413012,95.97387728546487,0.0012709475687266286,96.0419074574104,0.0018289098469063702,96.09542719811174
walk_forward,3,2020-07-13,2020-07-14,95.47750091552734,97.05750274658203,0.016548420475024583,0.0,95.47750091552734,0.000565748998939444,95.53151721609154,0.0012709475687266286,95.59884781318404,0.0017567311397393567,95.64522921453013
walk_forward,3,2020-07-14,2020-07-15,97.05750274658203,97.7249984741211,0.006877322295030686,0.0,97.05750274658203,0.0001768845643989245,97.07467072067702,0.0012709475687266286,97.18085774372449,0.0016858922097544085,97.22113123436071
walk_forward,3,2020-07-15,2020-07-16,97.7249984741211,96.52249908447266,-0.012304931270650021,0.0,97.7249984741211,-1.7538653558841263e-06,97.72482707763187,0.0012709475687266286,97.8492018233356,0.0013265360280615116,97.85463420543927
walk_forward,3,2020-07-16,2020-07-17,96.52249908447266,96.32749938964844,-0.0020202512022980956,0.0,96.52249908447266,-0.0008655275537505028,96.43895620195819,0.0012709475687266286,96.64517412001149,0.001425295577553052,96.66007217555213
walk_forward,3,2020-07-17,2020-07-20,96.32749938964844,98.35749816894531,0.0210739279246257,0.0,96.32749938964844,0.00017435177493777313,96.34429426014233,0.0012709475687266286,96.44992659079924,0.0010970413596093074,96.43317464054661
walk_forward,3,2020-07-20,2020-07-21,98.35749816894531,97.0,-0.013801674444927303,0.0,98.35749816894531,5.479756583780617e-05,98.36288792042687,0.0012709475687266286,98.48250539210918,0.0017912374540835837,98.53367980355549
walk_forward,3,2020-07-21,2020-07-22,97.0,97.27249908447266,0.0028092689120893244,0.0,97.0,-0.0010786836582402082,96.8953676851507,0.0012709475687266286,97.12328191416648,0.001213994442041754,97.11775746087805
walk_forward,3,2020-07-22,2020-07-23,97.27249908447266,92.84500122070312,-0.04551643995416055,0.0,97.27249908447266,0.0006619484047097487,97.33688846006375,0.0012709475687266286,97.39612733068803,0.001489242928446032,97.41736146586649
walk_forward,3,2020-07-23,2020-07-24,92.84500122070312,92.61499786376953,-0.0024772831483609314,0.0,92.84500122070312,0.002543530517863696,93.08115531473906,0.0012709475687266286,92.96300234927301,0.0021705051034352878,93.04652176968112
walk_forward,3,2020-07-24,2020-07-27,92.61499786376953,94.80999755859375,0.023700261787544585,0.0,92.61499786376953,0.001098217765972523,92.71670929981904,0.0012709475687266286,92.73270667013212,0.0011242559476788649,92.71912082596215
walk_forward,3,2020-07-27,2020-07-28,94.80999755859375,93.25250244140625,-0.0164275409481468,0.0,94.80999755859375,-7.490228524521152e-05,94.80289607311252,0.0012709475687266286,94.93049609448182,0.0016799175439952449,94.96927053683858
walk_forward,3,2020-07-28,2020-07-29,93.25250244140625,95.04000091552734,0.01916837004180394,0.0,93.25250244140625,-0.002504641187596376,93.01893838294507,-0.001359605784222046,93.12571579969374,-0.00120887469457132,93.13977185099938
walk_forward,3,2020-07-29,2020-07-30,95.04000091552734,96.19000244140625,0.01210018428872961,0.0,95.04000091552734,0.0009336774170784167,95.1287376181013,0.0012709475687266286,95.16079177362272,0.0006903760898330089,95.10561425973712
walk_forward,3,2020-07-30,2020-07-31,96.19000244140625,106.26000213623047,0.10468863124271488,0.0,96.19000244140625,-0.0002150048689542306,96.16932112253663,0.0012709475687266286,96.31225489114497,0.001523926114066711,96.33658889803885
walk_forward,3,2020-07-31,2020-08-03,106.26000213623047,108.9375,0.02519760784812375,0.0,106.26000213623047,-0.0013929249127020693,106.11198993203114,0.0012709475687266286,106.39505302759841,0.0008194844033925817,106.34708055068558
walk_forward,3,2020-08-03,2020-08-04,108.9375,109.66500091552734,0.006678149540124689,0.0,108.9375,-0.0005122579425914711,108.88169590037894,0.0012709475687266286,109.07595385076816,-0.0017331199281131863,108.74869824783117
walk_forward,3,2020-08-04,2020-08-05,109.66500091552734,110.0625,0.0036246667683779155,0.0,109.66500091552734,-0.002177785222279967,109.42617409713219,0.0012709475687266286,109.80437938181534,0.0014975447303753684,109.829229159755
walk_forward,3,2020-08-05,2020-08-06,110.0625,113.90249633789062,0.03488923418867129,0.0,110.0625,0.004537065042268723,110.5618607212147,0.0012709475687266286,110.20238366678298,0.01013709971957364,111.17821453788557
walk_forward,3,2020-08-06,2020-08-07,113.90249633789062,111.11250305175781,-0.02449457541173039,0.0,113.90249633789062,-0.0002354478049138764,113.87567824515365,0.0012709475687266286,114.04726043868317,-0.006377451992002854,113.17608863572644
walk_forward,3,2020-08-07,2020-08-10,111.11250305175781,112.72750091552734,0.014534798689731954,0.0,111.11250305175781,-0.0024262117754160475,110.84292058845769,0.0012709475687266286,111.25372121736658,-0.0005243412357513035,111.05424218460024
walk_forward,3,2020-08-10,2020-08-11,112.72750091552734,109.375,-0.029739867275506704,0.0,112.72750091552734,-0.0021357953051919986,112.48673804830592,0.0012709475687266286,112.87077165874457,0.0013965504237117303,112.88493055469488
walk_forward,3,2020-08-11,2020-08-12,109.375,113.01000213623047,0.03323430524553572,0.0,109.375,-0.00028692689806118234,109.34361737052456,0.0012709475687266286,109.51400989032948,9.381570244864277e-06,109.37602610924553
walk_forward,3,2020-08-12,2020-08-13,113.01000213623047,115.01000213623047,0.017697548554941767,0.0,113.01000213623047,-0.00394396756015653,112.56429435383195,0.0012709475687266286,113.15363192368731,-0.0009693911030867414,112.9004512455998
walk_forward,3,2020-08-13,2020-08-14,115.01000213623047,114.90750122070312,-0.0008912347937002352,0.0,115.01000213623047,-0.0022860364867297017,114.74708507500819,0.0012709475687266286,115.15617381882477,-0.0007650241850077407,114.92201670307846
walk_forward,3,2020-08-14,2020-08-17,114.90750122070312,114.60749816894531,-0.002610822170622251,0.0,114.90750122070312,-0.0028149082985238607,114.58404714195433,0.0012709475687266286,115.05354263000804,0.0015083628457555013,115.08082342624304
walk_forward,3,2020-08-17,2020-08-18,114.60749816894531,115.5625,0.008332804103680092,0.0,114.60749816894531,0.0026906827312182403,114.91587058513663,0.0012709475687266286,114.75315829010098,0.001264197924539096,114.75238473026711
walk_forward,3,2020-08-18,2020-08-19,115.5625,115.7074966430664,0.0012547032390819446,0.0,115.5625,0.00026896071713322666,115.59358177287372,0.0012709475687266286,115.70937387841099,0.0017504655835292237,115.7647881789966
walk_forward,3,2020-08-19,2020-08-20,115.7074966430664,118.2750015258789,0.02218961568871136,0.0,115.7074966430664,-6.828027101496849e-05,115.69959610383715,0.0012709475687266286,115.85455480460837,0.0014656677092548095,115.87708538461486
walk_forward,3,2020-08-20,2020-08-21,118.2750015258789,124.37000274658203,0.05153245522782357,0.0,118.2750015258789,-0.0006032197477278021,118.20365570929596,0.0012709475687266286,118.42532285150936,0.001217210712609005,118.41896712477005
walk_forward,3,2020-08-21,2020-08-24,124.37000274658203,125.85749816894531,0.011960242739515126,0.0,124.37000274658203,-0.0019169845559436486,124.13158737209416,0.0012709475687266286,124.52807049919534,0.0023481443039519534,124.6620414601139
walk_forward,3,2020-08-24,2020-08-25,125.85749816894531,124.82499694824219,-0.00820373228234006,0.0,125.85749816894531,-0.0032311172601742558,125.45083783428929,0.0012709475687266286,126.01745645024916,-0.0008082712494300874,125.75577117165015
walk_forward,3,2020-08-25,2020-08-26,124.82499694824219,126.52249908447266,0.01359905610039247,0.0,124.82499694824219,-0.003737829190794133,124.35842243090826,0.0012709475687266286,124.98364297462987,0.0008389254263933279,124.92971581203155
walk_forward,3,2020-08-26,2020-08-27,126.52249908447266,125.01000213623047,-0.011954371429482857,0.0,126.52249908447266,-0.0009722042473535497,126.39949337347694,0.0012709475687266286,126.6833025470733,0.0009829945137098495,126.64687000693355
walk_forward,3,2020-08-27,2020-08-28,125.01000213623047,124.80750274658203,-0.0016198655002642726,0.0,125.01000213623047,-0.0023962704808138304,124.71044435830495,0.0012709475687266286,125.16888329451203,0.0013883785137067369,125.18356333719485
walk_forward,3,2020-08-28,2020-08-31,124.80750274658203,129.0399932861328,0.03391214827961697,0.0,124.80750274658203,-0.002195699426308176,124.5334629844024,0.0012709475687266286,124.96612653875665,0.0017350674162198998,125.02405217789742
walk_forward,3,2020-08-31,2020-09-01,129.0399932861328,134.17999267578125,0.039832607385921204,0.0,129.0399932861328,-0.0013647861554246432,128.8638812897998,0.0012709475687266286,129.20399635186834,0.0013141384139986024,129.20956969825224
walk_forward,3,2020-09-01,2020-09-02,134.17999267578125,131.39999389648438,-0.02071842995262474,0.0,134.17999267578125,-0.0033894724076835477,133.72519329294352,0.0012709475687266286,134.3505284112443,0.000125430398458045,134.19682292572767
walk_forward,3,2020-09-02,2020-09-03,131.39999389648438,120.87999725341797,-0.08006086097198728,0.0,131.39999389648438,-0.003681241360993801,130.9162788041183,0.0012709475687266286,131.56699639925782,0.0014447457272567484,131.5898334762279
walk_forward,3,2020-09-03,2020-09-04,120.87999725341797,120.95999908447266,0.0006618285313737537,0.0,120.87999725341797,0.001781250339991468,121.09531478962379,0.0012709475687266286,121.0336293920349,0.0057124682994819705,121.5705204057696
walk_forward,3,2020-09-04,2020-09-08,120.95999908447266,112.81999969482422,-0.0672949690084228,0.0,120.95999908447266,0.0054396787293908705,121.6179826185996,0.0012709475687266286,121.11373290122225,-0.005075017534290714,120.34612496817117
walk_forward,3,2020-09-08,2020-09-09,112.81999969482422,117.31999969482422,0.039886545046732946,0.0,112.81999969482422,0.0047484810320088215,113.35572332340634,0.0012709475687266286,112.9633879991401,0.006187119326878147,113.51803049539444
walk_forward,3,2020-09-09,2020-09-10,117.31999969482422,113.48999786376953,-0.03264577089172682,0.0,117.31999969482422,-0.004758461502688502,116.76173699278097,-0.001359605784222046,117.16049074463422,-0.0043396381633029465,116.81087334682987
walk_forward,3,2020-09-10,2020-09-11,113.48999786376953,112.0,-0.01312889146018037,0.0,113.48999786376953,0.0010875282472401799,113.61342144222562,0.0012709475687266286,113.63423770062928,-0.007010063914565729,112.69442572508058
walk_forward,3,2020-09-11,2020-09-14,112.0,115.36000061035156,0.03000000544956749,0.0,112.0,-0.0025219492640605485,111.71754168242522,-0.001359605784222046,111.84772415216713,0.001106069322842997,112.12387976415843
walk_forward,3,2020-09-14,2020-09-15,115.36000061035156,115.54000091552734,0.0015603355081781345,0.0,115.36000061035156,0.0007286893480784754,115.44406221399065,0.0012709475687266286,115.5066171226556,-2.902180194762193e-06,115.35966581484253
walk_forward,3,2020-09-15,2020-09-16,115.54000091552734,112.12999725341797,-0.029513619829399818,0.0,115.54000091552734,-0.0034982735014601066,115.13581039196588,0.0012709475687266286,115.68684619878161,-0.000877606854653537,115.4386022187372
walk_forward,3,2020-09-16,2020-09-17,112.12999725341797,110.33999633789062,-0.01596362221861003,0.0,112.12999725341797,0.0036207298138564697,112.53598967750106,0.0012709475687266286,112.27250860080854,0.0026923560804237574,112.4318911333211
walk_forward,3,2020-09-17,2020-09-18,110.33999633789062,106.83999633789062,-0.03172013880879665,0.0,110.33999633789062,0.0058739638465030415,110.98812948720267,0.0012709475687266286,110.48023268796958,0.00445046300424926,110.83106040948141
walk_forward,3,2020-09-18,2020-09-21,106.83999633789062,110.08000183105469,0.030325773158183855,0.0,106.83999633789062,0.0029914360944389715,107.15960135926552,0.0012709475687266286,106.97578437147904,-0.00033261560292983206,106.80445968809167
walk_forward,3,2020-09-21,2020-09-22,110.08000183105469,111.80999755859375,0.015715803949514662,0.0,110.08000183105469,-0.0019940396456553646,109.86049794320975,0.0012709475687266286,110.21990774174729,-0.0001747435336167921,110.06076606255418
walk_forward,3,2020-09-22,2020-09-23,111.80999755859375,107.12000274658203,-0.0419461131778841,0.0,111.80999755859375,-0.005259240463757905,111.22196189518093,0.0012709475687266286,111.95210220315018,-0.0002755925519810608,111.77918355602958
walk_forward,3,2020-09-23,2020-09-24,107.12000274658203,108.22000122070312,0.010268842848365045,0.0,107.12000274658203,-0.0027809244736757338,106.82211010932384,0.0012709475687266286,107.2561466536348,-0.005761711360640139,106.50280820980524
walk_forward,3,2020-09-24,2020-09-25,108.22000122070312,112.27999877929688,0.03751614778042578,0.0,108.22000122070312,-0.0013462683711999949,108.07430805592847,0.0012709475687266286,108.35754316814217,-0.00026367047869737766,108.19146680117663
walk_forward,3,2020-09-25,2020-09-28,112.27999877929688,114.95999908447266,0.023868902158110217,0.0,112.27999877929688,-0.004782133272849114,111.74306086125894,0.0012709475687266286,112.42270077076206,0.001462815160279644,112.4442436637074
walk_forward,3,2020-09-28,2020-09-29,114.95999908447266,114.08999633789062,-0.007567873638749334,0.0,114.95999908447266,-0.006017023418994212,114.26828207773383,-0.001359605784222046,114.80369880476326,-0.0037407295075092863,114.52996482371414
walk_forward,3,2020-09-29,2020-09-30,114.08999633789062,115.80999755859375,0.01507582852057543,0.0,114.08999633789062,-0.0019302370971016585,113.86977559455104,0.0012709475687266286,114.2349987413523,0.0013108947154119492,114.23955631117133
walk_forward,3,2020-09-30,2020-10-01,115.80999755859375,116.79000091552734,0.008462165422616241,0.0,115.80999755859375,-0.0018249998731023848,115.59864432774533,0.0012709475687266286,115.95718599342509,0.0001479236234047558,115.82712859305911
walk_forward,3,2020-10-01,2020-10-02,116.79000091552734,113.0199966430664,-0.032280197302059555,0.0,116.79000091552734,-0.0012541076024985551,116.64353368748337,0.0012709475687266286,116.93843488324252,0.0014288193638048222,116.95687273033423
walk_forward,3,2020-10-02,2020-10-05,113.0199966430664,116.5,0.03079104105730912,0.0,113.0199966430664,-0.0032566704810489105,112.65192775623068,0.0012709475687266286,113.16363913301741,0.001438535746512631,113.18257994830819
walk_forward,3,2020-10-05,2020-10-06,116.5,113.16000366210938,-0.028669496462580435,0.0,116.5,0.001484243795751407,116.67291440220504,0.0012709475687266286,116.64806539175666,0.0014515003096194918,116.66909978607069
walk_forward,3,2020-10-06,2020-10-07,113.16000366210938,115.08000183105469,0.016967109462795227,0.0,113.16000366210938,0.0004004444518436903,113.20531795774649,0.0012709475687266286,113.30382409364084,0.0005500352944913284,113.22224565804831
walk_forward,3,2020-10-07,2020-10-08,115.08000183105469,114.97000122070312,-0.0009558620837792908,0.0,115.08000183105469,-0.0025453258906981777,114.7870857228925,0.0012709475687266286,115.22626247959093,-0.00035758415805910203,115.03885104549049
walk_forward,3,2020-10-08,2020-10-09,114.97000122070312,116.97000122070312,0.017395842208966172,0.0,114.97000122070312,0.00040528228674285827,115.01659652570468,0.0012709475687266286,115.11612206423108,0.001302898004404622,115.11979540585996
walk_forward,3,2020-10-09,2020-10-12,116.97000122070312,124.4000015258789,0.0635205627736688,0.0,116.97000122070312,-0.0014497655195286833,116.80042214611412,0.0012709475687266286,117.11866395936853,0.0011296396985580582,117.10213517762242
walk_forward,3,2020-10-12,2020-10-13,124.4000015258789,121.0999984741211,-0.026527355396143704,0.0,124.4000015258789,0.003215727117414839,124.80003798419213,0.0012709475687266286,124.55810740536782,0.00557838208766478,125.09395226609634
walk_forward,3,2020-10-13,2020-10-14,121.0999984741211,121.19000244140625,0.000743220218160312,0.0,121.0999984741211,-0.0013803586143966414,120.93283704802391,0.0012709475687266286,121.25391022275458,0.0010991223720261344,121.23310219169632
walk_forward,3,2020-10-14,2020-10-15,121.19000244140625,120.70999908447266,-0.00396075045188371,0.0,121.19000244140625,0.002680809166667142,121.51488971085959,0.0012709475687266286,121.34402858036314,0.0017591859605222992,121.40319819225685
walk_forward,3,2020-10-15,2020-10-16,120.70999908447266,119.0199966430664,-0.014000517390639566,0.0,120.70999908447266,0.005292002659363233,121.34879672063943,0.0012709475687266286,120.86341516433006,0.0024566041729105577,121.0065357719356
walk_forward,3,2020-10-16,2020-10-19,119.0199966430664,115.9800033569336,-0.025541870037600223,0.0,119.0199966430664,0.0003554481653798643,119.0623020825167,0.0012709475687266286,119.17126481842978,0.0005045294261167535,119.08004573366915
walk_forward,3,2020-10-19,2020-10-20,115.9800033569336,117.51000213623047,0.013191918736096486,0.0,115.9800033569336,0.0008369388205234347,116.07707152414744,0.0012709475687266286,116.127407860221,0.001286795624691075,116.12924591780497
walk_forward,3,2020-10-20,2020-10-21,117.51000213623047,116.87000274658203,-0.005446339698866431,0.0,117.51000213623047,-0.001011241276285091,117.39117117169397,0.0012709475687266286,117.65935118774658,0.0008197181809058051,117.60632722141982
walk_forward,3,2020-10-21,2020-10-22,116.87000274658203,115.75,-0.009583320957137431,0.0,116.87000274658203,-0.001808865672950081,116.65860061041616,0.0012709475687266286,117.01853839242989,0.00017194840615570786,116.89009835728173
walk_forward,3,2020-10-22,2020-10-23,115.75,115.04000091552734,-0.006133901377733508,0.0,115.75,-0.004352458778511814,115.24620289638726,0.0012709475687266286,115.89711218108012,0.000676750612612675,115.82833388340991
walk_forward,3,2020-10-23,2020-10-26,115.04000091552734,115.05000305175781,8.694485527538376e-05,0.0,115.04000091552734,-0.0011685445068919493,114.90557155438466,0.0012709475687266286,115.18621072499725,0.001171822459103233,115.17480737229542
walk_forward,3,2020-10-26,2020-10-27,115.05000305175781,116.5999984741211,0.01347236315731326,0.0,115.05000305175781,-0.0002219050145656485,115.02447287915483,0.0012709475687266286,115.19622557341845,0.0013716047565291347,115.20780618318229
walk_forward,3,2020-10-27,2020-10-28,116.5999984741211,111.19999694824219,-0.046312192080151804,0.0,116.5999984741211,-0.0016594122789600119,116.40651100492641,0.0012709475687266286,116.74819095869532,0.001141407162747056,116.73308654755576
walk_forward,3,2020-10-28,2020-10-29,111.19999694824219,115.31999969482422,0.03705038542851469,0.0,111.19999694824219,-0.0009701612440165522,111.09211502086825,0.0012709475687266286,111.34132631400597,0.003029012692111216,111.53682315036116
walk_forward,3,2020-10-29,2020-10-30,115.31999969482422,108.86000061035156,-0.05601802897648289,0.0,115.31999969482422,0.00027938420332510624,115.3522182810664,0.0012709475687266286,115.46656536806192,0.0010842440369336621,115.44503471683252
walk_forward,3,2020-10-30,2020-11-02,108.86000061035156,108.7699966430664,-0.0008267863933540953,0.0,108.86000061035156,0.000297732086245682,108.89241172544199,0.0012709475687266286,108.99835596345888,0.0007553782669547961,108.94223108895329
walk_forward,3,2020-11-02,2020-11-03,108.7699966430664,110.44000244140625,0.01535355198934174,0.0,108.7699966430664,-0.003006966481248238,108.44292890899523,-0.001359605784222046,108.62211232648069,0.0030518904103708122,109.10195075275746
walk_forward,3,2020-11-03,2020-11-04,110.44000244140625,114.94999694824219,0.04083660274481349,0.0,110.44000244140625,0.0013727586312596853,110.59160990799404,0.0012709475687266286,110.58036589399933,9.612144980914766e-05,110.45061809455785
walk_forward,3,2020-11-04,2020-11-05,114.94999694824219,119.02999877929688,0.03549370978140831,0.0,114.94999694824219,-0.005419976890780328,114.32697062118744,-0.001359605784222046,114.79371026749506,-0.0020840608285786957,114.71043416235712
walk_forward,3,2020-11-05,2020-11-06,119.02999877929688,118.69000244140625,-0.002856392013588449,0.0,119.02999877929688,-0.002075279339561807,118.78297828204214,0.0012709475687266286,119.18127966685097,0.002493500440074646,119.32680013363513
walk_forward,3,2020-11-06,2020-11-09,118.69000244140625,116.31999969482422,-0.019968006553475526,0.0,118.69000244140625,-0.004871073788850529,118.11185468151531,0.0012709475687266286,118.84085121144132,0.0014537148316149668,118.86254385831974
walk_forward,3,2020-11-09,2020-11-10,116.31999969482422,115.97000122070312,-0.003008927742772949,0.0,116.31999969482422,-0.0005929848038178289,116.25102370262509,0.0012709475687266286,116.46783631563065,-1.3123109831990031e-05,116.31847321469256
walk_forward,3,2020-11-10,2020-11-11,115.97000122070312,119.48999786376953,0.03035264815051164,0.0,115.97000122070312,0.0011953528743371814,116.10862629499917,0.0012709475687266286,116.1173930117998,0.0015654186187111163,116.15154281982596
walk_forward,3,2020-11-11,2020-11-12,119.48999786376953,119.20999908447266,-0.0023432821516667923,0.0,119.48999786376953,-0.0007755262891825535,119.39733022913181,0.0012709475687266286,119.64186338604165,0.0016483375308117391,119.68695771180501
walk_forward,3,2020-11-12,2020-11-13,119.20999908447266,119.26000213623047,0.00041945350341277,0.0,119.20999908447266,-0.0005899261929464318,119.1396739835516,0.0012709475687266286,119.36150874297698,0.001152713091197916,119.34741401101901
walk_forward,3,2020-11-13,2020-11-16,119.26000213623047,120.30000305175781,0.008720450250699674,0.0,119.26000213623047,-0.001599646063150496,119.06922834332192,0.0012709475687266286,119.41157534599185,0.000897089089129684,119.36698898291648
walk_forward,3,2020-11-16,2020-11-17,120.30000305175781,119.38999938964844,-0.0075644525272193786,0.0,120.30000305175781,-0.0005400916109203947,120.23503002931587,0.0012709475687266286,120.45289804815425,0.0010261417178778292,120.42344790355006
walk_forward,3,2020-11-17,2020-11-18,119.38999938964844,118.02999877929688,-0.011391243967704412,0.0,119.38999938964844,-0.0023760417187801385,119.1063237702935,0.0012709475687266286,119.54173781910299,0.0013512992160904114,119.55133100223271
walk_forward,3,2020-11-18,2020-11-19,118.02999877929688,118.63999938964844,0.005168182806577715,0.0,118.02999877929688,-0.0008385548610159038,117.93102415007479,0.0012709475687266286,118.18000871928224,0.0012926282711152788,118.18256769255869
walk_forward,3,2020-11-19,2020-11-20,118.63999938964844,117.33999633789062,-0.010957544322705348,0.0,118.63999938964844,0.0008969420323205609,118.7464125918155,0.0012709475687266286,118.79078460842645,0.0012916153985083358,118.79323663973912
walk_forward,3,2020-11-20,2020-11-23,117.33999633789062,113.8499984741211,-0.02974261098253128,0.0,117.33999633789062,7.391212475054928e-05,117.34866918633818,0.0012709475687266286,117.48912932095067,0.0007746172277330123,117.43088992055608
walk_forward,3,2020-11-23,2020-11-24,113.8499984741211,115.16999816894531,0.011594200373434838,0.0,113.8499984741211,-0.0011335916297325595,113.72093906880576,0.0012709475687266286,113.99469585288132,0.0015221152567107736,114.02329129377506
walk_forward,3,2020-11-24,2020-11-25,115.16999816894531,116.02999877929688,0.007467227785225905,0.0,115.16999816894531,-8.008476377188755e-05,115.16077480684835,0.0012709475687266286,115.3163731981084,0.0013772585870031001,115.32861703788862
walk_forward,3,2020-11-25,2020-11-27,116.02999877929688,116.58999633789062,0.0048263170256421795,0.0,116.02999877929688,-0.00017979106263424209,116.00913762251889,0.0012709475687266286,116.17746682414479,0.001086656114904236,116.15608348698274
walk_forward,3,2020-11-27,2020-11-30,116.58999633789062,119.05000305175781,0.021099637971836005,0.0,116.58999633789062,-0.0013834580321624636,116.42869897098718,0.0012709475687266286,116.73817611027413,0.0010822769575143984,116.71617900440383
walk_forward,3,2020-11-30,2020-12-01,119.05000305175781,122.72000122070312,0.030827367281542672,0.0,119.05000305175781,0.0005882545040005677,119.12003475225428,0.0012709475687266286,119.20130936369335,0.0014507863029980118,119.22271916555717
walk_forward,3,2020-12-01,2020-12-02,122.72000122070312,123.08000183105469,0.0029335121151452537,0.0,122.72000122070312,-4.977831969315031e-06,122.71939034115778,0.0012709475687266286,122.87597190788871,0.0017478337073463957,122.93449537540226
walk_forward,3,2020-12-02,2020-12-03,123.08000183105469,122.94000244140625,-0.0011374665873064016,0.0,123.08000183105469,-0.00010921649269625476,123.06655946493365,0.0012709475687266286,123.23643006014075,0.0016760079238439874,123.28628488939027
walk_forward,3,2020-12-03,2020-12-04,122.94000244140625,122.25,-0.005612513646525374,0.0,122.94000244140625,0.0008245336225380024,123.0413706069741,0.0012709475687266286,123.09625273860841,0.001655759470643433,123.14356151476953
walk_forward,3,2020-12-04,2020-12-07,122.25,123.75,0.012269938650306678,0.0,122.25,0.0025386321083776904,122.56034777524918,0.0012709475687266286,122.40537334027684,0.0015325430540084563,122.43735338835255
walk_forward,3,2020-12-07,2020-12-08,123.75,124.37999725341797,0.005090886896306879,0.0,123.75,0.0011811088823127497,123.89616222418621,0.0012709475687266286,123.90727976162992,0.0016647416319722492,123.95601177695656
walk_forward,3,2020-12-08,2020-12-09,124.37999725341797,121.77999877929688,-0.020903670457748325,0.0,124.37999725341797,-0.0014079069963572495,124.20488178507799,0.0012709475687266286,124.53807770852544,0.0016714452046538964,124.58789160338205
walk_forward,3,2020-12-09,2020-12-10,121.77999877929688,123.23999786376953,0.011988824922872787,0.0,121.77999877929688,-0.0020315503220244184,121.53259658356066,0.0012709475687266286,121.93477477266497,0.00072086762425733,121.86778603769898
walk_forward,3,2020-12-10,2020-12-11,123.23999786376953,122.41000366210938,-0.00673477942264844,0.0,123.23999786376953,-0.00017735533667124722,123.21814059245703,0.0012709475687266286,123.39662943942437,0.000997967266194832,123.3629873475235
walk_forward,3,2020-12-11,2020-12-14,122.41000366210938,121.77999877929688,-0.005146678081568545,0.0,122.41000366210938,-0.00134497856374935,122.24536483119536,0.0012709475687266286,122.56558035865156,0.0012814558317947,122.5668666751722
walk_forward,3,2020-12-14,2020-12-15,121.77999877929688,127.87999725341797,0.050090314791152,0.0,121.77999877929688,-0.0021845571792592404,121.51396340867338,0.0012709475687266286,121.93477477266497,0.001034644582265849,121.90599779526221
walk_forward,3,2020-12-15,2020-12-16,127.87999725341797,127.80999755859375,-0.0005473858017489563,0.0,127.87999725341797,0.0020326094845524913,128.1399273487198,0.0012709475687266286,128.04252602501597,0.0018453414380912613,128.1159795114527
walk_forward,3,2020-12-16,2020-12-17,127.80999755859375,128.6999969482422,0.006963456745552543,0.0,127.80999755859375,-0.0002149639575571669,127.78252301570319,0.0012709475687266286,127.97243736424981,0.0016984736799364438,128.02707947547975
walk_forward,3,2020-12-17,2020-12-18,128.6999969482422,126.66000366210938,-0.015850764059871847,0.0,128.6999969482422,0.0004446443785724051,128.75722267840752,0.0012709475687266286,128.86356789645868,0.002101344719776653,128.97044000726464
walk_forward,3,2020-12-18,2020-12-21,126.66000366210938,128.22999572753906,0.012395326227985448,0.0,126.66000366210938,0.0031090614372256877,127.05379739513411,0.0012709475687266286,126.82098188581865,0.002155899494992226,126.93306990004022
walk_forward,3,2020-12-21,2020-12-22,128.22999572753906,131.8800048828125,0.028464550236973585,0.0,128.22999572753906,0.0017681297949062988,128.45672300358564,0.0012709475687266286,128.39296932884682,0.0017900807745385731,128.45953777761008
walk_forward,3,2020-12-22,2020-12-23,131.8800048828125,130.9600067138672,-0.006976024680639181,0.0,131.8800048828125,0.0011665010828242333,132.03384305131115,0.0012709475687266286,132.04761745438196,0.0018571961282280315,132.12493191727157
walk_forward,3,2020-12-23,2020-12-24,130.9600067138672,131.97000122070312,0.007712236217600754,0.0,130.9600067138672,-0.0016932628149551904,130.73825700425232,0.0012709475687266286,131.1264500160006,0.0016342061826282491,131.17402236651603
walk_forward,3,2020-12-24,2020-12-28,131.97000122070312,136.69000244140625,0.035765713245766495,0.0,131.97000122070312,0.0007870171056055346,132.0738638690906,0.0012709475687266286,132.13772817289944,0.0013690385627469959,132.15067324150002
walk_forward,3,2020-12-28,2020-12-29,136.69000244140625,134.8699951171875,-0.013314853257091142,0.0,136.69000244140625,-0.00014891378183347673,136.66964741620387,0.0012709475687266286,136.8637282676784,0.0019238454999771038,136.952972887495
walk_forward,3,2020-12-29,2020-12-30,134.8699951171875,133.72000122070312,-0.008526684497060733,0.0,134.8699951171875,-0.0024788797241651755,134.53566862089326,0.0012709475687266286,135.04140780957587,0.0017074581112109244,135.1002799843093
walk_forward,3,2020-12-30,2020-12-31,133.72000122070312,132.69000244140625,-0.007702653080273847,0.0,133.72000122070312,0.0004011794962522077,133.7736469434317,0.0012709475687266286,133.8899523311447,0.0018061001390137555,133.96151293349675
walk_forward,3,2020-12-31,2021-01-04,132.69000244140625,129.41000366210938,-0.024719260825586842,0.0,132.69000244140625,0.0023119595705783846,132.9967763624707,0.0012709475687266286,132.8586444774035,0.0013613389776813364,132.8706385136784
walk_forward,3,2021-01-04,2021-01-05,129.41000366210938,131.00999450683594,0.01236373386484213,0.0,129.41000366210938,0.0005171122830966658,129.47692316455863,0.0012709475687266286,129.57447699163265,0.0004707577589717875,129.47092442542188
walk_forward,3,2021-01-05,2021-01-06,131.00999450683594,126.5999984741211,-0.0336615236823381,0.0,131.00999450683594,-0.0016293736091618904,130.79653027925005,0.0012709475687266286,131.1765013408333,0.001178522852937602,131.16439277932545
walk_forward,3,2021-01-06,2021-01-07,126.5999984741211,130.9199981689453,0.03412322074954277,0.0,126.5999984741211,-0.0011002511785753756,126.4607066765923,0.0012709475687266286,126.76090043438258,0.0016996118498640148,126.81516933172047
walk_forward,3,2021-01-07,2021-01-08,130.9199981689453,132.0500030517578,0.008631262592551314,0.0,130.9199981689453,-0.0008379435794068134,130.8102945970637,0.0012709475687266286,131.08639062231583,0.00037263529294921357,130.9687835808159
walk_forward,3,2021-01-08,2021-01-11,132.0500030517578,128.97999572753906,-0.023248824333729434,0.0,132.0500030517578,-0.00048488671137898796,131.98597376004045,0.0012709475687266286,132.2178316820868,0.0011994630251879635,132.20839214789436
walk_forward,3,2021-01-11,2021-01-12,128.97999572753906,128.8000030517578,-0.0013955084644402538,0.0,128.97999572753906,-0.002661841443804207,128.6366714294898,0.0012709475687266286,129.14392253952334,-0.0008837771962295592,128.86600614854527
walk_forward,3,2021-01-12,2021-01-13,128.8000030517578,130.88999938964844,0.016226679257536736,0.0,128.8000030517578,0.003107766869851575,129.20028343407884,0.0012709475687266286,128.96370110248844,0.0014314935189033893,128.98437942136115
walk_forward,3,2021-01-13,2021-01-14,130.88999938964844,128.91000366210938,-0.015127173479807188,0.0,130.88999938964844,-0.000188439552505809,130.86533453673596,0.0012709475687266286,131.05635371614335,0.0012929183198169692,131.05922946774015
walk_forward,3,2021-01-14,2021-01-15,128.91000366210938,127.13999938964844,-0.013730542410815172,0.0,128.91000366210938,-0.002324114915221087,128.61040199987707,0.0012709475687266286,129.07384151784828,0.0006214749016488788,128.99011799395683
walk_forward,3,2021-01-15,2021-01-19,127.13999938964844,127.83000183105469,0.005427107477730786,0.0,127.13999938964844,-0.002151740434525925,126.86642711211613,0.0012709475687266286,127.30158766276062,0.001168408907267841,127.28855089740533
walk_forward,3,2021-01-19,2021-01-20,127.83000183105469,132.02999877929688,0.0328561127128284,0.0,127.83000183105469,-0.0017212246277139712,127.60997768374236,0.0012709475687266286,127.9924670610922,-0.00012093313010091683,127.81454294881246
walk_forward,3,2021-01-20,2021-01-21,132.02999877929688,136.8699951171875,0.03665830782882318,0.0,132.02999877929688,-0.002389393406741945,131.71452717072148,0.0012709475687266286,132.1978019852444,0.0010563831175258095,132.1694730410143
walk_forward,3,2021-01-21,2021-01-22,136.8699951171875,139.07000732421875,0.016073736286376095,0.0,136.8699951171875,-0.002587545539918813,136.5158377717733,0.0012709475687266286,137.04394970471333,0.0018309977406363287,137.12060376900797
walk_forward,3,2021-01-22,2021-01-25,139.07000732421875,142.9199981689453,0.027683832904034755,0.0,139.07000732421875,-0.0006555631723766913,138.97883814903483,0.0012709475687266286,139.24675801191026,0.0016621346063757118,139.30116039610124
walk_forward,3,2021-01-25,2021-01-26,142.9199981689453,143.16000366210938,0.0016792995818566414,0.0,142.9199981689453,0.000455989867876085,142.9851682400272,0.0012709475687266286,143.10164199314056,0.0007338228235195925,143.02487612553907
walk_forward,3,2021-01-26,2021-01-27,143.16000366210938,142.05999755859375,-0.007683752971338942,0.0,143.16000366210938,-0.0008222566444755842,143.04228939787507,0.0012709475687266286,143.34195252070265,0.0010030327437627075,143.30359783337965
walk_forward,3,2021-01-27,2021-01-28,142.05999755859375,137.08999633789062,-0.03498522670784365,0.0,142.05999755859375,-0.000522308362971937,141.98579843382512,0.0012709475687266286,142.24054836710417,0.001923133941165894,142.33319796158062
walk_forward,3,2021-01-28,2021-01-29,137.08999633789062,131.9600067138672,-0.037420597863168426,0.0,137.08999633789062,0.0016280125380990478,137.31318057077667,0.0012709475687266286,137.26423053543303,0.0015159914092818807,137.29782359463735
walk_forward,3,2021-01-29,2021-02-01,131.9600067138672,134.13999938964844,0.01652010127968695,0.0,131.9600067138672,0.0005899877585208138,132.03786150244267,0.0012709475687266286,132.12772096356935,0.0011008913855951857,132.10528034850157
walk_forward,3,2021-02-01,2021-02-02,134.13999938964844,134.99000549316406,0.0063367087176327,0.0,134.13999938964844,-0.002046442786108633,133.86548955556887,0.0012709475687266286,134.3104842957417,0.0005566259429867337,134.21466519330096
walk_forward,3,2021-02-02,2021-02-03,134.99000549316406,133.94000244140625,-0.007778376242906226,0.0,134.99000549316406,-0.004634405906103221,134.36440701444164,0.0012709475687266286,135.161570712448,0.00012897908540864103,135.0074163806119
walk_forward,3,2021-02-03,2021-02-04,133.94000244140625,137.38999938964844,0.025757778746879012,0.0,133.94000244140625,-0.0034156171005718505,133.48251467861675,-0.015839908553019835,131.81840505114312,-0.0029167999846738206,133.54932624433795
walk_forward,3,2021-02-04,2021-02-05,137.38999938964844,136.75999450683594,-0.004585522131241526,0.0,137.38999938964844,-0.00033734072702241817,137.34365214736872,0.0012709475687266286,137.56461487534008,0.0014302991336650852,137.58650818674968
walk_forward,3,2021-02-05,2021-02-08,136.75999450683594,136.91000366210938,0.0010968789214593766,0.0,136.75999450683594,-0.0013649045066080822,136.57333017400987,0.0012709475687266286,136.9338092893535,0.0013700842947527569,136.94736722746023
walk_forward,3,2021-02-08,2021-02-09,136.91000366210938,136.00999450683594,-0.006573728224378961,0.0,136.91000366210938,0.00016898410172346944,136.93313927609518,0.0012709475687266286,137.0840090983981,0.0013803488184493415,137.09898722389826
walk_forward,3,2021-02-09,2021-02-10,136.00999450683594,135.38999938964844,-0.004558452630158305,0.0,136.00999450683594,0.0029230623680658084,136.40756020345972,0.0012709475687266286,136.18285607867693,0.001482738071176995,136.21166170375182
walk_forward,3,2021-02-10,2021-02-11,135.38999938964844,135.1300048828125,-0.0019203376025409558,0.0,135.38999938964844,0.0019570320196883534,135.65496195359958,0.0012709475687266286,135.56207298020263,0.0012329094511150478,135.5569229994824
walk_forward,3,2021-02-11,2021-02-12,135.1300048828125,135.3699951171875,0.0017759951580194056,0.0,135.1300048828125,-0.0004029480094618011,135.0755545163264,0.0012709475687266286,135.30174803398035,0.001193073872078696,135.29122496097204
walk_forward,3,2021-02-12,2021-02-16,135.3699951171875,133.19000244140625,-0.016103957704172722,0.0,135.3699951171875,-0.0032160075700562183,134.93464418813215,0.0012709475687266286,135.54204328336024,-0.000150135063184153,135.34967133441734
walk_forward,3,2021-02-16,2021-02-17,133.19000244140625,130.83999633789062,-0.017644012767020212,0.0,133.19000244140625,-0.0029320570370017195,132.79948175748964,0.0012709475687266286,133.35927995118786,-0.0005616873763384307,133.11519129838044
walk_forward,3,2021-02-17,2021-02-18,130.83999633789062,129.7100067138672,-0.008636423537534132,0.0,130.83999633789062,-0.0037099550150465283,130.3545858373082,0.0012709475687266286,131.00628711312848,0.00036016910536288446,130.88712086231735
walk_forward,3,2021-02-18,2021-02-19,129.7100067138672,129.8699951171875,0.0012334314627955312,0.0,129.7100067138672,-0.004080498317256541,129.1807252497399,0.0012709475687266286,129.8748613315397,0.0007300980053301567,129.80470773104034
walk_forward,3,2021-02-19,2021-02-22,129.8699951171875,126.0,-0.029798993321709433,0.0,129.8699951171875,-0.004414578960987798,129.29667376907958,0.0012709475687266286,130.03505307173225,0.0010229054540936413,130.00283984351597
walk_forward,3,2021-02-22,2021-02-23,126.0,125.86000061035156,-0.0011111062670511318,0.0,126.0,-0.0034752549616866866,125.56211787482748,0.0012709475687266286,126.16013939365956,0.001218322080657806,126.15350858216289
walk_forward,3,2021-02-23,2021-02-24,125.86000061035156,125.3499984741211,-0.004052138358153767,0.0,125.86000061035156,-0.0024290216277367636,125.55428394680206,0.0012709475687266286,126.01996207212723,0.001930908075075899,126.10302470185913
walk_forward,3,2021-02-24,2021-02-25,125.3499984741211,120.98999786376953,-0.0347826139882379,0.0,125.3499984741211,-0.0022378343619441276,125.06948594026606,0.0012709475687266286,125.50931174992168,0.0012978614564687313,125.51268540570906
walk_forward,3,2021-02-25,2021-02-26,120.98999786376953,121.26000213623047,0.002231624739467808,0.0,120.98999786376953,-0.0020272376070991317,120.74472239001726,0.0012709475687266286,121.14376980739473,0.002362781700173797,121.27587081662612
walk_forward,3,2021-02-26,2021-03-01,121.26000213623047,127.79000091552734,0.05385121774911972,0.0,121.26000213623047,0.00039794865105002354,121.3082573905069,0.0012709475687266286,121.4141172411293,0.0033664220388202257,121.66821447984927
walk_forward,3,2021-03-01,2021-03-02,127.79000091552734,125.12000274658203,-0.02089363917220921,0.0,127.79000091552734,-0.0014266294849020016,127.6076919323456,0.0012709475687266286,127.95241530649852,0.00025154702459171297,127.8221461100302
walk_forward,3,2021-03-02,2021-03-03,125.12000274658203,122.05999755859375,-0.024456562666370862,0.0,125.12000274658203,-0.0036860886095313747,124.65879932963333,0.0012709475687266286,125.27902370987188,-0.0020714796756235243,124.86081920387853
walk_forward,3,2021-03-03,2021-03-04,122.05999755859375,120.12999725341797,-0.015811898605432195,0.0,122.05999755859375,-0.0009990883372912264,121.93804883858316,0.0012709475687266286,122.21512941572963,0.00019697805480037149,122.08404069948178
walk_forward,3,2021-03-04,2021-03-05,120.12999725341797,121.41999816894531,0.01073837463598748,0.0,120.12999725341797,0.002739897060574363,120.45914107977941,0.0012709475687266286,120.28267618135834,0.00084012751875693,120.23092176993875
walk_forward,3,2021-03-05,2021-03-08,121.41999816894531,116.36000061035156,-0.04167351041756073,0.0,121.41999816894531,-0.0011425985763216658,121.28126385190049,0.0012709475687266286,121.57431662041293,0.0005098930878826796,121.48190938674237
walk_forward,3,2021-03-08,2021-03-09,116.36000061035156,121.08999633789062,0.04064967087253768,0.0,116.36000061035156,-0.0033856542616646492,115.96604587839784,0.0012709475687266286,116.50788807022433,0.0005797741244291965,116.427463127824
walk_forward,3,2021-03-09,2021-03-10,121.08999633789062,119.9800033569336,-0.009166677797724065,0.0,121.08999633789062,-0.0032571185929190245,120.69559185940199,0.0012709475687266286,121.24389537433339,-0.0003903958102441481,121.04272331065783
walk_forward,3,2021-03-10,2021-03-11,119.9800033569336,121.95999908447266,0.016502714386902317,0.0,119.9800033569336,-0.002052339445242012,119.73376366340389,0.0012709475687266286,120.13249165049591,-0.0006671876334830813,119.89995418242859
walk_forward,3,2021-03-11,2021-03-12,121.95999908447266,121.02999877929688,-0.007625453527034254,0.0,121.95999908447266,-0.006632427702703294,121.15110820792313,-0.001359605784222046,121.7941815642737,-0.001785572936492722,121.74223061077275
walk_forward,3,2021-03-12,2021-03-15,121.02999877929688,123.98999786376953,0.0244567389434609,0.0,121.02999877929688,-0.0013789745665617884,120.86310148918922,0.0012709475687266286,121.18382156198842,0.001453256145764151,121.2058863688447
walk_forward,3,2021-03-15,2021-03-16,123.98999786376953,125.56999969482422,0.012742978129499427,0.0,123.98999786376953,-0.0019216879233185321,123.75172778226244,0.0012709475687266286,124.14758265010092,0.00033841343632521524,124.03195774501656
walk_forward,3,2021-03-16,2021-03-17,125.56999969482422,124.76000213623047,-0.006450565903976302,0.0,125.56999969482422,-9.719213697184843e-05,125.55779527821431,0.0012709475687266286,125.72959258064137,0.0013594096880842866,125.74070076894209
walk_forward,3,2021-03-17,2021-03-18,124.76000213623047,120.52999877929688,-0.033905124114334995,0.0,124.76000213623047,-0.0026905434615117334,124.42432992822464,0.0012709475687266286,124.91856555761984,0.0012287157039187252,124.9132967100762
walk_forward,3,2021-03-18,2021-03-19,120.52999877929688,119.98999786376953,-0.004480220036475302,0.0,120.52999877929688,-0.00042830705803500904,120.47837493011475,0.0012709475687266286,120.68318608820405,0.0006025341271560131,120.60262221690748
walk_forward,3,2021-03-19,2021-03-22,119.98999786376953,123.38999938964844,0.028335707862409354,0.0,119.98999786376953,-0.0004019207135776833,119.94177139820594,0.0012709475687266286,120.142498859826,0.0015064347015679147,120.17075496039257
walk_forward,3,2021-03-22,2021-03-23,123.38999938964844,122.54000091552734,-0.006888714468965329,0.0,123.38999938964844,-0.0022528462815963853,123.11202068833728,0.0012709475687266286,123.5468216093779,0.001011335302188004,123.51478805196815
walk_forward,3,2021-03-23,2021-03-24,122.54000091552734,120.08999633789062,-0.019993508726392273,0.0,122.54000091552734,-0.0033411150658706375,122.13058067229667,0.0012709475687266286,122.6957428317627,-0.00031904123811013485,122.50090560191724
walk_forward,3,2021-03-24,2021-03-25,120.08999633789062,120.58999633789062,0.0041635441356262515,0.0,120.08999633789062,-0.0023306107112486827,119.81011330611172,0.0012709475687266286,120.24262442676466,0.0007553969832488618,120.18071195884262
walk_forward,3,2021-03-25,2021-03-26,120.58999633789062,121.20999908447266,0.005141411107143501,0.0,120.58999633789062,-0.000275726715365135,120.55674645429448,0.0012709475687266286,120.74325990054903,0.001187962955782098,120.73325278637793
walk_forward,3,2021-03-26,2021-03-29,121.20999908447266,121.38999938964844,0.0014850285169158983,0.0,121.20999908447266,-0.0028218530051811897,120.86796228429812,0.0012709475687266286,121.36405063811443,0.001115952394376265,121.34526367317332
walk_forward,3,2021-03-29,2021-03-30,121.38999938964844,119.9000015258789,-0.012274469653688724,0.0,121.38999938964844,-0.0023641605215101924,121.10301394538529,0.0012709475687266286,121.54427971424045,0.0009476799153603114,121.50503825399561
walk_forward,3,2021-03-30,2021-03-31,119.9000015258789,122.1500015258789,0.018765637792876655,0.0,119.9000015258789,-0.00032438004759454135,119.86110835767737,0.0012709475687266286,120.05238814130855,0.0011181286213539517,120.03406514928538
walk_forward,3,2021-03-31,2021-04-01,122.1500015258789,123.0,0.006958644809685222,0.0,122.1500015258789,0.0010161851039921781,122.27412853788213,0.0012709475687266286,122.30524777333818,0.0006315971265954015,122.22715111585627
walk_forward,3,2021-04-01,2021-04-05,123.0,125.9000015258789,0.02357724817787732,0.0,123.0,-0.0011435469991060742,122.85934371910994,0.0012709475687266286,123.15632655095338,0.0013627233420932243,123.16761497107747
walk_forward,3,2021-04-05,2021-04-06,125.9000015258789,126.20999908447266,0.002462252222689809,0.0,125.9000015258789,-0.00045469077288693197,125.84275595687863,0.0012709475687266286,126.0600138267209,0.0017042455570208826,126.1145660441083
walk_forward,3,2021-04-06,2021-04-07,126.20999908447266,127.9000015258789,0.013390400551981152,0.0,126.20999908447266,0.0021129828916416392,126.47667865329227,0.0012709475687266286,126.37040537595807,0.0016224504701852882,126.41476855682936
walk_forward,3,2021-04-07,2021-04-08,127.9000015258789,130.36000061035156,0.019233769000189582,0.0,127.9000015258789,0.0011396822284105523,128.04576688463163,0.0012709475687266286,128.06255572185836,0.0017069358375095363,128.11831862210096
walk_forward,3,2021-04-08,2021-04-09,130.36000061035156,133.0,0.020251606146730827,0.0,130.36000061035156,0.0009167346940856024,130.47950614563212,0.0012709475687266286,130.5256813361865,0.0017500723230607044,130.58814003945392
walk_forward,3,2021-04-09,2021-04-12,133.0,131.24000549316406,-0.013233041404781432,0.0,133.0,-0.000658815319716177,132.91237756247776,0.0012709475687266286,133.16903602664064,0.0016647728016902443,133.2214147826248
walk_forward,3,2021-04-12,2021-04-13,131.24000549316406,134.42999267578125,0.024306515156183428,0.0,131.24000549316406,1.3049864795749771e-05,131.24171815749153,0.0012709475687266286,131.40680465906527,0.0014431346052106726,131.42940248667927
walk_forward,3,2021-04-13,2021-04-14,134.42999267578125,132.02999877929688,-0.017853113347054084,0.0,134.42999267578125,0.0006222732662779491,134.51364486640932,0.0012709475687266286,134.60084614813647,0.0017965285375374082,134.67149999392424
walk_forward,3,2021-04-14,2021-04-15,132.02999877929688,134.5,0.018707878842231906,0.0,132.02999877929688,-7.108606197255333e-05,132.0206132866214,0.0012709475687266286,132.1978019852444,0.0013651560448173618,132.21024033022766
walk_forward,3,2021-04-15,2021-04-16,134.5,134.16000366210938,-0.002527853813313219,0.0,134.5,-0.0009944916258135714,134.36624087632808,0.0012709475687266286,134.67094244799375,0.0018502093768307342,134.74885316118372
walk_forward,3,2021-04-16,2021-04-19,134.16000366210938,134.83999633789062,0.005068520104500429,0.0,134.16000366210938,0.0005481550720750985,134.2335441485864,0.0012709475687266286,134.3305139925841,0.001769656584071828,134.39742079590914
walk_forward,3,2021-04-19,2021-04-20,134.83999633789062,133.11000061035156,-0.012829989428388311,0.0,134.83999633789062,-0.0014529430370674608,134.6440815040933,0.0012709475687266286,135.0113709034034,0.0012639032036868463,135.01042104124718
walk_forward,3,2021-04-20,2021-04-21,133.11000061035156,133.5,0.002929902996470446,0.0,133.11000061035156,0.0006053356523867829,133.19057683941023,0.0012709475687266286,133.2791764420005,0.0011102472126301682,133.2577856175024
walk_forward,3,2021-04-21,2021-04-22,133.5,131.94000244140625,-0.011685374970739737,0.0,133.5,-0.0007178450876872391,133.40416768079376,0.0012709475687266286,133.669671500425,0.0011896848683009998,133.6588229299182
walk_forward,3,2021-04-22,2021-04-23,131.94000244140625,134.32000732421875,0.01803853902359487,0.0,131.94000244140625,0.0005223426423298441,132.00892033091048,0.0012709475687266286,132.10769126672696,0.0008669370158443144,132.0543861133933
walk_forward,3,2021-04-23,2021-04-26,134.32000732421875,134.72000122070312,0.002977917470767144,0.0,134.32000732421875,-0.00023663294002112417,134.28822278598196,0.0012709475687266286,134.49072101095882,0.0012909828909413656,134.49341215558542
walk_forward,3,2021-04-26,2021-04-27,134.72000122070312,134.38999938964844,-0.002449538509980198,0.0,134.72000122070312,-7.362885515183699e-05,134.71008194124718,0.0012709475687266286,134.89122327871343,0.0011616719050305383,134.87650166116688
walk_forward,3,2021-04-27,2021-04-28,134.38999938964844,133.5800018310547,-0.0060272160300057775,0.0,134.38999938964844,-0.00046916679024671033,134.32694806499356,0.0012709475687266286,134.5608020326339,0.0013454350474266365,134.57081240485093
walk_forward,3,2021-04-28,2021-04-29,133.5800018310547,133.47999572753906,-0.0007486607437100501,0.0,133.5800018310547,0.00026368648036973396,133.61522507158531,0.0012709475687266286,133.74977500961236,0.0013821287967081236,133.76462659824972
walk_forward,3,2021-04-29,2021-04-30,133.47999572753906,131.4600067138672,-0.015133271488823707,0.0,133.47999572753906,-0.00013958711895102507,133.46136363949788,0.0012709475687266286,133.64964180358263,0.0013518714055196608,133.660443516972
walk_forward,3,2021-04-30,2021-05-03,131.4600067138672,132.5399932861328,0.008215324183090233,0.0,131.4600067138672,-0.0013724338631499646,131.27958654900314,0.0012709475687266286,131.62708548978497,0.0011173100978597137,131.6068883068333
walk_forward,3,2021-05-03,2021-05-04,132.5399932861328,127.8499984741211,-0.035385506636376296,0.0,132.5399932861328,-0.0012129164374980012,132.37923334965018,0.0012709475687266286,132.70844466835888,0.0011435100474496323,132.69155410014443
walk_forward,3,2021-05-04,2021-05-05,127.8499984741211,128.10000610351562,0.0019554762016296134,0.0,127.8499984741211,-0.003900835968180612,127.35127660154141,0.0012709475687266286,128.0124891188435,0.0012417331915354861,128.00875406076418
walk_forward,3,2021-05-05,2021-05-06,128.10000610351562,129.74000549316406,0.01280249267375666,0.0,128.10000610351562,-0.004516234810323888,127.52147639674823,0.0012709475687266286,128.26281449482676,0.00011799028908840267,128.11512066026802
walk_forward,3,2021-05-06,2021-05-07,129.74000549316406,130.2100067138672,0.003622639130594907,0.0,129.74000549316406,-0.003643689245159316,129.26727323048172,0.0012709475687266286,129.9048982377122,0.0008476968785662339,129.84998569084578
walk_forward,3,2021-05-07,2021-05-10,130.2100067138672,126.8499984741211,-0.025804531652698692,0.0,130.2100067138672,-0.004992656738431774,129.55991284643596,0.0012709475687266286,130.37549680532408,-0.0004303103904662252,130.15397599503552
walk_forward,3,2021-05-10,2021-05-11,126.8499984741211,125.91000366210938,-0.007410286348592199,0.0,126.8499984741211,-0.0031636041185553057,126.44869529650963,0.0012709475687266286,127.01121817127476,0.0003204329549048174,126.89064539396185
walk_forward,3,2021-05-11,2021-05-12,125.91000366210938,122.7699966430664,-0.02493850311901713,0.0,125.91000366210938,-0.002389785298731381,125.60910578639445,0.0012709475687266286,126.0700286751421,0.0008187939337908101,126.0130980093115
walk_forward,3,2021-05-12,2021-05-13,122.7699966430664,124.97000122070312,0.017919724996269926,0.0,122.7699966430664,-0.0014427431259483382,122.59287107433691,0.0012709475687266286,122.9260308718125,0.0017897996126403778,122.98973033550203
walk_forward,3,2021-05-13,2021-05-14,124.97000122070312,127.44999694824219,0.019844728361323005,0.0,124.97000122070312,-0.003224425819610347,124.56704472209036,0.0012709475687266286,125.12883153991835,0.0003476351399437307,125.01344518456624
walk_forward,3,2021-05-14,2021-05-17,127.44999694824219,126.2699966430664,-0.009258535374112142,0.0,127.44999694824219,-0.0025216800624075593,127.1286088319839,0.0012709475687266286,127.61197921199778,-0.00012112730392557784,127.43455927372652
walk_forward,3,2021-05-17,2021-05-18,126.2699966430664,124.8499984741211,-0.011245729046459818,0.0,126.2699966430664,-0.003367414503073934,125.84479322506743,0.0012709475687266286,126.43047918830304,1.1054726262697806e-05,126.27139252331447
walk_forward,3,2021-05-18,2021-05-19,124.8499984741211,124.69000244140625,-0.0012815060846637083,0.0,124.8499984741211,-0.002285755613715347,124.56462188923652,0.0012709475687266286,125.00867627613731,0.00033326740125259093,124.89160690865896
walk_forward,3,2021-05-19,2021-05-20,124.69000244140625,127.30999755859375,0.021012070461853494,0.0,124.69000244140625,-0.0023573716997217515,124.39606175841264,0.0012709475687266286,124.84847689685368,0.0005741700526894193,124.76159570667787
walk_forward,3,2021-05-20,2021-05-21,127.30999755859375,125.43000030517578,-0.014767082628783457,0.0,127.30999755859375,-0.0026147930332087108,126.97710826391973,0.0012709475687266286,127.47180189046544,0.0010560210362406093,127.44443959413938
walk_forward,3,2021-05-21,2021-05-24,125.43000030517578,127.0999984741211,0.01331418452429367,0.0,125.43000030517578,-0.0027247633134034636,125.08823324194405,0.0012709475687266286,125.58941525910903,0.0003646131782754126,125.47573373623815
walk_forward,3,2021-05-24,2021-05-25,127.0999984741211,126.9000015258789,-0.0015735401309459052,0.0,127.0999984741211,-0.002393321307937751,126.79580733953412,0.0012709475687266286,127.26153590816695,0.0008615856796949249,127.20950601269566
walk_forward,3,2021-05-25,2021-05-26,126.9000015258789,126.8499984741211,-0.0003940350760958111,0.0,126.9000015258789,-0.0017498148993912866,126.67795001247615,0.0012709475687266286,127.06128477428963,0.000877147719253133,127.01131157279055
walk_forward,3,2021-05-26,2021-05-27,126.8499984741211,125.27999877929688,-0.012376820762394547,0.0,126.8499984741211,-0.004404786885465405,126.29125126442098,0.0012709475687266286,127.01121817127476,0.0009578812096108277,126.97150570409863
walk_forward,3,2021-05-27,2021-05-28,125.27999877929688,124.61000061035156,-0.005348005870638883,0.0,125.27999877929688,-0.0024481498718938116,124.97329456633449,0.0012709475687266286,125.4392230891555,0.0012816381232537359,125.4405624018136
walk_forward,3,2021-05-28,2021-06-01,124.61000061035156,124.27999877929688,-0.002648277260559384,0.0,124.61000061035156,-0.0024953371893833287,124.29905664165948,0.0012709475687266286,124.76837338766632,0.0011702960172248597,124.75583119777224
walk_forward,3,2021-06-01,2021-06-02,124.27999877929688,125.05999755859375,0.006276140867059743,0.0,124.27999877929688,-0.003283289063962018,123.8719516184356,0.0012709475687266286,124.43795214158678,0.0007660846764165081,124.37520778194677
walk_forward,3,2021-06-02,2021-06-03,125.05999755859375,123.54000091552734,-0.012154139395007202,0.0,125.05999755859375,-0.004225688528753126,124.5315329615045,0.0012709475687266286,125.21894225843582,0.001143733475943802,125.20303286430297
walk_forward,3,2021-06-03,2021-06-04,123.54000091552734,125.88999938964844,0.019022166559055975,0.0,123.54000091552734,-0.004258379031115022,123.01392076612473,0.0012709475687266286,123.69701377933143,0.0010392143448843128,123.66838545664578
walk_forward,3,2021-06-04,2021-06-07,125.88999938964844,125.9000015258789,7.945139629006448e-05,0.0,125.88999938964844,-0.0013223476447622852,125.72352904545642,0.0012709475687266286,126.04999897829971,0.0011475028474538698,126.03445852241403
walk_forward,3,2021-06-07,2021-06-08,125.9000015258789,126.73999786376953,0.006671932706195927,0.0,125.9000015258789,-0.0014207396709193583,125.72113039914228,0.0012709475687266286,126.0600138267209,0.001157111180243283,126.04568182523715
walk_forward,3,2021-06-08,2021-06-09,126.73999786376953,127.12999725341797,0.003077161087438496,0.0,126.73999786376953,-0.0006115930259150085,126.66248456497158,0.0012709475687266286,126.90107775591491,0.0011189216938537337,126.88180999685827
walk_forward,3,2021-06-09,2021-06-10,127.12999725341797,126.11000061035156,-0.008023257021182562,0.0,127.12999725341797,0.0015981610445014794,127.33317146261597,0.0012709475687266286,127.29157281433943,0.0013203989671980608,127.29785957049128
walk_forward,3,2021-06-10,2021-06-11,126.11000061035156,127.3499984741211,0.009832668763525065,0.0,126.11000061035156,-0.0005861794758395061,126.03607751629566,0.0012709475687266286,126.27027980901941,0.0012589919378733741,126.2687720844052
walk_forward,3,2021-06-11,2021-06-14,127.3499984741211,130.47999572753906,0.024577913552578545,0.0,127.3499984741211,0.0005820109388225032,127.42411756629207,0.0012709475687266286,127.51185364505913,0.0013371473699785696,127.52028418964754
walk_forward,3,2021-06-14,2021-06-15,130.47999572753906,129.63999938964844,-0.006437740384699686,0.0,130.47999572753906,0.0025546221826968476,130.81332281902283,0.0012709475687266286,130.64582896087646,0.0018010708870426528,130.71499944918537
walk_forward,3,2021-06-15,2021-06-16,129.63999938964844,130.14999389648438,0.003933928642679829,0.0,129.63999938964844,0.0005401449468789997,129.71002378023215,0.0012709475687266286,129.80476503168245,0.0010272134820155437,129.77316734482997
walk_forward,3,2021-06-16,2021-06-17,130.14999389648438,131.7899932861328,0.012600841079968284,0.0,130.14999389648438,0.0015648447405865876,130.35365842992064,0.0012709475687266286,130.31540771479692,0.00155088268435357,130.35184126838715
walk_forward,3,2021-06-17,2021-06-18,131.7899932861328,130.4600067138672,-0.010091711359132227,0.0,131.7899932861328,0.0015450718107093292,131.9936182896928,0.0012709475687266286,131.95749145768232,0.001718283964063252,132.01644591822037
walk_forward,3,2021-06-18,2021-06-21,130.4600067138672,132.3000030517578,0.014103911108376721,0.0,130.4600067138672,-3.278019343092996e-05,130.4557302096121,0.0012709475687266286,130.62581454221623,0.001251752757228038,130.62331038697926
walk_forward,3,2021-06-21,2021-06-22,132.3000030517578,133.97999572753906,0.012698357044814257,0.0,132.3000030517578,0.0008330243281521701,132.41021217291456,0.0012709475687266286,132.46814941897898,0.001704586792018626,132.52551988954386
walk_forward,3,2021-06-22,2021-06-23,133.97999572753906,133.6999969482422,-0.002089855114387973,0.0,133.97999572753906,0.0013129737047843976,134.15590793889643,0.0012709475687266286,134.150277277367,0.0015628671015395245,134.18938865512604
walk_forward,3,2021-06-23,2021-06-24,133.6999969482422,133.41000366210938,-0.0021689849869261923,0.0,133.6999969482422,-0.0003386201977636156,133.6547234288346,0.0012709475687266286,133.86992263430233,0.0011515856240682893,133.85396394266576
walk_forward,3,2021-06-24,2021-06-25,133.41000366210938,133.11000061035156,-0.00224872980678148,0.0,133.41000366210938,0.0002764490519756716,133.44688473114584,0.0012709475687266286,133.57956078190756,0.0016389511057236504,133.62865613512596
walk_forward,3,2021-06-25,2021-06-28,133.11000061035156,134.77999877929688,0.012546000760933262,0.0,133.11000061035156,0.000229405041542094,133.14053671557124,0.0012709475687266286,133.2791764420005,0.0014526771284137266,133.30336646380135
walk_forward,3,2021-06-28,2021-06-29,134.77999877929688,136.3300018310547,0.011500245331623304,0.0,134.77999877929688,0.0004037967431585953,134.83442250384687,0.0012709475687266286,134.95129709105842,0.0015838391750145854,134.99346862137193
walk_forward,3,2021-06-29,2021-06-30,136.3300018310547,136.9600067138672,0.0046211756352296796,0.0,136.3300018310547,-0.0004130931682565771,136.27368483866988,0.0012709475687266286,136.50327011542637,0.0016982194395949442,136.56152009036418
walk_forward,3,2021-06-30,2021-07-01,136.9600067138672,137.27000427246094,0.002263416642797056,0.0,136.9600067138672,-0.0005946933141904086,136.87855751356298,0.0012709475687266286,137.13407570141297,0.0017279770201534513,137.19667045814882
walk_forward,3,2021-07-01,2021-07-02,137.27000427246094,139.9600067138672,0.01959643299833358,0.0,137.27000427246094,0.00010070838417309343,137.28382851278664,0.0012709475687266286,137.44446725065012,0.0017897376960421063,137.5156815736432
walk_forward,3,2021-07-02,2021-07-06,139.9600067138672,142.02000427246094,0.01471847284778427,0.0,139.9600067138672,-0.00037128020876826535,139.90804233335524,0.0012709475687266286,140.13788854411914,0.0017992581558345289,140.21183089743778
walk_forward,3,2021-07-06,2021-07-07,142.02000427246094,144.57000732421875,0.01795523852305836,0.0,142.02000427246094,-0.0006517824799203117,141.92743812187794,0.0012709475687266286,142.2005042516016,0.0017382042884196167,142.2668640529287
walk_forward,3,2021-07-07,2021-07-08,144.57000732421875,143.24000549316406,-0.009199707848613237,0.0,144.57000732421875,-0.0004617738675901119,144.50324867279912,0.0012709475687266286,144.75374822353828,0.0017357932639589482,144.82095096910263
walk_forward,3,2021-07-08,2021-07-09,143.24000549316406,145.11000061035156,0.013054977977341231,0.0,143.24000549316406,0.0002899585245433507,143.28153915381242,0.0012709475687266286,143.42205602989,0.0017281804924748157,143.48755007639934
walk_forward,3,2021-07-09,2021-07-12,145.11000061035156,144.5,-0.004203711720665804,0.0,145.11000061035156,-0.00042321147582210475,145.0485883928367,0.0012709475687266286,145.2944278128252,0.0018169061257717733,145.37365185937125
walk_forward,3,2021-07-12,2021-07-13,144.5,145.63999938964844,0.007889269132515198,0.0,144.5,-0.0006801518924594598,144.4017180515396,0.0012709475687266286,144.683651923681,0.0017340403783900693,144.75056883467738
walk_forward,3,2021-07-13,2021-07-14,145.63999938964844,149.14999389648438,0.024100484218248397,0.0,145.63999938964844,-0.0015109841957651235,145.41993965229943,0.0012709475687266286,145.82510019278206,0.0017493459449614164,145.8947741320049
walk_forward,3,2021-07-14,2021-07-15,149.14999389648438,148.47999572753906,-0.004492109932034749,0.0,149.14999389648438,-0.00023310194972352822,149.11522674210585,0.0012709475687266286,149.33955571860272,0.0014970912647238276,149.37328504948042
walk_forward,3,2021-07-15,2021-07-16,148.47999572753906,146.38999938964844,-0.014075945568625792,0.0,148.47999572753906,-0.002168222389676946,148.15805807638347,0.0012709475687266286,148.66870601711352,0.0016868991238908925,148.7304665022472
walk_forward,3,2021-07-16,2021-07-19,146.38999938964844,142.4499969482422,-0.026914423511397723,0.0,146.38999938964844,-0.0007962999138396703,146.27342904574746,0.0012709475687266286,146.57605340345862,0.0012865757500061948,146.5783412129066
walk_forward,3,2021-07-19,2021-07-20,142.4499969482422,146.14999389648438,0.025974005107115117,0.0,142.4499969482422,0.00121054443127434,142.62243899878294,0.0012709475687266286,142.63104342552867,0.0013313177094604034,142.639643151892
walk_forward,3,2021-07-20,2021-07-21,146.14999389648438,145.39999389648438,-0.005131714206784155,0.0,146.14999389648438,9.931796105277905e-05,146.16450921588603,0.0012709475687266286,146.33574287589653,0.0013633113252629182,146.34924183835057
walk_forward,3,2021-07-21,2021-07-22,145.39999389648438,146.8000030517578,0.009628674099327439,0.0,145.39999389648438,-0.0006434246449409133,145.30643995703713,0.0012709475687266286,145.58478966522,0.001107561719001405,145.56103336366718
walk_forward,3,2021-07-22,2021-07-23,146.8000030517578,148.55999755859375,0.011989063148829748,0.0,146.8000030517578,-0.001620820663771608,146.5620665733698,0.0012709475687266286,146.9865781587255,0.0011296196125429646,146.96583121432644
walk_forward,3,2021-07-23,2021-07-26,148.55999755859375,148.99000549316406,0.002894506876931713,0.0,148.55999755859375,0.0013625201116201629,148.76241354304958,0.0012709475687266286,148.7488095263009,0.0012626681636028585,148.7475795378959
walk_forward,3,2021-07-26,2021-07-27,148.99000549316406,146.77000427246094,-0.014900336524955593,0.0,148.99000549316406,-0.0019632235910250788,148.69750479955292,0.0012709475687266286,149.17936397841018,0.0013933768978908875,149.19760472483486
walk_forward,3,2021-07-27,2021-07-28,146.77000427246094,144.97999572753906,-0.012196010716187922,0.0,146.77000427246094,-0.0004428236567862768,146.70501104246247,0.0012709475687266286,146.95654125255302,0.0013571325798368051,146.96919062700186
walk_forward,3,2021-07-28,2021-07-29,144.97999572753906,145.63999938964844,0.0045523774421245555,0.0,144.97999572753906,0.000740224211991116,145.08731343063096,0.0012709475687266286,145.16425770062298,0.0012343072483342295,145.15894558712904
walk_forward,3,2021-07-29,2021-07-30,145.63999938964844,145.86000061035156,0.001510582406104799,0.0,145.63999938964844,0.0004879365380664821,145.71106246675464,0.0012709475687266286,145.82510019278206,0.0007718101121288864,145.75240581390779
walk_forward,3,2021-07-30,2021-08-02,145.86000061035156,145.52000427246094,-0.002330977214232255,0.0,145.86000061035156,-0.0024502689482043902,145.50260438007095,0.0012709475687266286,146.04538102350176,0.0010391847580594276,146.0115760997964
walk_forward,3,2021-08-02,2021-08-03,145.52000427246094,147.36000061035156,0.012644284523559701,0.0,145.52000427246094,-0.004167781821750649,144.9135086439531,0.0012709475687266286,145.70495256809212,0.0010759076977984716,145.67657036524133
walk_forward,3,2021-08-03,2021-08-04,147.36000061035156,146.9499969482422,-0.00278232668574363,0.0,147.36000061035156,-0.0014030303733591923,147.153250053677,0.0012709475687266286,147.54728744485485,0.0013149955755936233,147.55377835917363
walk_forward,3,2021-08-04,2021-08-05,146.9499969482422,147.05999755859375,0.0007485580989179397,0.0,146.9499969482422,-0.002723587815295636,146.54976572709623,0.0012709475687266286,147.13676268958795,0.001172198784600756,147.122251556062
walk_forward,3,2021-08-05,2021-08-06,147.05999755859375,146.13999938964844,-0.006255937605185613,0.0,147.05999755859375,-0.0025071289252914927,146.6912991849613,0.0012709475687266286,147.2469031049478,0.0012818433411804996,147.24850543721826
walk_forward,3,2021-08-06,2021-08-09,146.13999938964844,146.08999633789062,-0.0003421585600564825,0.0,146.13999938964844,-0.0019494729712242183,145.8551034108236,0.0012709475687266286,146.32573566656643,0.0012814425512662556,146.32726940330835
walk_forward,3,2021-08-09,2021-08-10,146.08999633789062,145.60000610351562,-0.00335403002709167,0.0,146.08999633789062,-0.002136920501511993,145.77781362965038,0.0012709475687266286,146.27566906355156,0.0011150250330923344,146.25289034089172
walk_forward,3,2021-08-10,2021-08-11,145.60000610351562,145.86000061035156,0.00178567648308392,0.0,145.60000610351562,-0.00355035053616346,145.0830750437806,0.0012709475687266286,145.78505607727948,0.001168415223558417,145.77012736719718
walk_forward,3,2021-08-11,2021-08-12,145.86000061035156,148.88999938964844,0.020773335846824503,0.0,145.86000061035156,-0.003975365934285675,145.28015373275028,0.0012709475687266286,146.04538102350176,0.001111245432820643,146.02208686986103
walk_forward,3,2021-08-12,2021-08-13,148.88999938964844,149.10000610351562,0.0014104823341263284,0.0,148.88999938964844,0.0003636761739431052,148.94414713496488,0.0012709475687266286,149.07923077238044,0.0014300743954687735,149.10292316551693
walk_forward,3,2021-08-13,2021-08-16,149.10000610351562,151.1199951171875,0.013547880154139325,0.0,149.10000610351562,-0.0004255874432912974,149.03655101312333,0.0012709475687266286,149.28950439377002,0.0012944228558620975,149.29300455922518
walk_forward,3,2021-08-16,2021-08-17,151.1199951171875,150.19000244140625,-0.006154001494375949,0.0,151.1199951171875,0.0009553168659730759,151.26436259730872,0.0012709475687266286,151.31206070756767,0.0016488727121878233,151.36917275340218
walk_forward,3,2021-08-17,2021-08-18,150.19000244140625,146.36000061035156,-0.025501043803157875,0.0,150.19000244140625,0.0010022590170139709,150.34053172561852,0.0012709475687266286,150.3808860598562,0.0014890453372741772,150.41364216424682
walk_forward,3,2021-08-18,2021-08-19,146.36000061035156,146.6999969482422,0.002323014050784167,0.0,146.36000061035156,-0.0018816619514635646,146.08460056598688,0.0012709475687266286,146.54601649728613,0.0012424354474868653,146.54184346320406
walk_forward,3,2021-08-19,2021-08-20,146.6999969482422,148.19000244140625,0.010156820205591055,0.0,146.6999969482422,-0.0008209058288666709,146.57957006565266,0.0012709475687266286,146.88644495269577,0.0012654999071855513,146.8856457807643
walk_forward,3,2021-08-20,2021-08-23,148.19000244140625,149.7100067138672,0.010257131030562805,0.0,148.19000244140625,-0.0011916998354874711,148.01340443987593,0.0012709475687266286,148.37834416471875,0.0011261843142364024,148.35689169768244
walk_forward,3,2021-08-23,2021-08-24,149.7100067138672,149.6199951171875,-0.0006012396810035625,0.0,149.7100067138672,-0.0009692259097498072,149.5649038964113,0.0012709475687266286,149.90028028291422,0.0007094953282433047,149.81622526422197
walk_forward,3,2021-08-24,2021-08-25,149.6199951171875,148.36000061035156,-0.008421297606974743,0.0,149.6199951171875,-0.0003925168868643696,149.56126674249143,0.0012709475687266286,149.81015428621458,0.0012771707732334937,149.81108540204252
walk_forward,3,2021-08-25,2021-08-26,148.36000061035156,147.5399932861328,-0.005527145597501004,0.0,148.36000061035156,-0.001521476128704192,148.13427441096837,0.0012709475687266286,148.5485583924236,0.0012820633811022714,148.55020753435443
walk_forward,3,2021-08-26,2021-08-27,147.5399932861328,148.60000610351562,0.007184579541948732,0.0,147.5399932861328,-0.0012480339196237666,147.35585837001065,0.0012709475687266286,147.72750888188978,0.0012693302013018512,147.72727025551077
walk_forward,3,2021-08-27,2021-08-30,148.60000610351562,153.1199951171875,0.03041715227469921,0.0,148.60000610351562,-0.001076614479943933,148.44002118522482,0.0012709475687266286,148.78886891998567,0.001298402955493616,148.7929487906268
walk_forward,3,2021-08-30,2021-08-31,153.1199951171875,151.8300018310547,-0.008424721311841354,0.0,153.1199951171875,0.0022495291504610222,153.46444300972206,0.0012709475687266286,153.31460260270512,0.0016157568033550542,153.3673997910278
walk_forward,3,2021-08-31,2021-09-01,151.8300018310547,152.50999450683594,0.004478644981759983,0.0,151.8300018310547,0.0006232695278361189,151.9246328446073,0.0012709475687266286,152.02296980274164,0.0013195730064172692,152.03035260303523
walk_forward,3,2021-09-01,2021-09-02,152.50999450683594,153.64999389648438,0.007474915944589711,0.0,152.50999450683594,0.00042485977905047114,152.5747898694051,0.0012709475687266286,152.70382671356091,0.0016058485936109145,152.75490246702637
walk_forward,3,2021-09-02,2021-09-03,153.64999389648438,154.3000030517578,0.0042304535053308,0.0,153.64999389648438,0.001553389535492945,153.8886721891317,0.0012709475687266286,153.84527498266198,0.0016509813557001561,153.9036671717109
walk_forward,3,2021-09-03,2021-09-07,154.3000030517578,156.69000244140625,0.01548930228372547,0.0,154.3000030517578,-4.70758323573284e-05,154.29273925068142,0.0012709475687266286,154.49611026549096,0.0015490157135496835,154.53901618108574
walk_forward,3,2021-09-07,2021-09-08,156.69000244140625,155.11000061035156,-0.010083616098260806,0.0,156.69000244140625,0.0010373052174610239,156.8525377984627,0.0012709475687266286,156.88914721905294,0.0017888601432864799,156.97029894162515
walk_forward,3,2021-09-08,2021-09-09,155.11000061035156,154.07000732421875,-0.006704875778740793,0.0,155.11000061035156,-0.00027780317778737496,155.0669105592754,0.0012709475687266286,155.30713728851248,0.0015094036915935883,155.34412421787593
walk_forward,3,2021-09-09,2021-09-10,154.07000732421875,148.97000122070312,-0.03310187486902216,0.0,154.07000732421875,-0.0007149233141311804,153.95985908397432,0.0012709475687266286,154.26582222544118,0.0008128566097285471,154.19524414803317
walk_forward,3,2021-09-10,2021-09-13,148.97000122070312,149.5500030517578,0.003893413615506436,0.0,148.97000122070312,-0.0015392887658908763,148.74069337136936,0.0012709475687266286,149.1593342815678,0.00147622198305594,149.189914011321
walk_forward,3,2021-09-13,2021-09-14,149.5500030517578,148.1199951171875,-0.009562072252685905,0.0,149.5500030517578,-0.0021761460350430938,149.22456040557606,0.0012709475687266286,149.74007326453952,0.0010994343731381754,149.71442346561582
walk_forward,3,2021-09-14,2021-09-15,148.1199951171875,149.02999877929688,0.006143692223250508,0.0,148.1199951171875,-0.0019284009797012525,147.83436037349017,0.0012709475687266286,148.3082478648615,0.0010032043380774306,148.26858973884507
walk_forward,3,2021-09-15,2021-09-16,149.02999877929688,148.7899932861328,-0.0016104508832446296,0.0,149.02999877929688,-0.0036804283874695524,148.481504541205,0.0012709475687266286,149.21940809391276,0.000465963222389426,149.09944127776075
walk_forward,3,2021-09-16,2021-09-17,148.7899932861328,146.05999755859375,-0.018347979371765355,0.0,148.7899932861328,-0.001965154569771592,148.49759795089028,0.0012709475687266286,148.97909756635067,0.0011954080269523093,148.96785803843724
walk_forward,3,2021-09-17,2021-09-20,146.05999755859375,142.94000244140625,-0.02136105141269684,0.0,146.05999755859375,-0.0038379751462978024,145.49942291809555,0.0012709475687266286,146.24563215737908,0.0010965204634734934,146.22015533481164
walk_forward,3,2021-09-20,2021-09-21,142.94000244140625,143.42999267578125,0.003427943374884501,0.0,142.94000244140625,-0.0016534470361373713,142.70365871802403,0.0012709475687266286,143.12167168998295,0.0011897191410334975,143.11006089833018
walk_forward,3,2021-09-21,2021-09-22,143.42999267578125,145.85000610351562,0.016872436389261614,0.0,143.42999267578125,-0.0011646411826202816,143.2629481994881,0.0012709475687266286,143.61228467625503,0.0016140592973765374,143.66149718898225
walk_forward,3,2021-09-22,2021-09-23,145.85000610351562,146.8300018310547,0.0067192025130498045,0.0,145.85000610351562,-0.002084133093481138,145.54603527911087,0.0012709475687266286,146.03537381417166,0.00045127316335632605,145.9158242971455
walk_forward,3,2021-09-23,2021-09-24,146.8300018310547,146.9199981689453,0.0006129288072487249,0.0,146.8300018310547,-0.002622452304152429,146.44494715443412,0.0012709475687266286,147.016615064898,3.0216291611849875e-05,146.8344384892074
walk_forward,3,2021-09-24,2021-09-27,146.9199981689453,145.3699951171875,-0.010549980064493591,0.0,146.9199981689453,-0.003142216632553693,146.4583437070441,0.0012709475687266286,147.10672578341547,0.0005219693275979856,146.99668590160024
walk_forward,3,2021-09-27,2021-09-28,145.3699951171875,141.91000366210938,-0.0238012765446467,0.0,145.3699951171875,-0.0026104673299218685,144.99051149418318,0.0012709475687266286,145.5547527590475,0.0003716858297409633,145.42402708444206
walk_forward,3,2021-09-28,2021-09-29,141.91000366210938,142.8300018310547,0.006482969101571312,0.0,141.91000366210938,-0.0025763543101271057,141.54439321252434,0.0012709475687266286,142.09036383624172,0.0001536412983640484,141.93180689932288
walk_forward,3,2021-09-29,2021-09-30,142.8300018310547,141.5,-0.009311781936598096,0.0,142.8300018310547,-0.002325838316827017,142.49780234000355,0.0012709475687266286,143.0115312746231,0.0005074151040756162,142.9024759312989
walk_forward,3,2021-09-30,2021-10-01,141.5,142.64999389648438,0.00812716534617941,0.0,141.5,-0.003066697825463471,141.06606225769693,0.0012709475687266286,141.67983908097483,0.00011645652009446376,141.51647859759336
walk_forward,3,2021-10-01,2021-10-04,142.64999389648438,139.13999938964844,-0.02460564077824645,0.0,142.64999389648438,-0.004425031769278526,142.01876314160504,0.0012709475687266286,142.831294559406,-0.00023680702489835054,142.61621337582798
walk_forward,3,2021-10-04,2021-10-05,139.13999938964844,141.11000061035156,0.014158410445197056,0.0,139.13999938964844,-0.003941370602717408,138.59159708639197,0.0012709475687266286,139.31683903358535,0.00032769350374848503,139.18559466355998
walk_forward,3,2021-10-05,2021-10-06,141.11000061035156,142.0,0.00630713192402288,0.0,141.11000061035156,-0.004686494292843183,140.44868939782805,0.0012709475687266286,141.28934402255032,0.000170687612401227,141.1340863394417
walk_forward,3,2021-10-06,2021-10-07,142.0,143.2899932861328,0.009084459761498742,0.0,142.0,-0.0029348337963604728,141.5832536009168,0.0012709475687266286,142.1804745547592,0.0005658182761113253,142.0803461952078
walk_forward,3,2021-10-07,2021-10-08,143.2899932861328,142.89999389648438,-0.00272174895611621,0.0,143.2899932861328,-0.003945916236744356,142.72458297506208,0.0012709475687266286,143.47210735472268,0.0009818493288529472,143.43068246987215
walk_forward,3,2021-10-08,2021-10-11,142.89999389648438,142.80999755859375,-0.0006297854565047167,0.0,142.89999389648438,-0.0009396775328723995,142.76571398277224,0.0012709475687266286,143.08161229629818,0.001131211048582402,143.06164394842244
walk_forward,3,2021-10-11,2021-10-12,142.80999755859375,141.50999450683594,-0.009103025516294383,0.0,142.80999755859375,-0.002408020337969651,142.46610818000727,0.0012709475687266286,142.99150157778072,0.00127083016394861,142.99148481120463
walk_forward,3,2021-10-12,2021-10-13,141.50999450683594,140.91000366210938,-0.004239918507647045,0.0,141.50999450683594,-0.0028437942221471064,141.10756920208132,0.0012709475687266286,141.68984629030493,0.0013688055048416345,141.703694166307
walk_forward,3,2021-10-13,2021-10-14,140.91000366210938,143.75999450683594,0.02022561046524851,0.0,140.91000366210938,-0.0033485179298079586,140.4381639883575,0.0012709475687266286,141.089092888673,0.00029647072487322607,140.95177935303695
walk_forward,3,2021-10-14,2021-10-15,143.75999450683594,144.83999633789062,0.007512533892058082,0.0,143.75999450683594,-0.0014875771829302284,143.54614041918938,0.0012709475687266286,143.94270592233457,0.0007792960908247737,143.8720261085721
walk_forward,3,2021-10-15,2021-10-18,144.83999633789062,146.5500030517578,0.01180617755525204,0.0,144.83999633789062,-0.0012643763745236907,144.65686406843488,0.0012709475687266286,145.02408037909066,0.0010947767832486992,144.99856380316717
walk_forward,3,2021-10-18,2021-10-19,146.5500030517578,148.75999450683594,0.01508011879261173,0.0,146.5500030517578,-0.0015383862537506792,146.32455254157586,0.0012709475687266286,146.73626042183332,0.0013617532795607576,146.74956799903316
walk_forward,3,2021-10-19,2021-10-20,148.75999450683594,149.25999450683594,0.003361118704377386,0.0,148.75999450683594,0.0003542951978053358,148.81269945851525,0.0012709475687266286,148.9490606601782,0.001703180921375694,149.01335969134394
walk_forward,3,2021-10-20,2021-10-21,149.25999450683594,149.47999572753906,0.0014739463272126496,0.0,149.25999450683594,-0.0004472969327676379,149.1932309691081,0.0012709475687266286,149.44969613396256,0.0016630715476140263,149.5082245568973
walk_forward,3,2021-10-21,2021-10-22,149.47999572753906,148.69000244140625,-0.005284943194491021,0.0,149.47999572753906,0.0005829387816504866,149.5671334141296,0.0012709475687266286,149.66997696468226,0.0016827536468964814,149.73153373548763
walk_forward,3,2021-10-22,2021-10-25,148.69000244140625,148.63999938964844,-0.0003362906109138919,0.0,148.69000244140625,0.000552560288055934,148.7721626319863,0.0012709475687266286,148.87897963850313,0.0015413502109620759,148.91918580803724
walk_forward,3,2021-10-25,2021-10-26,148.63999938964844,149.32000732421875,0.004574865025313457,0.0,148.63999938964844,0.00024133850718547072,148.6758719452092,0.0012709475687266286,148.82891303548826,0.0012690671488679965,148.82863352988159
walk_forward,3,2021-10-26,2021-10-27,149.32000732421875,148.85000610351562,-0.0031476104851951847,0.0,149.32000732421875,-0.0009199581755633534,149.18263916270567,0.0012709475687266286,149.50978522448972,0.001645101454561506,149.56565388546295
walk_forward,3,2021-10-27,2021-10-28,148.85000610351562,152.57000732421875,0.02499160946030532,0.0,148.85000610351562,-0.0018993297754192294,148.5672908548519,0.0012709475687266286,149.03918665687783,0.001240521926130536,149.0346577997917
walk_forward,3,2021-10-28,2021-10-29,152.57000732421875,149.8000030517578,-0.0181556278395828,0.0,152.57000732421875,-0.00031244613476470013,152.52233741514928,0.0012709475687266286,152.76391580408807,0.0016926882839008303,152.82826078809111
walk_forward,3,2021-10-29,2021-11-01,149.8000030517578,148.9600067138672,-0.005607452074619768,0.0,149.8000030517578,-0.000675508358563465,149.6988118975835,0.0012709475687266286,149.9903910014317,0.0012381268422210145,149.98547445650098
walk_forward,3,2021-11-01,2021-11-02,148.9600067138672,150.02000427246094,0.007115987586049588,0.0,148.9600067138672,-0.000509307754270244,148.88414022737166,0.0012709475687266286,149.1493270722377,0.001316339896497913,149.15608871368724
walk_forward,3,2021-11-02,2021-11-03,150.02000427246094,151.49000549316406,0.009798701365408391,0.0,150.02000427246094,0.0015520761100898696,150.25284673712778,0.0012709475687266286,150.21067183215138,0.0013913254963748346,150.2287309293715
walk_forward,3,2021-11-03,2021-11-04,151.49000549316406,150.9600067138672,-0.003498572579567205,0.0,151.49000549316406,-0.0004767048898788827,151.4177894667777,0.0012709475687266286,151.682541347332,0.0011789170853819114,151.66859964890457
walk_forward,3,2021-11-04,2021-11-05,150.9600067138672,151.27999877929688,0.0021197141706292832,0.0,150.9600067138672,-0.0001666130815500145,150.93485480195778,0.0012709475687266286,151.15186896737515,0.001199891907595499,151.14114240429373
walk_forward,3,2021-11-05,2021-11-08,151.27999877929688,150.44000244140625,-0.005552593499925207,0.0,151.27999877929688,-0.00034483909624151627,151.22783152123841,0.0012709475687266286,151.4722677259424,0.0011799186381587052,151.4584968694372
walk_forward,3,2021-11-08,2021-11-09,150.44000244140625,150.80999755859375,0.0024594197765426262,0.0,150.44000244140625,-0.00015945229793747008,150.41601443731525,0.0012709475687266286,150.6312037967484,0.000920630506658872,150.57850209707564
walk_forward,3,2021-11-09,2021-11-10,150.80999755859375,147.9199981689453,-0.01916318172822462,0.0,150.80999755859375,-0.001107898624308573,150.6429153697666,0.0012709475687266286,151.00166915833051,0.0011995932408226074,150.9909082123135
walk_forward,3,2021-11-10,2021-11-11,147.9199981689453,147.8699951171875,-0.0003380411869712274,0.0,147.9199981689453,-0.0022333745084627222,147.58963741574294,0.0012709475687266286,148.10799673098418,0.0012606381462639976,148.1064717612324
walk_forward,3,2021-11-11,2021-11-12,147.8699951171875,149.99000549316406,0.014336988205730705,0.0,147.8699951171875,-0.0021270592772374367,147.55546687224845,0.0012709475687266286,148.0579301279693,0.0010699314199405724,148.02820587102983
walk_forward,3,2021-11-12,2021-11-15,149.99000549316406,150.0,6.663448543164918e-05,0.0,149.99000549316406,-0.0015732188177509587,149.75403839404765,0.0012709475687266286,150.1806349259789,0.001287237617405511,150.18307827046974
walk_forward,3,2021-11-15,2021-11-16,150.0,151.0,0.006666666666666599,0.0,150.0,-0.003653168572593005,149.45202471411105,0.0012709475687266286,150.190642135309,0.0009431181462394746,150.1414677219359
walk_forward,3,2021-11-16,2021-11-17,151.0,153.49000549316406,0.016490102603735624,0.0,151.0,-0.0009610900788284509,150.8548753980969,0.0012709475687266286,151.19191308287773,0.0012827581513143779,151.19369648084847
walk_forward,3,2021-11-17,2021-11-18,153.49000549316406,157.8699951171875,0.02853599235957094,0.0,153.49000549316406,0.0018563811320715638,153.77494144332312,0.0012709475687266286,153.68508324246946,0.0016117471719785026,153.73739257544463
walk_forward,3,2021-11-18,2021-11-19,157.8699951171875,160.5500030517578,0.016976043690765552,0.0,157.8699951171875,0.0015968594401768804,158.12209130921107,0.0012709475687266286,158.0706396036566,0.0017543058525984316,158.14694737357127
walk_forward,3,2021-11-19,2021-11-22,160.5500030517578,161.02000427246094,0.002927444483147079,0.0,160.5500030517578,0.0008480613252581503,160.6861593001161,0.0012709475687266286,160.7540536877955,0.0017383450569990325,160.829094355964
walk_forward,3,2021-11-22,2021-11-23,161.02000427246094,161.41000366210938,0.0024220555167078217,0.0,161.02000427246094,0.0002982274840644466,161.06802486321914,0.0012709475687266286,161.2246522554074,0.0016689904616499426,161.28874512372653
walk_forward,3,2021-11-23,2021-11-24,161.41000366210938,161.94000244140625,0.003283555958565998,0.0,161.41000366210938,0.0010439404578553547,161.57850609523481,0.0012709475687266286,161.6151473138319,0.0016270793005562793,161.67263053797072
walk_forward,3,2021-11-24,2021-11-26,161.94000244140625,156.80999755859375,-0.031678429081589354,0.0,161.94000244140625,-0.0006528391382943255,161.83428166975702,0.0012709475687266286,162.14581969378875,0.0017797818007255174,162.2282203105609
walk_forward,3,2021-11-26,2021-11-29,156.80999755859375,160.24000549316406,0.02187365594013646,0.0,156.80999755859375,-0.001135611084775106,156.63192238716266,0.0012709475687266286,157.00929484374288,0.001295818594804147,157.0131948692814
walk_forward,3,2021-11-29,2021-11-30,160.24000549316406,165.3000030517578,0.031577617231232535,0.0,160.24000549316406,-0.0004957731245037367,160.16056280497023,0.0012709475687266286,160.44366213855835,0.0015284258804787927,160.4849204646479
walk_forward,3,2021-11-30,2021-12-01,165.3000030517578,164.77000427246094,-0.003206284147078464,0.0,165.3000030517578,-0.0009911731167585962,165.1361621325328,0.0012709475687266286,165.51009068874697,0.0015482317364891181,165.5559257625243
walk_forward,3,2021-12-01,2021-12-02,164.77000427246094,163.75999450683594,-0.006129815739731703,0.0,164.77000427246094,-0.0037028593586952707,164.1598841201084,0.0012709475687266286,164.97941830879012,9.149451276062572e-05,164.7850798237194
walk_forward,3,2021-12-02,2021-12-03,163.75999450683594,161.83999633789062,-0.011724464053185835,0.0,163.75999450683594,-4.793031764718206e-05,163.75214543828133,0.0012709475687266286,163.9681248737091,0.0018274437644967211,164.05925668767148
walk_forward,3,2021-12-03,2021-12-06,161.83999633789062,165.32000732421875,0.021502787105003085,0.0,161.83999633789062,0.0010881718319121839,162.0161060631823,0.0012709475687266286,162.045686487759,0.0014613668300750159,162.07650394031828
walk_forward,3,2021-12-06,2021-12-07,165.32000732421875,171.17999267578125,0.035446316791349686,0.0,165.32000732421875,0.00012330425646447517,165.3403919848006,0.0012709475687266286,165.53012038558936,0.0017797218426436193,165.61423095227966
walk_forward,3,2021-12-07,2021-12-08,171.17999267578125,175.0800018310547,0.02278308985945654,0.0,171.17999267578125,-0.0006381188121161571,171.07075950219692,0.0012709475687266286,171.39755347128718,0.0018311560339089213,171.49344995225397
walk_forward,3,2021-12-08,2021-12-09,175.0800018310547,174.55999755859375,-0.0029700951966102895,0.0,175.0800018310547,-0.0010122399086169357,174.90277886600055,0.0012709475687266286,175.30251933371454,0.0012968075353353343,175.30704689671572
walk_forward,3,2021-12-09,2021-12-10,174.55999755859375,179.4499969482422,0.028013287454401015,0.0,174.55999755859375,-9.731126362090277e-05,174.54301090465367,0.0012709475687266286,174.7818541630878,0.0014867524686565667,174.8195250658927
walk_forward,3,2021-12-10,2021-12-13,179.4499969482422,175.74000549316406,-0.020674235264256824,0.0,179.4499969482422,-0.001879121533239396,179.11278859483699,0.0012709475687266286,179.67806848557157,0.0004931707983089024,179.5384964464937
walk_forward,3,2021-12-13,2021-12-14,175.74000549316406,174.3300018310547,-0.008023236702153325,0.0,175.74000549316406,-0.0010862797879369012,175.54910267726493,0.0012709475687266286,175.96336182587362,0.001802727859920384,176.05681689716917
walk_forward,3,2021-12-14,2021-12-15,174.3300018310547,179.3000030517578,0.02850915601733095,0.0,174.3300018310547,-0.0006597136195230153,174.21499395455527,0.0012709475687266286,174.551566123038,0.001471812767273763,174.58658295346848
walk_forward,3,2021-12-15,2021-12-16,179.3000030517578,172.25999450683594,-0.039263850669816525,0.0,179.3000030517578,0.0004366324115276023,179.37829124447723,0.0012709475687266286,179.52788395470913,0.0014557258756573233,179.5610147057057
walk_forward,3,2021-12-16,2021-12-17,172.25999450683594,171.13999938964844,-0.006501771466984829,0.0,172.25999450683594,-0.0029856865263971693,171.74568016219962,0.0012709475687266286,172.47892792804328,0.0003611186975323883,172.32220081168916
walk_forward,3,2021-12-17,2021-12-20,171.13999938964844,169.75,-0.00812200183829448,0.0,171.13999938964844,-0.0024221217021585433,170.72547748301938,0.0012709475687266286,171.3575093557846,0.001010122532762472,171.3128717592889
walk_forward,3,2021-12-20,2021-12-21,169.75,172.99000549316406,0.01908692484927288,0.0,169.75,-0.00015502283156290306,169.7236848743422,0.0012709475687266286,169.96574334979135,0.0013484654408808443,169.97890200858953
walk_forward,3,2021-12-21,2021-12-22,172.99000549316406,175.63999938964844,0.01531876878626437,0.0,172.99000549316406,-0.002609419524675154,172.53860199525653,-0.001359605784222046,172.75480728108295,-0.0021758685261315572,172.61360198487614
walk_forward,3,2021-12-22,2021-12-23,175.63999938964844,176.27999877929688,0.0036438134358485197,0.0,175.63999938964844,-0.001043655305064199,175.45669177250394,0.0012709475687266286,175.86322861984388,0.0014780556570729456,175.89960508435462
walk_forward,3,2021-12-23,2021-12-27,176.27999877929688,180.3300018310547,0.022974830268908786,0.0,176.27999877929688,-0.002467530992962037,175.84502241886966,0.0012709475687266286,176.50404141516057,0.0012411775461358065,176.49879355561458
walk_forward,3,2021-12-27,2021-12-28,180.3300018310547,179.2899932861328,-0.00576725189575622,0.0,180.3300018310547,0.00020609268725356304,180.36716652572449,0.0012709475687266286,180.55919180845035,0.0012979994104781946,180.56407006712294
walk_forward,3,2021-12-28,2021-12-29,179.2899932861328,179.3800048828125,0.0005020447322792165,0.0,179.2899932861328,-0.0015338941011694594,179.0149814230325,0.0012709475687266286,179.51786146719684,0.0014076335150873711,179.54236788960216
walk_forward,3,2021-12-29,2021-12-30,179.3800048828125,178.1999969482422,-0.006578257901939555,0.0,179.3800048828125,-0.0008230974314844483,179.2323576615338,0.0012709475687266286,179.6079874638965,0.001724457760684975,179.68933812434437
walk_forward,3,2021-12-30,2021-12-31,178.1999969482422,177.57000732421875,-0.0035352953693170708,0.0,178.1999969482422,0.0015174756315686965,178.47041110115677,0.0012709475687266286,178.42647980111067,0.0014622839967181505,178.46057595199483
walk_forward,3,2021-12-31,2022-01-03,177.57000732421875,182.00999450683594,0.025004150472947684,0.0,177.57000732421875,-0.0016597190223043678,177.27529100527204,0.0012709475687266286,177.79568949330624,0.000925292264432712,177.7343114783911
walk_forward,3,2022-01-03,2022-01-04,182.00999450683594,179.6999969482422,-0.012691597320536152,0.0,182.00999450683594,-0.001992228607821408,181.64738898887,0.0012709475687266286,182.24131966683836,0.0018207599795584011,182.34139102071362
walk_forward,3,2022-01-04,2022-01-05,179.6999969482422,174.9199981689453,-0.02659988236212174,0.0,179.6999969482422,-0.004125995374811113,178.95855559198017,0.0012709475687266286,179.92838622246376,0.0011698932437628794,179.91022676057617
walk_forward,3,2022-01-05,2022-01-06,174.9199981689453,172.0,-0.016693335236175,0.0,174.9199981689453,-0.0034956026779961657,174.30854735491084,0.0012709475687266286,175.1423123153398,0.0007728652199748317,175.05518775180815
walk_forward,3,2022-01-06,2022-01-07,172.0,172.1699981689453,0.0009883614473564784,0.0,172.0,-0.0020453730375579286,171.64819583754004,0.0012709475687266286,172.218602981821,0.001373016893274647,172.23615890564324
walk_forward,3,2022-01-07,2022-01-10,172.1699981689453,172.19000244140625,0.00011618907285648739,0.0,172.1699981689453,-0.0038414385424968816,171.5086177021175,0.0012709475687266286,172.38881720952583,0.000970271319858337,172.3370497803087
walk_forward,3,2022-01-10,2022-01-11,172.19000244140625,175.0800018310547,0.016783781570778755,0.0,172.19000244140625,-0.004504953542528161,171.4142944799199,0.0012709475687266286,172.4088469063682,0.0010202575112758952,172.3656805847637
walk_forward,3,2022-01-11,2022-01-12,175.0800018310547,175.52999877929688,0.0025702361408266317,0.0,175.0800018310547,-0.003234488706958834,174.5137075423178,0.0012709475687266286,175.30251933371454,0.0007769536544977568,175.21603087830678
walk_forward,3,2022-01-12,2022-01-13,175.52999877929688,172.19000244140625,-0.019028065636177538,0.0,175.52999877929688,-0.0025632113530799786,175.08007829361966,0.0012709475687266286,175.75308820448402,0.0007029814659043946,175.65339311514893
walk_forward,3,2022-01-13,2022-01-14,172.19000244140625,173.07000732421875,0.005110661887074208,0.0,172.19000244140625,-0.003450325834384765,171.59589082755988,0.0012709475687266286,172.4088469063682,0.0012921762698320921,172.41250227646339
walk_forward,3,2022-01-14,2022-01-18,173.07000732421875,169.8000030517578,-0.018894112983626976,0.0,173.07000732421875,-0.0016553912390204625,172.78350875035702,0.0012709475687266286,173.289970229247,0.0007906376204946338,173.20684298298858
walk_forward,3,2022-01-18,2022-01-19,169.8000030517578,166.22999572753906,-0.021024777738847034,0.0,169.8000030517578,-0.0014447222382533377,169.55468921129346,0.0012709475687266286,170.01580995280622,0.00037506055402416224,169.86368833497573
walk_forward,3,2022-01-19,2022-01-20,166.22999572753906,164.50999450683594,-0.010347117036099251,0.0,166.22999572753906,-0.003009761549768037,165.7296830779802,0.0012709475687266286,166.44126533645843,0.000981996474121537,166.39323299723674
walk_forward,3,2022-01-20,2022-01-21,164.50999450683594,162.41000366210938,-0.01276512622240289,0.0,164.50999450683594,-0.0030772229304027046,164.00376057945908,0.0012709475687266286,164.71907808438564,0.0011267510644489163,164.69535631825897
walk_forward,3,2022-01-21,2022-01-24,162.41000366210938,161.6199951171875,-0.00486428500159064,0.0,162.41000366210938,-0.004843844762302492,161.62331481652515,0.0012709475687266286,162.61641826140064,0.0008169685821724317,162.54268753253183
walk_forward,3,2022-01-24,2022-01-25,161.6199951171875,159.77999877929688,-0.011384707297859231,0.0,161.6199951171875,-0.004930190043621863,160.82317782641053,0.0012709475687266286,161.8254056570393,0.002001789263871987,161.94352428824013
walk_forward,3,2022-01-25,2022-01-26,159.77999877929688,159.69000244140625,-0.0005632515870458432,0.0,159.77999877929688,-0.004338438607575121,159.08680306387447,0.0012709475687266286,159.9830707802766,0.0018637842484487063,160.0777942242389
walk_forward,3,2022-01-26,2022-01-27,159.69000244140625,159.22000122070312,-0.0029432100539642514,0.0,159.69000244140625,-0.0032510227590100502,159.17084660908287,0.0012709475687266286,159.8929600617591,0.001366960731513759,159.90829240395897
walk_forward,3,2022-01-27,2022-01-28,159.22000122070312,170.3300018310547,0.06977766942076213,0.0,159.22000122070312,-0.0026274223914686413,158.8016630243262,0.0012709475687266286,159.42236149414725,0.0006836615838521754,159.32885381891862
walk_forward,3,2022-01-28,2022-01-31,170.3300018310547,174.77999877929688,0.026125737688043937,0.0,170.3300018310547,-0.0042754955613352645,169.6017566642638,0.0012709475687266286,170.54648233276308,0.0031733567488523235,170.8705196918973
walk_forward,3,2022-01-31,2022-02-01,174.77999877929688,174.61000061035156,-0.0009726408635577499,0.0,174.77999877929688,-0.003218073105403482,174.21754396586277,0.0012709475687266286,175.0021349938075,0.0007424804987076946,174.90976951995466
walk_forward,3,2022-02-01,2022-02-02,174.61000061035156,175.83999633789062,0.007044245594408194,0.0,174.61000061035156,-0.003263972104386938,174.0400784392124,0.0012709475687266286,174.83192076610266,0.0015042699754584821,174.87266119168447
walk_forward,3,2022-02-02,2022-02-03,175.83999633789062,172.89999389648438,-0.016719759455390393,0.0,175.83999633789062,0.0015221556431813707,176.10765218061334,0.0012709475687266286,176.06347975372117,0.003188069488977632,176.4005864651574
walk_forward,3,2022-02-03,2022-02-04,172.89999389648438,172.38999938964844,-0.0029496502304173777,0.0,172.89999389648438,-0.0003431959566940056,172.8406553176667,0.0012709475687266286,173.11974072335997,0.0004876795965331912,172.9843136957484
walk_forward,4,2022-02-04,2022-02-07,172.38999938964844,171.66000366210938,-0.004234559603942367,0.0,172.38999938964844,0.00040530079165300675,172.4598691928741,0.001327906163428645,172.6189171323514,0.0011903547534485562,172.59520464486891
walk_forward,4,2022-02-07,2022-02-08,171.66000366210938,174.8300018310547,0.018466725511581794,0.0,171.66000366210938,0.0004397554546275548,171.73549208506117,0.001327906163428645,171.88795203898647,0.001370926847713202,171.89533696980828
walk_forward,4,2022-02-08,2022-02-09,174.8300018310547,176.27999877929688,0.008293753549481586,0.0,174.8300018310547,-0.0014355477869725404,174.57902500882972,0.001327906163428645,175.0621596680384,0.0007763991777988682,174.9657397007309
walk_forward,4,2022-02-09,2022-02-10,176.27999877929688,172.1199951171875,-0.02359884099680365,0.0,176.27999877929688,-0.0007005518219147507,176.15650550498492,0.001327906163428645,176.5140820761651,0.0010852691221033002,176.47131001881644
walk_forward,4,2022-02-10,2022-02-11,172.1199951171875,168.63999938964844,-0.020218427993619836,0.0,172.1199951171875,-0.0009644990843928251,171.95398553949127,0.001327906163428645,172.3485543195529,0.0013665041512188872,172.35519780502293
walk_forward,4,2022-02-11,2022-02-14,168.63999938964844,168.8800048828125,0.0014231824835904128,0.0,168.63999938964844,0.0029805602978738247,169.1426410764627,0.001327906163428645,168.86393748423853,0.0013816678734679339,168.87300385898678
walk_forward,4,2022-02-14,2022-02-15,168.8800048828125,172.7899932861328,0.023152465006342826,0.0,168.8800048828125,0.0038488318564088575,169.52999562551597,0.001327906163428645,169.10426168217623,0.0013542154542326803,169.1087047953357
walk_forward,4,2022-02-15,2022-02-16,172.7899932861328,172.5500030517578,-0.0013889128057177347,0.0,172.7899932861328,0.0016845708037573665,173.08107026400407,0.001327906163428645,173.01944218319625,0.0011554572441570712,172.98964473559312
walk_forward,4,2022-02-16,2022-02-17,172.5500030517578,168.8800048828125,-0.021269186346200564,0.0,172.5500030517578,0.002301341641958007,172.9470995591008,0.001327906163428645,172.77913326430988,0.0012423701789092316,172.76437402992002
walk_forward,4,2022-02-17,2022-02-18,168.8800048828125,167.3000030517578,-0.009355766137921773,0.0,168.8800048828125,0.003013830247102221,169.38898054965907,0.001327906163428645,169.10426168217623,0.0011851009202237547,169.08014473200652
walk_forward,4,2022-02-18,2022-02-22,167.3000030517578,164.32000732421875,-0.017812287347162448,0.0,167.3000030517578,0.003917647647607205,167.95542551515823,0.001327906163428645,167.52216175695187,0.00039837332784621094,167.36665091072223
walk_forward,4,2022-02-22,2022-02-23,164.32000732421875,160.07000732421875,-0.02586416632525068,0.0,164.32000732421875,0.0024485881174594873,164.72235934161367,0.001327906163428645,164.5382088747192,0.0011736658835724589,164.51286411080355
walk_forward,4,2022-02-23,2022-02-24,160.07000732421875,162.74000549316406,0.01668019020913314,0.0,160.07000732421875,0.0014445136146736756,160.3012306290995,0.001327906163428645,160.28256527352465,0.001801141823002635,160.35831610901874
walk_forward,4,2022-02-24,2022-02-25,162.74000549316406,164.85000610351562,0.012965469700934706,0.0,162.74000549316406,0.0009666932289399664,162.89732515455196,0.001327906163428645,162.95610894949485,0.00031681502105821303,162.7915639714314
walk_forward,4,2022-02-25,2022-02-28,164.85000610351562,165.1199951171875,0.0016377858882354879,0.0,164.85000610351562,-0.0020335342810043457,164.51477796488035,0.001327906163428645,165.06891144266172,0.0009007688021728631,164.9984978460517
walk_forward,4,2022-02-28,2022-03-01,165.1199951171875,163.1999969482422,-0.011627896231359958,0.0,165.1199951171875,-0.003380707200896774,164.56177276068277,0.001327906163428645,165.3392589764089,0.0009140689393990523,165.27092617599786
walk_forward,4,2022-03-01,2022-03-02,163.1999969482422,166.55999755859375,0.02058823941900667,0.0,163.1999969482422,-0.000803306072412464,163.068897399676,0.001327906163428645,163.41671123006128,0.0003017974623979257,163.24925029318453
walk_forward,4,2022-03-02,2022-03-03,166.55999755859375,166.22999572753906,-0.001981279033932526,0.0,166.55999755859375,9.025335614509648e-05,166.57503015737294,0.001327906163428645,166.78117360593245,-4.473548083795356e-05,166.5525464170146
walk_forward,4,2022-03-03,2022-03-04,166.22999572753906,163.1699981689453,-0.01840821534766368,0.0,166.22999572753906,0.00016466516851196722,166.25736801779726,0.001327906163428645,166.45073356341237,0.0013338031669753187,166.45171382228676
walk_forward,4,2022-03-04,2022-03-07,163.1699981689453,159.3000030517578,-0.02371756548762427,0.0,163.1699981689453,-0.0008037312926092528,163.03885333540194,0.001327906163428645,163.3866726152005,0.0011160661423779228,163.35210667935354
walk_forward,4,2022-03-07,2022-03-08,159.3000030517578,157.44000244140625,-0.011676086470301161,0.0,159.3000030517578,0.001072766771305591,159.4708948017006,0.001327906163428645,159.51153850764445,0.00024629314459294604,159.3392375504431
walk_forward,4,2022-03-08,2022-03-09,157.44000244140625,162.9499969482422,0.034997423916368176,0.0,157.44000244140625,0.00014331062230899688,157.46256526613246,0.001327906163428645,157.6490679910184,0.0008627397873562113,157.5758321956339
walk_forward,4,2022-03-09,2022-03-10,162.9499969482422,158.52000427246094,-0.027186209013482565,0.0,162.9499969482422,-0.0032511240151632146,162.420226299893,0.001327906163428645,163.16637925352043,0.00037520678606296624,163.0111368928861
walk_forward,4,2022-03-10,2022-03-11,158.52000427246094,154.72999572753906,-0.02390870831928371,0.0,158.52000427246094,-0.002988615764459017,158.04624888871015,0.001327906163428645,158.73050396316106,-0.00028964853893840344,158.47408918483092
walk_forward,4,2022-03-11,2022-03-14,154.72999572753906,150.6199951171875,-0.026562403695717718,0.0,154.72999572753906,-0.0008573758686777394,154.59733396304165,0.001327906163428645,154.93546264253294,0.0005154751299637099,154.80975519219598
walk_forward,4,2022-03-14,2022-03-15,150.6199951171875,155.08999633789062,0.029677342754030223,0.0,150.6199951171875,0.003375329003356425,151.12838715519194,0.001327906163428645,150.8200043370392,0.0018211155234581459,150.8942915284386
walk_forward,4,2022-03-15,2022-03-16,155.08999633789062,159.58999633789062,0.02901541109199557,0.0,155.08999633789062,-0.001935659572598538,154.78979490186492,0.001327906163428645,155.29594129991384,0.0012271045822640962,155.28030798306017
walk_forward,4,2022-03-16,2022-03-17,159.58999633789062,160.6199951171875,0.006454030972694147,0.0,159.58999633789062,-0.0012954057292931455,159.38326254229665,0.001327906163428645,159.80191687764926,0.0010678149101102166,159.76040891548465
walk_forward,4,2022-03-17,2022-03-18,160.6199951171875,163.97999572753906,0.020918943546848645,0.0,160.6199951171875,-0.0001732463320527661,160.5921682921791,0.001327906163428645,160.83328339867347,0.0008433134306883463,160.75544811630692
walk_forward,4,2022-03-18,2022-03-21,163.97999572753906,165.3800048828125,0.008537682593916074,0.0,163.97999572753906,0.002438554345072928,164.37986985862548,0.001327906163428645,164.19774577454464,0.0011417703099798596,164.16722321809138
walk_forward,4,2022-03-21,2022-03-22,165.3800048828125,168.82000732421875,0.0208005946295855,0.0,165.3800048828125,0.0014244043014629275,165.61557287314352,0.001327906163428645,165.59961401060423,0.0015682150914846998,165.63935630229952
walk_forward,4,2022-03-22,2022-03-23,168.82000732421875,170.2100067138672,0.008233617636201895,0.0,168.82000732421875,0.0009178039053696653,168.97495098624546,0.001327906163428645,169.04418445245463,0.0018012797049375992,169.1240993771993
walk_forward,4,2022-03-23,2022-03-24,170.2100067138672,174.07000732421875,0.02267787120671727,0.0,170.2100067138672,0.0037408977394593748,170.84674494321644,0.001327906163428645,170.43602963085976,0.0017927295571479103,170.51514722382547
walk_forward,4,2022-03-24,2022-03-25,174.07000732421875,174.72000122070312,0.003734094727035453,0.0,174.07000732421875,0.002460639665627538,174.4983308888368,0.001327906163428645,174.30115595981263,0.0011620868297281942,174.2722917871809
walk_forward,4,2022-03-25,2022-03-28,174.72000122070312,175.60000610351562,0.005036657947940837,0.0,174.72000122070312,0.0018374101934730098,175.04103353194967,0.001327906163428645,174.95201298719834,0.001549134665764067,174.99066603139647
walk_forward,4,2022-03-28,2022-03-29,175.60000610351562,178.9600067138672,0.019134399166084615,0.0,175.60000610351562,-7.562034932563004e-05,175.5867271697125,0.001327906163428645,175.83318643391857,0.0011056930760548573,175.79416581441947
walk_forward,4,2022-03-29,2022-03-30,178.9600067138672,177.77000427246094,-0.006649544014093012,0.0,178.9600067138672,0.001100858126171717,179.1570162915179,0.001327906163428645,179.19764880978974,0.0015107712052484748,179.23037433890156
walk_forward,4,2022-03-30,2022-03-31,177.77000427246094,174.61000061035156,-0.017775797863323284,0.0,177.77000427246094,0.001171862572568055,177.9783262869931,0.001327906163428645,178.00606615680707,0.0017034726890303642,178.07283061966788
walk_forward,4,2022-03-31,2022-04-01,174.61000061035156,174.30999755859375,-0.0017181321270783867,0.0,174.61000061035156,0.0015808594005240668,174.88603447124194,0.001327906163428645,174.84186630635833,0.0012924853831772143,174.83568148389702
walk_forward,4,2022-04-01,2022-04-04,174.30999755859375,178.44000244140625,0.023693448113463633,0.0,174.30999755859375,0.002834905919191692,174.8041500024469,0.001327906163428645,174.54146487869903,0.0015306227010341308,174.57680039787414
walk_forward,4,2022-04-04,2022-04-05,178.44000244140625,175.05999755859375,-0.018941968373500706,0.0,178.44000244140625,0.0009289718808630587,178.60576818609547,0.001327906163428645,178.6769540204504,0.0014741628261271552,178.70305205969942
walk_forward,4,2022-04-05,2022-04-06,175.05999755859375,171.8300018310547,-0.018450792714411857,0.0,175.05999755859375,0.0012802539202113766,175.28411880674034,0.001327906163428645,175.2924608083216,0.0011778591628977815,175.266193580775
walk_forward,4,2022-04-06,2022-04-07,171.8300018310547,172.13999938964844,0.0018040944846089424,0.0,171.8300018310547,0.003492031857458372,172.43003767151583,0.001327906163428645,172.0581759495481,0.0014311246736533206,172.075911986349
walk_forward,4,2022-04-07,2022-04-08,172.13999938964844,170.08999633789062,-0.01190892912179875,0.0,172.13999938964844,0.005040559946211923,173.00768137571285,0.001327906163428645,172.36858515581054,0.0011892265567391106,172.34471284839964
walk_forward,4,2022-04-08,2022-04-11,170.08999633789062,165.75,-0.025515882364234077,0.0,170.08999633789062,0.0030540911780230634,170.60946669517614,0.001327906163428645,170.31585989236527,0.0011520883482801353,170.28595504083052
walk_forward,4,2022-04-11,2022-04-12,165.75,167.66000366210938,0.01152340067637625,0.0,165.75,0.002244216821292452,166.12197893812922,0.001327906163428645,165.97010044658828,0.0015000296164042212,165.998629908919
walk_forward,4,2022-04-12,2022-04-13,167.66000366210938,170.39999389648438,0.016342539511671417,0.0,167.66000366210938,0.0028916053141489007,168.14481021966898,0.001327906163428645,167.88264041433274,0.0013633662285237019,167.88858564897646
walk_forward,4,2022-04-13,2022-04-14,170.39999389648438,165.2899932861328,-0.02998826756681583,0.0,170.39999389648438,0.0010000084551611084,170.57039533114028,0.001327906163428645,170.62626909862772,0.0008479056353241758,170.5444770115684
walk_forward,4,2022-04-14,2022-04-18,165.2899932861328,165.07000732421875,-0.0013309091345490298,0.0,165.2899932861328,-0.0009753868621694345,165.12877159823344,0.001327906163428645,165.50948288697055,0.0002113863489619354,165.3249333343335
walk_forward,4,2022-04-18,2022-04-19,165.07000732421875,167.39999389648438,0.014115141872437453,0.0,165.07000732421875,0.000428864503880907,165.14079999101546,0.001327906163428645,165.28920480434178,0.00038110625002297984,165.13291653570136
walk_forward,4,2022-04-19,2022-04-20,167.39999389648438,167.22999572753906,-0.0010155207595194948,0.0,167.39999389648438,0.0014341095422936853,167.6400638251112,0.001327906163428645,167.6222853801374,0.0008258556689118625,167.53824213041958
walk_forward,4,2022-04-20,2022-04-21,167.22999572753906,166.4199981689453,-0.004843614060203949,0.0,167.22999572753906,-0.0016745043308270156,166.94996837544912,0.001327906163428645,167.4520614695758,0.0004919610926511986,167.31226637896125
walk_forward,4,2022-04-21,2022-04-22,166.4199981689453,161.7899932861328,-0.02782120498590701,0.0,166.4199981689453,-0.0012111807969693272,166.21843346293142,0.001327906163428645,166.64098831023162,0.0007279791421080719,166.54114845644196
walk_forward,4,2022-04-22,2022-04-25,161.7899932861328,162.8800048828125,0.006737200333224225,0.0,161.7899932861328,0.00030893872917924056,161.83997648105256,0.001327906163428645,162.00483521539854,0.00033082931000300383,161.84351815797706
walk_forward,4,2022-04-25,2022-04-26,162.8800048828125,156.8000030517578,-0.03732810442527357,0.0,162.8800048828125,-0.0006507902394669869,162.77400416543043,0.001327906163428645,163.09629424519568,0.00044013375642977444,162.95169387120887
walk_forward,4,2022-04-26,2022-04-27,156.8000030517578,156.57000732421875,-0.001466809458308127,0.0,156.8000030517578,-0.0009184254780703553,156.65599393399359,0.001327906163428645,157.00821874223587,-0.0005226321726636425,156.7180543254892
walk_forward,4,2022-04-27,2022-04-28,156.57000732421875,163.63999938964844,0.04515546870218534,0.0,156.57000732421875,-0.0017506714145898593,156.2959046880141,0.001327906163428645,156.77791760195265,0.0006219637482897787,156.66738819284387
walk_forward,4,2022-04-28,2022-04-29,163.63999938964844,157.64999389648438,-0.036604775821961866,0.0,163.63999938964844,-9.283943262238426e-05,163.62480714495078,0.001327906163428645,163.8572979534214,0.001504739317796893,163.88623493069431
walk_forward,4,2022-04-29,2022-05-02,157.64999389648438,157.9600067138672,0.0019664626031408172,0.0,157.64999389648438,-0.0031725338894149175,157.1498439481817,-0.0027850528535437254,157.21093033112183,0.0008175263955757801,157.77887692775712
walk_forward,4,2022-05-02,2022-05-03,157.9600067138672,159.47999572753906,0.009622619328101267,0.0,157.9600067138672,-0.001296472727285943,157.75521587316075,0.001327906163428645,158.16976278035776,0.0015409615852096077,158.2034170162127
walk_forward,4,2022-05-03,2022-05-04,159.47999572753906,166.02000427246094,0.0410083315784322,0.0,159.47999572753906,0.001945655102054005,159.7902887949019,0.001327906163428645,159.69177019680922,0.001741811753422359,159.757779858533
walk_forward,4,2022-05-04,2022-05-05,166.02000427246094,156.77000427246094,-0.05571617733980727,0.0,166.02000427246094,-0.0013478311167310103,165.79623734470272,-0.0027850528535437254,165.55762978581657,-0.0014426272061609866,165.78049929753053
walk_forward,4,2022-05-05,2022-05-06,156.77000427246094,157.27999877929688,0.0032531383104996703,0.0,156.77000427246094,-0.0002484404601811282,156.73105626045688,0.001327906163428645,156.97818012737505,0.004713824992286666,157.50899063664136
walk_forward,4,2022-05-06,2022-05-09,157.27999877929688,152.05999755859375,-0.03318922470255159,0.0,157.27999877929688,-0.00018475721618086533,157.25094016456148,0.001327906163428645,157.48885185905993,0.0007372943823213652,157.39596043884836
walk_forward,4,2022-05-09,2022-05-10,152.05999755859375,154.50999450683594,0.01611204121779708,0.0,152.05999755859375,0.003084038328421721,152.52895641928416,0.001327906163428645,152.26191896656275,0.0010793708287624298,152.2241266841802
walk_forward,4,2022-05-10,2022-05-11,154.50999450683594,146.5,-0.05184127106082803,0.0,154.50999450683594,-0.0032014714847315275,154.0153351653163,-0.0027850528535437254,154.07967600573366,0.0005566523530443237,154.59600285884702
walk_forward,4,2022-05-11,2022-05-12,146.5,142.55999755859375,-0.026894214617107504,0.0,146.5,-0.0006176142074715838,146.4095195186054,0.001327906163428645,146.6945382529423,0.004229753266510315,147.11965885354377
walk_forward,4,2022-05-12,2022-05-13,142.55999755859375,147.11000061035156,0.03191640803646689,0.0,142.55999755859375,0.002226130912135804,142.87735477599296,-0.0027850528535437254,142.162960430592,0.004404921512513653,143.1879631586635
walk_forward,4,2022-05-13,2022-05-16,147.11000061035156,145.5399932861328,-0.010672335787539122,0.0,147.11000061035156,-0.00039847402436419903,147.05138109638412,0.001327906163428645,147.30534888686404,-0.0002235011937861264,147.07712134959726
walk_forward,4,2022-05-16,2022-05-17,145.5399932861328,149.24000549316406,0.02542264929033622,0.0,145.5399932861328,-0.002477058101240371,145.17948226670893,-0.0027850528535437254,145.13465671252655,0.0020727417319053834,145.84166010387818
walk_forward,4,2022-05-17,2022-05-18,149.24000549316406,140.82000732421875,-0.056419176219683176,0.0,149.24000549316406,-0.002212952672803647,148.90974442411874,0.001327906163428645,149.43818221628854,0.0006034736455309019,149.3300679033381
walk_forward,4,2022-05-18,2022-05-19,140.82000732421875,137.35000610351562,-0.024641393553644142,0.0,140.82000732421875,0.006422698987404099,141.72445184266624,0.001327906163428645,141.00700307987864,0.0034738280434911508,141.30919181474624
walk_forward,4,2022-05-19,2022-05-20,137.35000610351562,137.58999633789062,0.0017472895792529641,0.0,137.35000610351562,0.0031263070113137044,137.77940439060103,0.001327906163428645,137.53239402316743,0.0036914737619012663,137.85703004724374
walk_forward,4,2022-05-20,2022-05-23,137.58999633789062,143.11000061035156,0.04011922682885327,0.0,137.58999633789062,0.004949646908262164,138.27101823787225,0.001327906163428645,137.77270294205383,0.004094452032194358,138.15335197800593
walk_forward,4,2022-05-23,2022-05-24,143.11000061035156,140.36000061035156,-0.019215987619813357,0.0,143.11000061035156,-0.00271854513056995,142.72094961505644,-0.0027850528535437254,142.71143169478106,-0.0012692550015756185,142.9283575263014
walk_forward,4,2022-05-24,2022-05-25,140.36000061035156,140.52000427246094,0.0011399519906925004,0.0,140.36000061035156,0.0010446828682878805,140.50663229838207,0.001327906163428645,140.54638552026088,-0.0006212916761803467,140.2727961103037
walk_forward,4,2022-05-25,2022-05-26,140.52000427246094,143.77999877929688,0.02319950475175747,0.0,140.52000427246094,-0.0004527812744374003,140.45637944584251,0.001327906163428645,140.70660165221935,0.0003587469867687601,140.5704154005744
walk_forward,4,2022-05-26,2022-05-27,143.77999877929688,149.63999938964844,0.04075671623385313,0.0,143.77999877929688,-0.0017691744279599074,143.52562688220445,0.001327906163428645,143.97092512585365,-0.0013810074249082588,143.58143753342938
walk_forward,4,2022-05-27,2022-05-31,149.63999938964844,148.83999633789062,-0.005346184543042365,0.0,149.63999938964844,-0.0027229126545476314,149.23254274168386,0.001327906163428645,149.8387072671334,0.0015327113000168052,149.86935430764746
walk_forward,4,2022-05-31,2022-06-01,148.83999633789062,148.7100067138672,-0.0008733514325567349,0.0,148.83999633789062,-0.00141973100554659,148.62868358022428,0.001327906163428645,149.0376418863924,0.0018261112371180052,149.11179472773586
walk_forward,4,2022-06-01,2022-06-02,148.7100067138672,151.2100067138672,0.016811242600575316,0.0,148.7100067138672,0.002202985392477364,149.03761268637305,0.001327906163428645,148.90747964834603,0.0012728832035419995,148.89929718361188
walk_forward,4,2022-06-02,2022-06-03,151.2100067138672,145.3800048828125,-0.03855566147871903,0.0,151.2100067138672,0.0013277049735610415,151.41076899183338,0.001327906163428645,151.4107994137546,0.001828326856149622,151.4864680300607
walk_forward,4,2022-06-03,2022-06-06,145.3800048828125,146.13999938964844,0.005227641225136415,0.0,145.3800048828125,-0.00036210266928781115,145.32736239498337,0.001327906163428645,145.57305588733567,0.0016504355182694749,145.61994520651726
walk_forward,4,2022-06-06,2022-06-07,146.13999938964844,148.7100067138672,0.017585926747997416,0.0,146.13999938964844,-0.0004769189696172773,146.07030245171964,0.001327906163428645,146.3340595955614,0.0011859334175481552,146.3133116985651
walk_forward,4,2022-06-07,2022-06-08,148.7100067138672,147.9600067138672,-0.005043372780172639,0.0,148.7100067138672,0.003021031372960079,149.1592643096229,0.001327906163428645,148.90747964834603,0.0012298733670472646,148.892901190538
walk_forward,4,2022-06-08,2022-06-09,147.9600067138672,142.63999938964844,-0.0359557115626985,0.0,147.9600067138672,-0.0007110971271811605,147.85479277815526,-0.0027850528535437254,147.5479302749584,-0.0009979185154891127,147.81235468361552
walk_forward,4,2022-06-09,2022-06-10,142.63999938964844,137.1300048828125,-0.038628677302390724,0.0,142.63999938964844,0.0008245992867988341,142.7576202314141,0.001327906163428645,142.8294119239894,0.002069701615702863,142.93522162684906
walk_forward,4,2022-06-10,2022-06-13,137.1300048828125,131.8800048828125,-0.03828483784046022,0.0,137.1300048828125,0.0031576501530224503,137.56301346371467,0.001327906163428645,137.3121006614874,0.0036396185594309866,137.62910579363884
walk_forward,4,2022-06-13,2022-06-14,131.8800048828125,132.75999450683594,0.006672653862921818,0.0,131.8800048828125,0.0056647217948531696,132.6270684207775,0.001327906163428645,132.0551291541294,0.006905733109239084,132.79073299897834
walk_forward,4,2022-06-14,2022-06-15,132.75999450683594,135.42999267578125,0.020111466401181888,0.0,132.75999450683594,0.0017820425824641598,132.99657847029482,-0.0027850528535437254,132.39025090529822,0.005435678892567661,133.48163520675413
walk_forward,4,2022-06-15,2022-06-16,135.42999267578125,130.05999755859375,-0.039651446559871295,0.0,135.42999267578125,5.5222655301413346e-05,135.43747147958427,-0.0027850528535437254,135.05281298822416,-0.00016826725978129367,135.4072042420215
walk_forward,4,2022-06-16,2022-06-17,130.05999755859375,131.55999755859375,0.011533138767930717,0.0,130.05999755859375,0.003585651583198358,130.5263473947505,-0.0027850528535437254,129.6977735912613,-0.0031493442884507343,129.65039384812667
walk_forward,4,2022-06-17,2022-06-21,131.55999755859375,135.8699951171875,0.032760699593918474,0.0,131.55999755859375,0.002595524540697721,131.9014647608312,0.001327906163428645,131.73469689021246,0.0015983839931027269,131.77028095282404
walk_forward,4,2022-06-21,2022-06-22,135.8699951171875,135.35000610351562,-0.003827107031419197,0.0,135.8699951171875,0.0008299873511837493,135.98276549454016,0.001327906163428645,136.05041772112864,-0.0003420021300605695,135.8235272894461
walk_forward,4,2022-06-22,2022-06-23,135.35000610351562,138.27000427246094,0.021573683319320303,0.0,135.35000610351562,-0.0002208205009095654,135.32011804736973,-0.0027850528535437254,134.97304918278988,-0.00029418317616850665,135.31018840882567
walk_forward,4,2022-06-23,2022-06-24,138.27000427246094,141.66000366210938,0.024517243689154977,0.0,138.27000427246094,0.0030662854923622705,138.69397958059045,0.001327906163428645,138.45361386335165,-0.00047831167363567056,138.20386811530378
walk_forward,4,2022-06-24,2022-06-27,141.66000366210938,141.66000366210938,0.0,0.0,141.66000366210938,0.0011904260805568599,141.82863942504054,0.001327906163428645,141.8481148540836,0.0014448527076544753,141.8646815019669
walk_forward,4,2022-06-27,2022-06-28,141.66000366210938,137.44000244140625,-0.029789645006425114,0.0,141.66000366210938,-0.0017517588869429537,141.4118494917699,0.001327906163428645,141.8481148540836,0.001211135266230534,141.8315730883589
walk_forward,4,2022-06-28,2022-06-29,137.44000244140625,139.22999572753906,0.013023815878466127,0.0,137.44000244140625,-0.0009237351672431446,137.31304427776516,0.001327906163428645,137.62250986774984,-0.00025609576351429716,137.40480463904362
walk_forward,4,2022-06-29,2022-06-30,139.22999572753906,136.72000122070312,-0.01802768500939822,0.0,139.22999572753906,8.286333537542781e-06,139.2311494337221,0.001327906163428645,139.4148800969998,0.0013047371469870166,139.41165427493962
walk_forward,4,2022-06-30,2022-07-01,136.72000122070312,138.92999267578125,0.016164360995803317,0.0,136.72000122070312,0.0001295421187279967,136.73771221933373,0.001327906163428645,136.90155255298805,0.001089188312495218,136.86891504811706
walk_forward,4,2022-07-01,2022-07-05,138.92999267578125,141.55999755859375,0.018930432746441683,0.0,138.92999267578125,-0.00342097534761158,138.45471659579354,0.001327906163428645,139.1144786693405,0.0011195604028183606,139.08553319434492
walk_forward,4,2022-07-05,2022-07-06,141.55999755859375,142.9199981689453,0.009607238159132114,0.0,141.55999755859375,-0.0007383180822043535,141.45548125267945,0.001327906163428645,141.74797595184674,0.0013392701852599797,141.74958464274945
walk_forward,4,2022-07-06,2022-07-07,142.9199981689453,146.35000610351562,0.02399949607133145,0.0,142.9199981689453,-0.001148253682261499,142.75588975477902,0.001327906163428645,143.10978251539106,0.0010096615574782526,143.06429899689135
walk_forward,4,2022-07-07,2022-07-08,146.35000610351562,147.0399932861328,0.004714637197412497,0.0,146.35000610351562,0.0015831987054788965,146.58170724372553,0.001327906163428645,146.5443451786383,0.0017490412422060209,146.60597829998778
walk_forward,4,2022-07-08,2022-07-11,147.0399932861328,144.8699951171875,-0.014757877230874183,0.0,147.0399932861328,0.00257863209970661,147.41915533276108,0.001327906163428645,147.23524859948796,0.0016904258805195763,147.2885534962551
walk_forward,4,2022-07-11,2022-07-12,144.8699951171875,145.86000061035156,0.006833751132270249,0.0,144.8699951171875,0.004099237201318211,145.46385159052667,0.001327906163428645,145.0623688765995,0.0014307762882413235,145.0772716710788
walk_forward,4,2022-07-12,2022-07-13,145.86000061035156,145.49000549316406,-0.0025366455206311533,0.0,145.86000061035156,0.005689316090194657,146.68984425873984,0.001327906163428645,146.05368900415974,0.0016937029525121406,146.10704412403874
walk_forward,4,2022-07-13,2022-07-14,145.49000549316406,148.47000122070312,0.0204824772494705,0.0,145.49000549316406,0.0027912274970318222,145.8961011970399,0.001327906163428645,145.6832025681757,0.0014741436957775938,145.70447866756047
walk_forward,4,2022-07-14,2022-07-15,148.47000122070312,150.1699981689453,0.011450103955445545,0.0,148.47000122070312,0.0018664232432017522,148.74710908189962,0.001327906163428645,148.66715545040836,0.001428793712230359,148.68213422490211
walk_forward,4,2022-07-15,2022-07-18,150.1699981689453,147.07000732421875,-0.020643210245224752,0.0,150.1699981689453,0.00195020522190544,150.4628604835479,0.001327906163428645,150.3694098350759,0.0016781244503683663,150.4220021145844
walk_forward,4,2022-07-18,2022-07-19,147.07000732421875,151.0,0.026721917998667744,0.0,147.07000732421875,0.001164990861704317,147.24134253878228,0.001327906163428645,147.26530249340007,0.001151813900307314,147.23940460297308
walk_forward,4,2022-07-19,2022-07-20,151.0,153.0399932861328,0.013509889312137924,0.0,151.0,0.002152654285744446,151.3250507971474,0.001327906163428645,151.20051383067772,0.0017675201234794654,151.2668955386454
walk_forward,4,2022-07-20,2022-07-21,153.0399932861328,155.35000610351562,0.015094177461599134,0.0,153.0399932861328,0.0022452517329228866,153.383606596265,0.001327906163428645,153.24321603646854,0.001693085741401188,153.2991031166297
walk_forward,4,2022-07-21,2022-07-22,155.35000610351562,154.08999633789062,-0.008110780277571505,0.0,155.35000610351562,0.0009419801274074063,155.49634272205773,0.001327906163428645,155.55629633410916,0.0015312516073471537,155.58788605006302
walk_forward,4,2022-07-22,2022-07-25,154.08999633789062,152.9499969482422,-0.0073982699509488326,0.0,154.08999633789062,0.003961570171422083,154.70043467109736,0.001327906163428645,154.2946133937504,0.0017141449266729215,154.35412892336427
walk_forward,4,2022-07-25,2022-07-26,152.9499969482422,151.60000610351562,-0.0088263541788981,0.0,152.9499969482422,0.0027774609820701967,153.37480959697368,0.001327906163428645,153.15310019188615,0.0014112891244218554,153.1658536155156
walk_forward,4,2022-07-26,2022-07-27,151.60000610351562,156.7899932861328,0.034234742570348864,0.0,151.60000610351562,0.0030045223643131312,152.05549171228364,0.001327906163428645,151.80131668599628,0.0015239760185900507,151.8310408772355
walk_forward,4,2022-07-27,2022-07-28,156.7899932861328,157.35000610351562,0.0035717382573059453,0.0,156.7899932861328,0.0014027138945326724,157.00992478823898,0.001327906163428645,156.9981956845814,0.0017083366182674205,157.05784337304144
walk_forward,4,2022-07-28,2022-07-29,157.35000610351562,162.50999450683594,0.03279306134837845,0.0,157.35000610351562,0.0016488908742001015,157.60945909263503,0.001327906163428645,157.558952146436,0.0013156199784948384,157.5570189151617
walk_forward,4,2022-07-29,2022-08-01,162.50999450683594,161.50999450683594,-0.00615346768692393,0.0,162.50999450683594,0.0014612132579626873,162.7474562653608,0.001327906163428645,162.7257925301603,0.0016275421667287205,162.77448637541065
walk_forward,4,2022-08-01,2022-08-02,161.50999450683594,160.00999450683594,-0.009287350944318873,0.0,161.50999450683594,0.0018725935573112318,161.8124370819908,0.001327906163428645,161.72446462399688,0.0015742325263752896,161.76424879352328
walk_forward,4,2022-08-02,2022-08-03,160.00999450683594,166.1300048828125,0.038247675683253046,0.0,160.00999450683594,0.001695771848632134,160.2813349510204,0.001327906163428645,160.22247276475173,0.0017881360103787333,160.2961141400341
walk_forward,4,2022-08-03,2022-08-04,166.1300048828125,165.80999755859375,-0.0019262464022948844,0.0,166.1300048828125,0.003178758101165949,166.65809198168049,0.001327906163428645,166.3506099402268,0.0017432254404520502,166.41960693374665
walk_forward,4,2022-08-04,2022-08-05,165.80999755859375,165.35000610351562,-0.0027742082012610636,0.0,165.80999755859375,0.0024377523773187254,166.2142012743254,0.001327906163428645,166.03017767630988,0.001668724614099721,166.08668878278357
walk_forward,4,2022-08-05,2022-08-08,165.35000610351562,164.8699951171875,-0.0029029995077690662,0.0,165.35000610351562,0.0013102764252133248,165.56666031842192,0.001327906163428645,165.56957539574344,0.0015043275752824503,165.59874667727027
walk_forward,4,2022-08-08,2022-08-09,164.8699951171875,164.9199981689453,0.0003032877615012364,0.0,164.8699951171875,0.0035347733044429046,165.45277317463135,0.001327906163428645,165.08892699986805,0.0016584750902487397,165.14342789721877
walk_forward,4,2022-08-09,2022-08-10,164.9199981689453,169.24000549316406,0.026194563256017656,0.0,164.9199981689453,0.0007427972975607813,165.04250029789895,0.001327906163428645,165.1389964509865,0.0014496157045113753,165.159068788279
walk_forward,4,2022-08-10,2022-08-11,169.24000549316406,168.49000549316406,-0.0044315763156265175,0.0,169.24000549316406,0.0005404380004320867,169.3314692233259,0.001327906163428645,169.46474033955712,0.0017004366400937207,169.5277873994743
walk_forward,4,2022-08-11,2022-08-12,168.49000549316406,172.10000610351562,0.021425606817361276,0.0,168.49000549316406,0.0006706210961844514,168.602998445344,0.001327906163428645,168.71374440993455,0.0016379392301501842,168.76598188304953
walk_forward,4,2022-08-12,2022-08-15,172.10000610351562,173.19000244140625,0.006333505515595528,0.0,172.10000610351562,0.0015066021379729936,172.35929234065637,0.001327906163428645,172.32853876234657,0.0015827468442801765,172.37239684507657
walk_forward,4,2022-08-15,2022-08-16,173.19000244140625,173.02999877929688,-0.0009238620004263787,0.0,173.19000244140625,0.0017460195784609327,173.49239557646263,0.001327906163428645,173.4199825130924,0.0016472246062994333,173.4752852749928
walk_forward,4,2022-08-16,2022-08-17,173.02999877929688,174.5500030517578,0.00878462857992468,0.0,173.02999877929688,5.2452215312892006e-05,173.03907458604843,0.001327906163428645,173.25976638113394,0.0017440871160109258,173.3317781708512
walk_forward,4,2022-08-17,2022-08-18,174.5500030517578,174.14999389648438,-0.0022916594000563784,0.0,174.5500030517578,0.0024238369084504333,174.9730837915248,0.001327906163428645,174.78178907663673,0.001772090006021532,174.8593213677169
walk_forward,4,2022-08-18,2022-08-19,174.14999389648438,171.52000427246094,-0.015101864577650947,0.0,174.14999389648438,0.002126615433337969,174.52034396122033,0.001327906163428645,174.38124874674057,0.0017275357508691454,174.45084423695417
walk_forward,4,2022-08-19,2022-08-22,171.52000427246094,167.57000732421875,-0.023029365962279114,0.0,171.52000427246094,0.001498875187241172,171.7770913509804,0.001327906163428645,171.74776674328564,0.001216143821833616,171.72859726597778
walk_forward,4,2022-08-22,2022-08-23,167.57000732421875,167.22999572753906,-0.0020290719210975805,0.0,167.57000732421875,0.002424490296826623,167.97627918101549,0.001327906163428645,167.79252456975036,0.0014332625981620518,167.8101791482903
walk_forward,4,2022-08-23,2022-08-24,167.22999572753906,167.52999877929688,0.001793954789346408,0.0,167.22999572753906,0.000914818946208609,167.38298089600502,0.001327906163428645,167.4520614695758,0.0011593840662715248,167.42387951998825
walk_forward,4,2022-08-24,2022-08-25,167.52999877929688,170.02999877929688,0.014922700520600518,0.0,167.52999877929688,0.0004541146271119235,167.6060766022226,0.001327906163428645,167.7524628972351,0.001135970713311305,167.72030795151124
walk_forward,4,2022-08-25,2022-08-26,170.02999877929688,163.6199951171875,-0.03769925135640162,0.0,170.02999877929688,-0.0008110453865955191,169.89209673320408,0.001327906163428645,170.25578266264367,0.0011946894717160838,170.2331318287144
walk_forward,4,2022-08-26,2022-08-29,163.6199951171875,161.3800048828125,-0.013690198638440787,0.0,163.6199951171875,0.0009648049824640458,163.77785650370728,0.001327906163428645,163.83726711716378,0.001712905764348143,163.90026074998633
walk_forward,4,2022-08-29,2022-08-30,161.3800048828125,158.91000366210938,-0.015305497248539135,0.0,161.3800048828125,0.0013387705065445153,161.5960556736956,0.001327906163428645,161.59430238595053,0.0016382164155496995,161.64438025595302
walk_forward,4,2022-08-30,2022-08-31,158.91000366210938,157.22000122070312,-0.010634965719336975,0.0,158.91000366210938,0.0019647003837043797,159.2222142072788,0.001327906163428645,159.12102123540276,0.0014154240835670304,159.13492870841247
walk_forward,4,2022-08-31,2022-09-01,157.22000122070312,157.9600067138672,0.004706815210650195,0.0,157.22000122070312,0.00033796343817409113,157.27313583286542,-0.0027850528535437254,156.78213520766926,0.0008768626518734693,157.35786156790104
walk_forward,4,2022-09-01,2022-09-02,157.9600067138672,155.80999755859375,-0.013611098150736467,0.0,157.9600067138672,0.0010133865455921696,158.12008125941267,0.001327906163428645,158.16976278035776,0.0007744395554566872,158.0823371912466
walk_forward,4,2022-09-02,2022-09-06,155.80999755859375,154.52999877929688,-0.008215126110989845,0.0,155.80999755859375,0.0006182393613625699,155.90632543197827,0.001327906163428645,156.0168986146756,0.0018306559604401144,156.09523205932055
walk_forward,4,2022-09-06,2022-09-07,154.52999877929688,155.9600067138672,0.00925391798269981,0.0,154.52999877929688,-0.000490759508301467,154.45416171307812,0.001327906163428645,154.7352001171105,0.0016908371881564814,154.7912838479187
walk_forward,4,2022-09-07,2022-09-08,155.9600067138672,154.4600067138672,-0.009617850316921195,0.0,155.9600067138672,1.5982755577535106e-05,155.96249938453437,0.001327906163428645,156.1671069680309,0.004102484912686833,156.59983028839338
walk_forward,4,2022-09-08,2022-09-09,154.4600067138672,157.3699951171875,0.01883975318420772,0.0,154.4600067138672,-0.0004876248142410501,154.38468818178566,0.001327906163428645,154.66511510878576,0.000807875081220681,154.5847911043365
walk_forward,4,2022-09-09,2022-09-12,157.3699951171875,163.42999267578125,0.038507960517385253,0.0,157.3699951171875,0.0004998840548613383,157.4486618684602,0.001327906163428645,157.57896770364235,0.0002469380399239733,157.40885575532457
walk_forward,4,2022-09-12,2022-09-13,163.42999267578125,153.83999633789062,-0.05867953721882391,0.0,163.42999267578125,-0.0010124646859828877,163.26452557956657,0.001327906163428645,163.6470123703445,0.001342891095394322,163.64946135766593
walk_forward,4,2022-09-13,2022-09-14,153.83999633789062,155.30999755859375,0.009555390377639084,0.0,153.83999633789062,-0.0015705750209015028,153.59837908242676,0.001327906163428645,154.04428141720953,-0.0018759712986054985,153.55139692018318
walk_forward,4,2022-09-14,2022-09-15,155.30999755859375,152.3699951171875,-0.018929898188280392,0.0,155.30999755859375,-0.00012917489748265234,155.28993540558108,0.001327906163428645,155.5162346615939,0.0009320209401234753,155.4547497285289
walk_forward,4,2022-09-15,2022-09-16,152.3699951171875,150.6999969482422,-0.010960151095764759,0.0,152.3699951171875,0.0018417173001914844,152.6506175732249,0.001327906163428645,152.5723281728252,-0.0017889382382098777,152.0974146065665
walk_forward,4,2022-09-16,2022-09-19,150.6999969482422,154.47999572753906,0.025082938658552933,0.0,150.6999969482422,-0.0022183306753429406,150.36569452223782,-0.0027850528535437254,150.28028949171247,2.507609287141871e-05,150.7037759153614
walk_forward,4,2022-09-19,2022-09-20,154.47999572753906,156.89999389648438,0.01566544689199456,0.0,154.47999572753906,-0.0005574940007340358,154.39387405668754,0.001327906163428645,154.6851306659921,0.0012853312400789975,154.67855369201493
walk_forward,4,2022-09-20,2022-09-21,156.89999389648438,153.72000122070312,-0.02026764053209118,0.0,156.89999389648438,-0.003009052355697788,156.42787360024118,0.001327906163428645,157.10834236542144,0.0010389395952820788,157.06300351264295
walk_forward,4,2022-09-21,2022-09-22,153.72000122070312,152.74000549316406,-0.006375199842290069,0.0,153.72000122070312,-0.002375366381497583,153.3548598976397,0.001327906163428645,153.92412695776636,0.0007009308480880664,153.82774831152685
walk_forward,4,2022-09-22,2022-09-23,152.74000549316406,150.42999267578125,-0.015123823060790742,0.0,152.74000549316406,9.208515852118554e-05,152.7540705807824,0.001327906163428645,152.94282988786054,0.0018389722596668019,153.02089012620735
walk_forward,4,2022-09-23,2022-09-26,150.42999267578125,150.77000427246094,0.0022602646628622214,0.0,150.42999267578125,0.0002244324471723663,150.4637540471656,0.001327906163428645,150.62974959021994,0.000887125634917643,150.5634429785444
walk_forward,4,2022-09-26,2022-09-27,150.77000427246094,151.75999450683594,0.0065662280713738586,0.0,150.77000427246094,0.0011448678820164132,150.94261600792396,0.001327906163428645,150.9702126903945,0.001576483368699223,151.0076906766952
walk_forward,4,2022-09-27,2022-09-28,151.75999450683594,149.83999633789062,-0.012651543479456517,0.0,151.75999450683594,-0.0013086139758140527,151.56139925705483,0.001327906163428645,151.96151753890345,0.0011329409855602203,151.93192962458113
walk_forward,4,2022-09-28,2022-09-29,149.83999633789062,142.47999572753906,-0.049119065604851575,0.0,149.83999633789062,-0.0015966721985660362,149.60075098150466,0.001327906163428645,150.03896979255583,0.0003607462000114061,149.89405054717926
walk_forward,4,2022-09-29,2022-09-30,142.47999572753906,138.1999969482422,-0.030039296095161427,0.0,142.47999572753906,-4.959029045397529e-05,142.47293010316707,0.001327906163428645,142.66919579203093,0.0016777902190652043,142.7190472707832
walk_forward,4,2022-09-30,2022-10-03,138.1999969482422,142.4499969482422,0.030752533240588242,0.0,138.1999969482422,0.0023019971350039395,138.5181329452746,0.001327906163428645,138.38351357597557,0.0010811867853586102,138.34941695867923
walk_forward,4,2022-10-03,2022-10-04,142.4499969482422,146.10000610351562,0.02562309044204225,0.0,142.4499969482422,-0.00019669950926673083,142.42197710374742,0.001327906163428645,142.63915717717015,0.0006746630113358744,142.54610269214808
walk_forward,4,2022-10-04,2022-10-05,146.10000610351562,146.39999389648438,0.0020533044519943644,0.0,146.10000610351562,-0.0015841976333228495,145.86855481961797,-0.0027850528535437254,145.69310986461429,-0.00023463783851972625,146.06572551387578
walk_forward,4,2022-10-05,2022-10-06,146.39999389648438,145.42999267578125,-0.0066256916744750205,0.0,146.39999389648438,-0.0011917268102939976,146.22552509873105,0.001327906163428645,146.59439935070543,0.0011798208330004072,146.5727196592346
walk_forward,4,2022-10-06,2022-10-07,145.42999267578125,140.08999633789062,-0.03671867294799025,0.0,145.42999267578125,0.0012570004444726723,145.61279824121436,0.001327906163428645,145.6231100594028,0.001486943990739726,145.6462389294638
walk_forward,4,2022-10-07,2022-10-10,140.08999633789062,140.4199981689453,0.0023556416566585803,0.0,140.08999633789062,0.0019959463201749328,140.36960845057456,0.001327906163428645,140.2760227074624,0.00142267471347631,140.28929883329153
walk_forward,4,2022-10-10,2022-10-11,140.4199981689453,138.97999572753906,-0.01025496695758199,0.0,140.4199981689453,0.0008267004838133781,140.53608344936865,0.001327906163428645,140.60646274998248,0.0009517197274781985,140.55363865133515
walk_forward,4,2022-10-11,2022-10-12,138.97999572753906,138.33999633789062,-0.004604974883602009,0.0,138.97999572753906,0.0017815114572263503,139.22759018225295,0.001327906163428645,139.16454812045893,0.0007523647665613285,139.0845593795813
walk_forward,4,2022-10-12,2022-10-13,138.33999633789062,142.99000549316406,0.0336129050048255,0.0,138.33999633789062,5.644840692262316e-05,138.34780541029758,-0.0027850528535437254,137.95471213633056,-0.0009871956881047422,138.20342769001343
walk_forward,4,2022-10-13,2022-10-14,142.99000549316406,138.3800048828125,-0.03224001981433555,0.0,142.99000549316406,-0.0010392885141853817,142.8413976228117,0.001327906163428645,143.1798828027671,0.0012983358706373568,143.17565454643847
walk_forward,4,2022-10-14,2022-10-17,138.3800048828125,142.41000366210938,0.02912269574429982,0.0,138.3800048828125,-0.0032949491834536205,137.92404979871756,0.001327906163428645,138.56376054419167,-0.0001348811011295988,138.36134003537958
walk_forward,4,2022-10-17,2022-10-18,142.41000366210938,143.75,0.009409425626236034,0.0,142.41000366210938,-0.0025113026063429533,142.05236904874343,0.001327906163428645,142.59911078370618,0.0013491607825938106,142.60213765409932
walk_forward,4,2022-10-18,2022-10-19,143.75,143.86000061035156,0.0007652216372282528,0.0,143.75,0.001343349857086171,143.94310654195613,0.001327906163428645,143.94088651099287,0.0013163928062499635,143.93923146589844
walk_forward,4,2022-10-19,2022-10-20,143.86000061035156,143.38999938964844,-0.003267073673773546,0.0,143.86000061035156,-0.0008540759654471215,143.73713324144106,-0.0027850528535437254,143.45934290514091,-0.00040736404537516273,143.80139721853527
walk_forward,4,2022-10-20,2022-10-21,143.38999938964844,147.27000427246094,0.027059103837980825,0.0,143.38999938964844,0.0025701794564239487,143.75853742033635,0.001327906163428645,143.58040785361197,0.0016881077411473296,143.6320571576212
walk_forward,4,2022-10-21,2022-10-24,147.27000427246094,149.4499969482422,0.014802693097965003,0.0,147.27000427246094,0.0007343012537673519,147.3781448212405,0.001327906163428645,147.4655650188225,0.0013478145505563463,147.46849692707985
walk_forward,4,2022-10-24,2022-10-25,149.4499969482422,152.33999633789062,0.019337567404898115,0.0,149.4499969482422,0.001059805901087226,149.60838493692538,0.001327906163428645,149.64845252031415,0.0013449327796989886,149.6509971480638
walk_forward,4,2022-10-25,2022-10-26,152.33999633789062,149.35000610351562,-0.019627086164182295,0.0,152.33999633789062,0.0023575968756240585,152.69915263728942,0.001327906163428645,152.5422895579644,0.0015384759190712309,152.5743677537679
walk_forward,4,2022-10-26,2022-10-27,149.35000610351562,144.8000030517578,-0.03046536903791064,0.0,149.35000610351562,0.003054384875429205,149.80617850330347,0.001327906163428645,149.54832889712858,0.001153865513251667,149.5223359249624
walk_forward,4,2022-10-27,2022-10-28,144.8000030517578,155.74000549316406,0.07555250145606562,0.0,144.8000030517578,0.003908588602245676,145.36596669329106,0.001327906163428645,144.9922838682747,0.0017945604925483952,145.0598554165554
walk_forward,4,2022-10-28,2022-10-31,155.74000549316406,153.33999633789062,-0.015410357458724877,0.0,155.74000549316406,0.0018479654867916975,156.0278076482282,0.001327906163428645,155.94681360635084,0.005166737493907572,156.54467321884695
walk_forward,4,2022-10-31,2022-11-01,153.33999633789062,150.64999389648438,-0.0175427318745901,0.0,153.33999633789062,0.0005622726967336995,153.42621523114866,0.001327906163428645,153.54361746412783,0.0018137116926054539,153.61811088219272
walk_forward,4,2022-11-01,2022-11-02,150.64999389648438,145.02999877929688,-0.03730498071609045,0.0,150.64999389648438,0.0008750539926815667,150.78182077514094,0.001327906163428645,150.8500429519,0.0018138308968968216,150.92324751003116
walk_forward,4,2022-11-02,2022-11-03,145.02999877929688,138.8800048828125,-0.04240497792352105,0.0,145.02999877929688,0.0073020059228860006,146.08900868937945,0.001327906163428645,145.22258500855796,0.003706623386693768,145.5675703645444
walk_forward,4,2022-11-03,2022-11-04,138.8800048828125,138.3800048828125,-0.003600230288167805,0.0,138.8800048828125,0.004445586930351984,139.49740801740674,0.001327906163428645,139.0644244972734,0.005119584125974577,139.5910127512258
walk_forward,4,2022-11-04,2022-11-07,138.3800048828125,138.9199981689453,0.003902249364639898,0.0,138.3800048828125,0.0009697424260429004,138.51419784446338,0.001327906163428645,138.56376054419167,0.0027891967736514097,138.7659739459695
walk_forward,4,2022-11-07,2022-11-08,138.9199981689453,139.5,0.004175078021159573,0.0,138.9199981689453,0.0006264903804606293,139.00703021145176,-0.0027850528535437254,138.5330986316306,0.0009593079992037114,139.05326523443813
walk_forward,4,2022-11-08,2022-11-09,139.5,134.8699951171875,-0.03318999915994625,0.0,139.5,0.0003500463734688174,139.5488314690989,-0.0027850528535437254,139.11148512693066,-0.00022061207986404037,139.46922461485897
walk_forward,4,2022-11-09,2022-11-10,134.8699951171875,146.8699951171875,0.08897457132383879,0.0,134.8699951171875,0.002668217293131119,135.2298575704837,0.001327906163428645,135.04908981496519,0.0013903275864618999,135.0575085919849
walk_forward,4,2022-11-10,2022-11-11,146.8699951171875,149.6999969482422,0.019268754171310798,0.0,146.8699951171875,-0.003929814431726895,146.2928232907883,0.001327906163428645,147.06502468892634,0.0015057230078265327,147.09114064799482
walk_forward,4,2022-11-11,2022-11-14,149.6999969482422,148.27999877929688,-0.009485625904429806,0.0,149.6999969482422,0.0002512022353973668,149.73760192211455,0.001327906163428645,149.898784496855,0.0011483574231211159,149.8719060509789
walk_forward,4,2022-11-14,2022-11-15,148.27999877929688,150.0399932861328,0.011869399253607638,0.0,148.27999877929688,-4.797340277327652e-05,148.2728852831922,-0.0027850528535437254,147.86703114557315,-0.00011697748445538248,148.26265335804462
walk_forward,4,2022-11-15,2022-11-16,150.0399932861328,148.7899932861328,-0.00833111207633952,0.0,150.0399932861328,0.0071155062262462905,151.10760379254623,0.001327906163428645,150.23923231797826,0.009604637064090801,151.48107296674473
walk_forward,4,2022-11-16,2022-11-17,148.7899932861328,150.72000122070312,0.01297135574741759,0.0,148.7899932861328,0.0029660104493237542,149.23130596097428,0.001327906163428645,148.98757243527396,0.002171878663393002,149.11314709787737
walk_forward,4,2022-11-17,2022-11-18,150.72000122070312,151.2899932861328,0.003781794458686649,0.0,150.72000122070312,-0.0017780256998656547,150.45201718504893,0.001327906163428645,150.92014323927606,0.0012076052197446587,150.9020114808972
walk_forward,4,2022-11-18,2022-11-21,151.2899932861328,148.00999450683594,-0.02168020969565021,0.0,151.2899932861328,-0.00010759898177461493,151.27371463690255,0.001327906163428645,151.49089220068254,0.0013901225809057702,151.50030492206497
walk_forward,4,2022-11-21,2022-11-22,148.00999450683594,150.17999267578125,0.014661159715434469,0.0,148.00999450683594,-0.0013899494320702619,147.80426809903042,0.001327906163428645,148.2065378907906,0.0005315870718568085,148.08867470642136
walk_forward,4,2022-11-22,2022-11-23,150.17999267578125,151.07000732421875,0.0059263196953200925,0.0,150.17999267578125,0.00020905375197390681,150.21138836672154,0.001327906163428645,150.37941761367907,0.0010831585458150805,150.34266141825847
walk_forward,4,2022-11-23,2022-11-25,151.07000732421875,148.11000061035156,-0.01959360938875554,0.0,151.07000732421875,-0.0018494802457491727,150.79060632994742,0.001327906163428645,151.27061411805377,0.001147277419467529,151.24332653238065
walk_forward,4,2022-11-25,2022-11-28,148.11000061035156,144.22000122070312,-0.02626425881856731,0.0,148.11000061035156,-0.0005342423998306346,148.03087396818657,0.001327906163428645,148.30667679302746,0.0010561628090317156,148.2664288846419
walk_forward,4,2022-11-28,2022-11-29,144.22000122070312,141.1699981689453,-0.021148266717113118,0.0,144.22000122070312,0.003439658880297374,144.71606882861843,0.001327906163428645,144.41151184921378,0.0013547093220231548,144.41537740077902
walk_forward,4,2022-11-29,2022-11-30,141.1699981689453,148.02999877929688,0.04859389884061516,0.0,141.1699981689453,0.0034608178366119374,141.65856181660288,0.001327906163428645,141.35745867960506,0.0016261690438726273,141.3995644498912
walk_forward,4,2022-11-30,2022-12-01,148.02999877929688,148.30999755859375,0.0018915002472865705,0.0,148.02999877929688,0.00116668549749355,148.20270323206668,0.001327906163428645,148.22656872704823,0.0013119559724447767,148.22420762029637
walk_forward,4,2022-12-01,2022-12-02,148.30999755859375,147.80999755859375,-0.0033713168918532155,0.0,148.30999755859375,0.0012423402526702421,148.49424903843422,0.001327906163428645,148.5069393184499,0.0011198443371628903,148.4760816695044
walk_forward,4,2022-12-02,2022-12-05,147.80999755859375,146.6300048828125,-0.00798317228381984,0.0,147.80999755859375,0.0020142578200284572,148.10772500205454,0.001327906163428645,148.00627536536817,0.0011642893831665525,147.9820911694771
walk_forward,4,2022-12-05,2022-12-06,146.6300048828125,142.91000366210938,-0.025369986338581674,0.0,146.6300048828125,0.005411987918680011,147.42356469775427,0.001327906163428645,146.82471577003994,0.001903803857076146,146.9091596516715
walk_forward,4,2022-12-06,2022-12-07,142.91000366210938,140.94000244140625,-0.013784907775671984,0.0,142.91000366210938,0.0025022534479896656,143.26760071152512,0.001327906163428645,143.0997747367879,0.0015373890865826695,143.12971194210297
walk_forward,4,2022-12-07,2022-12-08,140.94000244140625,142.64999389648438,0.012132761639400691,0.0,140.94000244140625,0.0009663317736186225,141.07619724393928,0.001327906163428645,141.12715753932184,0.0019402226592827902,141.21345742774244
walk_forward,4,2022-12-08,2022-12-09,142.64999389648438,142.16000366210938,-0.0034349124103753015,0.0,142.64999389648438,-0.000429897156098288,142.58866906979083,0.001327906163428645,142.83941970259258,0.000775792621248854,142.76066070917045
walk_forward,4,2022-12-09,2022-12-12,142.16000366210938,144.49000549316406,0.01638999557563814,0.0,142.16000366210938,-0.002184617523684221,141.8494384269421,0.001327906163428645,142.34877880716533,-0.00101056940913759,142.01634111120555
walk_forward,4,2022-12-12,2022-12-13,144.49000549316406,145.47000122070312,0.006782446468835079,0.0,144.49000549316406,-0.0023307771224409454,144.15323149393924,0.001327906163428645,144.68187466201226,0.0007650219453688751,144.6005435182528
walk_forward,4,2022-12-13,2022-12-14,145.47000122070312,143.2100067138672,-0.015535811424151502,0.0,145.47000122070312,-0.002425769565698098,145.11712451901988,0.001327906163428645,145.66317173191806,0.0011618309713311232,145.6390127735209
walk_forward,4,2022-12-14,2022-12-15,143.2100067138672,136.5,-0.04685431463789913,0.0,143.2100067138672,-0.0013367868075061992,143.01856546618922,0.001327906163428645,143.40017616444717,0.0010923427983954475,143.36644113335925
walk_forward,4,2022-12-15,2022-12-16,136.5,134.50999450683594,-0.014578794821714758,0.0,136.5,0.0014206373319439055,136.69391699581033,0.001327906163428645,136.68125919130802,0.0017012943195327597,136.73222667461621
walk_forward,4,2022-12-16,2022-12-19,134.50999450683594,132.3699951171875,-0.01590959391154889,0.0,134.50999450683594,0.002074546879649671,134.7890417962218,0.001327906163428645,134.68861115758432,0.002465372997585796,134.84161181519852
walk_forward,4,2022-12-19,2022-12-20,132.3699951171875,132.3000030517578,-0.0005287608069164396,0.0,132.3699951171875,0.0006783501278856462,132.4597883203035,0.001327906163428645,132.54577004955664,0.0019145886603019386,132.6234292088031
walk_forward,4,2022-12-20,2022-12-21,132.3000030517578,135.4499969482422,0.023809477126406797,0.0,132.3000030517578,-0.001755213415092816,132.06778831158456,-0.0027850528535437254,131.93154055073467,0.0007052942536452291,132.39331348366747
walk_forward,4,2022-12-21,2022-12-22,135.4499969482422,132.22999572753906,-0.02377261936693542,0.0,135.4499969482422,-0.0018548456159519129,135.19875811522203,0.001327906163428645,135.62986183402614,-0.00032214723476274527,135.40636210627667
walk_forward,4,2022-12-22,2022-12-23,132.22999572753906,131.86000061035156,-0.0027981178941416385,0.0,132.22999572753906,-0.0012793288082712055,132.06083008468724,0.001327906163428645,132.4055847538558,0.0002199229836554518,132.25907614272822
walk_forward,4,2022-12-23,2022-12-27,131.86000061035156,130.02999877929688,-0.01387836965405731,0.0,131.86000061035156,-0.0003351835259430018,131.81580331041613,0.001327906163428645,132.03509831787176,0.0010736628247459583,132.00157379107787
walk_forward,4,2022-12-27,2022-12-28,130.02999877929688,126.04000091552734,-0.03068521034551308,0.0,130.02999877929688,0.003115775364667713,130.4351430461612,0.001327906163428645,130.20266641610652,0.002038970933432283,130.2951261672821
walk_forward,4,2022-12-28,2022-12-29,126.04000091552734,129.61000061035156,0.02832433885189234,0.0,126.04000091552734,0.0037887782908655283,126.51753853477675,0.001327906163428645,126.20737020958161,0.002337275001131187,126.33459105880976
walk_forward,4,2022-12-29,2022-12-30,129.61000061035156,129.92999267578125,0.00246888406699175,0.0,129.61000061035156,0.001985575835844534,129.86735109564725,0.001327906163428645,129.78211052900403,0.0006692989865986892,129.69674845241312
walk_forward,4,2022-12-30,2023-01-03,129.92999267578125,125.06999969482422,-0.03740470449409117,0.0,129.92999267578125,-0.0008866034284113259,129.81479629882145,0.001327906163428645,130.10252751386966,-3.58242376314995e-05,129.92533803284817
walk_forward,4,2023-01-03,2023-01-04,125.06999969482422,126.36000061035156,0.010314231379827232,0.0,125.06999969482422,-0.0009466797056873206,124.95159846432281,0.001327906163428645,125.23608091827899,-0.0017349314231445737,124.85301182226098
walk_forward,4,2023-01-04,2023-01-05,126.36000061035156,125.0199966430664,-0.010604653061194957,0.0,126.36000061035156,0.001242642790855067,126.51702095416248,0.001327906163428645,126.52779483397289,-0.0008162262408879841,126.25686226205478
walk_forward,4,2023-01-05,2023-01-06,125.0199966430664,129.6199951171875,0.036794101724815675,0.0,125.0199966430664,0.0004094856633247558,125.07119053932065,0.001327906163428645,125.18601146716055,0.0007302949783162106,125.11129811880393
walk_forward,4,2023-01-06,2023-01-09,129.6199951171875,130.14999389648438,0.004088865910060413,0.0,129.6199951171875,-0.0020721194210077815,129.35140700795424,-0.0027850528535437254,129.25899657991005,-0.0021809533735893502,129.33729995155204
walk_forward,4,2023-01-09,2023-01-10,130.14999389648438,130.72999572753906,0.004456410743407302,0.0,130.14999389648438,-0.00013022462440102672,130.1330451624134,0.001327906163428645,130.32282087554972,0.001256520811405538,130.3135300724196
walk_forward,4,2023-01-10,2023-01-11,130.72999572753906,133.49000549316406,0.02111229140844828,0.0,130.72999572753906,-0.0016282246384393161,130.5171379275124,0.001327906163428645,130.90359289461065,0.001018277530180811,130.86311514470904
walk_forward,4,2023-01-11,2023-01-12,133.49000549316406,133.41000366210938,-0.0005993095195339082,0.0,133.49000549316406,0.0009658910968237495,133.61894230098486,0.001327906163428645,133.66726769421456,0.0014035729830348868,133.67736845837945
walk_forward,4,2023-01-12,2023-01-13,133.41000366210938,134.75999450683594,0.010119112567793076,0.0,133.41000366210938,-0.0006582037785350489,133.3221926936046,0.001327906163428645,133.58715962823533,0.0014111746624693678,133.59826847899728
walk_forward,4,2023-01-13,2023-01-17,134.75999450683594,135.94000244140625,0.008756366745847899,0.0,134.75999450683594,0.0013605475068807187,134.94334188138947,0.001327906163428645,134.93894313412517,0.001344539991390161,134.9411847086899
walk_forward,4,2023-01-17,2023-01-18,135.94000244140625,135.2100067138672,-0.005369984658148752,0.0,135.94000244140625,0.004077779922255212,136.49433585399314,0.001327906163428645,136.1205180085047,0.0016645796550215839,136.1662854037738
walk_forward,4,2023-01-18,2023-01-19,135.2100067138672,135.27000427246094,0.00044373608175840573,0.0,135.2100067138672,0.000943938034969508,135.3376365819129,0.001327906163428645,135.38955291513975,0.0011745729756402767,135.36882073378945
walk_forward,4,2023-01-19,2023-01-20,135.27000427246094,137.8699951171875,0.01922074933545259,0.0,135.27000427246094,0.001283897137235498,135.44367704370018,0.001327906163428645,135.44963014486135,0.0014675710961003826,135.46852262090056
walk_forward,4,2023-01-20,2023-01-23,137.8699951171875,141.11000061035156,0.02350043960188808,0.0,137.8699951171875,0.001214184530651938,138.03739473249985,0.001327906163428645,138.0530735334555,0.0016865086294520011,138.10251405369513
walk_forward,4,2023-01-23,2023-01-24,141.11000061035156,142.52999877929688,0.010063058343160014,0.0,141.11000061035156,0.002038394918796824,141.39763851858712,0.001327906163428645,141.29738144988346,0.0014811741837387033,141.31900910032294
walk_forward,4,2023-01-24,2023-01-25,142.52999877929688,141.86000061035156,-0.00470075194473818,0.0,142.52999877929688,0.0014885637965181425,142.7421637753975,0.001327906163428645,142.71926524314938,0.0016977215629731717,142.77197503159502
walk_forward,4,2023-01-25,2023-01-26,141.86000061035156,143.9600067138672,0.014803370185255682,0.0,141.86000061035156,0.0021344808362246228,142.16279806308117,0.001327906163428645,142.04837737950604,0.0017570816375917845,142.10926021253277
walk_forward,4,2023-01-26,2023-01-27,143.9600067138672,145.92999267578125,0.013684258613779976,0.0,143.9600067138672,0.002617340678919346,144.3367990955769,0.001327906163428645,144.15117209406975,0.0017637034200345774,144.21390947005665
walk_forward,4,2023-01-27,2023-01-30,145.92999267578125,143.0,-0.020078070464177533,0.0,145.92999267578125,0.001398334914979942,146.13405167968256,0.001327906163428645,146.12377401248452,0.0017218368286661004,146.18126031157738
walk_forward,4,2023-01-30,2023-01-31,143.0,144.2899932861328,0.009020932070858745,0.0,143.0,0.0020093590644980203,143.28733834622324,0.001327906163428645,143.1898905813703,0.0015187621908660065,143.21718299329385
walk_forward,4,2023-01-31,2023-02-01,144.2899932861328,145.42999267578125,0.007900751560697472,0.0,144.2899932861328,0.003176054914686543,144.74826622844932,0.001327906163428645,144.48159685753853,0.0015418086431501427,144.51246084490145
walk_forward,4,2023-02-01,2023-02-02,145.42999267578125,150.82000732421875,0.03706260688917107,0.0,145.42999267578125,0.0020574010508020157,145.72920049553053,0.001327906163428645,145.6231100594028,0.001516971017709562,145.65060575977614
walk_forward,4,2023-02-02,2023-02-03,150.82000732421875,154.5,0.024399897209064214,0.0,150.82000732421875,-0.00035506545608564376,150.76645634953132,0.001327906163428645,151.02028214151292,0.0014488641687889726,151.03852502876728
walk_forward,4,2023-02-03,2023-02-06,154.5,151.72999572753906,-0.01792883024246561,0.0,154.5,0.0006330811398470202,154.59781103610635,0.001327906163428645,154.70516150224972,0.0012533606493721923,154.693644220328
walk_forward,4,2023-02-06,2023-02-07,151.72999572753906,154.64999389648438,0.019244699473851767,0.0,151.72999572753906,0.0013502928230991567,151.9348756518188,0.001327906163428645,151.93147892404266,0.00160270990235415,151.97317489417574
walk_forward,4,2023-02-07,2023-02-08,154.64999389648438,151.9199981689453,-0.017652737376545935,0.0,154.64999389648438,0.0029136734330972407,155.10059347512922,0.001327906163428645,154.8553545765537,0.0017542157578370732,154.921283352727
walk_forward,4,2023-02-08,2023-02-09,151.9199981689453,150.8699951171875,-0.006911552556695955,0.0,151.9199981689453,0.003011431154743785,152.37749478445988,0.001327906163428645,152.12173367086191,0.0017991357072799211,152.19332286230096
walk_forward,4,2023-02-09,2023-02-10,150.8699951171875,151.00999450683594,0.0009279472007650558,0.0,150.8699951171875,0.001635544280642679,151.116749674822,0.001327906163428645,151.07033631358004,0.001440675030242852,151.0873497519657
walk_forward,4,2023-02-10,2023-02-13,151.00999450683594,153.85000610351562,0.01880677902118011,0.0,151.00999450683594,0.00363552009835922,151.55899437691866,0.001327906163428645,151.21052160928087,0.0015200714241977772,151.23954048425406
walk_forward,4,2023-02-13,2023-02-14,153.85000610351562,153.1999969482422,-0.004224953717818392,0.0,153.85000610351562,0.00018003603902872682,153.87770464921905,0.001327906163428645,154.054304474864,0.0012528908042333251,154.04276336139395
walk_forward,4,2023-02-14,2023-02-15,153.1999969482422,155.3300018310547,0.013903426404976438,0.0,153.1999969482422,0.0002206888752091477,153.23380648325076,0.001327906163428645,153.403432168427,0.0011196857431834835,153.37153280068088
walk_forward,4,2023-02-15,2023-02-16,155.3300018310547,153.7100067138672,-0.010429376798369527,0.0,155.3300018310547,0.00038478270622247543,155.3897701295168,0.001327906163428645,155.53626549785153,0.0017062536338928458,155.5950342111315
walk_forward,4,2023-02-16,2023-02-17,153.7100067138672,152.5500030517578,-0.007546702305912589,0.0,153.7100067138672,0.002205561248628609,154.04902354820175,0.001327906163428645,153.91411917916318,0.001305414895366259,153.9106620461983
walk_forward,4,2023-02-17,2023-02-21,152.5500030517578,148.47999572753906,-0.026679824600448265,0.0,152.5500030517578,0.0025423241991238813,152.93783461609272,0.001327906163428645,152.7525751410413,0.0014922188729578985,152.77764104538142
walk_forward,4,2023-02-21,2023-02-22,148.47999572753906,148.91000366210938,0.0028960664530148783,0.0,148.47999572753906,0.0028288477942000905,148.90002303593573,0.001327906163428645,148.6771632290115,0.0013978432132245114,148.6875474818664
walk_forward,4,2023-02-22,2023-02-23,148.91000366210938,149.39999389648438,0.0032905125399556034,0.0,148.91000366210938,0.002342401466949671,149.258810673131,0.001327906163428645,149.10774217376846,0.00132558542371702,149.10739659240951
walk_forward,4,2023-02-23,2023-02-24,149.39999389648438,146.7100067138672,-0.018005269695533066,0.0,149.39999389648438,0.0006006048704777368,149.48972426046794,0.001327906163428645,149.5983830691957,0.0010341081852334722,149.55448965304655
walk_forward,4,2023-02-24,2023-02-27,146.7100067138672,147.9199981689453,0.008247504598905886,0.0,146.7100067138672,-0.000735230532937871,146.60214103744363,0.001327906163428645,146.90482383601918,0.0003874979363609921,146.76685653871232
walk_forward,4,2023-02-27,2023-02-28,147.9199981689453,147.41000366210938,-0.003447772533457294,0.0,147.9199981689453,-9.59758713728377e-05,147.90580141822758,0.001327906163428645,148.1164220462082,0.001232845393261608,148.10236065725914
walk_forward,4,2023-02-28,2023-03-01,147.41000366210938,145.30999755859375,-0.014246021649447993,0.0,147.41000366210938,-3.360160364862552e-05,147.40505044959247,0.001327906163428645,147.60575031452333,0.0009484342076603046,147.54981235213384
walk_forward,4,2023-03-01,2023-03-02,145.30999755859375,145.91000366210938,0.0041291453691869595,0.0,145.30999755859375,-0.0022863608942228896,144.97776646263617,0.001327906163428645,145.5029555999596,9.033312549270595e-05,145.32312386483855
walk_forward,4,2023-03-02,2023-03-03,145.91000366210938,151.02999877929688,0.035090089703815774,0.0,145.91000366210938,-0.0004629110703497448,145.8424603061394,0.001327906163428645,146.10375845527818,0.0020914811817296015,146.2151716889948
walk_forward,4,2023-03-03,2023-03-06,151.02999877929688,153.8300018310547,0.01853938339660255,0.0,151.02999877929688,-0.00024948492468599955,150.9923190714261,0.001327906163428645,151.2305524455385,0.0013538284946587684,151.23446749519258
walk_forward,4,2023-03-06,2023-03-07,153.8300018310547,151.60000610351562,-0.014496494188358522,0.0,153.8300018310547,0.0006640102397893024,153.9321465274573,0.001327906163428645,154.03427363860638,0.0013552327149726686,154.03847728208044
walk_forward,4,2023-03-07,2023-03-08,151.60000610351562,152.8699951171875,0.00837723590066819,0.0,151.60000610351562,-3.367170679441345e-05,151.59490147256008,0.001327906163428645,151.80131668599628,0.0014549650659291256,151.82057881639088
walk_forward,4,2023-03-08,2023-03-09,152.8699951171875,150.58999633789062,-0.014914625839747453,0.0,152.8699951171875,0.002621463276199636,153.27073819542002,0.001327906163428645,153.07299212590692,0.0015099752780672931,153.10082503057274
walk_forward,4,2023-03-09,2023-03-10,150.58999633789062,148.5,-0.0138787196275717,0.0,150.58999633789062,0.0021147352219964633,150.9084543072267,0.001327906163428645,150.7899657221784,0.001387963722119452,150.7990097897217
walk_forward,4,2023-03-10,2023-03-13,148.5,150.47000122070312,0.013266001486216261,0.0,148.5,-0.0011815471932473986,148.32454024180277,0.001327906163428645,148.69719406526914,0.0010119992942707822,148.6502818951992
walk_forward,4,2023-03-13,2023-03-14,150.47000122070312,152.58999633789062,0.01408915464869298,0.0,150.47000122070312,0.00032980469011007147,150.51962693282658,0.001327906163428645,150.6698112627352,0.0013196498936403464,150.6685689418101
walk_forward,4,2023-03-14,2023-03-15,152.58999633789062,152.99000549316406,0.0026214638237991306,0.0,152.58999633789062,-7.935471754352157e-05,152.57788760183126,0.001327906163428645,152.79262153450526,0.0005006978668068146,152.66639782355304
walk_forward,4,2023-03-15,2023-03-16,152.99000549316406,155.85000610351562,0.018694035607962345,0.0,152.99000549316406,-0.0005949572437199471,152.89898298117916,0.001327906163428645,153.19316186440142,0.0008902978574498774,153.12621216726586
walk_forward,4,2023-03-16,2023-03-17,155.85000610351562,155.0,-0.00545400109224925,0.0,155.85000610351562,0.0019385054525035493,156.15212219012002,0.001327906163428645,156.05696028719086,0.0017196482137607017,156.11801328812612
walk_forward,4,2023-03-17,2023-03-20,155.0,157.39999389648438,0.015483831590221708,0.0,155.0,0.0027014447659453504,155.4187239387215,0.001327906163428645,155.20582545533142,0.001633948485579638,155.25326201526485
walk_forward,4,2023-03-20,2023-03-21,157.39999389648438,159.27999877929688,0.011944122971497162,0.0,157.39999389648438,0.003920669239429526,158.01710721084072,0.001327906163428645,157.60900631850313,0.001727598874635021,157.6719179488075
walk_forward,4,2023-03-21,2023-03-22,159.27999877929688,157.8300018310547,-0.009103446505241086,0.0,159.27999877929688,0.0038966092947980294,159.9006507030157,0.001327906163428645,159.4915076713868,0.0017218368286661004,159.55425294726496
walk_forward,4,2023-03-22,2023-03-23,157.8300018310547,158.92999267578125,0.006969466083539766,0.0,157.8300018310547,0.0029872777612475823,158.30148388558226,0.001327906163428645,158.03958526326008,0.0016186846002670659,158.08547882447874
walk_forward,4,2023-03-23,2023-03-24,158.92999267578125,160.25,0.008305589788276002,0.0,158.92999267578125,0.0033910298084281094,159.4689290183981,0.001327906163428645,159.14103679260907,0.0016617547801741938,159.1940953508233
walk_forward,4,2023-03-24,2023-03-27,160.25,158.27999877929688,-0.012293299349161457,0.0,160.25,0.002285440260490404,160.61624180174357,0.001327906163428645,160.46279696268942,0.001755771336509702,160.5313623566757
walk_forward,4,2023-03-27,2023-03-28,158.27999877929688,157.64999389648438,-0.003980318976947728,0.0,158.27999877929688,0.0010531765517879088,158.44669556262824,0.001327906163428645,158.49017976522336,0.001280923712963645,158.48274338302113
walk_forward,4,2023-03-28,2023-03-29,157.64999389648438,160.77000427246094,0.019790742129842442,0.0,157.64999389648438,0.002218239168164436,157.99969928780644,0.001327906163428645,157.85933829504398,0.0014260810654421442,157.87481556774722
walk_forward,4,2023-03-29,2023-03-30,160.77000427246094,162.36000061035156,0.009889881791605992,0.0,160.77000427246094,0.0018009796576722388,161.05954777971954,0.001327906163428645,160.98349175202878,0.0016107968421022031,161.0289720876478
walk_forward,4,2023-03-30,2023-03-31,162.36000061035156,164.89999389648438,0.015644205941022005,0.0,162.36000061035156,0.000982926423434465,162.51958854506032,0.001327906163428645,162.57559945585632,0.0015655258412854945,162.6141793868982
walk_forward,4,2023-03-31,2023-04-03,164.89999389648438,166.1699981689453,0.00770166355044366,0.0,164.89999389648438,0.001538561195664954,165.15370262825888,0.001327906163428645,165.11896561472886,0.0017604978317827084,165.1902999782001
walk_forward,4,2023-04-03,2023-04-04,166.1699981689453,165.6300048828125,-0.003249643690696802,0.0,166.1699981689453,0.0027838763946427996,166.6325949043457,0.001327906163428645,166.39065633369077,0.0017134502426791457,166.4547221926339
walk_forward,4,2023-04-04,2023-04-05,165.6300048828125,163.75999450683594,-0.011290287513422759,0.0,165.6300048828125,0.0025662216237517495,166.05504818288486,0.001327906163428645,165.8499459871451,0.001753271363923717,165.92039922738007
walk_forward,4,2023-04-05,2023-04-06,163.75999450683594,164.66000366210938,0.005495903672834368,0.0,163.75999450683594,0.0029995967267720837,164.25120845033487,0.001327906163428645,163.9774524128646,0.001560778585399023,164.01558759940727
walk_forward,4,2023-04-06,2023-04-10,164.66000366210938,162.02999877929688,-0.01597233586979263,0.0,164.66000366210938,0.0026858224986346267,165.1022512045703,0.001327906163428645,164.87865669584247,0.001600190436413005,164.9234910252292
walk_forward,4,2023-04-10,2023-04-11,162.02999877929688,160.8000030517578,-0.007591160506113748,0.0,162.02999877929688,0.0021957215008218886,162.38577153139474,0.001327906163428645,162.24515941333624,0.0011246448051578316,162.21222497570375
walk_forward,4,2023-04-11,2023-04-12,160.8000030517578,160.10000610351562,-0.004353214769634461,0.0,160.8000030517578,0.0007591699978751072,160.92207758973294,0.001327906163428645,161.01353036688957,0.0013174458334595557,161.01184834579863
walk_forward,4,2023-04-12,2023-04-13,160.10000610351562,165.55999755859375,0.03410363052421039,0.0,160.10000610351562,0.00045652596718493473,160.17309591364835,0.001327906163428645,160.31260388838544,0.0013132846837628253,160.3102629894017
walk_forward,4,2023-04-13,2023-04-14,165.55999755859375,165.2100067138672,-0.0021139819394035975,0.0,165.55999755859375,0.0007040205949135779,165.67655520656885,0.001327906163428645,165.77984569976903,0.0015085091180989778,165.80974632450335
walk_forward,4,2023-04-14,2023-04-17,165.2100067138672,165.22999572753906,0.0001209915432451858,0.0,165.2100067138672,0.0012644053763532605,165.41889913458357,0.001327906163428645,165.4293901000426,0.0014975795917518365,165.45742184827506
walk_forward,4,2023-04-17,2023-04-18,165.22999572753906,166.47000122070312,0.0075047238711354325,0.0,165.22999572753906,0.0017868855961347616,165.525242826954,0.001327906163428645,165.44940565724895,0.0015121365916136143,165.4798460501108
walk_forward,4,2023-04-18,2023-04-19,166.47000122070312,167.6300048828125,0.006968244450070493,0.0,166.47000122070312,0.00426770704461051,167.180446417629,0.001327906163428645,166.69105776135007,0.0016702677619200757,166.74805069706886
walk_forward,4,2023-04-19,2023-04-20,167.6300048828125,166.64999389648438,-0.0058462742813449875,0.0,167.6300048828125,0.003154103051056542,168.15872719266198,0.001327906163428645,167.85260179947196,0.0017129369554789776,167.91714451302337
walk_forward,4,2023-04-20,2023-04-21,166.64999389648438,165.02000427246094,-0.00978091619394783,0.0,166.64999389648438,0.0018238971752471448,166.95394634960712,0.001327906163428645,166.87128945051487,0.0015489482330098287,166.90812611006143
walk_forward,4,2023-04-21,2023-04-24,165.02000427246094,165.3300018310547,0.001878545331279513,0.0,165.02000427246094,0.002721486272782473,165.46910394882295,0.001327906163428645,165.23913535322336,0.001320508853425517,165.23791464909505
walk_forward,4,2023-04-24,2023-04-25,165.3300018310547,163.77000427246094,-0.0094356592349637,0.0,165.3300018310547,0.0017742057389371338,165.62333126912185,0.001327906163428645,165.5495445594858,0.0007760538564175732,165.4583068165572
walk_forward,4,2023-04-25,2023-04-26,163.77000427246094,163.75999450683594,-6.112087295517821e-05,0.0,163.77000427246094,-0.0001442540316212008,163.746379789086,0.001327906163428645,163.98747547051906,0.0012738711457413792,163.97862615544156
walk_forward,4,2023-04-26,2023-04-27,163.75999450683594,168.41000366210938,0.02839526936524983,0.0,163.75999450683594,-0.0019366520306098162,163.44284838094163,0.001327906163428645,163.9774524128646,0.0013220560957631039,163.97649440581586
walk_forward,4,2023-04-27,2023-04-28,168.41000366210938,169.67999267578125,0.007541054486406518,0.0,168.41000366210938,0.0028027597521943105,168.88201644224043,0.001327906163428645,168.63363634395532,0.0015984639782125848,168.67920098653389
walk_forward,4,2023-04-28,2023-05-01,169.67999267578125,169.58999633789062,-0.0005303886243240852,0.0,169.67999267578125,0.0018838391251154577,169.9996424847332,0.001327906163428645,169.90531178386593,0.001603863356579095,169.95213619837855
walk_forward,4,2023-05-01,2023-05-02,169.58999633789062,168.5399932861328,-0.006191420923589042,0.0,169.58999633789062,0.0019435000413468983,169.91959450278532,0.001327906163428645,169.81519593928354,0.001646484618134822,169.8692236582505
walk_forward,4,2023-05-02,2023-05-03,168.5399932861328,167.4499969482422,-0.006467285993302041,0.0,168.5399932861328,0.0034141384051157696,169.11541215000898,0.001327906163428645,168.76379858200167,0.0014718213705697725,168.78805405004704
walk_forward,4,2023-05-03,2023-05-04,167.4499969482422,165.7899932861328,-0.009913429037699317,0.0,167.4499969482422,0.00323865033407559,167.99230893679956,0.001327906163428645,167.67235483125586,0.0013968039110145067,167.68389175887887
walk_forward,4,2023-05-04,2023-05-05,165.7899932861328,173.57000732421875,0.04692692172716728,0.0,165.7899932861328,0.0015099568297328374,166.04032901879657,0.001327906163428645,166.01014684005224,0.0013195137846759987,166.0087554676352
walk_forward,4,2023-05-05,2023-05-08,173.57000732421875,173.5,-0.0004033376808469935,0.0,173.57000732421875,0.003530034983354924,174.1827155221344,0.001327906163428645,173.80049200673093,0.002061965786395097,173.92790274086565
walk_forward,4,2023-05-08,2023-05-09,173.5,171.77000427246094,-0.009971156931060876,0.0,173.5,0.002671428702595841,173.96349287990037,0.001327906163428645,173.73039171935486,0.0015200479318125159,173.76372831616948
walk_forward,4,2023-05-09,2023-05-10,171.77000427246094,173.55999755859375,0.010420872338650744,0.0,171.77000427246094,0.0016048987933539917,172.04567774505222,0.001327906163428645,171.9980987198265,0.0018724108117595044,172.0916282855967
walk_forward,4,2023-05-10,2023-05-11,173.55999755859375,173.75,0.0010947363682816125,0.0,173.55999755859375,0.0043228086726936525,174.31026422127272,0.001327906163428645,173.79046894907646,0.0019210173747597349,173.89340932946706
walk_forward,4,2023-05-11,2023-05-12,173.75,172.57000732421875,-0.006791324752697836,0.0,173.75,0.0030997040734212136,174.28857358275695,0.001327906163428645,173.9807236958957,0.0018245223805816802,174.0670107636261
walk_forward,4,2023-05-12,2023-05-15,172.57000732421875,172.07000732421875,-0.002897374855299284,0.0,172.57000732421875,0.0015315265541950528,172.83430287289343,0.001327906163428645,172.7991641005675,0.0013850238179133121,172.8090208946203
walk_forward,4,2023-05-15,2023-05-16,172.07000732421875,172.07000732421875,0.0,0.0,172.07000732421875,0.002645403218302356,172.52520187536754,0.001327906163428645,172.29850014748578,0.0013290215726593075,172.29869207596028
walk_forward,4,2023-05-16,2023-05-17,172.07000732421875,172.69000244140625,0.0036031562201266354,0.0,172.07000732421875,0.0013884205418459162,172.30891285702327,0.001327906163428645,172.29850014748578,0.0006977189600384504,172.1900638307828
walk_forward,4,2023-05-17,2023-05-18,172.69000244140625,175.0500030517578,0.013666110237923634,0.0,172.69000244140625,0.000852571416395775,172.83723300138513,0.001327906163428645,172.91931856001068,0.0011274545642944603,172.88470257286684
walk_forward,4,2023-05-18,2023-05-19,175.0500030517578,175.16000366210938,0.0006283953638037687,0.0,175.0500030517578,0.0008799418001060706,175.20403686655175,0.001327906163428645,175.28245302971843,0.0016343139445232958,175.33608971273415
walk_forward,4,2023-05-19,2023-05-22,175.16000366210938,174.1999969482422,-0.005480741572254533,0.0,175.16000366210938,0.002031673098702027,175.51587152951822,0.001327906163428645,175.39259971055847,0.0015653902304864796,175.434197420614
walk_forward,4,2023-05-22,2023-05-23,174.1999969482422,171.55999755859375,-0.015154991021227304,0.0,174.1999969482422,0.0020090097120131906,174.54996643394387,0.001327906163428645,174.431318197859,0.0014659090831224588,174.4553583060485
walk_forward,4,2023-05-23,2023-05-24,171.55999755859375,171.83999633789062,0.00163207497832496,0.0,171.55999755859375,0.0015690959768750045,171.82919166055564,0.001327906163428645,171.7878131367496,0.0014036105139029126,171.80080097493214
walk_forward,4,2023-05-24,2023-05-25,171.83999633789062,172.99000549316406,0.0066923253013353445,0.0,171.83999633789062,0.0007553839815862799,171.96980151852011,0.001327906163428645,172.06818372815127,0.0013734990106970548,172.0760184028589
walk_forward,4,2023-05-25,2023-05-26,172.99000549316406,175.42999267578125,0.014104787011603337,0.0,172.99000549316406,0.0013572404379987224,173.224794523989,0.001327906163428645,173.21971998766998,0.0013064824132291953,173.2160138930053
walk_forward,4,2023-05-26,2023-05-30,175.42999267578125,177.3000030517578,0.010659581907596527,0.0,175.42999267578125,0.0015412220631180456,175.70036925102582,0.001327906163428645,175.66294724430566,0.0012915317645485619,175.65656608377654
walk_forward,4,2023-05-30,2023-05-31,177.3000030517578,177.25,-0.0002820251037627397,0.0,177.3000030517578,0.0022464346467758033,177.69829592148676,0.001327906163428645,177.53544081858615,0.001597425366291537,177.58322657407626
walk_forward,4,2023-05-31,2023-06-01,177.25,180.08999633789062,0.016022546335066945,0.0,177.25,0.0018274584197479472,177.57391700490032,0.001327906163428645,177.4853713674677,0.0016786735271205888,177.54754488268213
walk_forward,4,2023-06-01,2023-06-02,180.08999633789062,180.9499969482422,0.004775393568990927,0.0,180.08999633789062,0.0029225939957016646,180.61632627987368,0.001327906163428645,180.32913895399955,0.0017637034200345774,180.40762168034578
walk_forward,4,2023-06-02,2023-06-05,180.9499969482422,179.5800018310547,-0.0075711253953729685,0.0,180.9499969482422,0.0033225916976049406,181.55121990578405,0.001327906163428645,181.19028156446214,0.001683726640986584,181.25466727879038
walk_forward,4,2023-06-05,2023-06-06,179.5800018310547,179.2100067138672,-0.002060335858196427,0.0,179.5800018310547,0.002713719196458024,180.0673315293236,0.001327906163428645,179.81846722231467,0.0016037886456890383,179.86801019898414
walk_forward,4,2023-06-06,2023-06-07,179.2100067138672,177.82000732421875,-0.007756259904993845,0.0,179.2100067138672,0.003213782634397559,179.7859487213545,0.001327906163428645,179.44798078633062,0.0015159275410971166,179.48167609868494
walk_forward,4,2023-06-07,2023-06-08,177.82000732421875,180.57000732421875,0.01546507640721173,0.0,177.82000732421875,0.0015089482816171066,178.08832851870775,0.001327906163428645,178.0561356079255,0.0013365757269590205,178.05767722977598
walk_forward,4,2023-06-08,2023-06-09,180.57000732421875,180.9600067138672,0.002159823746078704,0.0,180.57000732421875,0.001334508841554658,180.8109795955125,0.001327906163428645,180.80978734987494,0.0015153228617264401,180.84362918445925
walk_forward,4,2023-06-09,2023-06-12,180.9600067138672,183.7899932861328,0.015638740424785524,0.0,180.9600067138672,0.0015515709918401566,181.24077901096763,0.001327906163428645,181.20030462211662,0.0015088853989642704,181.2330546257942
walk_forward,4,2023-06-12,2023-06-13,183.7899932861328,183.30999755859375,-0.002611653218746124,0.0,183.7899932861328,0.0017275411040609111,184.1074980540497,0.001327906163428645,184.03404915099398,0.0016409017686418578,184.0915746111747
walk_forward,4,2023-06-13,2023-06-14,183.30999755859375,183.9499969482422,0.003491350161869189,0.0,183.30999755859375,0.0024257572552335007,183.75466311512835,0.001327906163428645,183.55341603416989,0.0016263964414821646,183.60813228631116
walk_forward,4,2023-06-14,2023-06-15,183.9499969482422,186.00999450683594,0.011198682211304156,0.0,183.9499969482422,0.0015399903932935947,184.23327817638886,0.001327906163428645,184.19426528295244,0.0016935027466054397,184.26151677331208
walk_forward,4,2023-06-15,2023-06-16,186.00999450683594,184.9199981689453,-0.005859880490725833,0.0,186.00999450683594,0.0028439606903367647,186.53899961922315,0.001327906163428645,186.2569983250009,0.001884340752622763,186.36050071988032
walk_forward,4,2023-06-16,2023-06-20,184.9199981689453,185.00999450683594,0.0004866771511018442,0.0,184.9199981689453,0.002530616574754569,185.38795978131523,0.001327906163428645,185.16555457425505,0.001642947777853821,185.22381206901773
walk_forward,4,2023-06-20,2023-06-21,185.00999450683594,183.9600067138672,-0.0056753030870986265,0.0,185.00999450683594,0.0021494485369666053,185.40766396885286,0.001327906163428645,185.25567041883747,0.0015350759829489441,185.29399890600888
walk_forward,4,2023-06-21,2023-06-22,183.9600067138672,187.0,0.016525294494369236,0.0,183.9600067138672,0.0024255521357787234,184.4062113010499,0.001327906163428645,184.2042883406069,0.0014454581874945715,184.2259132117433
walk_forward,4,2023-06-22,2023-06-23,187.0,186.67999267578125,-0.0017112691134693048,0.0,187.0,0.0012301044567952313,187.23002953342072,0.001327906163428645,187.24831845256114,0.001575249712313709,187.2945716962027
walk_forward,4,2023-06-23,2023-06-26,186.67999267578125,185.27000427246094,-0.007552970101992296,0.0,186.67999267578125,0.0017834201815473442,187.01292154221036,0.001327906163428645,186.92788618864424,0.0015936827654417793,186.97750136276142
walk_forward,4,2023-06-26,2023-06-27,185.27000427246094,188.05999755859375,0.015059066345298966,0.0,185.27000427246094,0.0010118030907554484,185.4574610354081,0.001327906163428645,185.51602545303277,0.0013413667670520504,185.51851929912362
walk_forward,4,2023-06-27,2023-06-28,188.05999755859375,189.25,0.006327780797909854,0.0,188.05999755859375,0.003114127325546978,188.6456403358333,0.001327906163428645,188.30972358844616,0.0016255950882005457,188.365706966912
walk_forward,4,2023-06-28,2023-06-29,189.25,189.58999633789062,0.0017965460390521049,0.0,189.25,0.0019747937680970433,189.62372972061235,0.001327906163428645,189.50130624142886,0.001685058354262145,189.56889729354413
walk_forward,4,2023-06-29,2023-06-30,189.58999633789062,193.97000122070312,0.023102510509079632,0.0,189.58999633789062,0.001515152055331593,189.8772540105123,0.001327906163428645,189.84175406255213,0.0016055615867322077,189.89439475323945
walk_forward,4,2023-06-30,2023-07-03,193.97000122070312,192.4600067138672,-0.007784680606965799,0.0,193.97000122070312,0.003998684060762534,194.7456259728504,0.001327906163428645,194.22757518084435,0.001755771336509702,194.31056818898918
walk_forward,4,2023-07-03,2023-07-05,192.4600067138672,191.3300018310547,-0.005871375056598072,0.0,192.4600067138672,0.0026605004338546264,192.9720466452291,0.001327906163428645,192.71557554299605,0.001599818068762672,192.76790771012222
walk_forward,4,2023-07-05,2023-07-06,191.3300018310547,191.80999755859375,0.002508732153585047,0.0,191.3300018310547,0.0023339503912159585,191.7765565636796,0.001327906163428645,191.58407011973495,0.0016072926920936716,191.637525144776
walk_forward,4,2023-07-06,2023-07-07,191.80999755859375,190.67999267578125,-0.0058912720775532446,0.0,191.80999755859375,0.003117677782302969,192.40799932640576,0.001327906163428645,192.06470323655904,0.0015986052221093547,192.1166260223437
walk_forward,4,2023-07-07,2023-07-10,190.67999267578125,188.61000061035156,-0.010855843008916843,0.0,190.67999267578125,0.0020139694080590523,191.06401634775918,0.001327906163428645,190.93319781329794,0.001294670143890411,190.92686036933586
walk_forward,4,2023-07-10,2023-07-11,188.61000061035156,188.0800018310547,-0.002810024800285138,0.0,188.61000061035156,0.0007300207898675792,188.74768983197404,0.001327906163428645,188.8604569926463,0.001318277757750277,188.85864097904545
walk_forward,4,2023-07-11,2023-07-12,188.0800018310547,189.77000427246094,0.008985550962107736,0.0,188.0800018310547,0.0002381083795112292,188.12478525550918,0.001327906163428645,188.3297544247038,0.001342114702706251,188.33242676679714
walk_forward,4,2023-07-12,2023-07-13,189.77000427246094,190.5399932861328,0.004057485357729984,0.0,189.77000427246094,0.0003667211362831683,189.83959694406022,0.001327906163428645,190.02200103076822,0.0009762078410324893,189.95525923862448
walk_forward,4,2023-07-13,2023-07-14,190.5399932861328,190.69000244140625,0.0007872843526774975,0.0,190.5399932861328,0.0005812555506907366,190.65074571485897,0.001327906163428645,190.7930125175971,0.0012995023787755688,190.78760046066003
walk_forward,4,2023-07-14,2023-07-17,190.69000244140625,193.99000549316406,0.017305590274832694,0.0,190.69000244140625,0.0007664334562961135,190.83615363905852,0.001327906163428645,190.94322087095242,0.0013531891946935697,190.94804209224606
walk_forward,4,2023-07-17,2023-07-18,193.99000549316406,193.72999572753906,-0.0013403255748356546,0.0,193.99000549316406,0.003127463826477251,194.59670221804208,0.001327906163428645,194.247606017102,0.001649680425583721,194.310027007985
walk_forward,4,2023-07-18,2023-07-19,193.72999572753906,195.10000610351562,0.007071751438550322,0.0,193.72999572753906,0.002484567857469302,194.21133104795135,0.001327906163428645,193.98725098290666,0.0016100281522899117,194.04190647460342
walk_forward,4,2023-07-19,2023-07-20,195.10000610351562,193.1300048828125,-0.010097391896840224,0.0,195.10000610351562,0.002555611601136853,195.59860594249565,0.001327906163428645,195.35908060410543,0.001699303710308497,195.43154026776855
walk_forward,4,2023-07-20,2023-07-21,193.1300048828125,191.94000244140625,-0.006161665258219817,0.0,193.1300048828125,0.0031138038086508902,193.73137382758136,0.001327906163428645,193.3864634066394,0.001434124874907127,193.40697742690585
walk_forward,4,2023-07-21,2023-07-24,191.94000244140625,192.75,0.004220055998181094,0.0,191.94000244140625,0.0020556167099456753,192.3345575177318,0.001327906163428645,192.1948807536567,0.001318410474755076,192.1930581511495
walk_forward,4,2023-07-24,2023-07-25,192.75,193.6199951171875,0.004513593344682265,0.0,192.75,0.0014936882150698117,193.0379084034547,0.001327906163428645,193.00595391300087,0.0013920524748136126,193.01831811452033
walk_forward,4,2023-07-25,2023-07-26,193.6199951171875,194.5,0.00454501035536059,0.0,193.6199951171875,0.000536055853894511,193.72378624900108,0.001327906163428645,193.87710430206664,0.001353243050987511,193.88201003011207
walk_forward,4,2023-07-26,2023-07-27,194.5,193.22000122070312,-0.006580970587644619,0.0,194.5,0.0011723615526577065,194.72802432199194,0.001327906163428645,194.75827774878687,0.0013869467408939937,194.76976114110388
walk_forward,4,2023-07-27,2023-07-28,193.22000122070312,195.8300018310547,0.013507921508448373,0.0,193.22000122070312,0.0007206620547257703,193.35924754379695,0.001327906163428645,193.47657925122178,0.0013643935678128215,193.48362934754147
walk_forward,4,2023-07-28,2023-07-31,195.8300018310547,196.4499969482422,0.003165986372825502,0.0,195.8300018310547,0.0017900207252455988,196.18054159295718,0.001327906163428645,196.09004569747037,0.0015275749921331886,196.12914684456123
walk_forward,4,2023-07-31,2023-08-01,196.4499969482422,195.61000061035156,-0.004275878599845129,0.0,196.4499969482422,0.002816180946447192,197.00323568657743,0.001327906163428645,196.7108641099953,0.0014769531926412084,196.74014439842927
walk_forward,4,2023-08-01,2023-08-02,195.61000061035156,192.5800018310547,-0.015489999334607263,0.0,195.61000061035156,0.0019395185261754002,195.98938983044053,0.001327906163428645,195.8697523357903,0.0013968166952429606,195.8832319249606
walk_forward,4,2023-08-02,2023-08-03,192.5800018310547,191.1699981689453,-0.007321651514710981,0.0,192.5800018310547,0.002133923173208362,192.99095275965846,0.001327906163428645,192.83573000243925,0.0013815196757157805,192.8460548927337
walk_forward,4,2023-08-03,2023-08-04,191.1699981689453,181.99000549316406,-0.04802004898105661,0.0,191.1699981689453,0.0006170814188827059,191.2879656226632,0.001327906163428645,191.42385398777648,0.0013574495318618635,191.42950179346576
walk_forward,4,2023-08-04,2023-08-07,181.99000549316406,178.85000610351562,-0.017253691383433578,0.0,181.99000549316406,-0.0009692011659304777,181.8136205676524,0.001327906163428645,182.23167114314083,0.0003068422457703639,182.04584771515735
walk_forward,4,2023-08-07,2023-08-08,178.85000610351562,179.8000030517578,0.005311696482092065,0.0,178.85000610351562,-0.00032377168039381533,178.79209953650104,0.001327906163428645,179.08750212894972,0.002179869183138578,179.2398757202248
walk_forward,4,2023-08-08,2023-08-09,179.8000030517578,178.19000244140625,-0.00895439701348677,0.0,179.8000030517578,-0.00015350489969016032,179.77240287032507,0.001327906163428645,180.03876058399473,0.0018331994028932105,180.1296123099925
walk_forward,4,2023-08-09,2023-08-10,178.19000244140625,177.97000122070312,-0.0012346440186814522,0.0,178.19000244140625,-0.0016193733454424057,177.90144630102833,-0.0027850528535437254,177.69373386663386,0.0015969938485021838,178.47457077916974
walk_forward,4,2023-08-10,2023-08-11,177.97000122070312,177.7899932861328,-0.0010114509936260951,0.0,177.97000122070312,-0.0005537184761495431,177.87145594282688,0.001327906163428645,178.2063286822295,0.0006547860469078747,178.08653349427064
walk_forward,4,2023-08-11,2023-08-14,177.7899932861328,179.4600067138672,0.009393180104611876,0.0,177.7899932861328,0.000676806796047318,177.91032276185808,0.001327906163428645,178.0260817140134,0.0019229823836991022,178.13188031122002
walk_forward,4,2023-08-14,2023-08-15,179.4600067138672,177.4499969482422,-0.01120032146677552,0.0,179.4600067138672,-0.00036421692662848954,179.39464434176915,0.001327906163428645,179.69831276287147,0.0011676535610710104,179.66955382977645
walk_forward,4,2023-08-15,2023-08-16,177.4499969482422,176.57000732421875,-0.004959085033290345,0.0,177.4499969482422,0.001239799398745541,177.66999934776604,0.001327906163428645,177.68563389289014,0.0017630622866175402,177.76285234562204
walk_forward,4,2023-08-16,2023-08-17,176.57000732421875,174.0,-0.014555174817995509,0.0,176.57000732421875,0.001271343436738624,176.7944884441553,0.001327906163428645,176.8044757252212,0.0006568740045876278,176.68599157201987
walk_forward,4,2023-08-17,2023-08-18,174.0,174.49000549316406,0.0028161235239314575,0.0,174.0,0.0031706808646560928,174.55169847045016,0.001327906163428645,174.23105567243658,0.001466543354403558,174.25517854366623
walk_forward,4,2023-08-18,2023-08-21,174.49000549316406,175.83999633789062,0.007736780344014926,0.0,174.49000549316406,-0.0005223949872869601,174.39885278896276,0.001327906163428645,174.72171184691513,0.002014763309950252,174.84156155418472
walk_forward,4,2023-08-21,2023-08-22,175.83999633789062,177.22999572753906,0.007904910251348207,0.0,175.83999633789062,-0.0018146627031401603,175.52090605481595,0.001327906163428645,176.07349535280497,0.003102714681958638,176.38557767620375
walk_forward,4,2023-08-22,2023-08-23,177.22999572753906,181.1199951171875,0.021948877071738204,0.0,177.22999572753906,-0.002193354136451462,176.84126758330677,0.001327906163428645,177.46534053121007,-3.9184037937773673e-05,177.22305114066276
walk_forward,4,2023-08-23,2023-08-24,181.1199951171875,176.3800048828125,-0.02617044148719283,0.0,181.1199951171875,-0.0020012923061741555,180.75752106446518,0.001327906163428645,181.36050547502376,-0.0005261660773677758,181.0246959198238
walk_forward,4,2023-08-24,2023-08-25,176.3800048828125,178.61000061035156,0.01264313224744873,0.0,176.3800048828125,-0.0013075570429339734,176.14937796519524,0.001327906163428645,176.61422097840196,0.0014064322812150976,176.62807141544056
walk_forward,4,2023-08-25,2023-08-28,178.61000061035156,180.19000244140625,0.008846099466185864,0.0,178.61000061035156,-0.0012621887002897349,178.38456108582244,0.001327906163428645,178.84717793101203,0.001443012065403008,178.86773699623393
walk_forward,4,2023-08-28,2023-08-29,180.19000244140625,184.1199951171875,0.02181027039532446,0.0,180.19000244140625,0.0009258528337130772,180.3568318657734,0.001327906163428645,180.4292778562364,0.0014260887670333228,180.44696937981968
walk_forward,4,2023-08-29,2023-08-30,184.1199951171875,187.64999389648438,0.019172272827023162,0.0,184.1199951171875,-0.00042246909603982407,184.04221010928748,0.001327906163428645,184.36448919351406,0.0013589508930410788,184.37020514897873
walk_forward,4,2023-08-30,2023-08-31,187.64999389648438,187.8699951171875,0.001172401960345848,0.0,187.64999389648438,0.003382919388327474,188.28479869905632,0.001327906163428645,187.89917547994685,0.0017597673928937151,187.9802142370201
walk_forward,4,2023-08-31,2023-09-01,187.8699951171875,189.4600067138672,0.008463361036912254,0.0,187.8699951171875,0.002789051062602253,188.3939741267002,0.001327906163428645,188.1194688416269,0.0016207493019345985,188.17448528062815
walk_forward,4,2023-09-01,2023-09-05,189.4600067138672,189.6999969482422,0.0012667065653462206,0.0,189.4600067138672,0.003334214739698669,190.09170706083597,0.001327906163428645,189.71159182450575,0.0015598403127094769,189.75553406998569
walk_forward,4,2023-09-05,2023-09-06,189.6999969482422,182.91000366210938,-0.03579332311737149,0.0,189.6999969482422,0.003319447946554423,190.3296962135734,0.001327906163428645,189.95190074339214,0.001719012794172969,190.02609367005076
walk_forward,4,2023-09-06,2023-09-07,182.91000366210938,177.55999755859375,-0.029249390390909014,0.0,182.91000366210938,0.0025082460370967116,183.3687869539402,0.001327906163428645,183.15289098332505,0.0014850220585851087,183.18162905228348
walk_forward,4,2023-09-07,2023-09-08,177.55999755859375,178.17999267578125,0.0034917499758519988,0.0,177.55999755859375,0.003647146875585554,178.20758494891857,0.001327906163428645,177.79578057373018,0.001921346323313133,177.90115180707045
walk_forward,4,2023-09-08,2023-09-11,178.17999267578125,179.36000061035156,0.006622561359722834,0.0,178.17999267578125,0.0012516348156108375,178.40300895805956,0.001327906163428645,178.41659898625508,0.0011796170123675334,178.3901768264051
walk_forward,4,2023-09-11,2023-09-12,179.36000061035156,176.3000030517578,-0.017060646455066664,0.0,179.36000061035156,-0.0009795593354036739,179.18430684735569,-0.0027850528535437254,178.86047352884012,0.0002886485094607782,179.41177260718464
walk_forward,4,2023-09-12,2023-09-13,176.3000030517578,174.2100067138672,-0.011854771989295187,0.0,176.3000030517578,-0.0006567404450893912,176.18421970928435,0.001327906163428645,176.53411291242273,0.0011009333322116147,176.4940976015865
walk_forward,4,2023-09-13,2023-09-14,174.2100067138672,175.74000549316406,0.008782496529087691,0.0,174.2100067138672,0.0016887796148748458,174.50420902191277,0.001327906163428645,174.44134125551346,0.0014027899887532733,174.45438676722603
walk_forward,4,2023-09-14,2023-09-15,175.74000549316406,175.00999450683594,-0.004153926047057777,0.0,175.74000549316406,0.001495279477220364,176.00278591670457,0.001327906163428645,175.9733717296194,0.001463229119652448,175.99715338668952
walk_forward,4,2023-09-15,2023-09-18,175.00999450683594,177.97000122070312,0.016913358132535583,0.0,175.00999450683594,0.0002985782529017686,175.0622486852361,0.001327906163428645,175.24239135720316,0.0012934233171820004,175.23635651447097
walk_forward,4,2023-09-18,2023-09-19,177.97000122070312,179.07000732421875,0.006180851244426799,0.0,177.97000122070312,0.0010221117872516669,178.15190645672803,0.001327906163428645,178.2063286822295,0.0012981896008929482,178.20104002555877
walk_forward,4,2023-09-19,2023-09-20,179.07000732421875,175.49000549316406,-0.01999219123598317,0.0,179.07000732421875,0.002583439820366744,179.5326239117735,0.001327906163428645,179.3077954906298,0.0013480147364615396,179.31139633295007
walk_forward,4,2023-09-20,2023-09-21,175.49000549316406,173.92999267578125,-0.008889468166570769,0.0,175.49000549316406,0.0005044958880575702,175.57853947933057,0.001327906163428645,175.72303975307855,0.0002739288595839184,175.53807727023718
walk_forward,4,2023-09-21,2023-09-22,173.92999267578125,174.7899932861328,0.0049445216268977354,0.0,173.92999267578125,0.00026304304077646935,173.9757437499369,0.001327906163428645,174.1609553850605,0.000697410854501412,174.05129334059671
walk_forward,4,2023-09-22,2023-09-25,174.7899932861328,176.0800018310547,0.00738033408360006,0.0,174.7899932861328,-3.699111714469878e-05,174.78352760901544,0.001327906163428645,175.0220979955231,0.0008849007441544799,174.94466508126246
walk_forward,4,2023-09-25,2023-09-26,176.0800018310547,171.9600067138672,-0.023398427273646605,0.0,176.0800018310547,-0.0014610829754489352,175.82273433806233,0.001327906163428645,176.31381955074266,0.0001996230497661426,176.115151458023
walk_forward,4,2023-09-26,2023-09-27,171.9600067138672,170.42999267578125,-0.008897499292564004,0.0,171.9600067138672,-0.0016688505260475087,171.67303116620363,0.001327906163428645,172.18835346664576,0.00012138813334417122,171.98088061809204
walk_forward,4,2023-09-27,2023-09-28,170.42999267578125,170.69000244140625,0.0015256103784480057,0.0,170.42999267578125,-0.0017113901229475201,170.1383204696619,0.001327906163428645,170.6563077134885,0.000430673638194773,170.50339238078442
walk_forward,4,2023-09-28,2023-09-29,170.69000244140625,171.2100067138672,0.003046483478957418,0.0,170.69000244140625,-0.0012653196987184136,170.47402501894283,0.001327906163428645,170.91666274768383,0.0008166043471503973,170.82938863941501
walk_forward,4,2023-09-29,2023-10-02,171.2100067138672,173.75,0.014835542237771948,0.0,171.2100067138672,-0.0028451504528944132,170.72288848572515,0.001327906163428645,171.4373575370232,0.00034753939069479467,171.26950893528138
walk_forward,4,2023-10-02,2023-10-03,173.75,172.39999389648438,-0.007769819300809333,0.0,173.75,-0.0012843324388310984,173.5268472387531,0.001327906163428645,173.9807236958957,0.001176527689446034,173.95442168604123
walk_forward,4,2023-10-03,2023-10-04,172.39999389648438,173.66000366210938,0.00730864159068112,0.0,172.39999389648438,-0.0007435173530641033,172.2718115093542,0.001327906163428645,172.62892491095457,0.0010716829318225213,172.58475202738953
walk_forward,4,2023-10-04,2023-10-05,173.66000366210938,174.91000366210938,0.007197972898999483,0.0,173.66000366210938,-0.0007256384717726566,173.53398928244397,0.001327906163428645,173.89060785131332,0.0013725864779816424,173.89836703490224
walk_forward,4,2023-10-05,2023-10-06,174.91000366210938,177.49000549316406,0.014750453244736894,0.0,174.91000366210938,0.0004310561703543314,174.98539969844464,0.001327906163428645,175.14226773401762,0.0014020853203207272,175.15524241062127
walk_forward,4,2023-10-06,2023-10-09,177.49000549316406,178.99000549316406,0.008451180086631815,0.0,177.49000549316406,0.0013928328728330234,177.73721940741424,0.001327906163428645,177.7256955654054,0.001391694329892381,177.73701732742146
walk_forward,4,2023-10-09,2023-10-10,178.99000549316406,178.38999938964844,-0.00335217657467779,0.0,178.99000549316406,0.003892812121800298,179.68677995622895,0.001327906163428645,179.22768742465055,0.0015566393748277932,179.26862838341538
walk_forward,4,2023-10-10,2023-10-11,178.38999938964844,179.8000030517578,0.007904051050695804,0.0,178.38999938964844,0.002076515062532907,178.76042891038625,0.001327906163428645,178.62688456933196,0.0015515870685082573,178.66678700585263
walk_forward,4,2023-10-11,2023-10-12,179.8000030517578,180.7100067138672,0.005061199369654101,0.0,179.8000030517578,0.002004418910397956,180.16039757796437,0.001327906163428645,180.03876058399473,0.0015401979046007366,180.07693063970535
walk_forward,4,2023-10-12,2023-10-13,180.7100067138672,178.85000610351562,-0.01029273721015711,0.0,180.7100067138672,0.001996848146407699,181.0708571558111,0.001327906163428645,180.94997264557574,0.0016484862443230228,181.00790467414654
walk_forward,4,2023-10-13,2023-10-16,178.85000610351562,178.72000122070312,-0.0007268933652552212,0.0,178.85000610351562,0.000927126603460675,179.0158227022033,0.001327906163428645,179.08750212894972,0.001381634987935504,179.0971115295407
walk_forward,4,2023-10-16,2023-10-17,178.72000122070312,177.14999389648438,-0.0087847320585005,0.0,178.72000122070312,0.0017417115243768312,179.03127990646584,0.001327906163428645,178.95732461185207,0.0013728914624053885,178.9653643845401
walk_forward,4,2023-10-17,2023-10-18,177.14999389648438,175.83999633789062,-0.007394849583563845,0.0,177.14999389648438,0.0009205520479739945,177.31306968616437,0.001327906163428645,177.38523246523084,0.001264614342442297,177.37402031952945
walk_forward,4,2023-10-18,2023-10-19,175.83999633789062,175.4600067138672,-0.002160996541954341,0.0,175.83999633789062,-7.379605971750795e-05,175.82702003902014,0.001327906163428645,176.07349535280497,0.0012767379576240768,176.0644979356837
walk_forward,4,2023-10-19,2023-10-20,175.4600067138672,172.8800048828125,-0.014704215959948308,0.0,175.4600067138672,0.00015117799695410473,175.48653240622775,0.001327906163428645,175.69300113821777,0.001330424773542078,175.6934430535652
walk_forward,4,2023-10-20,2023-10-23,172.8800048828125,173.0,0.0006940948276166203,0.0,172.8800048828125,-9.405448051202784e-06,172.87837886890748,0.001327906163428645,173.10957330682996,0.0012807467353722192,173.10142038467728
walk_forward,4,2023-10-23,2023-10-24,173.0,173.44000244140625,0.0025433667133309967,0.0,173.0,9.024916687722724e-05,173.01561310586976,0.001327906163428645,173.22972776627316,0.0012805953482861855,173.22154299525351
walk_forward,4,2023-10-24,2023-10-25,173.44000244140625,171.10000610351562,-0.013491676112499795,0.0,173.44000244140625,0.00016367506004218613,173.46839024421956,0.001327906163428645,173.67031448963326,0.0013160618488626957,173.66826021168606
walk_forward,4,2023-10-25,2023-10-26,171.10000610351562,166.88999938964844,-0.02460553222493822,0.0,171.10000610351562,-0.0007888734317562311,170.96502985452722,0.001327906163428645,171.32721085618314,0.0011198365605733663,171.29161014586467
walk_forward,4,2023-10-26,2023-10-27,166.88999938964844,168.22000122070312,0.007969332110484562,0.0,166.88999938964844,0.000645303656654048,166.99769411651357,0.001327906163428645,167.11161364845253,0.0011330522883423993,167.07909448535833
walk_forward,4,2023-10-27,2023-10-30,168.22000122070312,170.2899932861328,0.012305267212035398,0.0,168.22000122070312,0.0003407625653881138,168.2773242998687,0.001327906163428645,168.44338159713607,0.0008389684549324729,168.36113249521597
walk_forward,4,2023-10-30,2023-10-31,170.2899932861328,170.77000427246094,0.0028187856318813154,0.0,170.2899932861328,-0.0006056246194347718,170.18686147375533,0.001327906163428645,170.51612241778767,0.0002243502224236693,170.3281978840031
walk_forward,4,2023-10-31,2023-11-01,170.77000427246094,173.97000122070312,0.018738635990994235,0.0,170.77000427246094,-0.0012835310448040909,170.5508156704559,0.001327906163428645,170.99677081366306,0.00016323894472770664,170.79788058774952
walk_forward,4,2023-11-01,2023-11-02,173.97000122070312,177.57000732421875,0.020693257908003027,0.0,173.97000122070312,0.00034793580695618304,174.03053161346403,0.001327906163428645,174.20101705757577,-0.00025347212941444463,173.9259046740395
walk_forward,4,2023-11-02,2023-11-03,177.57000732421875,176.64999389648438,-0.005181130764130404,0.0,177.57000732421875,0.00018187159024293928,177.60230226383024,0.001327906163428645,177.80580363138463,0.0014598057536678087,177.82922504258948
walk_forward,4,2023-11-03,2023-11-06,176.64999389648438,179.22999572753906,0.014605162299448304,0.0,176.64999389648438,-0.0005085429222766536,176.5601597923681,0.001327906163428645,176.88456851214914,0.0014574014765916068,176.907443858429
walk_forward,4,2023-11-06,2023-11-07,179.22999572753906,181.82000732421875,0.014450770844278482,0.0,179.22999572753906,0.001598781291387912,179.5165452915638,0.001327906163428645,179.46799634353695,0.0016323764904937518,179.522566558956
walk_forward,4,2023-11-07,2023-11-08,181.82000732421875,182.88999938964844,0.005884897273828127,0.0,181.82000732421875,0.0026810005151766507,182.30746685752442,0.001327906163428645,182.0614472325792,0.0013079108906153796,182.05781169192986
walk_forward,4,2023-11-08,2023-11-09,182.88999938964844,182.41000366210938,-0.0026245050529877245,0.0,182.88999938964844,0.0014529473088432667,183.155728922076,0.001327906163428645,183.1328601470674,0.0017148845591403953,183.20363462562293
walk_forward,4,2023-11-09,2023-11-10,182.41000366210938,186.39999389648438,0.02187374680264753,0.0,182.41000366210938,0.0011323993154688731,182.61656462539102,0.001327906163428645,182.65222703024332,0.001684070871054815,182.71719503586573
walk_forward,4,2023-11-10,2023-11-13,186.39999389648438,184.8000030517578,-0.008583642151914983,0.0,186.39999389648438,0.0017731995778726263,186.7305182869771,0.001327906163428645,186.64751559724257,0.001564255381037374,186.69157108996228
walk_forward,4,2023-11-13,2023-11-14,184.8000030517578,187.44000244140625,0.01428571074703422,0.0,184.8000030517578,0.0015699716218399598,185.090133812265,0.001327906163428645,185.04540011481186,0.0014583450419904246,185.06950521996816
walk_forward,4,2023-11-14,2023-11-15,187.44000244140625,188.00999450683594,0.003040930740533243,0.0,187.44000244140625,0.0011860602525945584,187.66231757804823,0.001327906163428645,187.68890517592126,0.00176744589795321,187.77129250483367
walk_forward,4,2023-11-15,2023-11-16,188.00999450683594,189.7100067138672,0.009042137421952035,0.0,188.00999450683594,0.0022094704246911666,188.42539702924512,0.001327906163428645,188.25965413732774,0.001668747683323077,188.3237357496108
walk_forward,4,2023-11-16,2023-11-17,189.7100067138672,189.69000244140625,-0.0001054465855937492,0.0,189.7100067138672,0.0013626765201274502,189.9685200856494,0.001327906163428645,189.96192380104662,0.0017045480295497753,190.03337653199716
walk_forward,4,2023-11-17,2023-11-20,189.69000244140625,191.4499969482422,0.009278267089376957,0.0,189.69000244140625,0.0016113947391754745,189.9956679134145,0.001327906163428645,189.941892964789,0.001714357557068619,190.01519893059205
walk_forward,4,2023-11-20,2023-11-21,191.4499969482422,190.63999938964844,-0.004230856994020926,0.0,191.4499969482422,0.001258073525585451,191.69085512087617,0.001327906163428645,191.70422457917815,0.001755771336509702,191.78613936525878
walk_forward,4,2023-11-21,2023-11-22,190.63999938964844,191.30999755859375,0.0035144679557825853,0.0,190.63999938964844,0.0018879486320988556,190.99991791571944,0.001327906163428645,190.89315141983397,0.0015046642436855248,190.92684858014627
walk_forward,4,2023-11-22,2023-11-24,191.30999755859375,189.97000122070312,-0.0070043194552873445,0.0,191.30999755859375,0.001707553985744783,191.63666970743773,0.001327906163428645,191.5640392834773,0.0016425946559145124,191.6242423382065
walk_forward,4,2023-11-24,2023-11-27,189.97000122070312,189.7899932861328,-0.0009475597905649336,0.0,189.97000122070312,0.0013835741014897355,190.23283879445208,0.001327906163428645,190.22226355619063,0.0014912662096721195,190.25329706437495
walk_forward,4,2023-11-27,2023-11-28,189.7899932861328,190.39999389648438,0.003214082048213829,0.0,189.7899932861328,0.0014391070378855328,190.06312140119115,0.001327906163428645,190.04201658797453,0.0015280140161120376,190.07999505599184
walk_forward,4,2023-11-28,2023-11-29,190.39999389648438,189.3699951171875,-0.0054096576277038455,0.0,190.39999389648438,0.0008041765001983398,190.55310909721382,0.001327906163428645,190.65282722189627,0.0015500818439401817,190.69512947010963
walk_forward,4,2023-11-29,2023-11-30,189.3699951171875,189.9499969482422,0.0030627968844576525,0.0,189.3699951171875,0.0006312242881103868,189.4895300575448,0.001327906163428645,189.62146070087206,0.0013845559118918808,189.63218846346194
walk_forward,4,2023-11-30,2023-12-01,189.9499969482422,191.24000549316406,0.006791305952341675,0.0,189.9499969482422,0.0004840209143181298,190.0419367194398,0.001327906163428645,190.202232719933,0.0016248877337789504,190.25864436831475
walk_forward,4,2023-12-01,2023-12-04,191.24000549316406,189.42999267578125,-0.00946461391650355,0.0,191.24000549316406,0.0013775472149475446,191.50344763011773,0.001327906163428645,191.49395427515256,0.001535169790936838,191.53359137241577
walk_forward,4,2023-12-04,2023-12-05,189.42999267578125,193.4199981689453,0.02106321938149014,0.0,189.42999267578125,0.00033016422458723507,189.49253568242662,0.001327906163428645,189.68153793059366,0.001343542360482081,189.684499895287
walk_forward,4,2023-12-05,2023-12-06,193.4199981689453,192.32000732421875,-0.0056870585003612195,0.0,193.4199981689453,0.002465985757135118,193.89696912957504,0.001327906163428645,193.6768417766442,0.0016274978228253288,193.73478879485614
walk_forward,4,2023-12-06,2023-12-07,192.32000732421875,194.27000427246094,0.010139334827264257,0.0,192.32000732421875,0.0022387847896960583,192.75057043137045,0.001327906163428645,192.57539024729522,0.001454079975196111,192.59965599569847
walk_forward,4,2023-12-07,2023-12-08,194.27000427246094,195.7100067138672,0.00741237663940475,0.0,194.27000427246094,0.0024965468047904917,194.75500843089395,0.001327906163428645,194.52797660850365,0.001623785964489841,194.58545717871993
walk_forward,4,2023-12-08,2023-12-11,195.7100067138672,193.17999267578125,-0.012927361664163084,0.0,195.7100067138672,0.004259590099204385,196.5436511207808,0.001327906163428645,195.96989123802717,0.0016872475019254055,196.04021793379695
walk_forward,4,2023-12-11,2023-12-12,193.17999267578125,194.7100067138672,0.007920147510585007,0.0,193.17999267578125,0.002038776470829828,193.5738434994837,0.001327906163428645,193.4365175787065,0.0013536233911038008,193.44148563256044
walk_forward,4,2023-12-12,2023-12-13,194.7100067138672,197.9600067138672,0.016691489332522957,0.0,194.7100067138672,0.0032032731103706505,195.3337160426938,0.001327906163428645,194.96856333186375,0.0015673978291722184,195.0151947557086
walk_forward,4,2023-12-13,2023-12-14,197.9600067138672,198.11000061035156,0.000757697976345284,0.0,197.9600067138672,0.004110114043762312,198.77364491756512,0.001327906163428645,198.2228790268949,0.0017093201246299746,198.29838373721506
walk_forward,4,2023-12-14,2023-12-15,198.11000061035156,197.57000732421875,-0.002725724519050843,0.0,198.11000061035156,0.0020726338563219577,198.52061010489254,0.001327906163428645,198.3730721011989,0.0012023666368092397,198.3482014655037
walk_forward,4,2023-12-15,2023-12-18,197.57000732421875,195.88999938964844,-0.008503355126233125,0.0,197.57000732421875,0.003014273457761673,198.1655373533459,0.001327906163428645,197.83236175465322,0.0015932049314892917,197.88477683420206
walk_forward,4,2023-12-18,2023-12-19,195.88999938964844,196.94000244140625,0.005360166700849378,0.0,195.88999938964844,0.0021082309952026495,196.30298075801193,0.001327906163428645,196.15012292719197,0.0013951994908086387,196.16330501705136
walk_forward,4,2023-12-19,2023-12-20,196.94000244140625,194.8300018310547,-0.010713925988598105,0.0,196.94000244140625,0.0022258700283714905,197.37836529022798,0.001327906163428645,197.20152028447384,0.0014321457276249567,197.22204922450115
walk_forward,4,2023-12-20,2023-12-21,194.8300018310547,194.67999267578125,-0.0007699489496669765,0.0,194.8300018310547,0.0008644079124435436,194.99841442621886,0.001327906163428645,195.08871779130695,0.0013388261841702567,195.09084533896805
walk_forward,4,2023-12-21,2023-12-22,194.67999267578125,193.60000610351562,-0.005547496470601487,0.0,194.67999267578125,0.0008552680695537405,194.8464962572978,0.001327906163428645,194.93850943795167,0.001298423372911426,194.9327697285097
walk_forward,4,2023-12-22,2023-12-26,193.60000610351562,193.0500030517578,-0.0028409247645567737,0.0,193.60000610351562,0.0010628044144577766,193.8057650446415,0.001327906163428645,193.8570887448603,0.0012063526191184574,193.83355597793994
walk_forward,4,2023-12-26,2023-12-27,193.0500030517578,193.14999389648438,0.0005179530854488856,0.0,193.0500030517578,-0.0006357343811143688,192.92727452754357,0.001327906163428645,193.30635534066016,0.0012875123840453467,193.29855732142696
walk_forward,4,2023-12-27,2023-12-28,193.14999389648438,193.5800018310547,0.002226290179438317,0.0,193.14999389648438,-0.0005688996142247896,193.04011093946914,0.001327906163428645,193.4064789638457,0.0013087541828959528,193.40277975892275
walk_forward,4,2023-12-28,2023-12-29,193.5800018310547,192.52999877929688,-0.005424129774904141,0.0,193.5800018310547,-0.00019936382098508822,193.54140898222334,0.001327906163428645,193.83705790860267,0.0013019006484078575,193.83202376095733
walk_forward,4,2023-12-29,2024-01-02,192.52999877929688,185.63999938964844,-0.03578662771169838,0.0,192.52999877929688,-0.0007748187470043011,192.38082292688196,0.001327906163428645,192.7856605513208,0.0013011038507330954,192.78050030209027
walk_forward,4,2024-01-02,2024-01-03,185.63999938964844,184.25,-0.007487607165581278,0.0,185.63999938964844,-0.0014786104054108418,185.36551015489044,0.001327906163428645,185.88651188901684,0.001201107509641683,185.8629729870052
walk_forward,4,2024-01-03,2024-01-04,184.25,181.91000366210938,-0.012700115809447077,0.0,184.25,-0.001102140160264859,184.0469306754712,0.001327906163428645,184.4946667106117,0.0010608666949777474,184.44546468854966
walk_forward,4,2024-01-04,2024-01-05,181.91000366210938,181.17999267578125,-0.004013033761925966,0.0,181.91000366210938,0.00015439792317217837,181.93809018887904,0.001327906163428645,182.1515630771616,0.0014180797305510043,182.16796655108706
walk_forward,4,2024-01-05,2024-01-08,181.17999267578125,185.55999755859375,0.024174881663950876,0.0,181.17999267578125,-0.0016255068570251413,180.88548335533102,-0.0027850528535437254,180.67539682017454,0.0016904205937557696,181.48626306657692
walk_forward,4,2024-01-08,2024-01-09,185.55999755859375,185.13999938964844,-0.002263409002323802,0.0,185.55999755859375,-0.0006743399041260272,185.43486704763046,0.001327906163428645,185.8064038230376,0.00031752986976269745,185.6189184004517
walk_forward,4,2024-01-09,2024-01-10,185.13999938964844,186.19000244140625,0.005671400319862574,0.0,185.13999938964844,-0.0016237168910955893,184.83938444542204,0.001327906163428645,185.38584793593512,-3.8295412643038525e-05,185.13290937697508
walk_forward,4,2024-01-10,2024-01-11,186.19000244140625,185.58999633789062,-0.0032225473744458277,0.0,186.19000244140625,-0.0011690716835187087,185.9723329817977,0.001327906163428645,186.437245293217,0.0003253437253613955,186.25057819042559
walk_forward,4,2024-01-11,2024-01-12,185.58999633789062,185.9199981689453,0.0017781229460982484,0.0,185.58999633789062,0.0007022158495240932,185.7203205748322,0.001327906163428645,185.8364424378984,0.0009157768174834705,185.7599553540937
walk_forward,4,2024-01-12,2024-01-16,185.9199981689453,183.6300048828125,-0.012317089655153213,0.0,185.9199981689453,0.0001376899387566966,185.94559748210682,0.001327906163428645,186.16688248041848,0.00027527766140980116,185.9711777912506
walk_forward,4,2024-01-16,2024-01-17,183.6300048828125,182.67999267578125,-0.005173512943255187,0.0,183.6300048828125,0.0007270002878957593,183.76350394922864,0.001327906163428645,183.8738482980868,0.0009137484506390553,183.797796515265
walk_forward,4,2024-01-17,2024-01-18,182.67999267578125,188.6300048828125,0.032570683411353496,0.0,182.67999267578125,-0.001129845584861831,182.47359249261393,0.001327906163428645,182.9225745639905,0.000615039576450868,182.7923481011026
walk_forward,4,2024-01-18,2024-01-19,188.6300048828125,191.55999755859375,0.015533014896551123,0.0,188.6300048828125,-0.0006810200376414065,188.50154406978692,0.001327906163428645,188.88048782890397,0.0010727253140365703,188.83235306403714
walk_forward,4,2024-01-19,2024-01-22,191.55999755859375,193.88999938964844,0.01216330058858972,0.0,191.55999755859375,-0.001062936724028675,191.35638140233388,0.001327906163428645,191.81437126001816,0.0012475025347393062,191.79896914110276
walk_forward,4,2024-01-22,2024-01-23,193.88999938964844,195.17999267578125,0.006653222395139657,0.0,193.88999938964844,-0.0003648376436393775,193.81926101914587,0.001327906163428645,194.14746711486512,0.0016105047843944858,194.2022601613117
walk_forward,4,2024-01-23,2024-01-24,195.17999267578125,194.5,-0.0034839261261312426,0.0,195.17999267578125,0.002310119492245445,195.63088178135789,0.001327906163428645,195.43917339103336,0.0016608543207766685,195.50415820994596
walk_forward,4,2024-01-24,2024-01-25,194.5,194.1699981689453,-0.0016966675118492702,0.0,194.5,0.0016352032583612528,194.81804703375127,0.001327906163428645,194.75827774878687,0.0016702281769470314,194.82485938041617
walk_forward,4,2024-01-25,2024-01-26,194.1699981689453,192.4199981689453,-0.009012720896651283,0.0,194.1699981689453,0.0017850181522338548,194.5165951402961,0.001327906163428645,194.42783770626679,0.0015869154168161048,194.4781295325228
walk_forward,4,2024-01-26,2024-01-29,192.4199981689453,191.72999572753906,-0.003585918553020817,0.0,192.4199981689453,0.0018177786832102069,192.7697751398402,0.001327906163428645,192.67551387048078,0.001370051391054413,192.68362345510337
walk_forward,4,2024-01-29,2024-01-30,191.72999572753906,188.0399932861328,-0.01924582758897042,0.0,191.72999572753906,0.0015616014950925212,192.02940157552126,0.001327906163428645,191.9845951705798,0.0009346450735210233,191.90919522349202
walk_forward,4,2024-01-30,2024-01-31,188.0399932861328,184.39999389648438,-0.01935758093816564,0.0,188.0399932861328,0.000977010750886834,188.22371038117006,0.001327906163428645,188.28969275218853,0.001210713242525978,188.26765579612885
walk_forward,4,2024-01-31,2024-02-01,184.39999389648438,186.86000061035156,0.013340600842146166,0.0,184.39999389648438,-5.2395949973809254e-05,184.390332083629,0.001327906163428645,184.64485978491572,0.0014445272296689368,184.66636470881866
walk_forward,4,2024-02-01,2024-02-02,186.86000061035156,185.85000610351562,-0.0054050867148502935,0.0,186.86000061035156,0.000748320711868146,186.99983181902797,0.001327906163428645,187.10813315686033,0.0012960773241565032,187.10218561993452
walk_forward,4,2024-02-02,2024-02-05,185.85000610351562,187.67999267578125,0.009846577950857638,0.0,185.85000610351562,-1.5436198554857417e-05,185.84713728591998,0.001327906163428645,186.09679747209373,0.001046025705438713,186.04440998725585
walk_forward,4,2024-02-05,2024-02-06,187.67999267578125,189.3000030517578,0.0086317691773099,0.0,187.67999267578125,-8.270504966463262e-05,187.66447059266594,0.001327906163428645,187.92921409480766,0.0011171630422733832,187.88966182737275
walk_forward,4,2024-02-06,2024-02-07,189.3000030517578,189.41000366210938,0.0005810914346444651,0.0,189.3000030517578,0.001939508710738816,189.66715205661959,0.001327906163428645,189.55137569254728,0.001574524374475455,189.59806052065107
walk_forward,4,2024-02-07,2024-02-08,189.41000366210938,188.32000732421875,-0.005754692554861496,0.0,189.41000366210938,0.000758790327612361,189.55372614084118,0.001327906163428645,189.66152237338733,0.001368086962106477,189.66913301861203
walk_forward,4,2024-02-08,2024-02-09,188.32000732421875,188.85000610351562,0.0028143519471321987,0.0,188.32000732421875,0.0017563445674628627,188.6507621460272,0.001327906163428645,188.5700786226415,0.0013056825500407233,188.56589347160553
walk_forward,4,2024-02-09,2024-02-12,188.85000610351562,187.14999389648438,-0.009001917670574011,0.0,188.85000610351562,0.0018283013333348563,189.195280821475,0.001327906163428645,189.100781190584,0.0009461607974717366,189.02868857589306
walk_forward,4,2024-02-12,2024-02-13,187.14999389648438,185.0399932861328,-0.011274382469489308,0.0,187.14999389648438,0.00106353934996515,187.34903527933903,0.001327906163428645,187.39851152686515,0.0002924137915353394,187.20471913578547
walk_forward,4,2024-02-13,2024-02-14,185.0399932861328,184.14999389648438,-0.004809767736384418,0.0,185.0399932861328,-0.000897961951923588,184.87383441257768,0.001327906163428645,185.28570903369825,0.0004688297398697815,185.12674553805067
walk_forward,4,2024-02-14,2024-02-15,184.14999389648438,183.86000061035156,-0.0015747667431138535,0.0,184.14999389648438,-0.0026293912511668877,183.66579151363052,0.001327906163428645,184.39452780837485,0.0005195595950552036,184.24567079274263
walk_forward,4,2024-02-15,2024-02-16,183.86000061035156,182.30999755859375,-0.008430343993322875,0.0,183.86000061035156,-0.0027758215703097885,183.34963805474018,0.001327906163428645,184.10414943837003,0.0006098714432253227,183.97213157427518
walk_forward,4,2024-02-16,2024-02-20,182.30999755859375,181.55999755859375,-0.004113872031395016,0.0,182.30999755859375,-0.0034515565424694103,181.6807442937628,0.001327906163428645,182.55208812800646,0.00036895603971727215,182.37726193329385
walk_forward,4,2024-02-20,2024-02-21,181.55999755859375,182.32000732421875,0.004185997884141424,0.0,181.55999755859375,-0.0027589480300422107,181.059082960995,0.001327906163428645,181.80109219838388,0.0005993654533988327,181.66881834884956
walk_forward,4,2024-02-21,2024-02-22,182.32000732421875,184.3699951171875,0.011243899246467626,0.0,182.32000732421875,-0.0023873221844359733,181.88475072606713,0.001327906163428645,182.56211118566094,0.0011811014056014686,182.53534574113868
walk_forward,4,2024-02-22,2024-02-23,184.3699951171875,182.52000427246094,-0.010034121026855192,0.0,184.3699951171875,-0.0016196173377537682,184.07138627653413,0.001327906163428645,184.6148211700549,0.0011656134763557468,184.58489926813175
walk_forward,4,2024-02-23,2024-02-26,182.52000427246094,181.16000366210938,-0.007451241390074692,0.0,182.52000427246094,-0.0017542245633407393,182.19982319766513,0.001327906163428645,182.76237371108334,0.0012178951480187718,182.74229450008076
walk_forward,4,2024-02-26,2024-02-27,181.16000366210938,182.6300048828125,0.008114380608232441,0.0,181.16000366210938,-0.0007259470565694514,181.02849109068276,0.001327906163428645,181.40056714753905,0.0006193323860612206,181.2722019194363
walk_forward,4,2024-02-27,2024-02-28,182.6300048828125,181.4199981689453,-0.006625454095802064,0.0,182.6300048828125,0.00011048315585928466,182.65018242210655,0.001327906163428645,182.8725203919234,0.0008086606472481192,182.77769058076797
walk_forward,4,2024-02-28,2024-02-29,181.4199981689453,180.75,-0.003693077806788292,0.0,181.4199981689453,-0.0014532310879220866,181.15635298763544,0.001327906163428645,181.66090690268305,0.0004936794832295997,181.50956149988886
walk_forward,4,2024-02-29,2024-03-01,180.75,179.66000366210938,-0.00603040850838521,0.0,180.75,-0.001838273355646499,180.4177320909669,0.001327906163428645,180.9900190390397,0.00042845712415599867,180.8274436251912
walk_forward,4,2024-03-01,2024-03-04,179.66000366210938,175.10000610351562,-0.025381261636673647,0.0,179.66000366210938,-0.0010183489523523622,179.47704708560045,0.001327906163428645,179.8985752882939,0.0007593007454661947,179.79641963682047
walk_forward,4,2024-03-04,2024-03-05,175.10000610351562,170.1199951171875,-0.028440952671264008,0.0,175.10000610351562,-0.0018500357042840543,174.77606484040376,0.001327906163428645,175.33252248083687,0.0004612123229458234,175.18076438407843
walk_forward,4,2024-03-05,2024-03-06,170.1199951171875,169.1199951171875,-0.005878203789690617,0.0,170.1199951171875,-0.0008310982112714087,169.97860869354412,0.001327906163428645,170.34589850722605,0.0022926248851477533,170.5100164514544
walk_forward,4,2024-03-06,2024-03-07,169.1199951171875,169.0,-0.0007095264939214196,0.0,169.1199951171875,-0.0003231836266482577,169.0653383038268,0.001327906163428645,169.34457060106263,0.0026815656297990206,169.57350148340552
walk_forward,4,2024-03-07,2024-03-08,169.0,170.72999572753906,0.010236661109698675,0.0,169.0,-0.0008121702610522474,168.86274322588216,0.001327906163428645,169.22441614161943,0.0013810702986404141,169.2334008804702
walk_forward,4,2024-03-08,2024-03-11,170.72999572753906,172.75,0.01183157220764297,0.0,170.72999572753906,-0.0015894474898667927,170.45862936438496,0.001327906163428645,170.9567091411478,0.0001277656729291297,170.75180916033236
walk_forward,4,2024-03-11,2024-03-12,172.75,173.22999572753906,0.002778557033511264,0.0,172.75,-0.0011861774802568836,172.54508784028562,0.001327906163428645,172.97939578973228,0.0002874789804649275,172.79966199387533
walk_forward,4,2024-03-12,2024-03-13,173.22999572753906,171.1300048828125,-0.012122559005482425,0.0,173.22999572753906,-0.0008396074076227375,173.08455053990374,0.001327906163428645,173.46002890655637,0.0005492757260487394,173.32514675921573
walk_forward,4,2024-03-13,2024-03-14,171.1300048828125,173.0,0.010927336316434166,0.0,171.1300048828125,0.0005451939347245513,171.22330392352399,0.001327906163428645,171.35724947104396,0.0007263118405926897,171.25429863163956
walk_forward,4,2024-03-14,2024-03-15,173.0,172.6199951171875,-0.002196560016257232,0.0,173.0,0.0010113433152558915,173.17496239353926,0.001327906163428645,173.22972776627316,0.000628464183511504,173.1087243037475
walk_forward,4,2024-03-15,2024-03-18,172.6199951171875,173.72000122070312,0.006372414173507979,0.0,172.6199951171875,0.0009805299574173725,172.78925419364913,0.001327906163428645,172.84921827263463,0.0007102969798655988,172.74260657838366
walk_forward,4,2024-03-18,2024-03-19,173.72000122070312,176.0800018310547,0.013585082856137465,0.0,173.72000122070312,-0.00041962361177888606,173.64710420635265,0.001327906163428645,173.95068508103492,0.00029017906120813654,173.77041112757044
walk_forward,4,2024-03-19,2024-03-20,176.0800018310547,178.6699981689453,0.014709202129471022,0.0,176.0800018310547,-0.0005944409959636738,175.97533265939697,0.001327906163428645,176.31381955074266,0.0015314096747715271,176.34965244939258
walk_forward,4,2024-03-20,2024-03-21,178.6699981689453,171.3699951171875,-0.04085746418856029,0.0,178.6699981689453,-0.0015366814493273592,178.39543929720773,0.001327906163428645,178.90725516073363,0.0014299808712793373,178.92549284859842
walk_forward,4,2024-03-21,2024-03-22,171.3699951171875,172.27999877929688,0.005310169154682409,0.0,171.3699951171875,-0.0010868378894584474,171.18374371337785,0.001327906163428645,171.59755838993033,-0.0007190634005254861,171.24676922575048
walk_forward,4,2024-03-22,2024-03-25,172.27999877929688,170.85000610351562,-0.0083003986876804,0.0,172.27999877929688,0.00022711754456295158,172.31912658959695,0.001327906163428645,172.50877045151137,0.00146774880155449,172.532862541037
walk_forward,4,2024-03-25,2024-03-26,170.85000610351562,169.7100067138672,-0.006672515943357493,0.0,170.85000610351562,0.0006252260412558848,170.95682597648025,0.001327906163428645,171.0768788796423,0.0014619823477540319,171.09978579655262
walk_forward,4,2024-03-26,2024-03-27,169.7100067138672,173.30999755859375,0.021212602099510702,0.0,169.7100067138672,-0.0019514243261059018,169.37883047838216,-0.0027850528535437254,169.2373553753938,0.0012162192278299384,169.91641128718774
walk_forward,4,2024-03-27,2024-03-28,173.30999755859375,171.47999572753906,-0.010559124440792766,0.0,173.30999755859375,0.00038242294158881386,173.37627527766685,0.001327906163428645,173.5401369725356,0.0013782455243532322,173.54886128705454
walk_forward,4,2024-03-28,2024-04-01,171.47999572753906,170.02999877929688,-0.008455779008450959,0.0,171.47999572753906,-0.0005622376086013897,171.38358322481824,0.001327906163428645,171.70770507077037,0.0010412807285915832,171.6585545424291
walk_forward,4,2024-04-01,2024-04-02,170.02999877929688,168.83999633789062,-0.006998779332762939,0.0,170.02999877929688,-0.0010450918591775936,169.85230181175666,0.001327906163428645,170.25578266264367,0.0011274456620033468,170.22169836383102
walk_forward,4,2024-04-02,2024-04-03,168.83999633789062,169.64999389648438,0.004797427008780275,0.0,168.83999633789062,0.0009430032517727014,168.99921300346656,0.001327906163428645,169.06420000966096,0.0015517566833271516,169.1019949306209
walk_forward,4,2024-04-03,2024-04-04,169.64999389648438,168.82000732421875,-0.00489234660846527,0.0,169.64999389648438,7.682949380184473e-05,169.66302801963892,0.001327906163428645,169.87527316900514,0.0012194957038396835,169.85688133519756
walk_forward,4,2024-04-04,2024-04-05,168.82000732421875,169.5800018310547,0.004501803541427263,0.0,168.82000732421875,0.00028492722082134746,168.86810873972468,0.001327906163428645,169.04418445245463,0.0011517079988922392,169.0144386770271
walk_forward,4,2024-04-05,2024-04-08,169.5800018310547,168.4499969482422,-0.0066635503633162285,0.0,169.5800018310547,-0.0017629883769835852,169.2810342588577,0.001327906163428645,169.8051881606804,0.0012150325994212717,169.78604706148934
walk_forward,4,2024-04-08,2024-04-09,168.4499969482422,169.6699981689453,0.007242512572309456,0.0,168.4499969482422,-0.0015843723320165491,168.1831094337491,0.001327906163428645,168.67368273741928,0.0010663454579237558,168.62962283737522
walk_forward,4,2024-04-09,2024-04-10,169.6699981689453,167.77999877929688,-0.01113926687125033,0.0,169.6699981689453,-0.001561451196521206,169.40506674729068,0.001327906163428645,169.89530400526277,0.0007432556822540031,169.7961063591924
walk_forward,4,2024-04-10,2024-04-11,167.77999877929688,175.0399932861328,0.04327091762818491,0.0,167.77999877929688,-0.001777943046032381,167.4816954972039,0.001327906163428645,168.00279487377594,0.0006073656270650514,167.88190258346444
walk_forward,4,2024-04-11,2024-04-12,175.0399932861328,176.5500030517578,0.00862665575607413,0.0,175.0399932861328,0.0014786711373952221,175.2988198720949,0.001327906163428645,175.27242997206397,0.0014572030625804584,175.29506210042342
walk_forward,4,2024-04-12,2024-04-15,176.5500030517578,172.69000244140625,-0.021863497839872292,0.0,176.5500030517578,0.002314863674599749,176.95869224057282,0.001327906163428645,176.78444488896358,0.0016381981435409781,176.83922693899936
walk_forward,4,2024-04-15,2024-04-16,172.69000244140625,169.3800048828125,-0.019167279586534414,0.0,172.69000244140625,1.5303881135306143e-05,172.69264526867687,0.001327906163428645,172.91931856001068,0.0014999634437998246,172.94903113217805
walk_forward,5,2024-04-16,2024-04-17,169.3800048828125,168.0,-0.008147389556206863,0.0,169.3800048828125,0.0011023415918332072,169.56671950701974,0.0012483225546076862,169.59144576320728,0.0015020133997170836,169.63441591979063
walk_forward,5,2024-04-17,2024-04-18,168.0,167.0399932861328,-0.0057143256777808515,0.0,168.0,0.00048671229378653095,168.08176766535615,0.0012483225546076862,168.20971818917408,0.001005465783441871,168.16891825161824
walk_forward,5,2024-04-18,2024-04-19,167.0399932861328,165.0,-0.012212603975853775,0.0,167.0399932861328,-0.0033543624586874882,166.4796806035544,0.0012483225546076862,167.2485130772734,0.0009162727021339926,167.19304747214554
walk_forward,5,2024-04-19,2024-04-22,165.0,165.83999633789062,0.005090886896306879,0.0,165.0,-0.00316752646503853,164.47735813326864,0.0012483225546076862,165.20597322151025,0.0005959112589879023,165.09832535773302
walk_forward,5,2024-04-22,2024-04-23,165.83999633789062,166.89999389648438,0.006391688265803275,0.0,165.83999633789062,-0.0030365440730089027,165.336415879943,0.0012483225546076862,166.04701814577527,0.00047783964310886985,165.9192412625539
walk_forward,5,2024-04-23,2024-04-24,166.89999389648438,169.02000427246094,0.012702279529689164,0.0,166.89999389648438,-0.0022105799598585115,166.5310481146763,0.0012483225546076862,167.10833892322924,0.0009350338492751745,167.05605104022138
walk_forward,5,2024-04-24,2024-04-25,169.02000427246094,169.88999938964844,0.005147290824730311,0.0,169.02000427246094,-0.0027009176368459798,168.56349516194166,0.0012483225546076862,169.23099575597413,0.0011128055470158642,169.20809067077195
walk_forward,5,2024-04-25,2024-04-26,169.88999938964844,169.3000030517578,-0.003472813820767917,0.0,169.88999938964844,0.00038092510865588177,169.9547147561255,0.0012483225546076862,170.1020769076888,0.0012085735376485152,170.0953239472219
walk_forward,5,2024-04-26,2024-04-29,169.3000030517578,173.5,0.024808014604454476,0.0,169.3000030517578,0.0011872744502218423,169.50100861980366,0.0012483225546076862,169.51134406406246,0.0012679758455161787,169.51467136627323
walk_forward,5,2024-04-29,2024-04-30,173.5,170.3300018310547,-0.01827088281812861,0.0,173.5,0.002730528541665505,173.97374670197897,0.0012483225546076862,173.71658396322442,0.001445307572784259,173.75076086387807
walk_forward,5,2024-04-30,2024-05-01,170.3300018310547,169.3000030517578,-0.006047077838456816,0.0,170.3300018310547,0.0006253743571536678,170.43652184645376,0.0012483225546076862,170.54262861406676,0.0011968447946285364,170.53386040711524
walk_forward,5,2024-05-01,2024-05-02,169.3000030517578,173.02999877929688,0.02203187040935095,0.0,169.3000030517578,0.0002841295376121884,169.34810618334265,0.0012483225546076862,169.51134406406246,0.0011325695524093344,169.49174708043705
walk_forward,5,2024-05-02,2024-05-03,173.02999877929688,183.3800048828125,0.05981625253732603,0.0,173.02999877929688,0.0027812800814495785,173.51124366839497,0.0012483225546076862,173.2459960293968,0.001298414029784791,173.25466335728555
walk_forward,5,2024-05-03,2024-05-06,183.3800048828125,181.7100067138672,-0.009106762593950823,0.0,183.3800048828125,0.0013890652337135126,183.6347316721534,0.0012483225546076862,183.60892227897176,0.0029525367173421583,183.9214410804554
walk_forward,5,2024-05-06,2024-05-07,181.7100067138672,182.39999389648438,0.0037971886914498487,0.0,181.7100067138672,-2.118736734006742e-05,181.70615675720558,0.0012483225546076862,181.936839413646,0.0019558911883052112,182.06541171482573
walk_forward,5,2024-05-07,2024-05-08,182.39999389648438,182.74000549316406,0.0018640987283840005,0.0,182.39999389648438,0.0013528869225091981,182.6467604628927,0.0012483225546076862,182.62768792282566,0.0019221909738534,182.75060151838312
walk_forward,5,2024-05-08,2024-05-09,182.74000549316406,184.57000732421875,0.01001423758369735,0.0,182.74000549316406,0.003236397471861106,183.33142478495,0.0012483225546076862,182.9681239636503,0.002138656687707473,183.13082362802373
walk_forward,5,2024-05-09,2024-05-10,184.57000732421875,183.0500030517578,-0.008235380680192916,0.0,184.57000732421875,0.0014373978353271108,184.83530785321287,0.0012483225546076862,184.80041022726567,0.0016806842572712206,184.880211229893
walk_forward,5,2024-05-10,2024-05-13,183.0500030517578,186.27999877929688,0.017645428427694565,0.0,183.0500030517578,0.0006096006904825861,183.16159046001098,0.0012483225546076862,183.27850849918832,0.0014806591111702415,183.32103770657613
walk_forward,5,2024-05-13,2024-05-14,186.27999877929688,187.42999267578125,0.006173469529849429,0.0,186.27999877929688,0.001859599272093467,186.62640492943245,0.0012483225546076862,186.51253630324535,0.0013121537057202953,186.52442676999672
walk_forward,5,2024-05-14,2024-05-15,187.42999267578125,189.72000122070312,0.012217940748059153,0.0,187.42999267578125,0.0006911045484339208,187.55952639623243,0.0012483225546076862,187.66396576304837,0.001250103492465306,187.66429956421797
walk_forward,5,2024-05-15,2024-05-16,189.72000122070312,189.83999633789062,0.000632485327932919,0.0,189.72000122070312,-0.0004931207001442539,189.6264463608698,0.0012483225546076862,189.95683297728712,0.0015946404963044008,190.02253641760856
walk_forward,5,2024-05-16,2024-05-17,189.83999633789062,189.8699951171875,0.00015802138577525326,0.0,189.83999633789062,0.00046209459875503397,189.92772037482604,0.0012483225546076862,190.07697788708583,0.0015498328402265404,190.1342165986036
walk_forward,5,2024-05-17,2024-05-20,189.8699951171875,191.0399932861328,0.006162101432736655,0.0,189.8699951171875,0.001450344570922388,190.14537203378677,0.0012483225546076862,190.10701411453553,0.001627021462460638,190.17891767432047
walk_forward,5,2024-05-20,2024-05-21,191.0399932861328,192.35000610351562,0.006857270013722827,0.0,191.0399932861328,0.0004013754923504016,191.11667205749666,0.0012483225546076862,191.27847281858396,0.001608761109428749,191.34733099767706
walk_forward,5,2024-05-21,2024-05-22,192.35000610351562,190.89999389648438,-0.0075384047882530725,0.0,192.35000610351562,-0.00022799296260677011,192.30615165576666,0.0012483225546076862,192.59012095451357,0.0016063995460965559,192.658997066012
walk_forward,5,2024-05-22,2024-05-23,190.89999389648438,186.8800048828125,-0.021058088749084547,0.0,190.89999389648438,-0.00017966637670364244,190.86569558626826,0.0012483225546076862,191.1382986645398,0.0013561709400087495,191.15888692065462
walk_forward,5,2024-05-23,2024-05-24,186.8800048828125,189.97999572753906,0.016588135507972,0.0,186.8800048828125,0.0022468735105018994,187.29990061542617,0.0012483225546076862,187.1132914079129,0.0013237872909870685,187.12739425821596
walk_forward,5,2024-05-24,2024-05-28,189.97999572753906,189.99000549316406,5.268852431883353e-05,0.0,189.97999572753906,0.0006132482328587807,190.0965006241975,0.0012483225546076862,190.21715204113,0.0014437856308303926,190.25428611551573
walk_forward,5,2024-05-28,2024-05-29,189.99000549316406,190.2899932861328,0.0015789661787211084,0.0,189.99000549316406,0.0003840466324686229,190.06297051497643,0.0012483225546076862,190.2271743021712,0.0013216729666033664,190.24111014734922
walk_forward,5,2024-05-29,2024-05-30,190.2899932861328,191.2899932861328,0.005255137081729533,0.0,190.2899932861328,-0.0005406319201143898,190.18711644168397,0.0012483225546076862,190.527536576668,0.0013134247483646113,190.53992487268096
walk_forward,5,2024-05-30,2024-05-31,191.2899932861328,192.25,0.005018593484036549,0.0,191.2899932861328,0.0013422025452797801,191.54674320200803,0.0012483225546076862,191.52878489922264,0.0014832578331807494,191.57372566708355
walk_forward,5,2024-05-31,2024-06-03,192.25,194.02999877929688,0.009258771283728873,0.0,192.25,-0.00012615809624428936,192.22574610599705,0.0012483225546076862,192.48999001112333,0.0015234292290390668,192.54287926928276
walk_forward,5,2024-06-03,2024-06-04,194.02999877929688,194.35000610351562,0.0016492672588364066,0.0,194.02999877929688,0.0007792090619088863,194.1811887126279,0.0012483225546076862,194.27221080304355,0.0016051590668628817,194.34144779108087
walk_forward,5,2024-06-04,2024-06-05,194.35000610351562,195.8699951171875,0.007820884826019947,0.0,194.35000610351562,0.0014515423174106773,194.63211336176388,0.0012483225546076862,194.59261759962277,0.001534002800276904,194.64813955711224
walk_forward,5,2024-06-05,2024-06-06,195.8699951171875,194.47999572753906,-0.007096540686677422,0.0,195.8699951171875,0.0020401091165559633,196.26959127988587,0.0012483225546076862,196.11450404986317,0.0014770715625588274,196.1593091169336
walk_forward,5,2024-06-06,2024-06-07,194.47999572753906,196.88999938964844,0.012392038847459208,0.0,194.47999572753906,0.002125810684289273,194.89342338033717,0.0012483225546076862,194.72276949262573,0.0015066446356335153,194.77300796984
walk_forward,5,2024-06-07,2024-06-10,196.88999938964844,193.1199951171875,-0.019147769232301326,0.0,196.88999938964844,0.0010695713055300987,197.10058728334147,0.0012483225546076862,197.13578161666322,0.0016149207312194352,197.20796113143257
walk_forward,5,2024-06-10,2024-06-11,193.1199951171875,207.14999389648438,0.07264912559045644,0.0,193.1199951171875,0.0009819184548593097,193.30962320439542,0.0012483225546076862,193.361071162838,0.0013104247999212353,193.3730643481497
walk_forward,5,2024-06-11,2024-06-12,207.14999389648438,213.07000732421875,0.02857839054869915,0.0,207.14999389648438,0.002532677205233993,207.67463796409038,0.0012483225546076862,207.40858390605217,0.003966807681852408,207.97171808356862
walk_forward,5,2024-06-12,2024-06-13,213.07000732421875,214.24000549316406,0.005491144359726752,0.0,213.07000732421875,0.001795203097322061,213.45251126131362,0.0012483225546076862,213.33598742007197,0.0009404788028365955,213.27039514962743
walk_forward,5,2024-06-13,2024-06-14,214.24000549316406,212.49000549316406,-0.008168409051202308,0.0,214.24000549316406,-0.000908063845870838,214.04546188983656,0.0012483225546076862,214.50744612412043,0.0012281690911500115,214.50312844599856
walk_forward,5,2024-06-14,2024-06-17,212.49000549316406,216.6699981689453,0.019671478976528656,0.0,212.49000549316406,0.0035597187200247077,213.24641014353622,0.0012483225546076862,212.75526155964988,0.0018767576750605246,212.888797741847
walk_forward,5,2024-06-17,2024-06-18,216.6699981689453,214.2899932861328,-0.010984469021671939,0.0,216.6699981689453,0.0022387098775323573,217.15505943401104,0.0012483225546076862,216.9404722145664,0.0008350450713702582,216.8509273830301
walk_forward,5,2024-06-18,2024-06-20,214.2899932861328,209.67999267578125,-0.021512906597537684,0.0,214.2899932861328,0.00027578135591804645,214.3490904710409,0.0012483225546076862,214.5574963179786,0.0014171991180075118,214.59368487561574
walk_forward,5,2024-06-20,2024-06-21,209.67999267578125,207.49000549316406,-0.010444426073609514,0.0,209.67999267578125,0.0010832192447589773,209.90712207908857,0.0012483225546076862,209.94174093988838,0.00126437507091421,209.94510683138998
walk_forward,5,2024-06-21,2024-06-24,207.49000549316406,208.13999938964844,0.00313265159417897,0.0,207.49000549316406,0.0016435706776065317,207.83102998208906,0.0012483225546076862,207.74901994687684,0.000864451890310777,207.6693706206332
walk_forward,5,2024-06-24,2024-06-25,208.13999938964844,209.07000732421875,0.004468184574312861,0.0,208.13999938964844,0.0003944518818773215,208.22210060410163,0.0012483225546076862,208.39982524540255,0.0008944249886906297,208.3261650062486
walk_forward,5,2024-06-25,2024-06-26,209.07000732421875,213.25,0.01999326794540668,0.0,209.07000732421875,-0.002294046100835109,208.59039108911506,0.0012483225546076862,209.33099412985354,0.0011060192473516717,209.30124277636332
walk_forward,5,2024-06-26,2024-06-27,213.25,214.10000610351562,0.003985960626099017,0.0,213.25,-0.0002666228125792892,213.19314268521748,0.0012483225546076862,213.51620478477008,0.0014749704447163487,213.56453744733577
walk_forward,5,2024-06-27,2024-06-28,214.10000610351562,210.6199951171875,-0.016254137725925877,0.0,214.10000610351562,0.00042519355424837195,214.19104004607536,0.0012483225546076862,214.36727197007627,0.0013073962665967798,214.37991965217373
walk_forward,5,2024-06-28,2024-07-01,210.6199951171875,216.75,0.029104572333703782,0.0,210.6199951171875,0.0016811538215115575,210.9740797268655,0.0012483225546076862,210.88291680754364,0.0013542298516903497,210.90522300193808
walk_forward,5,2024-07-01,2024-07-02,216.75,220.27000427246094,0.016239927439266166,0.0,216.75,0.0012490307684956238,217.02072741907142,0.0012483225546076862,217.0205739137112,0.0016508243889243324,217.10781618629937
walk_forward,5,2024-07-02,2024-07-03,220.27000427246094,221.5500030517578,0.0058110444203451905,0.0,220.27000427246094,0.0018502664592549983,220.67756247334623,0.0012483225546076862,220.54497228689777,0.001604844906688748,220.62350346691392
walk_forward,5,2024-07-03,2024-07-05,221.5500030517578,226.33999633789062,0.021620371113304726,0.0,221.5500030517578,0.0008361826907168188,221.73525932943795,0.0012483225546076862,221.8265689175407,0.0014789215616723124,221.87765812825964
walk_forward,5,2024-07-05,2024-07-08,226.33999633789062,227.82000732421875,0.006538884025246272,0.0,226.33999633789062,0.0021836069475318306,226.83423392639838,0.0012483225546076862,226.622541660329,0.001639171768166232,226.71100646989456
walk_forward,5,2024-07-08,2024-07-09,227.82000732421875,228.67999267578125,0.00377484559702701,0.0,227.82000732421875,-0.00012725021606407568,227.79101717906303,0.0012483225546076862,228.10440017775244,0.0014879484243257909,228.1589917451467
walk_forward,5,2024-07-09,2024-07-10,228.67999267578125,232.97999572753906,0.018803582252402418,0.0,228.67999267578125,-0.0005499140359935526,228.55423833805793,0.0012483225546076862,228.96545906842593,0.0016546281911940363,229.05837303842463
walk_forward,5,2024-07-10,2024-07-11,232.97999572753906,227.57000732421875,-0.023220827978926883,0.0,232.97999572753906,-0.00047784996367003984,232.8686662450448,0.0012483225546076862,233.27082991097814,0.0016446636014362747,233.3631694463749
walk_forward,5,2024-07-11,2024-07-12,227.57000732421875,230.5399932861328,0.013050867277438316,0.0,227.57000732421875,0.00026594898056463536,227.63052933567369,0.0012483225546076862,227.8540880971138,0.0012782599844497788,227.86090095824227
walk_forward,5,2024-07-12,2024-07-15,230.5399932861328,234.39999389648438,0.01674330147811176,0.0,230.5399932861328,0.0005022249263944359,230.6557762172919,0.0012483225546076862,230.82778155949097,0.0014562515428873505,230.87571750705297
walk_forward,5,2024-07-15,2024-07-16,234.39999389648438,234.82000732421875,0.0017918662059346335,0.0,234.39999389648438,0.0002918918739442094,234.46841334995534,0.0012483225546076862,234.69260069566525,0.001623520758710137,234.78054715241683
walk_forward,5,2024-07-16,2024-07-17,234.82000732421875,228.8800048828125,-0.025295980990260425,0.0,234.82000732421875,-0.0012569464083250523,234.5248511594097,0.0012483225546076862,235.11313843563468,0.0013209486779327765,235.13019250244585
walk_forward,5,2024-07-17,2024-07-18,228.8800048828125,224.17999267578125,-0.020534830945314275,0.0,228.8800048828125,0.0018156955601369399,229.29558129148234,0.0012483225546076862,229.1657209552064,0.00144904701669424,229.21166277106892
walk_forward,5,2024-07-18,2024-07-19,224.17999267578125,224.30999755859375,0.0005799129586043783,0.0,224.17999267578125,0.0031054276620520113,224.87616742631522,0.0012483225546076862,224.4598416169302,0.0012805627406650983,224.46706922160445
walk_forward,5,2024-07-19,2024-07-22,224.30999755859375,223.9600067138672,-0.0015602998017738567,0.0,224.30999755859375,0.002074827874327767,224.77540219401868,0.0012483225546076862,224.59000878777013,0.0011654159205795086,224.5714120008937
walk_forward,5,2024-07-22,2024-07-23,223.9600067138672,225.00999450683594,0.004688282557118395,0.0,223.9600067138672,0.0005192050041479471,224.07628787008207,0.0012483225546076862,224.2395810415782,0.0011016337964366218,224.20672862631338
walk_forward,5,2024-07-23,2024-07-24,225.00999450683594,218.5399932861328,-0.02875428371474653,0.0,225.00999450683594,-4.095024912104551e-05,225.00078029150615,0.0012483225546076862,225.29087955799096,0.001053888878118611,225.24713003751222
walk_forward,5,2024-07-24,2024-07-25,218.5399932861328,217.49000549316406,-0.004804556718339459,0.0,218.5399932861328,0.0020022098394472092,218.97755621100305,0.0012483225546076862,218.8128016888357,0.001210305441176517,218.8044934291217
walk_forward,5,2024-07-25,2024-07-26,217.49000549316406,217.9600067138672,0.002161024455525684,0.0,217.49000549316406,0.00035790247128378826,217.5678457036096,0.0012483225546076862,217.76150317242292,0.0012956054027365277,217.7717867193222
walk_forward,5,2024-07-26,2024-07-29,217.9600067138672,218.24000549316406,0.0012846337432190769,0.0,217.9600067138672,0.0004331087566617582,218.05440710137702,0.0012483225546076862,218.23209110625052,0.0006744211819791686,218.10700355921932
walk_forward,5,2024-07-29,2024-07-30,218.24000549316406,218.8000030517578,0.0025659711533103646,0.0,218.24000549316406,-0.0013680085940917064,217.94145129007478,0.0012483225546076862,218.51243941433887,0.00040573614433264357,218.32855335153198
walk_forward,5,2024-07-30,2024-07-31,218.8000030517578,222.0800018310547,0.014990853444005525,0.0,218.8000030517578,-1.096880436852023e-05,218.7976030773285,0.0012483225546076862,219.07313603051554,0.0006271841083258734,218.9372309365735
walk_forward,5,2024-07-31,2024-08-01,222.0800018310547,218.36000061035156,-0.016750725819666967,0.0,222.0800018310547,-0.0015261501658380095,221.74107439943091,0.0012483225546076862,222.3572293062677,0.0011938914964585636,222.3451412567743
walk_forward,5,2024-08-01,2024-08-02,218.36000061035156,219.86000061035156,0.006869389978967133,0.0,218.36000061035156,-0.002562158961639156,217.8005275779242,0.0012483225546076862,218.63258432413758,0.0005078734388791558,218.4708998547752
walk_forward,5,2024-08-02,2024-08-05,219.86000061035156,209.27000427246094,-0.0481669985831521,0.0,219.86000061035156,-0.0015011662607307824,219.52995419535105,0.0012483225546076862,220.1344568079695,0.0005545001520755586,219.98191301412533
walk_forward,5,2024-08-05,2024-08-06,209.27000427246094,207.22999572753906,-0.009748212850733573,0.0,209.27000427246094,0.00037955590604456984,209.34943393854053,0.0012483225546076862,209.53124073879707,0.0006736039656212062,209.41096937722443
walk_forward,5,2024-08-06,2024-08-07,207.22999572753906,209.82000732421875,0.01249824663455068,0.0,207.22999572753906,0.00021578381139442928,207.27471260585241,0.0012483225546076862,207.488685605197,0.0018655665118196268,207.6165970678129
walk_forward,5,2024-08-07,2024-08-08,209.82000732421875,213.30999755859375,0.016633257613904107,0.0,209.82000732421875,-0.0015341082021274707,209.4981207300122,0.0012483225546076862,210.08193037176952,0.0009949322378289367,210.0287640136471
walk_forward,5,2024-08-08,2024-08-09,213.30999755859375,216.24000549316406,0.013735914716165532,0.0,213.30999755859375,-0.00437931460957364,212.3758459699173,-0.006411417609082007,211.94237808405333,-0.0018044446038665636,212.92509148454837
walk_forward,5,2024-08-09,2024-08-12,216.24000549316406,217.52999877929688,0.005965562584919537,0.0,216.24000549316406,-0.002696102361501306,215.6570003037029,0.0012483225546076862,216.50994276922964,0.0007176317534261527,216.395186187467
walk_forward,5,2024-08-12,2024-08-13,217.52999877929688,221.27000427246094,0.017193056195245138,0.0,217.52999877929688,-0.0019414223596330225,217.1076811757758,0.0012483225546076862,217.80154638307684,0.001264116734410458,217.80498209099008
walk_forward,5,2024-08-13,2024-08-14,221.27000427246094,221.72000122070312,0.002033700635211577,0.0,221.27000427246094,-0.0017781226111679223,220.87655907469085,0.0012483225546076862,221.54622060945238,0.001193407239006574,221.53406949733468
walk_forward,5,2024-08-14,2024-08-15,221.72000122070312,224.72000122070312,0.01353057903429189,0.0,221.72000122070312,0.0007913200739746086,221.89545270847074,0.0012483225546076862,221.99677929903456,0.0014892749125188112,222.05020325612477
walk_forward,5,2024-08-15,2024-08-16,224.72000122070312,226.0500030517578,0.0059184844421056315,0.0,224.72000122070312,0.000971134714432918,224.93823461491598,0.0012483225546076862,225.00052426669836,0.0015525996294701518,225.06890141133292
walk_forward,5,2024-08-16,2024-08-19,226.0500030517578,225.88999938964844,-0.0007078241979617816,0.0,226.0500030517578,0.0030321488524317573,226.73542030910343,0.0012483225546076862,226.33218636903644,0.0014888539735555737,226.38655849702369
walk_forward,5,2024-08-19,2024-08-20,225.88999938964844,226.50999450683594,0.0027446771387078517,0.0,225.88999938964844,0.00019707936067260004,225.9345176463105,0.0012483225546076862,226.17198297074683,0.0014216281401474094,226.21113096935863
walk_forward,5,2024-08-20,2024-08-21,226.50999450683594,226.39999389648438,-0.00048563247988708813,0.0,226.50999450683594,0.00036459934028544496,226.5925799014012,0.0012483225546076862,226.79275204182287,0.001504850854254238,226.8508582655667
walk_forward,5,2024-08-21,2024-08-22,226.39999389648438,224.52999877929688,-0.008259695969967673,0.0,226.39999389648438,4.2717802014635535e-05,226.40966520659975,0.0012483225546076862,226.68261411522838,0.0015110429632543305,226.74209401414248
walk_forward,5,2024-08-22,2024-08-23,224.52999877929688,226.83999633789062,0.010288146667049025,0.0,224.52999877929688,-0.0001771152118303016,224.49023110100083,0.0012483225546076862,224.81028464095908,0.001232682491227625,224.80677297754747
walk_forward,5,2024-08-23,2024-08-26,226.83999633789062,227.17999267578125,0.0014988376978466444,0.0,226.83999633789062,-0.000404000349428862,226.74835290010566,0.0012483225546076862,227.1231658216063,0.001469997697463364,227.1734506101999
walk_forward,5,2024-08-26,2024-08-27,227.17999267578125,228.02999877929688,0.0037415535298863656,0.0,227.17999267578125,-0.0010319321516812753,226.9455583371204,0.0012483225546076862,227.46358658459403,0.0013899544401142973,227.4957625153061
walk_forward,5,2024-08-27,2024-08-28,228.02999877929688,226.49000549316406,-0.006753467940081581,0.0,228.02999877929688,-0.0007849089346804983,227.8510159958798,0.0012483225546076862,228.31465376990022,0.001429057592882827,228.3558667804575
walk_forward,5,2024-08-28,2024-08-29,226.49000549316406,229.7899932861328,0.014570125448949867,0.0,226.49000549316406,0.0005281029591281405,226.60961553527795,0.0012483225546076862,226.77273807541437,0.0013824404223685936,226.8031144320203
walk_forward,5,2024-08-29,2024-08-30,229.7899932861328,229.0,-0.0034378924636161434,0.0,229.7899932861328,0.0007562286153751539,229.96376705458263,0.0012483225546076862,230.07684531757502,0.0015527689612535262,230.1468040553142
walk_forward,5,2024-08-30,2024-09-03,229.0,222.77000427246094,-0.027205221517637823,0.0,229.0,0.001164641359522742,229.26670287133072,0.0012483225546076862,229.28586586500515,0.0014212595012285745,229.32546842578137
walk_forward,5,2024-09-03,2024-09-04,222.77000427246094,220.85000610351562,-0.00861874638471094,0.0,222.77000427246094,0.0019543379740313296,223.20537215128576,0.0012483225546076862,223.04809309328428,0.0012325638109836146,223.04458251789984
walk_forward,5,2024-09-04,2024-09-05,220.85000610351562,222.3800048828125,0.006927773316790065,0.0,220.85000610351562,0.0022416995913352757,221.34508547194426,0.0012483225546076862,221.12569814731987,0.0012400025496217735,221.12386067416796
walk_forward,5,2024-09-05,2024-09-06,222.3800048828125,220.82000732421875,-0.007015008203708928,0.0,222.3800048828125,0.0007364948592764584,222.54378661321456,0.0012483225546076862,222.65760685860147,0.0011487803344586644,222.63547065919872
walk_forward,5,2024-09-06,2024-09-09,220.82000732421875,220.91000366210938,0.00040755518026269755,0.0,220.82000732421875,-0.0024348627337740926,220.28234091751327,0.0012483225546076862,221.0956619198702,0.0009006925346450796,221.01889825631594
walk_forward,5,2024-09-09,2024-09-10,220.91000366210938,220.11000061035156,-0.0036213980285901837,0.0,220.91000366210938,-0.001762108099409197,220.52073635541583,0.0012483225546076862,221.18577060221924,0.001099624783534769,221.152921777067
walk_forward,5,2024-09-10,2024-09-11,220.11000061035156,222.66000366210938,0.011585130365211915,0.0,220.11000061035156,-0.00244570058921452,219.5716774521668,0.0012483225546076862,220.38476888860816,0.0006893307009837057,220.26172919136582
walk_forward,5,2024-09-11,2024-09-12,222.66000366210938,222.77000427246094,0.0004940295003250661,0.0,222.66000366210938,-0.0021836917831666415,222.17378284167256,0.0012483225546076862,222.9379551666898,0.0010678638646020784,222.8977742341123
walk_forward,5,2024-09-12,2024-09-13,222.77000427246094,222.5,-0.001212031545013148,0.0,222.77000427246094,-0.0023416649305233747,222.24835156588358,0.0012483225546076862,223.04809309328428,0.001170238530509591,223.03069831490237
walk_forward,5,2024-09-13,2024-09-16,222.5,216.32000732421875,-0.027775247981039364,0.0,222.5,-0.001451677644727181,222.1770017240482,0.0012483225546076862,222.77775176840018,0.0010281705033187618,222.72876793698845
walk_forward,5,2024-09-16,2024-09-17,216.32000732421875,216.7899932861328,0.0021726421320320544,0.0,216.32000732421875,-0.001248322438745631,216.0499702051263,0.0012483225546076862,216.59004446837446,0.000564576071015169,216.44213642403582
walk_forward,5,2024-09-17,2024-09-18,216.7899932861328,220.69000244140625,0.017989802463465043,0.0,216.7899932861328,-0.0021553211478136177,216.32274122896885,0.0012483225546076862,217.06061712436514,0.0011265439680774206,217.03421674540886
walk_forward,5,2024-09-18,2024-09-19,220.69000244140625,228.8699951171875,0.03706553348719566,0.0,220.69000244140625,-0.0022923301835321283,220.18410808760603,0.0012483225546076862,220.96549474903026,0.0010828244445835486,220.928970970725
walk_forward,5,2024-09-19,2024-09-20,228.8699951171875,228.1999969482422,-0.002927418111763669,0.0,228.8699951171875,-0.0004978879370233298,228.75604350747207,0.0012483225546076862,229.1556986941652,0.001519983798596487,229.21787380175047
walk_forward,5,2024-09-20,2024-09-23,228.1999969482422,226.47000122070312,-0.007581050616453089,0.0,228.1999969482422,8.034983492175647e-05,228.21833278032614,0.0012483225546076862,228.48486415139408,0.0014430853234537126,228.52930901465038
walk_forward,5,2024-09-23,2024-09-24,226.47000122070312,227.3699951171875,0.0039740093241191765,0.0,226.47000122070312,0.00016985646424210062,226.50846861436736,0.0012483225546076862,226.75270883116895,0.001451384315461689,226.79869622839746
walk_forward,5,2024-09-24,2024-09-25,227.3699951171875,226.3699951171875,-0.004398117700115112,0.0,227.3699951171875,0.001463181403643261,227.70267866578942,0.0012483225546076862,227.6538262103333,0.001363194190476483,227.67994457361993
walk_forward,5,2024-09-25,2024-09-26,226.3699951171875,227.52000427246094,0.005080219022305155,0.0,226.3699951171875,0.0009564804025362557,226.5865135812393,0.0012483225546076862,226.6525778877787,0.0013001506421505174,226.66431021170274
walk_forward,5,2024-09-26,2024-09-27,227.52000427246094,227.7899932861328,0.0011866605511687833,0.0,227.52000427246094,0.00016460837420807957,227.55745597046408,0.0012483225546076862,227.80402262541867,0.001194143577210379,227.79169582424979
walk_forward,5,2024-09-27,2024-09-30,227.7899932861328,233.0,0.02287197360475246,0.0,227.7899932861328,0.00141669147094285,228.1127014267874,0.0012483225546076862,228.07434867246582,0.001125774578989989,228.04643346992262
walk_forward,5,2024-09-30,2024-10-01,233.0,226.2100067138672,-0.029141602086406926,0.0,233.0,0.0009176378632245103,233.21380962213132,0.0012483225546076862,233.2908591552236,0.0012824698781605708,233.29881548161143
walk_forward,5,2024-10-01,2024-10-02,226.2100067138672,226.77999877929688,0.002519747352073054,0.0,226.2100067138672,0.0001462241073372538,226.2430840701697,0.0012483225546076862,226.49238976732605,0.00137849955247512,226.52183710688763
walk_forward,5,2024-10-02,2024-10-03,226.77999877929688,225.6699981689453,-0.004894614235498862,0.0,226.77999877929688,0.0007159843294237457,226.9423697046496,0.0012483225546076862,227.06309336670697,0.0013666994898754148,227.08993888794248
walk_forward,5,2024-10-03,2024-10-04,225.6699981689453,226.8000030517578,0.005007333238716605,0.0,225.6699981689453,0.0027929593307156886,226.30028529599386,0.0012483225546076862,225.95170711755787,0.001242795638149833,225.95045985833096
walk_forward,5,2024-10-04,2024-10-07,226.8000030517578,221.69000244140625,-0.022530866585506182,0.0,226.8000030517578,0.00016323769903742245,226.83702536239767,0.0012483225546076862,227.0831226109524,0.0010165603723304728,227.03055894730466
walk_forward,5,2024-10-07,2024-10-08,221.69000244140625,225.77000427246094,0.01840408582309916,0.0,221.69000244140625,-0.00034394856930221014,221.6137524822379,0.0012483225546076862,221.9667430715849,0.0011647811890959502,221.94822278606065
walk_forward,5,2024-10-08,2024-10-09,225.77000427246094,229.5399932861328,0.016698360908574017,0.0,225.77000427246094,0.0002421891792408811,225.82468332449287,0.0012483225546076862,226.0518380609481,0.0012665902990260129,226.05596236968353
walk_forward,5,2024-10-09,2024-10-10,229.5399932861328,229.0399932861328,-0.0021782696463562568,0.0,229.5399932861328,0.0010667462527118878,229.7848542138183,0.0012483225546076862,229.82653323693637,0.0011577789593907436,229.8057498606982
walk_forward,5,2024-10-10,2024-10-11,229.0399932861328,227.5500030517578,-0.006505371454991304,0.0,229.0399932861328,0.00022128710254367746,229.09067688261374,0.0012483225546076862,229.32590907565907,0.0011717491676385091,229.30837070762175
walk_forward,5,2024-10-11,2024-10-14,227.5500030517578,231.3000030517578,0.01647989430765695,0.0,227.5500030517578,0.0015361956387089247,227.89956437403413,0.0012483225546076862,227.83405885286834,0.0012559017688770506,227.83578350309853
walk_forward,5,2024-10-14,2024-10-15,231.3000030517578,233.85000610351562,0.011024656368842312,0.0,231.3000030517578,0.003449981167998079,232.09798370644427,0.0012483225546076862,231.58874006244812,0.0016138457151840052,231.67328557060492
walk_forward,5,2024-10-15,2024-10-16,233.85000610351562,231.77999877929688,-0.008851859184055066,0.0,233.85000610351562,0.00160082347656122,234.22435868328012,0.0012483225546076862,234.14192634052978,0.001573823491181801,234.21804473653432
walk_forward,5,2024-10-16,2024-10-17,231.77999877929688,232.14999389648438,0.001596320300009113,0.0,231.77999877929688,0.0010615626106193223,232.0260477598904,0.0012483225546076862,232.06933497948,0.00138279475299814,232.1005029454588
walk_forward,5,2024-10-17,2024-10-18,232.14999389648438,235.0,0.01227657195109133,0.0,232.14999389648438,0.0020971237145383766,232.63684115401463,0.0012483225546076862,232.43979196991737,0.001181834294420824,232.42435672072082
walk_forward,5,2024-10-18,2024-10-21,235.0,236.47999572753906,0.006297854159740712,0.0,235.0,0.0032204954693529878,235.75681643529794,0.0012483225546076862,235.2933558003328,0.0014511240215145445,235.3410141450559
walk_forward,5,2024-10-21,2024-10-22,236.47999572753906,235.86000061035156,-0.002621765597043635,0.0,236.47999572753906,0.0003243777342366058,236.55670457274542,0.0012483225546076862,236.77519903991927,0.0015404405015560967,236.84427909076555
walk_forward,5,2024-10-22,2024-10-23,235.86000061035156,230.75999450683594,-0.021623022514703605,0.0,235.86000061035156,0.0008521849477650064,236.06099695265155,0.0012483225546076862,236.15442996884323,0.0015511792801974802,236.22586175632568
walk_forward,5,2024-10-23,2024-10-24,230.75999450683594,230.57000732421875,-0.0008233107433687215,0.0,230.75999450683594,0.0009572968931492025,230.9809003326405,0.0012483225546076862,231.04805741267995,0.0010835583063692,231.01003641566155
walk_forward,5,2024-10-24,2024-10-25,230.57000732421875,231.41000366210938,0.0036431292501519774,0.0,230.57000732421875,0.0006347676671017121,230.71636570987155,0.0012483225546076862,230.85783306477762,0.0011984626440562944,230.8463368648366
walk_forward,5,2024-10-25,2024-10-28,231.41000366210938,233.39999389648438,0.008599413175243154,0.0,231.41000366210938,-0.0007361661506350334,231.239647450495,0.0012483225546076862,231.69887798904261,0.0012665128252016488,231.70308739962738
walk_forward,5,2024-10-28,2024-10-29,233.39999389648438,233.6699981689453,0.0011568306749001334,0.0,233.39999389648438,-0.0003571172417101932,233.3166427344489,0.0012483225546076862,233.69135237311065,0.0011325298584685976,233.66432635853852
walk_forward,5,2024-10-29,2024-10-30,233.6699981689453,230.10000610351562,-0.015277922255336196,0.0,233.6699981689453,0.0012743485561883018,233.96777519373643,0.0012483225546076862,233.96169369799472,0.0012233629497185462,233.95586138716598
walk_forward,5,2024-10-30,2024-10-31,230.10000610351562,225.91000366210938,-0.01820948426885871,0.0,230.10000610351562,-2.2632787132202377e-05,230.09479829905837,0.0012483225546076862,230.38724513095,0.0012209838047990962,230.38095448445222
walk_forward,5,2024-10-31,2024-11-01,225.91000366210938,222.91000366210938,-0.013279624414008095,0.0,225.91000366210938,-0.0007463505217527268,225.741395613007,0.0012483225546076862,226.19201221499227,0.0011343962514134547,226.16627512342046
walk_forward,5,2024-11-01,2024-11-04,222.91000366210938,222.00999450683594,-0.004037544930633463,0.0,222.91000366210938,-0.0005899511534687781,222.77849764832916,0.0012483225546076862,223.18826724732844,0.0008154260256591985,223.09177028047526
walk_forward,5,2024-11-04,2024-11-05,222.00999450683594,223.4499969482422,0.006486205472888695,0.0,222.00999450683594,-0.0019625705920610745,221.57428422047317,0.0012483225546076862,222.28713459032713,0.0006195373264529791,222.14753798527855
walk_forward,5,2024-11-05,2024-11-06,223.4499969482422,222.72000122070312,-0.0032669310248778505,0.0,223.4499969482422,-0.0022577489682634078,222.94550294817384,0.0012483225546076862,223.7289346192597,0.0004950449371698484,223.56061473794205
walk_forward,5,2024-11-06,2024-11-07,222.72000122070312,227.47999572753906,0.02137210165565251,0.0,222.72000122070312,-0.0032170991957835653,222.00348888389107,0.0012483225546076862,222.99802762158916,0.0003653409924717437,222.8013699669924
walk_forward,5,2024-11-07,2024-11-08,227.47999572753906,226.9600067138672,-0.0022858669924307184,0.0,227.47999572753906,-0.002182601040127221,226.983497652256,0.0012483225546076862,227.7639641369278,0.0006854663054166637,227.63592559976664
walk_forward,5,2024-11-08,2024-11-11,226.9600067138672,224.22999572753906,-0.01202859933719469,0.0,226.9600067138672,-0.0016880688579747486,226.57688259452775,0.0012483225546076862,227.243326009242,0.0006824535486484769,227.11489637585035
walk_forward,5,2024-11-11,2024-11-12,224.22999572753906,224.22999572753906,0.0,0.0,224.22999572753906,-0.0014762894327731,223.89896735433572,0.0012483225546076862,224.5099070886253,0.0002618705507480732,224.28871496001446
walk_forward,5,2024-11-12,2024-11-13,224.22999572753906,225.1199951171875,0.003969136184303723,0.0,224.22999572753906,0.00022749869882160868,224.28100775980383,0.0012483225546076862,224.5099070886253,0.0006726551747672126,224.3808251945032
walk_forward,5,2024-11-13,2024-11-14,225.1199951171875,228.22000122070312,0.013770460957508002,0.0,225.1199951171875,-0.0009630874052091254,224.9031848852294,0.0012483225546076862,225.40101748458545,0.0010527871718786213,225.35699856018024
walk_forward,5,2024-11-14,2024-11-15,228.22000122070312,225.0,-0.014109198157391867,0.0,228.22000122070312,-0.0020671171401099764,227.74824374446388,0.0012483225546076862,228.5048933956395,0.0010967573990859894,228.47030319566133
walk_forward,5,2024-11-15,2024-11-18,225.0,228.02000427246094,0.013422241210937491,0.0,225.0,-0.002083084518473313,224.53130598334351,0.0012483225546076862,225.2808725747867,0.00042159567898772323,225.09485902777223
walk_forward,5,2024-11-18,2024-11-19,228.02000427246094,228.27999877929688,0.0011402267431117608,0.0,228.02000427246094,-0.0014493402441978919,227.6895257037867,0.0012483225546076862,228.30464678669597,0.0009635944319904244,228.23972307896028
walk_forward,5,2024-11-19,2024-11-20,228.27999877929688,229.0,0.0031540267415159917,0.0,228.27999877929688,-0.0003578341313244726,228.1983124042349,0.0012483225546076862,228.56496585053887,0.001190610016786491,228.5517912324755
walk_forward,5,2024-11-20,2024-11-21,229.0,228.52000427246094,-0.002096051211960992,0.0,229.0,-0.0015208051156913264,228.65173562850669,0.0012483225546076862,229.28586586500515,0.0010788121368019918,229.24704797932765
walk_forward,5,2024-11-21,2024-11-22,228.52000427246094,229.8699951171875,0.005907539031537068,0.0,228.52000427246094,0.00025954433212680306,228.57931534434744,0.0012483225546076862,228.80527094797327,0.0012233052979232508,228.7995540043689
walk_forward,5,2024-11-22,2024-11-25,229.8699951171875,232.8699951171875,0.013050855108212911,0.0,229.8699951171875,0.0002884147818991063,229.93629302169438,0.0012483225546076862,230.1569470167198,0.001285344392907701,230.1654572265091
walk_forward,5,2024-11-25,2024-11-26,232.8699951171875,235.05999755859375,0.009404399395912533,0.0,232.8699951171875,0.0011311109410982543,233.13339691651805,0.0012483225546076862,233.16069198438365,0.001430628360657,233.20314553654822
walk_forward,5,2024-11-26,2024-11-27,235.05999755859375,234.92999267578125,-0.000553071063399857,0.0,235.05999755859375,0.002010362292321079,235.53255331411864,0.0012483225546076862,235.35342825523216,0.0015817080083816155,235.43179383918232
walk_forward,5,2024-11-27,2024-11-29,234.92999267578125,237.3300018310547,0.01021584825308186,0.0,234.92999267578125,0.002117252265964683,235.42739873511712,0.0012483225546076862,235.22326108439222,0.0015187997834336803,235.2868042977793
walk_forward,5,2024-11-29,2024-12-02,237.3300018310547,239.58999633789062,0.009522582435425697,0.0,237.3300018310547,0.0030823791922081245,238.06154289038545,0.0012483225546076862,237.62626622522546,0.0016454049284786,237.72050578574334
walk_forward,5,2024-12-02,2024-12-03,239.58999633789062,242.64999389648438,0.01277180852859261,0.0,239.58999633789062,0.0013488482736669686,239.91316689083888,0.0012483225546076862,239.88908193417757,0.0016311585804615796,239.98080561620995
walk_forward,5,2024-12-03,2024-12-04,242.64999389648438,243.00999450683594,0.0014836209330593153,0.0,242.64999389648438,0.00110093934271021,242.9171368212734,0.0012483225546076862,242.95289935674074,0.0016224699600678688,243.04368622239204
walk_forward,5,2024-12-04,2024-12-05,243.00999450683594,243.0399932861328,0.00012344668933361724,0.0,243.00999450683594,0.0010910817258529544,243.27513827104195,0.0012483225546076862,243.31334936397388,0.0016206257758959032,243.40382276773406
walk_forward,5,2024-12-05,2024-12-06,243.0399932861328,242.83999633789062,-0.0008228972752098995,0.0,243.0399932861328,0.00081986207169089,243.23925255853212,0.0012483225546076862,243.34338559142358,0.0015751170200799945,243.4228097161179
walk_forward,5,2024-12-06,2024-12-09,242.83999633789062,246.75,0.01610115187396466,0.0,242.83999633789062,0.00020163339099996428,242.88896098982266,0.0012483225546076862,243.14313898248005,0.0015630030635403647,243.21955599611687
walk_forward,5,2024-12-09,2024-12-10,246.75,247.77000427246094,0.004133755916761572,0.0,246.75,-5.031977762837668e-05,246.7375835948702,0.0012483225546076862,247.05802359034942,0.0016478093154172944,247.15659694857922
walk_forward,5,2024-12-10,2024-12-11,247.77000427246094,246.49000549316406,-0.005166076430661581,0.0,247.77000427246094,-0.00029725583917227395,247.6963531919192,0.0012483225546076862,248.07930115714947,0.0015724350280751547,248.1596065060853
walk_forward,5,2024-12-11,2024-12-12,246.49000549316406,247.9600067138672,0.005963735599591624,0.0,246.49000549316406,3.167029421036671e-05,246.49781190415797,0.0012483225546076862,246.79770452650652,0.0015448197270490286,246.87078811617036
walk_forward,5,2024-12-12,2024-12-13,247.9600067138672,248.1300048828125,0.0006855870476785153,0.0,247.9600067138672,0.00037918249055076975,248.05402880676994,0.0012483225546076862,248.26954078288875,0.0015520709102708218,248.34485822719833
walk_forward,5,2024-12-13,2024-12-16,248.1300048828125,251.0399932861328,0.011727676403724852,0.0,248.1300048828125,9.292266925274096e-05,248.1530617851879,0.0012483225546076862,248.4397511643826,0.001539923040101722,248.51210599427208
walk_forward,5,2024-12-16,2024-12-17,251.0399932861328,253.47999572753906,0.009719576588042456,0.0,251.0399932861328,-0.0004828677515390559,250.91877416902835,0.0012483225546076862,251.35337217186043,0.0016328582839914504,251.44990601878325
walk_forward,5,2024-12-17,2024-12-18,253.47999572753906,248.0500030517578,-0.021421779893107784,0.0,253.47999572753906,0.0005439071341639453,253.6178653055831,0.0012483225546076862,253.7964205233476,0.0016070268302125995,253.8873448815954
walk_forward,5,2024-12-18,2024-12-19,248.0500030517578,249.7899932861328,0.007014675319362729,0.0,248.0500030517578,0.000959999965701187,248.2881310461797,0.0012483225546076862,248.3596494652378,0.0012446715331687211,248.35874382935873
walk_forward,5,2024-12-19,2024-12-20,249.7899932861328,254.49000549316406,0.018815854651340613,0.0,249.7899932861328,0.0014998817625279642,250.16464874152467,0.0012483225546076862,250.10181176866718,0.0014492517435061253,250.1520018694131
walk_forward,5,2024-12-20,2024-12-23,254.49000549316406,255.27000427246094,0.0030649485734630666,0.0,254.49000549316406,0.0011612193470864102,254.78552421118286,0.0012483225546076862,254.8076911069434,0.001639497615050462,254.90724125022427
walk_forward,5,2024-12-23,2024-12-24,255.27000427246094,258.20001220703125,0.011478073747524853,0.0,255.27000427246094,3.906250687014468e-05,255.2799757587566,0.0012483225546076862,255.58866357630902,0.0014792318078883427,255.6476077823806
walk_forward,5,2024-12-24,2024-12-26,258.20001220703125,259.0199890136719,0.003175742710589624,0.0,258.20001220703125,0.001758167776352662,258.6539711483475,0.0012483225546076862,258.52232910586923,0.0016436328708524922,258.62439823434926
walk_forward,5,2024-12-26,2024-12-27,259.0199890136719,255.58999633789062,-0.013242192962953925,0.0,259.0199890136719,0.0012612115161826734,259.34666800673745,0.0012483225546076862,259.34332950805185,0.0016019121627707043,259.43491628447356
walk_forward,5,2024-12-27,2024-12-30,255.58999633789062,252.1999969482422,-0.013263427513676485,0.0,255.58999633789062,0.0008402027363589443,255.8047437521997,0.0012483225546076862,255.9090550950513,0.0014460808425274159,255.9596001351365
walk_forward,5,2024-12-30,2024-12-31,252.1999969482422,250.4199981689453,-0.007057885808230857,0.0,252.1999969482422,0.0013656996354434905,252.54442639213323,0.0012483225546076862,252.51482389270464,0.0012988999038076163,252.52757950001856
walk_forward,5,2024-12-31,2025-01-02,250.4199981689453,243.85000610351562,-0.026235892155055618,0.0,250.4199981689453,0.0009439332818060907,250.65637793964683,0.0012483225546076862,250.73260310078442,0.0012428383345074736,250.73122974239698
walk_forward,5,2025-01-02,2025-01-03,243.85000610351562,243.36000061035156,-0.0020094545044057055,0.0,243.85000610351562,-0.000531887828277362,243.72030525334378,0.0012483225546076862,244.15440956607586,0.0010192155972983056,244.09854183313763
walk_forward,5,2025-01-03,2025-01-06,243.36000061035156,245.0,0.006738984983297502,0.0,243.36000061035156,-0.0023609109488102824,242.7854493204081,0.0012483225546076862,243.66379238800278,0.001000239743154175,243.60341895485604
walk_forward,5,2025-01-06,2025-01-07,245.0,242.2100067138672,-0.011387727698501271,0.0,245.0,-0.0024701981397741144,244.39480145575533,0.0012483225546076862,245.30583902587887,0.0010870003872700102,245.26631509488115
walk_forward,5,2025-01-07,2025-01-08,242.2100067138672,242.6999969482422,0.0020229974847978394,0.0,242.2100067138672,-0.0031542364017090306,241.44601909383212,0.0012483225546076862,242.51236292819976,0.0008113364304774091,242.40652051614032
walk_forward,5,2025-01-08,2025-01-10,242.6999969482422,236.85000610351562,-0.024103794471716178,0.0,242.6999969482422,-0.001709280987154361,242.28515445787613,0.0012483225546076862,243.00296482843586,0.000667915411148549,242.86210001648965
walk_forward,5,2025-01-10,2025-01-13,236.85000610351562,234.39999389648438,-0.010344150913639716,0.0,236.85000610351562,-0.0004992771576194511,236.73175230568611,0.0012483225546076862,237.14567130819358,0.000900896665415048,237.06338348421784
walk_forward,5,2025-01-13,2025-01-14,234.39999389648438,233.27999877929688,-0.004778136289893098,0.0,234.39999389648438,-0.0002483993768768772,234.34176908406053,0.0012483225546076862,234.69260069566525,0.0012505824793391936,234.69313042200852
walk_forward,5,2025-01-14,2025-01-15,233.27999877929688,237.8699951171875,0.019675910330543056,0.0,233.27999877929688,0.00047818700358864255,233.39155024291028,0.0012483225546076862,233.5712074633119,0.0014319456333463441,233.61404305489592
walk_forward,5,2025-01-15,2025-01-16,237.8699951171875,228.25999450683594,-0.040400222002010655,0.0,237.8699951171875,-0.0017489802253643325,237.45396519952004,0.0012483225546076862,238.16693359715669,0.000311322325001331,237.94404935711543
walk_forward,5,2025-01-16,2025-01-17,228.25999450683594,229.97999572753906,0.007535272330218223,0.0,228.25999450683594,7.214170968477705e-05,228.2764615730923,0.0012483225546076862,228.54493660629342,0.00017974281522513278,228.30102260085184
walk_forward,5,2025-01-17,2025-01-21,229.97999572753906,222.63999938964844,-0.031915803436166845,0.0,229.97999572753906,-0.0008496482667325676,229.784593622786,0.0012483225546076862,230.2670849433143,0.001497380960075439,230.32436339433968
walk_forward,5,2025-01-21,2025-01-22,222.63999938964844,223.8300018310547,0.00534496247156202,0.0,222.63999938964844,0.0017745933944581546,223.03509486190748,0.0012483225546076862,222.91792592244437,0.0036545369073284774,223.45364548446548
walk_forward,5,2025-01-22,2025-01-23,223.8300018310547,223.66000366210938,-0.0007594967946863429,0.0,223.8300018310547,-0.0007439330681806729,223.66348729104163,0.002378505908959212,224.3623828130122,0.0010711670385445834,224.0697611512535
walk_forward,5,2025-01-23,2025-01-24,223.66000366210938,222.77999877929688,-0.003934565270516388,0.0,223.66000366210938,0.00015078982721946363,223.6937293154175,0.0012483225546076862,223.93920348924442,0.0009310748425654741,223.86824786480727
walk_forward,5,2025-01-24,2025-01-27,222.77999877929688,229.86000061035156,0.03178024001189028,0.0,222.77999877929688,-0.0011882057376590874,222.51529030651162,0.0012483225546076862,223.05810007648853,0.0016558874499907894,223.14889738338448
walk_forward,5,2025-01-27,2025-01-28,229.86000061035156,238.25999450683594,0.036543956643956044,0.0,229.86000061035156,-0.0021749679157616634,229.3600624839071,0.0012483225546076862,230.1469400335156,6.78750934935186e-05,229.8756023793834
walk_forward,5,2025-01-28,2025-01-29,238.25999450683594,239.36000061035156,0.004616830894303092,0.0,238.25999450683594,-0.002917520772208936,237.56486602367585,0.0012483225546076862,238.5574198318395,0.00015379213622579145,238.29663702036828
walk_forward,5,2025-01-29,2025-01-30,239.36000061035156,237.58999633789062,-0.0073947370820001135,0.0,239.36000061035156,-0.003004623295383066,238.6408139765348,0.0012483225546076862,239.65879909778437,0.0005984994722861683,239.50325744440326
walk_forward,5,2025-01-30,2025-01-31,237.58999633789062,236.0,-0.006692185539787565,0.0,237.58999633789062,0.0017411998337707065,238.00368800001974,0.0012483225546076862,237.88658528906836,0.0012138805460223739,237.87840221237474
walk_forward,5,2025-01-31,2025-02-03,236.0,228.00999450683594,-0.033855955479508704,0.0,236.0,0.0008118260322800471,236.19159094361808,0.0012483225546076862,236.2946041228874,0.0014118485330407147,236.3331962537976
walk_forward,5,2025-02-03,2025-02-04,228.00999450683594,232.8000030517578,0.021007888515072404,0.0,228.00999450683594,0.0007110000180586607,228.17210961704782,0.0012483225546076862,228.29462452565477,0.0017597952721393592,228.41124541716957
walk_forward,5,2025-02-04,2025-02-05,232.8000030517578,232.47000122070312,-0.0014175336199687694,0.0,232.8000030517578,-0.0019178605894866938,232.35352510067244,0.0012483225546076862,233.09061254628003,0.0012020255551378413,233.0798346046622
walk_forward,5,2025-02-05,2025-02-06,232.47000122070312,233.22000122070312,0.00322622272147699,0.0,232.47000122070312,-0.001686185440612453,232.07801368926562,0.0012483225546076862,232.7601987664966,0.0006038138426410224,232.61036982543894
walk_forward,5,2025-02-06,2025-02-07,233.22000122070312,227.6300048828125,-0.023968769010513147,0.0,233.22000122070312,-0.003003435353942123,232.51954002379046,0.0012483225546076862,233.51113500841254,-0.00038634186961902903,233.12989856939896
walk_forward,5,2025-02-07,2025-02-10,227.6300048828125,227.64999389648438,8.781361526644105e-05,0.0,227.6300048828125,-0.0009677139103149708,227.40972416068234,0.0012483225546076862,227.91416055201316,0.000987323003670144,227.85474922295884
walk_forward,5,2025-02-10,2025-02-11,227.64999389648438,232.6199951171875,0.021831765227118938,0.0,227.64999389648438,-0.0011373240891260623,227.3910820745365,0.0012483225546076862,227.93417451842163,0.0011823808140368885,227.91916288158322
walk_forward,5,2025-02-11,2025-02-12,232.6199951171875,236.8699951171875,0.018270140526221557,0.0,232.6199951171875,0.0005049311585340019,232.73745220082017,0.0012483225546076862,232.910379903745,0.0012704255887612502,232.91552151144188
walk_forward,5,2025-02-12,2025-02-13,236.8699951171875,241.52999877929688,0.01967325435120615,0.0,236.8699951171875,0.0007718635786795047,237.05282643930045,0.0012483225546076862,237.16568527460208,0.0012143003707679666,237.15762644008208
walk_forward,5,2025-02-13,2025-02-14,241.52999877929688,244.60000610351562,0.012710666748373622,0.0,241.52999877929688,0.0024689403696375152,242.12632194376155,0.0012483225546076862,241.83150612438743,0.0014400788571111772,241.877821023897
walk_forward,5,2025-02-14,2025-02-18,244.60000610351562,244.47000122070312,-0.0005314999164697243,0.0,244.60000610351562,0.0032155552592201026,245.38653093954707,0.0012483225546076862,244.9053458079918,0.001663149573641023,245.00681249937927
walk_forward,5,2025-02-18,2025-02-19,244.47000122070312,244.8699951171875,0.001636167605379324,0.0,244.47000122070312,0.0012379082809965839,244.77263265966948,0.0012483225546076862,244.77517863715187,0.0016305146590646785,244.86861314139506
walk_forward,5,2025-02-19,2025-02-20,244.8699951171875,245.8300018310547,0.003920475080696484,0.0,244.8699951171875,0.002375477856595277,245.45167836833295,0.0012483225546076862,245.17567185503893,0.0016275148464950644,245.2685246697019
walk_forward,5,2025-02-20,2025-02-21,245.8300018310547,245.5500030517578,-0.001138993520771736,0.0,245.8300018310547,0.0018123204990865022,246.2755245826636,0.0012483225546076862,246.1368769669396,0.0015498906612274941,246.21101145514217
walk_forward,5,2025-02-21,2025-02-24,245.5500030517578,247.10000610351562,0.00631237235794746,0.0,245.5500030517578,0.0008607129543107203,245.7613511203155,0.0012483225546076862,245.8565286588513,0.001391477556623112,245.89168037003304
walk_forward,5,2025-02-24,2025-02-25,247.10000610351562,247.0399932861328,-0.0002428685386501872,0.0,247.10000610351562,-0.0015002664674300388,246.72929025025675,0.0012483225546076862,247.4084666143783,0.0013861744859286795,247.44252982744914
walk_forward,5,2025-02-25,2025-02-26,247.0399932861328,240.36000061035156,-0.027040126527384523,0.0,247.0399932861328,-0.0016848560020323094,246.62376647070266,0.0012483225546076862,247.348378881642,0.0013940328407794217,247.3843751497596
walk_forward,5,2025-02-26,2025-02-27,240.36000061035156,237.3000030517578,-0.012730893454915293,0.0,240.36000061035156,-0.0004681500473599394,240.2474760646824,0.0012483225546076862,240.66004742033897,0.0011409348197025729,240.63423570431166
walk_forward,5,2025-02-27,2025-02-28,237.3000030517578,241.83999633789062,0.019131872009047424,0.0,237.3000030517578,0.0007466161855711009,237.47717507487235,0.0012483225546076862,237.59622999777577,0.0012469920204796537,237.59591426202314
walk_forward,5,2025-02-28,2025-03-03,241.83999633789062,238.02999877929688,-0.01575420780800274,0.0,241.83999633789062,0.0004658585768680607,241.95265957441435,0.0012483225546076862,242.14189065992542,0.0013050359900747903,242.15560623695114
walk_forward,5,2025-03-03,2025-03-04,238.02999877929688,235.92999267578125,-0.00882244302938795,0.0,238.02999877929688,-0.00037482376019902833,237.94077948011426,0.0012483225546076862,238.3271369954463,0.0008757203105057622,238.2384464837376
walk_forward,5,2025-03-04,2025-03-05,235.92999267578125,235.74000549316406,-0.0008052693108767661,0.0,235.92999267578125,0.0002979144723291682,236.00027963505588,0.0012483225546076862,236.22450940694682,0.0010257029126990959,236.17198675646185
walk_forward,5,2025-03-05,2025-03-06,235.74000549316406,235.3300018310547,-0.0017392197020257294,0.0,235.74000549316406,0.0016168357855459322,236.12115837013022,0.0012483225546076862,236.0342850590445,0.0011495754334975403,236.01100641217158
walk_forward,5,2025-03-06,2025-03-07,235.3300018310547,239.07000732421875,0.015892599600832114,0.0,235.3300018310547,0.00012681336869476345,235.35984482134182,0.0012483225546076862,235.62376958011623,0.0009449941707071149,235.55238731097754
walk_forward,5,2025-03-07,2025-03-10,239.07000732421875,227.47999572753906,-0.04847957184759566,0.0,239.07000732421875,8.345081858380631e-05,239.0899579120288,0.0012483225546076862,239.36844380649177,0.001116452372922877,239.33691760119055
walk_forward,5,2025-03-10,2025-03-11,227.47999572753906,220.83999633789062,-0.029189377151217277,0.0,227.47999572753906,0.0006923983597672497,227.6375025034607,0.0012483225546076862,227.7639641369278,0.001354655505218764,227.78815275607855
walk_forward,5,2025-03-11,2025-03-12,220.83999633789062,216.97999572753906,-0.017478720677234882,0.0,220.83999633789062,0.0020028390233199733,221.282303300466,0.0012483225546076862,221.11567588627867,0.003545731718479843,221.62303571761487
walk_forward,5,2025-03-12,2025-03-13,216.97999572753906,209.67999267578125,-0.03364366852013578,0.0,216.97999572753906,0.0025934783762147705,217.54272865452958,0.0012483225546076862,217.25085675010442,0.0032835253493166267,217.69245504380504
walk_forward,5,2025-03-13,2025-03-14,209.67999267578125,213.49000549316406,0.01817060735629683,0.0,209.67999267578125,0.0007715718415088157,209.84177585385768,-0.01096470599046584,207.38091320400827,0.0004327661576775498,209.7707350805534
walk_forward,5,2025-03-14,2025-03-17,213.49000549316406,214.0,0.00238884488132296,0.0,213.49000549316406,-0.00019487528966257448,213.44840156650352,0.0012483225546076862,213.75650988220448,0.0035825403801966445,214.2548420586117
walk_forward,5,2025-03-17,2025-03-18,214.0,212.69000244140625,-0.006121483918662407,0.0,214.0,-0.0007125948419262266,213.84750470382778,0.0012483225546076862,214.26714102668603,0.0012373092247114303,214.26478417408822
walk_forward,5,2025-03-18,2025-03-19,212.69000244140625,215.24000549316406,0.011989294383784266,0.0,212.69000244140625,-0.002038422472402736,212.2564503607743,0.0012483225546076862,212.9555081685934,0.0003405466166421119,212.76243330213129
walk_forward,5,2025-03-19,2025-03-20,215.24000549316406,214.10000610351562,-0.0052964103352275416,0.0,215.24000549316406,0.00027910614583802167,215.30008030152743,0.0012483225546076862,215.50869444667504,0.0014038946435865364,215.54217978396147
walk_forward,5,2025-03-20,2025-03-21,214.10000610351562,218.27000427246094,0.019476870855058115,0.0,214.10000610351562,-0.0001927040988393032,214.05874815477796,0.0012483225546076862,214.36727197007627,0.0013671106342346999,214.39270449864946
walk_forward,5,2025-03-21,2025-03-24,218.27000427246094,220.72999572753906,0.011270405492856295,0.0,218.27000427246094,0.0005122382181851344,218.3818105105327,0.0012483225546076862,218.54247564178854,0.00024331562806575758,218.32311277563838
walk_forward,5,2025-03-24,2025-03-25,220.72999572753906,223.75,0.013681893403326706,0.0,220.72999572753906,-0.0003461304664825694,220.65359435115118,0.0012483225546076862,221.00553795968418,-0.00015163984771428144,220.69652426460098
walk_forward,5,2025-03-25,2025-03-26,223.75,221.52999877929688,-0.009921793165153625,0.0,223.75,-0.002493315954423784,223.19212055519768,0.0012483225546076862,224.02931217159346,0.0009957158919354557,223.97279143082054
walk_forward,5,2025-03-26,2025-03-27,221.52999877929688,223.85000610351562,0.010472655337889991,0.0,221.52999877929688,-0.0008380545455917185,221.34434455683495,0.0012483225546076862,221.80653967329528,0.0005684669637452233,221.6559312650814
walk_forward,5,2025-03-27,2025-03-28,223.85000610351562,217.89999389648438,-0.026580353115021937,0.0,223.85000610351562,-0.002362751787745707,223.32110410140766,0.0012483225546076862,224.1294431149837,-0.00010722287157137555,223.82600426305993
walk_forward,5,2025-03-28,2025-03-31,217.89999389648438,222.1300048828125,0.019412625538381745,0.0,217.89999389648438,-0.0013786756070339689,217.59958049012644,0.0012483225546076862,218.17200337351423,0.0010706724564288378,218.13329341820537
walk_forward,5,2025-03-31,2025-04-01,222.1300048828125,223.19000244140625,0.0047719692760685994,0.0,222.1300048828125,-0.00197660158764834,221.6909423624968,0.0012483225546076862,222.40729477796282,0.001168783472988499,222.3896267613744
walk_forward,5,2025-04-01,2025-04-02,223.19000244140625,223.88999938964844,0.003136327526256366,0.0,223.19000244140625,-0.0014829043594154676,222.85903301380793,0.0012483225546076862,223.4686155554168,0.0009494629717506597,223.4019130843893
walk_forward,5,2025-04-02,2025-04-03,223.88999938964844,203.19000244140625,-0.09245610346452682,0.0,223.88999938964844,-0.0024613421522487384,223.33892949668376,0.0012483225546076862,224.16948632563762,0.0009171440951051646,224.09533878054177
walk_forward,5,2025-04-03,2025-04-04,203.19000244140625,188.3800048828125,-0.07288743235713335,0.0,203.19000244140625,0.0003065346176800254,203.25228721112103,0.0012483225546076862,203.44364910432463,0.004110087929542732,204.02513121784446
walk_forward,5,2025-04-04,2025-04-07,188.3800048828125,181.4600067138672,-0.036734249865053914,0.0,188.3800048828125,0.0066098418405818385,189.6251669210159,0.0012483225546076862,188.6151638917448,0.002206863978774531,188.79573392990974
walk_forward,5,2025-04-07,2025-04-08,181.4600067138672,172.4199981689453,-0.049818186985832624,0.0,181.4600067138672,0.00914085236566981,183.1187058455121,0.021389678651394226,185.34137794555664,0.02120562601975403,185.30797975378348
walk_forward,5,2025-04-08,2025-04-09,172.4199981689453,198.85000610351562,0.15328852926139658,0.0,172.4199981689453,0.00919665457395432,174.00568533374695,-0.00018596279899668285,172.38793446348282,0.01105983910370816,174.32693560695552
walk_forward,5,2025-04-09,2025-04-10,198.85000610351562,190.4199981689453,-0.04239380274487847,0.0,198.85000610351562,-0.014741188725169746,195.91872063554254,-0.006411417609082007,197.57509567281747,-0.030417957911263484,192.80139498720442
walk_forward,5,2025-04-10,2025-04-11,190.4199981689453,198.14999389648438,0.0405944533235465,0.0,190.4199981689453,-0.00798199282859793,188.90006710913917,-0.027530213010654045,185.1776950578659,-0.0056065246237811065,189.35240376035077
walk_forward,5,2025-04-11,2025-04-14,198.14999389648438,202.52000427246094,0.022054052538903912,0.0,198.14999389648438,-0.01100068881509108,195.97020747491695,-0.006411417609082007,196.87957153637694,-0.012826314131470258,195.60845982961914
walk_forward,5,2025-04-14,2025-04-15,202.52000427246094,202.13999938964844,-0.0018763819612667154,0.0,202.52000427246094,0.0020255151566874294,202.9302116106472,-0.037215906458660644,194.98303873744948,0.010246402970700928,204.59510584586465
walk_forward,5,2025-04-15,2025-04-16,202.13999938964844,194.27000427246094,-0.038933388448355366,0.0,202.13999938964844,-0.002530673819126483,201.6284489853948,-0.006411417609082007,200.84399543806182,-0.0069757772055483195,200.72991578957658
walk_forward,5,2025-04-16,2025-04-17,194.27000427246094,196.97999572753906,0.013949613401343264,0.0,194.27000427246094,0.003948634956172561,195.03710560226696,0.0012483225546076862,194.51251590047798,-0.0001842599281906801,194.2342080954241
walk_forward,5,2025-04-17,2025-04-21,196.97999572753906,193.16000366210938,-0.019392791899099593,0.0,196.97999572753906,0.0012975693129037534,197.23559092525105,0.0012483225546076862,197.22589029901226,0.008740266750928372,198.7016534347945
walk_forward,5,2025-04-21,2025-04-22,193.16000366210938,199.74000549316406,0.03406503264808869,0.0,193.16000366210938,-0.0040495258179824925,192.37779724027808,0.0012483225546076862,193.4011296513289,-0.002630799222946987,192.65183847457067
walk_forward,5,2025-04-22,2025-04-23,199.74000549316406,204.60000610351562,0.024331633507028716,0.0,199.74000549316406,-0.005824261863323486,198.5766673965902,0.0072068753607585,201.17950681731054,-0.003965030917621212,198.94803019589784
walk_forward,5,2025-04-23,2025-04-24,204.60000610351562,208.3699951171875,0.018426143212158408,0.0,204.60000610351562,-0.005720539932269134,203.42958359845795,0.0012483225546076862,204.8554129058075,-0.004057941179378785,203.76975131344702
walk_forward,5,2025-04-24,2025-04-25,208.3699951171875,209.27999877929688,0.0043672490446504675,0.0,208.3699951171875,-0.003093078380414295,207.7254903901635,0.0012483225546076862,208.63010808179575,0.002126457150390601,208.81308498323128
walk_forward,5,2025-04-25,2025-04-28,209.27999877929688,210.13999938964844,0.0041093301575299,0.0,209.27999877929688,-0.0020650637324061884,208.84782224389974,0.0012483225546076862,209.54124772200132,0.0017842594767879538,209.65340860042102
walk_forward,5,2025-04-28,2025-04-29,210.13999938964844,211.2100067138672,0.005091878401668248,0.0,210.13999938964844,-0.0001885012143510419,210.10038774457976,0.0012483225546076862,210.40232189051176,0.002375636059059524,210.6392155496492
walk_forward,5,2025-04-29,2025-04-30,211.2100067138672,212.5,0.006107633374967891,0.0,211.2100067138672,0.0010759019881830842,211.43724798001483,0.0012483225546076862,211.47366492900693,0.001929894614536775,211.61761976836056
walk_forward,5,2025-04-30,2025-05-01,212.5,213.32000732421875,0.0038588579963234615,0.0,212.5,0.002985369304770689,213.1343909772638,0.0012483225546076862,212.76526854285413,0.001784177252740748,212.8791376662074
walk_forward,5,2025-05-01,2025-05-02,213.32000732421875,205.35000610351562,-0.0373617145464924,0.0,213.32000732421875,0.0009077298804215251,213.51364426895867,0.0012483225546076862,213.58629950071062,0.0014037306432280786,213.6194511553134
walk_forward,5,2025-05-02,2025-05-05,205.35000610351562,198.88999938964844,-0.03145851727226512,0.0,205.35000610351562,0.003712217730724988,206.11231003717756,0.0012483225546076862,205.60634914772345,0.001916196432378268,205.74349705260002
walk_forward,5,2025-05-05,2025-05-06,198.88999938964844,198.50999450683594,-0.0019106284075551816,0.0,198.88999938964844,0.0036991358641055316,199.62572051940265,0.0012483225546076862,199.13827826177243,0.0020269908506349936,199.29314759869405
walk_forward,5,2025-05-06,2025-05-07,198.50999450683594,196.25,-0.011384789528862349,0.0,198.50999450683594,0.003086393106409358,199.1226743854352,0.0012483225546076862,198.75779901029387,0.002186862951268022,198.94410865927935
walk_forward,5,2025-05-07,2025-05-08,196.25,197.49000549316406,0.006318499328224592,0.0,196.25,-0.0015575953078773887,195.94432192082908,0.002378505908959212,196.71678178463324,0.0006174851412388522,196.37118145896812
walk_forward,5,2025-05-08,2025-05-09,197.49000549316406,198.52999877929688,0.0052660552797889615,0.0,197.49000549316406,-0.0005358899037835483,197.38417259312212,0.0012483225546076862,197.73653672133076,0.0007672532732086729,197.64153034630468
walk_forward,5,2025-05-09,2025-05-12,198.52999877929688,210.7899932861328,0.06175386381009962,0.0,198.52999877929688,-0.0002629941423678596,198.47778655253362,0.0012483225546076862,198.7778282545393,0.0012100705959464757,198.770234093233
walk_forward,5,2025-05-12,2025-05-13,210.7899932861328,212.92999267578125,0.010152281691776288,0.0,210.7899932861328,-0.0014381845881719004,210.48683836644784,0.0012483225546076862,211.05312718903747,0.0024546099770028,211.30740050670533
walk_forward,5,2025-05-13,2025-05-14,212.92999267578125,212.3300018310547,-0.0028177845553216674,0.0,212.92999267578125,0.00022970867928174534,212.97890454317826,0.0012483225546076862,213.19579798819086,0.0014147287508530625,213.2312308583386
walk_forward,5,2025-05-14,2025-05-15,212.3300018310547,211.4499969482422,-0.004144515024837148,0.0,212.3300018310547,0.001448693846463749,212.63760299812697,0.0012483225546076862,212.59505816136027,0.001867831105267584,212.72659841305625
walk_forward,5,2025-05-15,2025-05-16,211.4499969482422,211.25999450683594,-0.0008985691376138805,0.0,211.4499969482422,0.00560497298136077,212.6351684680459,0.0012483225546076862,211.71395474860438,0.002365837848478497,211.950253354083
walk_forward,5,2025-05-16,2025-05-19,211.25999450683594,208.77999877929688,-0.011739069355408915,0.0,211.25999450683594,0.0029249758664685187,211.8779248923187,0.0012483225546076862,211.5237151228651,0.001699293061640226,211.61898714970354
walk_forward,5,2025-05-19,2025-05-20,208.77999877929688,206.86000061035156,-0.009196274452396014,0.0,208.77999877929688,-0.001195337455674468,208.53043622676032,0.0012483225546076862,209.04062356072401,0.0010872221623649846,209.00698902102826
walk_forward,5,2025-05-20,2025-05-21,206.86000061035156,202.08999633789062,-0.02305909435553888,0.0,206.86000061035156,-0.0013629358434681651,206.57806370093988,0.0012483225546076862,207.1182286147596,0.0009867592887114233,207.06412163741666
walk_forward,5,2025-05-21,2025-05-22,202.08999633789062,201.36000061035156,-0.003612230891026025,0.0,202.08999633789062,-0.002347647806796699,201.61556020121242,0.0012483225546076862,202.3422698383798,-3.199344545910444e-05,202.08353078261496
walk_forward,5,2025-05-22,2025-05-23,201.36000061035156,195.27000427246094,-0.03024432021966106,0.0,201.36000061035156,-0.0029473100433180734,200.76653025823015,0.0012483225546076862,201.61136284070926,0.0006627144359204318,201.49344478957298
walk_forward,5,2025-05-23,2025-05-27,195.27000427246094,200.2100067138672,0.025298316860348224,0.0,195.27000427246094,-0.002887722935150144,194.70611860257648,0.0012483225546076862,195.51376422303258,0.002269426156651389,195.7131551277663
walk_forward,5,2025-05-27,2025-05-28,200.2100067138672,200.4199981689453,0.0010488559414427723,0.0,200.2100067138672,-0.002038411896521698,199.80189625437896,0.0012483225546076862,200.45993338090625,0.0010258389580967645,200.4153899385551
walk_forward,5,2025-05-28,2025-05-29,200.4199981689453,199.9499969482422,-0.0023450814539321962,0.0,200.4199981689453,-0.0006955548928122405,200.28059505860148,0.0012483225546076862,200.67018697305403,0.0010813428428174154,200.63672089952277
walk_forward,5,2025-05-29,2025-05-30,199.9499969482422,200.85000610351562,0.0045011711378339925,0.0,199.9499969482422,-0.0014109913465450694,199.6678692328065,0.0012483225546076862,200.1995990392264,0.0009583162603201708,200.14161228156865
walk_forward,5,2025-05-30,2025-06-02,200.85000610351562,201.6999969482422,0.0042319682295079986,0.0,200.85000610351562,0.0015053884927565438,201.15236339147393,0.0012483225546076862,201.1007316962277,0.0011600353731676123,201.0829992152966
walk_forward,5,2025-06-02,2025-06-03,201.6999969482422,203.27000427246094,0.0077838738124602624,0.0,201.6999969482422,0.0016100568104441054,202.02474540199523,0.0012483225546076862,201.95178360369695,0.000649222758187232,201.83094517658725
walk_forward,5,2025-06-03,2025-06-04,203.27000427246094,202.82000732421875,-0.00221378923984783,0.0,203.27000427246094,0.0005381578300106464,203.37939561686645,0.0012483225546076862,203.52375080346943,3.2538715129707526e-05,203.27661841722437
walk_forward,5,2025-06-04,2025-06-05,202.82000732421875,200.6300048828125,-0.010797763348392997,0.0,202.82000732421875,0.0010658651527889929,203.03618610231405,0.0012483225546076862,203.07319211388725,0.0002449203828762334,202.86968207806757
walk_forward,5,2025-06-05,2025-06-06,200.6300048828125,203.9199981689453,0.0163983113495636,0.0,200.6300048828125,-0.0005928670659468677,200.51105796047673,0.0012483225546076862,200.88045584303876,0.0005709563859963419,200.7445558653228
walk_forward,5,2025-06-06,2025-06-09,203.9199981689453,201.4499969482422,-0.012112599268742419,0.0,203.9199981689453,-0.0004125333585981814,203.83587436721535,0.0012483225546076862,204.17455610199514,0.0015394314231933816,204.2339190219441
walk_forward,5,2025-06-09,2025-06-10,201.4499969482422,202.6699981689453,0.0060560994747325125,0.0,201.4499969482422,-0.003232179271779712,200.79887444380597,0.0012483225546076862,201.7014715230583,0.0012290881105596712,201.69759674436355
walk_forward,5,2025-06-10,2025-06-11,202.6699981689453,198.77999877929688,-0.019193760422328232,0.0,202.6699981689453,-0.0024464966179471416,202.17416670386564,0.0012483225546076862,202.92299569880188,0.0009420277445588513,202.86091893021015
walk_forward,5,2025-06-11,2025-06-12,198.77999877929688,199.1999969482422,0.002112879422097258,0.0,198.77999877929688,-0.0013534141024237807,198.5109671256692,0.0012483225546076862,199.02814033517794,0.0009204167192236206,198.9629592136206
walk_forward,5,2025-06-12,2025-06-13,199.1999969482422,196.4499969482422,-0.013805221095031128,0.0,199.1999969482422,-0.0025351001379030048,198.69500500850842,0.0012483225546076862,199.44866279731045,0.0009887663904777947,199.39695921020788
walk_forward,5,2025-06-13,2025-06-16,196.4499969482422,198.4199981689453,0.010028003315378786,0.0,196.4499969482422,-0.0025991048335253643,195.93940281162799,0.0012483225546076862,196.69522991028526,0.0010517405161307714,196.65661136942643
walk_forward,5,2025-06-16,2025-06-17,198.4199981689453,195.63999938964844,-0.014010678383989505,0.0,198.4199981689453,-0.0025875586116438773,197.9065747939609,0.0012483225546076862,198.6676903279448,0.0008969187574395293,198.59796478715415
walk_forward,5,2025-06-17,2025-06-18,195.63999938964844,196.5800018310547,0.004804755900321256,0.0,195.63999938964844,-0.0024056605116373367,195.16935596862,0.0012483225546076862,195.88422121346994,0.0006625814681230485,195.76962682766765
walk_forward,5,2025-06-18,2025-06-20,196.5800018310547,201.0,0.022484475164182616,0.0,196.5800018310547,-0.0025037574569582127,196.08781318558133,0.0012483225546076862,196.8253970811252,0.0008278790823855792,196.74274630258597
walk_forward,5,2025-06-20,2025-06-23,201.0,201.5,0.0024875621890547706,0.0,201.0,0.00021930051586602564,201.04407940368907,0.0012483225546076862,201.25091283347612,0.0012940820877216984,201.26011049963205
walk_forward,5,2025-06-23,2025-06-24,201.5,200.3000030517578,-0.005955319842392948,0.0,201.5,0.0004557014647864399,201.59182384515444,0.0012483225546076862,201.75153699475342,0.001070903135268153,201.71578698175657
walk_forward,5,2025-06-24,2025-06-25,200.3000030517578,201.55999755859375,0.0062905366332437485,0.0,200.3000030517578,-2.550017682944987e-07,200.29995197490285,0.0012483225546076862,200.5500420632553,0.001169560038173226,200.5342659309731
walk_forward,5,2025-06-25,2025-06-26,201.55999755859375,201.0,-0.002778316954637594,0.0,201.55999755859375,0.0023650865035907695,202.03670438848334,0.0012483225546076862,201.8116094496528,0.0012513752640971937,201.81222475377007
walk_forward,5,2025-06-26,2025-06-27,201.0,201.0800018310547,0.00039801905997349785,0.0,201.0,-4.183385666571256e-05,200.9915913948102,0.0012483225546076862,201.25091283347612,0.0012221099825515107,201.24564410649288
walk_forward,5,2025-06-27,2025-06-30,201.0800018310547,205.1699981689453,0.020340144721736175,0.0,201.0800018310547,-0.00014067877024633046,201.05171414367595,0.0012483225546076862,201.33101453262094,0.0010611756145883478,201.2933830255792
walk_forward,5,2025-06-30,2025-07-01,205.1699981689453,207.82000732421875,0.012916163079025322,0.0,205.1699981689453,0.0018494222297607043,205.54944412443893,0.0012483225546076862,205.42611650518842,0.0014601295250332184,205.4695729409228
walk_forward,5,2025-07-01,2025-07-02,207.82000732421875,212.44000244140625,0.022230752354752248,0.0,207.82000732421875,0.0022821202722774583,208.2942775759182,0.0012483225546076862,208.07943372666028,0.0014276955021362931,208.1167110139295
walk_forward,5,2025-07-02,2025-07-03,212.44000244140625,213.5500030517578,0.005225007520218483,0.0,212.44000244140625,0.0018364462479333742,212.83013708680073,0.0012483225546076862,212.70519608795476,0.0016224699600678688,212.78467996368414
walk_forward,5,2025-07-03,2025-07-07,213.5500030517578,209.9499969482422,-0.016857907057220234,0.0,213.5500030517578,0.0018305743688923353,213.94092221382127,0.0012483225546076862,213.81658233710385,0.0016028938353856528,213.89230103519606
walk_forward,5,2025-07-07,2025-07-08,209.9499969482422,210.00999450683594,0.00028577070476720756,0.0,209.9499969482422,0.001768029597634212,210.32119475686986,0.0012483225546076862,210.21208226477248,0.0015216568941584393,210.26946880852705
walk_forward,5,2025-07-08,2025-07-09,210.00999450683594,211.13999938964844,0.005380719548448543,0.0,210.00999450683594,0.0028730360713069406,210.61336079638906,0.0012483225546076862,210.27215471967185,0.0015402364174065273,210.33345954839473
walk_forward,5,2025-07-09,2025-07-10,211.13999938964844,212.41000366210938,0.0060149866256142825,0.0,211.13999938964844,0.0015166589410869594,211.46022675754384,0.0012483225546076862,211.40357021306636,0.001456627995295072,211.44755182368596
walk_forward,5,2025-07-10,2025-07-11,212.41000366210938,211.16000366210938,-0.005884845244805148,0.0,212.41000366210938,0.00016494851589673272,212.44504037697507,0.0012483225546076862,212.67515986050506,0.0012591807121082098,212.67746624177954
walk_forward,5,2025-07-11,2025-07-14,211.16000366210938,208.6199951171875,-0.012028833590031152,0.0,211.16000366210938,0.0007592850154525292,211.32033428875292,0.0012483225546076862,211.4235994573118,0.00133687416117806,211.44229801487953
walk_forward,5,2025-07-14,2025-07-15,208.6199951171875,209.11000061035156,0.0023487944810314243,0.0,208.6199951171875,0.0006244700407471568,208.75027205403902,0.0012483225546076862,208.8804201624344,0.0010830591568030158,208.84594291319135
walk_forward,5,2025-07-15,2025-07-16,209.11000061035156,210.16000366210938,0.005021295245053015,0.0,209.11000061035156,0.0008028593271791499,209.27788652474803,0.0012483225546076862,209.37103734050748,0.001349603867278223,209.39221627586184
walk_forward,5,2025-07-16,2025-07-17,210.16000366210938,210.02000427246094,-0.0006661562010320532,0.0,210.16000366210938,0.0004824154922873625,210.26138810373513,0.0012483225546076862,210.4223511347572,0.0013072736321552494,210.4347402934305
walk_forward,5,2025-07-17,2025-07-18,210.02000427246094,211.17999267578125,0.005523228167424676,0.0,210.02000427246094,0.00041095818554902786,210.10631371234572,0.0012483225546076862,210.28217698071305,0.0012242225716321156,210.27711550218555
walk_forward,5,2025-07-18,2025-07-21,211.17999267578125,212.47999572753906,0.006155900638530998,0.0,211.17999267578125,0.0012522063520940666,211.44443360404506,0.0012483225546076862,211.4436134237203,0.0012904706682493586,211.45251426205044
walk_forward,5,2025-07-21,2025-07-22,212.47999572753906,214.39999389648438,0.00903613614246912,0.0,212.47999572753906,0.00046280496594810843,212.5783325247264,0.0012483225546076862,212.74523929860868,0.0014609085182525953,212.7904095632557
walk_forward,5,2025-07-22,2025-07-23,214.39999389648438,214.14999389648438,-0.0011660448093142595,0.0,214.39999389648438,0.00048529356038933165,214.50404083286986,0.0012483225546076862,214.6676342445731,0.0015644267493097655,214.7354069819879
walk_forward,5,2025-07-23,2025-07-24,214.14999389648438,213.75999450683594,-0.0018211505989440546,0.0,214.14999389648438,0.001313096382850504,214.4311934788573,0.0012483225546076862,214.41732216393444,0.0014843610972234177,214.46786981639497
walk_forward,5,2025-07-24,2025-07-25,213.75999450683594,213.8800048828125,0.0005614258002459849,0.0,213.75999450683594,0.0017391431047694124,214.13175372735802,0.0012483225546076862,214.02683592925163,0.001395322386777193,214.05825861256866
walk_forward,5,2025-07-25,2025-07-28,213.8800048828125,214.0500030517578,0.0007948296477664485,0.0,213.8800048828125,0.0010931413601725228,214.1138059622638,0.0012483225546076862,214.1469961168873,0.0014108407475270106,214.18175550878246
walk_forward,5,2025-07-28,2025-07-29,214.0500030517578,211.27000427246094,-0.012987613826964783,0.0,214.0500030517578,-6.28105789914938e-05,214.036558447133,0.0012483225546076862,214.31720649838115,0.0013845573633207186,214.34636755960193
walk_forward,5,2025-07-29,2025-07-30,211.27000427246094,209.0500030517578,-0.010507886476113892,0.0,211.27000427246094,-0.001576476795338073,210.93694201317442,0.0012483225546076862,211.5337373839063,0.001218980756744546,211.5275383421464
walk_forward,5,2025-07-30,2025-07-31,209.0500030517578,207.57000732421875,-0.007079625476841711,0.0,209.0500030517578,-0.0028994392331575572,208.44387527121782,0.0012483225546076862,209.31096488560812,0.0011656197037082695,209.2936758543752
walk_forward,5,2025-07-31,2025-08-01,207.57000732421875,202.3800048828125,-0.025003624118486445,0.0,207.57000732421875,-0.0036663714472134627,206.80897857606735,0.0012483225546076862,207.82912164602163,0.0011710307681756034,207.81307818934584
walk_forward,5,2025-08-01,2025-08-04,202.3800048828125,203.35000610351562,0.004792969647692269,0.0,202.3800048828125,-0.004521595889751016,201.4649242845666,0.0012483225546076862,202.6326404075093,0.0004801395133444416,202.4771755198676
walk_forward,5,2025-08-04,2025-08-05,203.35000610351562,202.9199981689453,-0.002114619727876521,0.0,203.35000610351562,-0.0032828227250215176,202.68244408234574,0.0012483225546076862,203.60385250261425,0.0008135910311721331,203.51544984467026
walk_forward,5,2025-08-05,2025-08-06,202.9199981689453,213.25,0.05090677076812433,0.0,202.9199981689453,-0.0023134358208755017,202.4505557764093,0.0012483225546076862,203.17330777944053,0.0005888644481136916,203.03949054167833
walk_forward,5,2025-08-06,2025-08-07,213.25,220.02999877929688,0.03179366367782821,0.0,213.25,-0.0012837193514446316,212.9762468483044,0.0012483225546076862,213.51620478477008,0.003348335644593052,213.9640325762095
walk_forward,5,2025-08-07,2025-08-08,220.02999877929688,229.35000610351562,0.04235789381413979,0.0,220.02999877929688,0.0017904454875856102,220.42395049774476,0.0012483225546076862,220.30466718946334,0.0017004069658605899,220.4041393219195
walk_forward,5,2025-08-08,2025-08-11,229.35000610351562,227.17999267578125,-0.009461579986856261,0.0,229.35000610351562,0.001367263829220399,229.66358807109242,0.0012483225546076862,229.63630888903404,0.0010963158561173494,229.6014461518075
walk_forward,5,2025-08-11,2025-08-12,227.17999267578125,229.64999389648438,0.010872441677679756,0.0,227.17999267578125,0.002953877226762973,227.85105448252241,0.0012483225546076862,227.46358658459403,0.0013623416028201234,227.48948943113183
walk_forward,5,2025-08-12,2025-08-13,229.64999389648438,233.3300018310547,0.01602441991019199,0.0,229.64999389648438,0.0025923430303664446,230.24532545758564,0.0012483225546076862,229.93667116353086,0.0016603652640374896,230.03129676923652
walk_forward,5,2025-08-13,2025-08-14,233.3300018310547,232.77999877929688,-0.0023571895917441354,0.0,233.3300018310547,0.0029503621838292454,234.0184098448098,0.0012483225546076862,233.62127293500703,0.001750239173222831,233.73838514054756
walk_forward,5,2025-08-14,2025-08-15,232.77999877929688,231.58999633789062,-0.005112133549474374,0.0,232.77999877929688,0.0007330049204666016,232.9506276637883,0.0012483225546076862,233.0705833020346,0.0015904841059500056,233.1502316675384
walk_forward,5,2025-08-15,2025-08-18,231.58999633789062,230.88999938964844,-0.0030225698834628334,0.0,231.58999633789062,-0.0004943223065984972,231.47551623671575,0.0012483225546076862,231.8790953537407,0.0013698605996076037,231.90724234913716
walk_forward,5,2025-08-18,2025-08-19,230.88999938964844,230.55999755859375,-0.001429259958971918,0.0,230.88999938964844,-0.00012550523155880396,230.86102148681042,0.0012483225546076862,231.17822458351986,0.0012435924208585927,231.17713244294148
walk_forward,5,2025-08-19,2025-08-20,230.55999755859375,226.00999450683594,-0.019734572779050663,0.0,230.55999755859375,-0.0018589082372659233,230.13140767994807,0.0012483225546076862,230.84781080373642,0.0009664008119314112,230.78281092743327
walk_forward,5,2025-08-20,2025-08-21,226.00999450683594,224.89999389648438,-0.004911289931109564,0.0,226.00999450683594,-0.00022580116984274694,225.95896118568015,0.0012483225546076862,226.29212788054556,0.0012095072750608496,226.28335523942843
walk_forward,5,2025-08-21,2025-08-22,224.89999389648438,227.75999450683594,0.012716766064777785,0.0,224.89999389648438,0.0003775253035410212,224.9848993349465,0.0012483225546076862,225.18074163139647,0.0013329192126397434,225.19976741927155
walk_forward,5,2025-08-22,2025-08-25,227.75999450683594,227.16000366210938,-0.0026343118159346535,0.0,227.75999450683594,0.001396643639604321,228.0780940545202,0.0012483225546076862,228.04431244501612,0.0012268885887054143,228.03943064505998
walk_forward,5,2025-08-25,2025-08-26,227.16000366210938,229.30999755859375,0.009464667467088184,0.0,227.16000366210938,-2.1082430003301587e-06,227.1595247536217,0.0012483225546076862,227.44357261818553,0.001107355073890781,227.41155044474965
walk_forward,5,2025-08-26,2025-08-27,229.30999755859375,230.49000549316406,0.00514590705653295,0.0,229.30999755859375,0.0008437074998005061,229.50346812331316,0.0012483225546076862,229.59625040054317,0.0013896141525822684,229.62864997652977
walk_forward,5,2025-08-27,2025-08-28,230.49000549316406,232.55999755859375,0.008980832210059075,0.0,230.49000549316406,0.0018646036297079102,230.919777994018,0.0012483225546076862,230.7777313656328,0.0015240902014982626,230.8412930520795
walk_forward,5,2025-08-28,2025-08-29,232.55999755859375,232.13999938964844,-0.00180597769760249,0.0,232.55999755859375,0.000963156565618867,232.78398924714264,0.0012483225546076862,232.85030744884563,0.0015852904212394637,232.92867269508685
walk_forward,5,2025-08-29,2025-09-02,232.13999938964844,229.72000122070312,-0.010424735828844955,0.0,232.13999938964844,0.0008856301953277172,232.34558958265126,0.0012483225546076862,232.42978498671314,0.0015297084510413241,232.4951059085395
walk_forward,5,2025-09-02,2025-09-03,229.72000122070312,238.47000122070312,0.038089848308826335,0.0,229.72000122070312,0.001101515331137141,229.97304132391656,0.0012483225546076862,230.0067658794714,0.001320669526893813,230.02338542603334
walk_forward,5,2025-09-03,2025-09-04,238.47000122070312,239.77999877929688,0.005493343195739575,0.0,238.47000122070312,0.0014818285746814141,238.82337288271626,0.0012483225546076862,238.76768870182423,0.0016703812687769997,238.86833704390742
walk_forward,5,2025-09-04,2025-09-05,239.77999877929688,239.69000244140625,-0.00037532879451496193,0.0,239.77999877929688,0.0009128121140355113,239.99887286688605,0.0012483225546076862,240.07932155991685,0.0016331503770677263,240.17159557471658
walk_forward,5,2025-09-05,2025-09-08,239.69000244140625,237.8800048828125,-0.007551410322323426,0.0,239.69000244140625,1.0368100136280093e-05,239.6924875713532,0.0012483225546076862,239.9892128775678,0.0017039841815006103,240.09843041403022
walk_forward,5,2025-09-08,2025-09-09,237.8800048828125,234.35000610351562,-0.014839409394815983,0.0,237.8800048828125,0.00271522945987128,238.52590367998465,0.0012483225546076862,238.17695585819789,0.0015718403633082523,238.25391427611126
walk_forward,5,2025-09-09,2025-09-10,234.35000610351562,226.7899932861328,-0.03225949486019408,0.0,234.35000610351562,0.0007064363035638854,234.51555945556754,0.0012483225546076862,234.64255050180708,0.0013094124690021108,234.65686692361828
walk_forward,5,2025-09-10,2025-09-11,226.7899932861328,230.02999877929688,0.014286368839370622,0.0,226.7899932861328,-0.0012978853863076499,226.49564586808594,0.0012483225546076862,227.0731003499112,0.0019336477308296719,227.2285252420254
walk_forward,5,2025-09-11,2025-09-12,230.02999877929688,234.07000732421875,0.017562963814985233,0.0,230.02999877929688,-0.001106915097751821,229.77537510071224,0.0012483225546076862,230.31715041500942,0.0012312757918171804,230.31322914818554
walk_forward,5,2025-09-12,2025-09-15,234.07000732421875,236.6999969482422,0.011235910376080627,0.0,234.07000732421875,-0.000737904150515562,233.897286094303,0.0012483225546076862,234.36220219371873,0.00040886164476582016,234.16570957240364
walk_forward,5,2025-09-15,2025-09-16,236.6999969482422,238.14999389648438,0.0061258849469238985,0.0,236.6999969482422,-0.0008871040102066577,236.49001943173351,0.0012483225546076862,236.99547489310822,0.0004933714478403295,236.81677796844033
walk_forward,5,2025-09-16,2025-09-17,238.14999389648438,238.99000549316406,0.0035272375318422533,0.0,238.14999389648438,0.000721077636457837,238.3217185312057,0.0012483225546076862,238.447281905245,0.0016181200715055305,238.5353491816372
walk_forward,5,2025-09-17,2025-09-18,238.99000549316406,237.8800048828125,-0.0046445482440198305,0.0,238.99000549316406,0.0015360054839790045,239.35709545221775,0.0012483225546076862,239.28834210734698,0.0015828119727738811,239.36828173523193
walk_forward,5,2025-09-18,2025-09-19,237.8800048828125,245.5,0.03203293660995743,0.0,237.8800048828125,0.001899521751137152,238.33186312624798,0.0012483225546076862,238.17695585819789,0.0014605032615383534,238.22742940579863
walk_forward,5,2025-09-19,2025-09-22,245.5,256.0799865722656,0.04309566831880085,0.0,245.5,0.003225893344563827,246.29195681609045,0.0012483225546076862,245.80646318715617,0.001589175524003121,245.8901425911428
walk_forward,5,2025-09-22,2025-09-23,256.0799865722656,254.42999267578125,-0.006443275472520216,0.0,256.0799865722656,0.00307000388437458,256.86615312575304,0.0012483225546076862,256.3996569952874,0.0010547989157934487,256.3500994644584
walk_forward,5,2025-09-23,2025-09-24,254.42999267578125,252.30999755859375,-0.008332331793480807,0.0,254.42999267578125,0.001209042514339571,254.7376093538494,0.0012483225546076862,254.74760337420707,0.0015576065485086465,254.82629449851004
walk_forward,5,2025-09-24,2025-09-25,252.30999755859375,256.8699951171875,0.018072995928489766,0.0,252.30999755859375,0.0013747435889609329,252.65685911016814,0.0012483225546076862,252.62496181929913,0.0019129481121357402,252.79265349209646
walk_forward,5,2025-09-25,2025-09-26,256.8699951171875,255.4600067138672,-0.005489112898051984,0.0,256.8699951171875,0.002261724954460306,257.45096439519614,0.0012483225546076862,257.19065172569424,0.0016143002968498812,257.28466042655697
walk_forward,5,2025-09-26,2025-09-29,255.4600067138672,254.42999267578125,-0.004031997224675621,0.0,255.4600067138672,0.0003297955504429949,255.5442562873976,0.0012483225546076862,255.77890320204833,0.0015835338833184362,255.86453629033133
walk_forward,5,2025-09-29,2025-09-30,254.42999267578125,254.6300048828125,0.0007861188255666729,0.0,254.42999267578125,-0.00032355048016566475,254.34767172948247,0.0012483225546076862,254.74760337420707,0.001498496049752275,254.81125501474443
walk_forward,5,2025-09-30,2025-10-01,254.6300048828125,255.4499969482422,0.003220327729275496,0.0,254.6300048828125,0.00026353808199114283,254.6971095859167,0.0012483225546076862,254.94786526098756,0.0012499030050285296,254.94826769108596
walk_forward,5,2025-10-01,2025-10-02,255.4499969482422,257.1300048828125,0.00657666061710982,0.0,255.4499969482422,-0.0007362075596807479,255.26193272936848,0.0012483225546076862,255.76888094100713,0.001050935782743751,255.71845849073688
walk_forward,5,2025-10-02,2025-10-03,257.1300048828125,258.0199890136719,0.0034612223931820285,0.0,257.1300048828125,-0.0013388005009031712,256.78575910347814,0.0012483225546076862,257.45098606737406,0.0014724758692153173,257.50862261025367
walk_forward,5,2025-10-03,2025-10-06,258.0199890136719,256.69000244140625,-0.005154587353288997,0.0,258.0199890136719,-0.00035774565308125316,257.9276834841942,0.0012483225546076862,258.34208118549725,0.0015382482764879691,258.41688781707165
walk_forward,5,2025-10-06,2025-10-07,256.69000244140625,256.4800109863281,-0.0008180741481198517,0.0,256.69000244140625,0.0011749771874943315,256.99160733853273,0.0012483225546076862,257.01043436099616,0.0013304339614790392,257.0315115382264
walk_forward,5,2025-10-07,2025-10-08,256.4800109863281,258.05999755859375,0.006160271773966164,0.0,256.4800109863281,0.001208192145018425,256.78988812095605,0.0012483225546076862,256.80018076884835,0.0014916080260098455,256.86257862922645
walk_forward,5,2025-10-08,2025-10-09,258.05999755859375,254.0399932861328,-0.015577789314472068,0.0,258.05999755859375,-0.00027739306506029105,257.98841350490153,0.0012483225546076862,258.38213967398815,0.001525389364369084,258.4536395342388
walk_forward,5,2025-10-09,2025-10-10,254.0399932861328,245.27000427246094,-0.034522080166306646,0.0,254.0399932861328,0.0006168921331710553,254.19670855950187,0.0012483225546076862,254.35711713952426,0.0012743065180473806,254.36371810542204
walk_forward,5,2025-10-10,2025-10-13,245.27000427246094,247.66000366210938,0.009744360696440912,0.0,245.27000427246094,0.002139924796953196,245.79486363655238,0.0012483225546076862,245.57618035076297,0.0012348533846379412,245.57287676738696
walk_forward,5,2025-10-13,2025-10-14,247.66000366210938,247.77000427246094,0.0004441597703503941,0.0,247.66000366210938,0.0009415980252560695,247.8931998324925,0.0012483225546076862,247.96916323055498,0.001329715526378679,247.98932101424188
walk_forward,5,2025-10-14,2025-10-15,247.77000427246094,249.33999633789062,0.0063364896410271765,0.0,247.77000427246094,-0.0012206969007886054,247.46755219613715,0.0012483225546076862,248.07930115714947,0.0008680993960135225,247.98509326352013
walk_forward,5,2025-10-15,2025-10-16,249.33999633789062,247.4499969482422,-0.007580008893106838,0.0,249.33999633789062,-0.0024883934384627615,248.7195403270571,0.0012483225546076862,249.651253079085,-0.0001858676054440918,249.29365210982985
walk_forward,5,2025-10-16,2025-10-17,247.4499969482422,252.2899932861328,0.019559492412937862,0.0,247.4499969482422,-0.0017280206205789852,247.02239825095342,0.0012483225546076862,247.75889436057025,0.0006553419215326202,247.6121613047255
walk_forward,5,2025-10-17,2025-10-20,252.2899932861328,262.239990234375,0.03943873008454002,0.0,252.2899932861328,-0.002168178396524364,251.74298357303053,0.0012483225546076862,252.60493257505368,0.0014247667828056743,252.64944768820112
walk_forward,5,2025-10-20,2025-10-21,262.239990234375,262.7699890136719,0.002021044840732289,0.0,262.239990234375,0.0009305753736977037,262.48402431128585,0.0012483225546076862,262.56735032890464,0.001464614160804551,262.6240706376015
walk_forward,5,2025-10-21,2025-10-22,262.7699890136719,258.45001220703125,-0.016440145325788524,0.0,262.7699890136719,0.0005476786394307009,262.9139025237381,0.0012483225546076862,263.0980107176316,0.001551885886615926,263.1777780510484
walk_forward,5,2025-10-22,2025-10-23,258.45001220703125,259.5799865722656,0.004372119604812541,0.0,258.45001220703125,0.0018782367051581547,258.93544250640707,0.0012483225546076862,258.7726411865079,0.0014167982908663823,258.8161837426006
walk_forward,5,2025-10-23,2025-10-24,259.5799865722656,262.82000732421875,0.012481781799657865,0.0,259.5799865722656,0.0035750530176943416,260.5079987865939,0.0012483225546076862,259.90402612422855,0.0014534652386522233,259.9572770593982
walk_forward,5,2025-10-24,2025-10-27,262.82000732421875,268.80999755859375,0.02279122619072771,0.0,262.82000732421875,0.0006384508317299259,262.98780497649017,0.0012483225546076862,263.1480914671637,0.0016964957939924411,263.2658803612214
walk_forward,5,2025-10-27,2025-10-28,268.80999755859375,269.0,0.0007068280314419528,0.0,268.80999755859375,0.00029269760743122876,268.88867760173275,0.0012483225546076862,269.1455591414502,0.00149437439175137,269.211700335192
walk_forward,5,2025-10-28,2025-10-29,269.0,269.70001220703125,0.0026022758625696696,0.0,269.0,0.0006368204751734511,269.17130470782166,0.0012483225546076862,269.33579876718943,0.0013994531657019087,269.3764529015738
walk_forward,5,2025-10-29,2025-10-30,269.70001220703125,271.3999938964844,0.006303231785351748,0.0,269.70001220703125,0.00033272942869430003,269.78974933801175,0.0012483225546076862,270.0366848152472,0.0012931654148835951,270.04877893521103
walk_forward,5,2025-10-30,2025-10-31,271.3999938964844,270.3699951171875,-0.0037951319176879883,0.0,271.3999938964844,-0.00012251733922833503,271.3667426913656,0.0012483225546076862,271.7387886301857,0.0016194289928810554,271.8395069152681
walk_forward,5,2025-10-31,2025-11-03,270.3699951171875,269.04998779296875,-0.0048822256465500535,0.0,270.3699951171875,-0.0003727161057549399,270.26922386549444,0.0012483225546076862,270.7075040801814,0.0016222650567661756,270.8086069126641
walk_forward,5,2025-11-03,2025-11-04,269.04998779296875,270.0400085449219,0.003679690752169673,0.0,269.04998779296875,0.0006507181413159245,269.2250635009465,0.0012483225546076862,269.3858489610476,0.0014768269592936917,269.44732806833906
walk_forward,5,2025-11-04,2025-11-05,270.0400085449219,270.1400146484375,0.00037033809935982376,0.0,270.0400085449219,0.0011741937039155643,270.3570878227606,0.0012483225546076862,270.37710557823493,0.0014005396626898335,270.4182102874022
walk_forward,5,2025-11-05,2025-11-06,270.1400146484375,269.7699890136719,-0.001369754996301431,0.0,270.1400146484375,-0.0005619734491335245,269.9882031326565,0.0012483225546076862,270.4772365216252,0.0012792575927403418,270.4855933132795
walk_forward,5,2025-11-06,2025-11-07,269.7699890136719,268.4700012207031,-0.004818874767062664,0.0,269.7699890136719,-0.0006411216525504524,269.5970336325069,0.0012483225546076862,270.1067489755139,0.0014621107346011767,270.164422610482
walk_forward,5,2025-11-07,2025-11-10,268.4700012207031,269.42999267578125,0.003575786682732396,0.0,268.4700012207031,0.00018307122689044126,268.51915035320985,0.0012483225546076862,268.80513837846246,0.0013716369188897888,268.83824458599184
walk_forward,5,2025-11-10,2025-11-11,269.42999267578125,275.25,0.021601185771556786,0.0,269.42999267578125,0.00034719552974155207,269.5235375648166,0.0012483225546076862,269.76632821252616,0.0014027638564858753,269.8079393313601
walk_forward,5,2025-11-11,2025-11-12,275.25,273.4700012207031,-0.006466843884820661,0.0,275.25,-0.00012730584110493904,275.21495906723584,0.0012483225546076862,275.59360078315575,0.0016269416965171684,275.69781570196636
walk_forward,5,2025-11-12,2025-11-13,273.4700012207031,272.95001220703125,-0.0019014480979659965,0.0,273.4700012207031,-0.00016191081104031252,273.42572347101026,0.0012483225546076862,273.8113799912355,0.0014302002166342812,273.86111807569193
walk_forward,5,2025-11-13,2025-11-14,272.95001220703125,272.4100036621094,-0.0019784155368063328,0.0,272.95001220703125,0.0005449316345126972,273.0987513033235,0.0012483225546076862,273.2907418635497,0.0014436927086652154,273.3440681494846
walk_forward,5,2025-11-14,2025-11-17,272.4100036621094,267.4599914550781,-0.018171183658773127,0.0,272.4100036621094,0.0016346536250463662,272.8552996620946,0.0012483225546076862,272.7500592137815,0.0013533582501409852,272.77867198798646
walk_forward,5,2025-11-17,2025-11-18,267.4599914550781,267.44000244140625,-7.473646268785217e-05,0.0,267.4599914550781,-7.594303318429383e-05,267.43967973207157,0.0012483225546076862,267.7938677948666,0.00115147516641232,267.7679649932475
walk_forward,5,2025-11-18,2025-11-19,267.44000244140625,268.55999755859375,0.004187836924032684,0.0,267.44000244140625,-0.0004980169536963797,267.3068127860938,0.0012483225546076862,267.7738538284582,0.0011337817826325266,267.74322104412147
walk_forward,5,2025-11-19,2025-11-20,268.55999755859375,266.25,-0.008601420835542606,0.0,268.55999755859375,-0.0006571326887167815,268.3835180053163,0.0012483225546076862,268.8952470608115,0.001105375909395945,268.85685731012245
walk_forward,5,2025-11-20,2025-11-21,266.25,271.489990234375,0.019680714495305063,0.0,266.25,-0.00373213030104508,265.25632030734675,0.0012483225546076862,266.5823658801643,0.0005444600967614942,266.39496250076274
walk_forward,5,2025-11-21,2025-11-24,271.489990234375,275.9200134277344,0.0163174457722548,0.0,271.489990234375,-0.0006076329251103285,271.3250239774707,0.0012483225546076862,271.82889731253476,0.0013348619797474025,271.8523919002208
walk_forward,5,2025-11-24,2025-11-25,275.9200134277344,276.9700012207031,0.003805406428931457,0.0,275.9200134277344,0.001731492185284184,276.397766774748,0.0012483225546076862,276.26445060376386,0.0015503141501522946,276.3477761288616
walk_forward,5,2025-11-25,2025-11-26,276.9700012207031,277.54998779296875,0.0020940411225383038,0.0,276.9700012207031,0.0019164066169168954,277.50078836372995,0.0012483225546076862,277.31574912017663,0.001524904230198507,277.3923539472027
walk_forward,5,2025-11-26,2025-11-28,277.54998779296875,278.8500061035156,0.004683906927485104,0.0,277.54998779296875,0.0030870162594232252,278.40678911808834,0.0012483225546076862,277.8964597027618,0.0015589630137365811,277.982677958401
walk_forward,5,2025-11-28,2025-12-01,278.8500061035156,283.1000061035156,0.015241168753721723,0.0,278.8500061035156,0.0028248268754103205,279.63770909496515,0.0012483225546076862,279.1981008554871,0.0015502545175103413,279.2822945851854
walk_forward,5,2025-12-01,2025-12-02,283.1000061035156,286.19000244140625,0.010914857899228636,0.0,283.1000061035156,0.0027471245477342456,283.8777170797463,0.0012483225546076862,283.4534062263442,0.0016250451731077758,283.5600564019409
walk_forward,5,2025-12-02,2025-12-03,286.19000244140625,284.1499938964844,-0.00712816145749029,0.0,286.19000244140625,0.001707160061093917,286.67857458345856,0.0012483225546076862,286.5472598763571,0.0015848121976465037,286.6435598481199
walk_forward,5,2025-12-03,2025-12-04,284.1499938964844,280.70001220703125,-0.012141410394363561,0.0,284.1499938964844,0.0008281174163744191,284.3853034552927,0.0012483225546076862,284.504704742757,0.0014174624458283722,284.55276584181496
walk_forward,5,2025-12-04,2025-12-05,280.70001220703125,278.7799987792969,-0.00684009028940924,0.0,280.70001220703125,0.0013064630749287395,281.06673640811175,0.0012483225546076862,281.0504163633479,0.0011352945094762876,281.01868938969983
walk_forward,5,2025-12-05,2025-12-08,278.7799987792969,277.8900146484375,-0.00319242461710445,0.0,278.7799987792969,0.0004316225676670993,278.9003265181842,0.0012483225546076862,279.1280061395465,0.0013122617081213536,279.1458310966851
walk_forward,5,2025-12-08,2025-12-09,277.8900146484375,277.17999267578125,-0.002555046727945598,0.0,277.8900146484375,-0.000831416907736234,277.6589721917677,0.0012483225546076862,278.2369110214234,0.0012379731072918044,278.2340350133572
walk_forward,5,2025-12-09,2025-12-10,277.17999267578125,278.7799987792969,0.00577244442526248,0.0,277.17999267578125,-0.0012422180771585445,276.8356746782527,0.0012483225546076862,277.5260027123244,0.0011855151067849063,277.50859374439693
walk_forward,5,2025-12-10,2025-12-11,278.7799987792969,278.0299987792969,-0.0026902934331158868,0.0,278.7799987792969,-0.0006096511125507115,278.61004024288417,0.0012483225546076862,279.1280061395465,0.001127913574397588,279.0944385241906
walk_forward,5,2025-12-11,2025-12-12,278.0299987792969,278.2799987792969,0.0008991835452922814,0.0,278.0299987792969,-0.0009597200139506257,277.7631678249897,0.0012483225546076862,278.3770698976306,0.0011932083962588765,278.36174650825217
walk_forward,5,2025-12-12,2025-12-15,278.2799987792969,274.1099853515625,-0.014984955605960026,0.0,278.2799987792969,-0.0006784194549908475,278.0912082141902,0.0012483225546076862,278.6273819782692,0.0012789084734589843,278.63589342772985
walk_forward,5,2025-12-15,2025-12-16,274.1099853515625,274.6099853515625,0.0018240853187405648,0.0,274.1099853515625,0.0005282852385564449,274.25479361056466,0.0012483225546076862,274.45216302872,0.0011502350117831067,274.42527625379324
walk_forward,5,2025-12-16,2025-12-17,274.6099853515625,271.8399963378906,-0.010086993049891024,0.0,274.6099853515625,0.0005463383752136674,274.7600153247769,0.0012483225546076862,274.9527871899973,0.0011586013552795816,274.92814885276414
walk_forward,5,2025-12-17,2025-12-18,271.8399963378906,272.19000244140625,0.001287544541755281,0.0,271.8399963378906,-0.00033827313224276496,271.7480401708605,0.0012483225546076862,272.17934033656366,0.0011418470136101706,272.1503960258888
walk_forward,5,2025-12-18,2025-12-19,272.19000244140625,273.6700134277344,0.005437418615868328,0.0,272.19000244140625,-0.0019376320320556376,271.6625983738705,0.0012483225546076862,272.52978336059255,0.0005677610456086678,272.3445413217966
walk_forward,5,2025-12-19,2025-12-22,273.6700134277344,270.9700012207031,-0.009865941003960987,0.0,273.6700134277344,-0.0019558914338525697,273.13474459276875,0.0012483225546076862,274.011641878016,0.0007121445057283208,273.8649060241795
walk_forward,5,2025-12-22,2025-12-23,270.9700012207031,272.3599853515625,0.005129660569795913,0.0,270.9700012207031,-0.003122748320325395,270.1238301045326,0.0012483225546076862,271.30825918484896,0.0011970905327001252,271.29437684381014
walk_forward,5,2025-12-23,2025-12-24,272.3599853515625,273.80999755859375,0.005323881205087977,0.0,272.3599853515625,-0.0026086833080798517,271.649484403987,0.0012483225546076862,272.69997846424945,0.0006125180381005281,272.5268107554471
walk_forward,5,2025-12-24,2025-12-26,273.80999755859375,273.3999938964844,-0.0014974020881820538,0.0,273.80999755859375,-0.0019217009605504033,273.28381662327706,0.0012483225546076862,274.1518007542232,0.000649907745004289,273.9879487966667
walk_forward,5,2025-12-26,2025-12-29,273.3999938964844,273.760009765625,0.0013168100847762432,0.0,273.3999938964844,-0.0029133259905090706,272.6034905884607,0.0012483225546076862,273.74128527529496,0.0005143463698942718,273.5406161908741
walk_forward,5,2025-12-29,2025-12-30,273.760009765625,273.0799865722656,-0.0024840121606569676,0.0,273.760009765625,-0.0017110248110509874,273.29159959664247,0.0012483225546076862,274.101750560365,0.0011411394063017878,274.07240810063814
walk_forward,5,2025-12-30,2025-12-31,273.0799865722656,271.8599853515625,-0.004467559984957958,0.0,273.0799865722656,-0.002538892569352412,272.38666582351846,0.0012483225546076862,273.42087847871574,0.0011319334813793191,273.3890949521614
walk_forward,5,2025-12-31,2026-01-02,271.8599853515625,271.010009765625,-0.0031265196488491354,0.0,271.8599853515625,-0.002683097011490149,271.13055863732194,0.0012483225546076862,272.19935430297215,0.0005522124089661739,272.01010980897496
walk_forward,5,2026-01-02,2026-01-05,271.010009765625,267.260009765625,-0.013837127282653072,0.0,271.010009765625,-0.0033654422962000577,270.09794121606615,0.0012483225546076862,271.34831767333986,0.0005391354168662073,271.1561208602149
walk_forward,5,2026-01-05,2026-01-06,267.260009765625,262.3599853515625,-0.01833429707033085,0.0,267.260009765625,-0.004239678418611266,266.1269132700638,0.0012483225546076862,267.5936364637601,0.00047098051543814477,267.38588402278043
walk_forward,5,2026-01-06,2026-01-07,262.3599853515625,260.3299865722656,-0.007737455757884204,0.0,262.3599853515625,-0.003980765066606296,261.31559188699964,0.0012483225546076862,262.6874952387034,0.0005477858239206696,262.50370243230213
walk_forward,5,2026-01-07,2026-01-08,260.3299865722656,259.0400085449219,-0.004955164959399183,0.0,260.3299865722656,-0.0035362826655017357,259.4093861534398,0.0012483225546076862,260.6549623661445,0.000860250465319643,260.5539355643511
walk_forward,5,2026-01-08,2026-01-09,259.0400085449219,259.3699951171875,0.00127388264893602,0.0,259.0400085449219,-0.0034740644056354205,258.14008687160043,0.0012483225546076862,259.36337403013425,0.0005701938186857342,259.18771155658646
walk_forward,5,2026-01-09,2026-01-12,259.3699951171875,260.25,0.0033928553779511983,0.0,259.3699951171875,-0.0031543608613945986,258.55184855596974,0.0012483225546076862,259.69377253208074,0.00038709909294367664,259.4703970070342
walk_forward,5,2026-01-12,2026-01-13,260.25,261.04998779296875,0.003073920434077726,0.0,260.25,-0.0022586205017799264,259.6621940144118,0.0012483225546076862,260.5748759448366,0.0007066846971445295,260.43391469243187
walk_forward,5,2026-01-13,2026-01-14,261.04998779296875,259.9599914550781,-0.004175431483854575,0.0,261.04998779296875,-0.0022999808997228514,260.44957780717203,0.0012483225546076862,261.3758623806107,0.0005660607015415024,261.1977579321962
walk_forward,5,2026-01-14,2026-01-15,259.9599914550781,258.2099914550781,-0.006731805114335909,0.0,259.9599914550781,-0.0014581305382886252,259.58093585280426,0.0012483225546076862,260.2845053757071,0.0004997518125357579,260.0899069319946
walk_forward,5,2026-01-15,2026-01-16,258.2099914550781,255.52999877929688,-0.010379120733008063,0.0,258.2099914550781,-0.0007801377573109038,258.00855209142907,0.0012483225546076862,258.53232081123656,0.002135028623782322,258.76127717778127
walk_forward,5,2026-01-16,2026-01-20,255.52999877929688,246.6999969482422,-0.03455563680678142,0.0,255.52999877929688,-0.00021136238791401698,255.47598934857123,0.0012483225546076862,255.84898264015192,0.0019207850996661158,256.02081699346985
walk_forward,5,2026-01-20,2026-01-21,246.6999969482422,247.64999389648438,0.0038508186461043703,0.0,246.6999969482422,0.0005515864394473493,246.83607332117055,0.0012483225546076862,247.0079581186543,0.0021085231358859697,247.22016959943053
walk_forward,5,2026-01-21,2026-01-22,247.64999389648438,248.35000610351562,0.002826619116832463,0.0,247.64999389648438,-0.0007210656265871037,247.4714219984611,0.0012483225546076862,247.95914096951378,0.003027249362189354,248.39969218255374
walk_forward,5,2026-01-22,2026-01-23,248.35000610351562,248.0399932861328,-0.0012482899527435087,0.0,248.35000610351562,-0.0014433361200589545,247.99155356928955,0.0012483225546076862,248.6600270175716,0.0027866346693980466,249.04206684066892
walk_forward,5,2026-01-23,2026-01-26,248.0399932861328,255.41000366210938,0.02971299216040002,0.0,248.0399932861328,-0.0028531330214493235,247.33230219064808,0.0012483225546076862,248.34962720419662,0.0009369780488113908,248.27240131506923
walk_forward,5,2026-01-26,2026-01-27,255.41000366210938,258.2699890136719,0.01119762464490659,0.0,255.41000366210938,-0.0017720171198233018,254.95741276304597,0.0012483225546076862,255.7288377303532,0.00039292237491075395,255.5103599673243
walk_forward,5,2026-01-27,2026-01-28,258.2699890136719,256.44000244140625,-0.007085556394896275,0.0,258.2699890136719,-0.0024454295955832835,257.63840793888687,0.0012483225546076862,258.5923932661359,0.0010741837116439706,258.5474184290768
walk_forward,5,2026-01-28,2026-01-29,256.44000244140625,258.2799987792969,0.007175153331668849,0.0,256.44000244140625,-0.0017692135522669882,255.98630531374354,0.0012483225546076862,256.7601222803575,0.0009181982953724706,256.6754652145133
walk_forward,5,2026-01-29,2026-01-30,258.2799987792969,259.4800109863281,0.004646167774132071,0.0,258.2799987792969,0.0008420186054979559,258.49747534369703,0.0012483225546076862,258.6024155271771,0.0011490832020428466,258.5767839873178
walk_forward,5,2026-01-30,2026-02-02,259.4800109863281,270.010009765625,0.04058115590203082,0.0,259.4800109863281,0.0006995061559490145,259.6615188513588,0.0012483225546076862,259.8039257365122,0.0011682800302568305,259.7831563014143
walk_forward,5,2026-02-02,2026-02-03,270.010009765625,269.4800109863281,-0.0019628856713753695,0.0,270.010009765625,0.0018469107611464798,270.5086941582784,0.0012483225546076862,270.34706935078526,0.0013802279696311945,270.3826851331839
walk_forward,5,2026-02-03,2026-02-04,269.4800109863281,276.489990234375,0.026012984125945104,0.0,269.4800109863281,0.0009702906099782484,269.74148491056496,0.0012483225546076862,269.8164089620583,0.0015700230402524934,269.9031008124641
walk_forward,5,2026-02-04,2026-02-05,276.489990234375,275.9100036621094,-0.0020976765624461935,0.0,276.489990234375,0.001153916670639838,276.8090366433715,0.0012483225546076862,276.83513892530783,0.001637135164799628,276.9426417201028
walk_forward,5,2026-02-05,2026-02-06,275.9100036621094,278.1199951171875,0.008009827210848641,0.0,275.9100036621094,0.002220923935469747,276.5227787932781,0.0012483225546076862,276.25442834272263,0.0017143543931540713,276.3830111890027
walk_forward,5,2026-02-06,2026-02-09,278.1199951171875,274.6199951171875,-0.01258449612198953,0.0,278.1199951171875,7.445390210455245e-05,278.14070223607723,0.0012483225546076862,278.46717857997965,0.0016946003964971772,278.5912973711869
walk_forward,5,2026-02-09,2026-02-10,274.6199951171875,273.67999267578125,-0.003422920610733904,0.0,274.6199951171875,0.001165403169141238,274.9400381298066,0.0012483225546076862,274.96280945103854,0.0014851090696095116,275.02783576263215
walk_forward,5,2026-02-10,2026-02-11,273.67999267578125,275.5,0.0066501292492171515,0.0,273.67999267578125,0.0009825051924271734,273.94888468964865,0.0012483225546076862,274.0216335833833,0.0014243291408647266,274.069803064621
walk_forward,5,2026-02-11,2026-02-12,275.5,261.7300109863281,-0.049981811301894274,0.0,275.5,8.161237377390896e-05,275.52248420897473,0.0012483225546076862,275.8439128637944,0.0011142441263254838,275.8069742568027
walk_forward,5,2026-02-12,2026-02-13,261.7300109863281,255.77999877929688,-0.022733396848946263,0.0,261.7300109863281,0.0012613676235609839,262.0601487483005,0.0012483225546076862,262.05673446226007,0.0019594226637045403,262.24285070162637
walk_forward,5,2026-02-13,2026-02-17,255.77999877929688,263.8800048828125,0.031667863563111576,0.0,255.77999877929688,0.001999475134014555,256.2914245266344,0.0012483225546076862,256.09929472079057,0.00012404205358037542,255.81172625561027
walk_forward,5,2026-02-17,2026-02-18,263.8800048828125,264.3500061035156,0.0017811172199722058,0.0,263.8800048828125,0.00216898676522143,264.4523571210099,0.0012483225546076862,264.2094122446177,0.0013509795094435392,264.236501362361
walk_forward,5,2026-02-18,2026-02-19,264.3500061035156,260.5799865722656,-0.014261469431454121,0.0,264.3500061035156,-0.001687349330610548,263.90395529766994,-0.006411417609082007,262.6551478194226,-0.0013765964399793625,263.986102826205
walk_forward,5,2026-02-19,2026-02-20,260.5799865722656,264.5799865722656,0.015350373037534393,0.0,260.5799865722656,0.0009924840312055053,260.83860804779033,0.0012483225546076862,260.90527444678315,0.0010225445094905717,260.8464412068182
walk_forward,5,2026-02-20,2026-02-23,264.5799865722656,266.17999267578125,0.006047343656806037,0.0,264.5799865722656,0.0022368795983566643,265.1718201463626,0.0012483225546076862,264.91026773700156,0.0014940512838817765,264.97528264089334
walk_forward,5,2026-02-23,2026-02-24,266.17999267578125,272.1400146484375,0.022390946489790453,0.0,266.17999267578125,0.0005758638999452252,266.3332761244509,0.0012483225546076862,266.5122711642237,0.001168627861983116,266.49105803152463
walk_forward,5,2026-02-24,2026-02-25,272.1400146484375,274.2300109863281,0.007679856784716499,0.0,272.1400146484375,-0.00042789635928713074,272.0235669269531,0.0012483225546076862,272.4797331667344,0.0017458144777014871,272.6151206259726
walk_forward,5,2026-02-25,2026-02-26,274.2300109863281,272.95001220703125,-0.004667610137537803,0.0,274.2300109863281,0.0015259260430706882,274.6484657018837,0.0012483225546076862,274.57233849419265,0.0014059067210170097,274.6155528018784
walk_forward,5,2026-02-26,2026-02-27,272.95001220703125,264.17999267578125,-0.03213049693728531,0.0,272.95001220703125,0.0014883176920925082,273.35624853925583,0.0012483225546076862,273.2907418635497,0.00120432721784511,273.2787333358433
walk_forward,5,2026-02-27,2026-03-02,264.17999267578125,264.7200012207031,0.002044093269336189,0.0,264.17999267578125,-0.00012064070148160282,264.1481218161474,0.0012483225546076862,264.5097745191145,0.0013654777390462649,264.5407245748814
walk_forward,5,2026-03-02,2026-03-03,264.7200012207031,263.75,-0.0036642536122324376,0.0,264.7200012207031,-0.0021720381643347253,264.14501927518904,0.0012483225546076862,265.0504571688827,0.0012101810704824043,265.0403603551585
walk_forward,5,2026-03-03,2026-03-04,263.75,262.5199890136719,-0.004663548763329417,0.0,263.75,-0.002438291074783247,263.10690072902594,0.0012483225546076862,264.07924507377777,0.0008650873834958595,263.978166797397
walk_forward,5,2026-03-04,2026-03-05,262.5199890136719,260.2900085449219,-0.00849451684471103,0.0,262.5199890136719,-0.0035938194232343974,261.5765395781672,0.0012483225546076862,262.84769863699296,0.00023961452776099582,262.5828926168672
walk_forward,5,2026-03-05,2026-03-06,260.2900085449219,257.4599914550781,-0.010872553678353492,0.0,260.2900085449219,-0.003503288436506852,259.37813756784817,0.0012483225546076862,260.6149344333275,0.000816748826699365,260.5026001040025
walk_forward,5,2026-03-06,2026-03-09,257.4599914550781,259.8800048828125,0.009399570838394267,0.0,257.4599914550781,-0.003659559056873526,256.5178014115661,0.0012483225546076862,257.7813845693206,0.001191965421258146,257.76687486225
walk_forward,5,2026-03-09,2026-03-10,259.8800048828125,260.8299865722656,0.0036554627966916,0.0,259.8800048828125,-0.003269273882804556,259.030385970186,0.0012483225546076862,260.2044189543993,0.0009964019486824844,260.13894982610134
walk_forward,5,2026-03-10,2026-03-11,260.8299865722656,260.80999755859375,-7.663617950748325e-05,0.0,260.8299865722656,-0.0018578907586326264,260.34539295063877,0.0012483225546076862,261.1555865274218,0.0009734731816776366,261.0838975691711
walk_forward,5,2026-03-11,2026-03-12,260.80999755859375,255.75999450683594,-0.019362766377938656,0.0,260.80999755859375,-0.0014421130041694912,260.4338800694971,0.0012483225546076862,261.1355725610133,0.0009846879907640408,261.0668140310609
walk_forward,5,2026-03-12,2026-03-13,255.75999450683594,250.1199951171875,-0.022051921765652405,0.0,255.75999450683594,-4.1199353960253045e-06,255.75894079218168,0.0012483225546076862,256.0792654765451,0.0005656739893282372,255.9046712832392
walk_forward,5,2026-03-13,2026-03-16,250.1199951171875,252.82000732421875,0.01079486750256109,0.0,250.1199951171875,-0.0008465757752270041,249.9082495884214,0.0012483225546076862,250.43222554845062,0.0007722313226313293,250.31314561183336
walk_forward,5,2026-03-16,2026-03-17,252.82000732421875,254.22999572753906,0.005577044389181385,0.0,252.82000732421875,-0.0009823204956249817,252.57165704932012,0.0012483225546076862,253.13560824161763,0.0007202640264198303,253.0021044806536
walk_forward,5,2026-03-17,2026-03-18,254.22999572753906,249.94000244140625,-0.016874457610149385,0.0,254.22999572753906,-0.0019093081608896165,253.74459232195355,0.0012483225546076862,254.54735676526354,0.0003484903877953575,254.31859243733933
walk_forward,5,2026-03-18,2026-03-19,249.94000244140625,248.9600067138672,-0.0039209238936004365,0.0,249.94000244140625,-0.0022619084182765796,249.37466104581998,0.0012483225546076862,250.25200818375254,0.00020266088042201759,249.9906555023537
walk_forward,5,2026-03-19,2026-03-20,248.9600067138672,247.99000549316406,-0.003896213024359163,0.0,248.9600067138672,-0.0009446798533803073,248.72481921122716,0.0012483225546076862,249.27078910544336,0.0006927129830882328,249.13246454278763
walk_forward,5,2026-03-20,2026-03-23,247.99000549316406,251.49000549316406,0.01411347200480817,0.0,247.99000549316406,-0.001817715765611691,247.539230150465,0.0012483225546076862,248.29957701033845,0.0006906246886536114,248.16127351349698
walk_forward,5,2026-03-23,2026-03-24,251.49000549316406,251.63999938964844,0.0005964209042432778,0.0,251.49000549316406,-0.002839226133102841,250.7759684973537,0.0012483225546076862,251.80394613927956,0.0002951270686638562,251.56422700128348
walk_forward,5,2026-03-24,2026-03-25,251.63999938964844,252.6199951171875,0.00389443542328749,0.0,251.63999938964844,-0.0017534203483115587,251.19876869426952,0.0012483225546076862,251.95412727652797,0.0004389764032085331,251.75046341148388
walk_forward,5,2026-03-25,2026-03-26,252.6199951171875,252.88999938964844,0.0010688159198788405,0.0,252.6199951171875,-0.0015583469743133608,252.2263255121456,0.0012483225546076862,252.93534635483715,0.0013030031190453064,252.9491597587584
walk_forward,5,2026-03-26,2026-03-27,252.88999938964844,248.8000030517578,-0.016173025219509918,0.0,252.88999938964844,-0.001436793319812688,252.52664872787796,0.0012483225546076862,253.20568767972125,0.0010160898370790458,253.14695834792718
walk_forward,5,2026-03-27,2026-03-30,248.8000030517578,246.6300048828125,-0.008721857485242457,0.0,248.8000030517578,-0.0023790759757832992,248.20808894172256,0.0012483225546076862,249.11058570715377,0.0004905645873355582,248.922055522584
walk_forward,5,2026-03-30,2026-03-31,246.6300048828125,253.7899932861328,0.029031294901536553,0.0,246.6300048828125,-0.001899405682273057,246.16155445011904,0.0012483225546076862,246.9378786805507,0.0005624128740655803,246.76871277268944
walk_forward,5,2026-03-31,2026-04-01,253.7899932861328,255.6300048828125,0.007250134541771258,0.0,253.7899932861328,-0.0003488702760176209,253.70145350112458,0.0012483225546076862,254.1068050588856,0.0011773240736911992,254.08878635489052
walk_forward,5,2026-04-01,2026-04-02,255.6300048828125,255.9199981689453,0.0011344258521832629,0.0,255.6300048828125,-0.0016776327367200071,255.2011516181332,0.0012483225546076862,255.94911358354216,0.0010529247258960453,255.89916403563456
walk_forward,5,2026-04-02,2026-04-06,255.9199981689453,258.8599853515625,0.011487914987700076,0.0,255.9199981689453,-0.0012313097923038565,255.6048813691535,0.0012483225546076862,256.23946887483476,0.001272297280620567,256.24560448667205
walk_forward,5,2026-04-06,2026-04-07,258.8599853515625,253.5,-0.020706117804507373,0.0,258.8599853515625,0.0011501225489469811,259.1577060577354,0.0012483225546076862,259.18312610976227,0.0014898768505487495,259.2456548512712
walk_forward,5,2026-04-07,2026-04-08,253.5,258.8999938964844,0.02130175107094434,0.0,253.5,0.00012799546319558356,253.5324468499201,0.0012483225546076862,253.81644976759304,0.0011843577609139606,253.80023469239165
walk_forward,5,2026-04-08,2026-04-09,258.8999938964844,260.489990234375,0.006141353323192211,0.0,258.8999938964844,0.001579564001165679,259.3089430067453,0.0012483225546076862,259.2231845982531,0.001457449831402449,259.27732764893886
walk_forward,5,2026-04-09,2026-04-10,260.489990234375,260.4800109863281,-3.8309525974056235e-05,0.0,260.489990234375,0.003261036614830462,261.33945763032614,0.0012483225546076862,260.8151657644341,0.001386700470922455,260.85121182650363
walk_forward,5,2026-04-10,2026-04-13,260.4800109863281,259.20001220703125,-0.004914000020385667,0.0,260.4800109863281,0.0015713105619376854,260.8893059787646,0.0012483225546076862,260.8051740590668,0.001071620040148715,260.75914658615926
walk_forward,5,2026-04-13,2026-04-14,259.20001220703125,258.8299865722656,-0.001427567968129817,0.0,259.20001220703125,0.00247588783972077,259.84176236531016,0.0012483225546076862,259.52357742842383,0.00140089439201281,259.5631240505417
walk_forward,5,2026-04-14,2026-04-15,258.8299865722656,266.42999267578125,0.029362927395561567,0.0,258.8299865722656,0.0008031911628858656,259.0378765301703,0.0012483225546076862,259.15308988231254,0.001383710756575167,259.18813240880985
walk_forward,5,2026-04-15,2026-04-16,266.42999267578125,263.3999938964844,-0.011372588907376024,0.0,266.42999267578125,0.0021921101949488484,267.014036578966,0.0012483225546076862,266.76258324486236,0.001610645417541831,266.8591169225802
walk_forward,5,2026-04-16,2026-04-17,263.3999938964844,270.2300109863281,0.025930209749845057,0.0,263.3999938964844,0.001755493792518905,263.86239095071915,0.0012483225546076862,263.7288020497489,0.0013598742932831585,263.7581847770352
walk_forward,5,2026-04-17,2026-04-20,270.2300109863281,273.04998779296875,0.010435468645202839,0.0,270.2300109863281,0.0019384898895719051,270.75384913048407,0.0012483225546076862,270.56734520397424,0.0015123757602237577,270.63870030462886
walk_forward,5,2026-04-20,2026-04-21,273.04998779296875,266.1700134277344,-0.025196757637106715,0.0,273.04998779296875,0.0034309446445617135,273.9868071862847,0.0012483225546076862,273.39084225126606,0.0016379474060561146,273.49722931219793
walk_forward,5,2026-04-21,2026-04-22,266.1700134277344,273.1700134277344,0.026298980526972437,0.0,266.1700134277344,0.0005190020363235858,266.3081562067116,0.0012483225546076862,266.50227945885644,0.0013205607246031675,266.5215070935341
walk_forward,5,2026-04-22,2026-04-23,273.1700134277344,273.42999267578125,0.0009517122497622044,0.0,273.1700134277344,0.0030606309924517765,274.0060860370397,0.0012483225546076862,273.5110177167387,0.0017010447631525339,273.6346878485259
walk_forward,5,2026-04-23,2026-04-24,273.42999267578125,271.05999755859375,-0.008667648687676,0.0,273.42999267578125,0.002452872179863044,274.10068149795586,0.0012483225546076862,273.7713215027446,0.001609504284308736,273.8700794204514
walk_forward,5,2026-04-24,2026-04-27,271.05999755859375,267.6099853515625,-0.012727854490168666,0.0,271.05999755859375,0.0003492141893111926,271.15465555589583,0.0012483225546076862,271.39836786719803,0.0010362841135696595,271.34089272788793
walk_forward,5,2026-04-27,2026-04-28,267.6099853515625,270.7099914550781,0.011584044965448959,0.0,267.6099853515625,0.0024451168939317817,268.2643230477304,0.0012483225546076862,267.9440489321151,0.001475485418551128,268.00483998280737
walk_forward,5,2026-04-28,2026-04-29,270.7099914550781,270.1700134277344,-0.0019946734305643643,0.0,270.7099914550781,0.00025278394336150493,270.7784225942255,0.0012483225546076862,271.04792484316914,0.0011944559345002713,271.03334261090015
walk_forward,5,2026-04-29,2026-04-30,270.1700134277344,271.3500061035156,0.004367593060422559,0.0,270.1700134277344,0.0002607326984679435,270.2404555843805,0.0012483225546076862,270.50727274907484,0.0012340294019110203,270.5034111678189
walk_forward,5,2026-04-30,2026-05-01,271.3500061035156,280.1400146484375,0.032393618379240596,0.0,271.3500061035156,-0.0002915173642890087,271.27090286493655,0.0012483225546076862,271.6887384363276,0.0012540332231348375,271.69028802626724
walk_forward,5,2026-05-01,2026-05-04,280.1400146484375,276.8299865722656,-0.011815620415119188,0.0,280.1400146484375,0.0019313609732760314,280.6810661397825,0.0012483225546076862,280.48971974717125,0.0014166676050032618,280.5368799320551
walk_forward,5,2026-05-04,2026-05-05,276.8299865722656,284.17999267578125,0.026550613950909296,0.0,276.8299865722656,0.0015644493970227175,277.26307307783645,0.0012483225546076862,277.1755596882955,0.0014948765468182387,277.24381322664857
walk_forward,5,2026-05-05,2026-05-06,284.17999267578125,287.510009765625,0.01171798569803939,0.0,284.17999267578125,0.0009540827130141336,284.45112389417767,0.0012483225546076862,284.53474097020666,0.0017382038957232675,284.67395544613686
walk_forward,5,2026-05-06,2026-05-07,287.510009765625,287.44000244140625,-0.00024349525874178823,0.0,287.510009765625,0.0030956565283476903,288.4000420043213,0.0012483225546076862,287.86891499549085,0.0016441672260574525,287.98272430084506
walk_forward,5,2026-05-07,2026-05-08,287.44000244140625,293.32000732421875,0.02045645989726541,0.0,287.44000244140625,0.001155015712147984,287.7720001605259,0.0012483225546076862,287.79882027955034,0.0015859479736934354,287.89586733083667
walk_forward,5,2026-05-08,2026-05-11,293.32000732421875,292.67999267578125,-0.0021819672455212213,0.0,293.32000732421875,0.0026413419392360203,294.0947657611812,0.0012483225546076862,293.6861653050792,0.0016540641972143133,293.80517744666037
walk_forward,5,2026-05-11,2026-05-12,292.67999267578125,294.79998779296875,0.007243389265544797,0.0,292.67999267578125,0.00031012731039301846,292.7707607347156,0.0012483225546076862,293.04535171192083,0.0015882437642661894,293.14483984907406
walk_forward,5,2026-05-12,2026-05-13,294.79998779296875,298.8699951171875,0.013805995565634221,0.0,294.79998779296875,-0.0005834313500730618,294.6279922380892,0.0012483225546076862,295.1679932668288,0.001413626899144871,295.21672498558047
walk_forward,5,2026-05-13,2026-05-14,298.8699951171875,298.2099914550781,-0.00220833028705536,0.0,298.8699951171875,0.000673471521801161,299.07127554761973,0.0012483225546076862,299.24308127298775,0.0016331592442978314,299.35809741255633
walk_forward,5,2026-05-14,2026-05-15,298.2099914550781,300.2300109863281,0.0067738157309671365,0.0,298.2099914550781,-0.001388194283458388,297.79601804967,0.0012483225546076862,298.58225371342087,0.0013642928022928962,298.6168371999921
walk_forward,5,2026-05-15,2026-05-18,300.2300109863281,297.8399963378906,-0.007960612067346995,0.0,300.2300109863281,-0.00022487065317006866,300.1624980676564,0.0012483225546076862,300.6047948806125,0.0016137411766378633,300.71450451751923
walk_forward,5,2026-05-18,2026-05-19,297.8399963378906,298.9700012207031,0.003793999787491842,0.0,297.8399963378906,-0.00015786562465066375,297.79297764082276,0.0012483225546076862,298.2117967229835,0.0015210702621534504,298.2930318992001
walk_forward,5,2026-05-19,2026-05-20,298.9700012207031,302.25,0.0109709963070026,0.0,298.9700012207031,-0.0007429298461867329,298.7478874836818,0.0012483225546076862,299.343212216378,0.0013369477682581023,299.3697084966113
walk_forward,5,2026-05-20,2026-05-21,302.25,304.989990234375,0.009065310949131433,0.0,302.25,0.0001067511916189568,302.2822655476668,0.0012483225546076862,302.6273054921302,0.0015993333549565647,302.73339850653565
walk_forward,5,2026-05-21,2026-05-22,304.989990234375,308.82000732421875,0.012557845216167651,0.0,304.989990234375,-0.0009189723793710924,304.70971285736493,0.0012483225546076862,305.3707161181141,0.00158907180843549,305.47464122971144
walk_forward,5,2026-05-22,2026-05-26,308.82000732421875,308.3299865722656,-0.001586751960143129,0.0,308.82000732421875,-0.0003931129230811182,308.6986061884336,0.0012483225546076862,309.20551430467566,0.0015832198805401476,309.308937299323
walk_forward,5,2026-05-26,2026-05-27,308.3299865722656,310.8500061035156,0.008173125031610828,0.0,308.3299865722656,-0.0005278325387740187,308.16723997267303,0.0012483225546076862,308.71488184876563,0.0016138805613898214,308.8275943440882
walk_forward,5,2026-05-27,2026-05-28,310.8500061035156,312.510009765625,0.005340207912225559,0.0,310.8500061035156,-0.0005574897716654321,310.6767104045908,0.0012483225546076862,311.23804717723453,0.0016617736866026567,311.3665684641387
walk_forward,5,2026-05-28,2026-05-29,312.510009765625,312.05999755859375,-0.001439992937726231,0.0,312.510009765625,3.3619746991534524e-05,312.5205162730856,0.0012483225546076862,312.9001230593561,0.0016345901470812656,313.02083554845217
walk_forward,5,2026-05-29,2026-06-01,312.05999755859375,306.30999755859375,-0.018425943872925732,0.0,312.05999755859375,-0.0008046192679062444,311.8089080718153,0.0012483225546076862,312.44954909193694,0.0015987965661426527,312.5589180111209
walk_forward,5,2026-06-01,2026-06-02,306.30999755859375,315.20001220703125,0.029022933365852488,0.0,306.30999755859375,0.0009529163210695098,306.6018853545741,0.0012483225546076862,306.6923712372479,0.0013775845068534811,306.7319654655248
walk_forward,5,2026-06-02,2026-06-03,315.20001220703125,310.260009765625,-0.015672595971098935,0.0,315.20001220703125,0.00012972308067403385,315.24090092364327,0.0012483225546076862,315.5934834914819,0.0016766639688148696,315.7284967104688
walk_forward,5,2026-06-03,2026-06-04,310.260009765625,311.2300109863281,0.0031264139436979477,0.0,310.260009765625,-0.00012570945645488203,310.2210071484377,0.0012483225546076862,310.6473143336082,0.0013474019631553532,310.6780547118718
walk_forward,5,2026-06-04,2026-06-05,311.2300109863281,307.3399963378906,-0.012498841728371679,0.0,311.2300109863281,-0.00041235206177658683,311.10167464961114,0.0012483225546076862,311.61852642871315,0.0013287005699126261,311.6435424792995
walk_forward,5,2026-06-05,2026-06-08,307.3399963378906,301.5400085449219,-0.01887156849768501,0.0,307.3399963378906,0.0017267047345589411,307.8706817646866,0.0012483225546076862,307.72365578725226,0.0012833000872194934,307.73440578199705
walk_forward,5,2026-06-08,2026-06-09,301.5400085449219,290.54998779296875,-0.03644631040831148,0.0,301.5400085449219,-2.5915642403815525e-05,301.53219394189,0.0012483225546076862,301.91642773870507,0.0009669619448415791,301.831586258032
walk_forward,5,2026-06-09,2026-06-10,290.54998779296875,291.5799865722656,0.003544996808021894,0.0,290.54998779296875,-0.0006718149342305663,290.3547919720289,0.0012483225546076862,290.91268789597166,0.002197518138135589,291.18847666117887
walk_forward,5,2026-06-10,2026-06-11,291.5799865722656,295.6300048828125,0.013889904990249002,0.0,291.5799865722656,-0.0010919807329144633,291.2615868448252,0.0012483225546076862,291.943972445976,0.001111935464997842,291.9042047002189
walk_forward,5,2026-06-11,2026-06-12,295.6300048828125,291.1300048828125,-0.015221729613622226,0.0,295.6300048828125,-0.002211014806588537,294.97636256474476,0.0012483225546076862,295.99904648572647,0.0004449550825066558,295.7615469560266
walk_forward,5,2026-06-12,2026-06-15,291.1300048828125,296.4200134277344,0.018170605764429082,0.0,291.1300048828125,-0.0024523000396592166,290.4160667602924,0.002378505908959212,291.8224593197016,-0.0006272440508234274,290.9473953192336
walk_forward,5,2026-06-15,2026-06-16,296.4200134277344,299.239990234375,0.009513449426140408,0.0,296.4200134277344,-0.002058515985576327,295.8098280916486,0.0012483225546076862,296.7900412161333,0.0010774132612792068,296.73938028110996
walk_forward,5,2026-06-16,2026-06-17,299.239990234375,295.95001220703125,-0.010994446379867018,0.0,299.239990234375,-0.0006499411300067422,299.0455018569789,0.0012483225546076862,299.61353826342514,0.0011137608350993335,299.5732720157935
walk_forward,5,2026-06-17,2026-06-18,295.95001220703125,298.010009765625,0.006960626705947437,0.0,295.95001220703125,-0.0024259264296036627,295.2320592505767,0.0012483225546076862,296.3194532823057,0.00016408397926285378,295.9985728626971
walk_forward,5,2026-06-18,2026-06-22,298.010009765625,297.010009765625,-0.0033555919842641613,0.0,298.010009765625,8.271545504624734e-05,298.0346597991911,0.0012483225546076862,298.3820223823143,0.001197665616472188,298.36692610768586
walk_forward,5,2026-06-22,2026-06-23,297.010009765625,294.29998779296875,-0.00912434558954689,0.0,297.010009765625,-0.0007174395815910282,296.7969230284904,0.0012483225546076862,297.38077405975963,0.001008260939787146,297.3094733571975
walk_forward,5,2026-06-23,2026-06-24,294.29998779296875,293.0799865722656,-0.004145434153267291,0.0,294.29998779296875,-0.00194029626693171,293.728958625296,0.0012483225546076862,294.6673691055515,0.0005934813438395468,294.47464934521605
walk_forward,5,2026-06-24,2026-06-25,293.0799865722656,275.1499938964844,-0.06117781321571136,0.0,293.0799865722656,-0.0029836147773149653,292.20554879339335,0.0012483225546076862,293.4458449298079,0.0005078358765109223,293.22882310413434
walk_forward,5,2026-06-25,2026-06-26,275.1499938964844,283.7799987792969,0.03136472859984596,0.0,275.1499938964844,-0.0012250440754231645,274.81292302660876,0.0012483225546076862,275.4934698397655,-0.0029870085483552082,274.3281185126357
